Date,Time,Symbol,Side,Quantity,Price,Commission
2023-05-22,09:22:00,GRPN,B,595,4.2650,0
2023-05-22,09:49:00,GRPN,S,297,4.4356,0
2023-05-22,09:49:00,GRPN,S,298,4.4424,0
2023-05-22,09:50:00,PARR,S,115,21.5550,0
2023-05-22,15:00:00,PARR,B,115,21.4750,0
2023-05-22,09:52:00,GPRE,B,78,31.7500,0
2023-05-22,15:00:00,GPRE,S,78,32.3600,0
2023-05-22,10:11:00,RPAY,B,363,6.8850,0
2023-05-22,15:00:00,RPAY,S,363,6.8000,0
2023-05-22,13:09:00,NKTX,S,556,4.4850,0
2023-05-22,15:00:00,NKTX,B,556,4.4000,0
2023-05-23,08:41:00,PLTR,B,200,12.5350,0
2023-05-23,10:10:00,PLTR,S,100,13.0364,0
2023-05-23,10:10:00,PLTR,S,100,13.2896,0
2023-05-24,09:29:00,GPRE,S,79,31.3100,0
2023-05-24,10:19:00,GPRE,B,79,31.9000,0
2023-05-24,09:30:00,GRPN,S,591,4.2150,0
2023-05-24,12:45:00,GRPN,B,591,4.3550,0
2023-05-24,09:32:00,BMEA,B,80,31.3900,0
2023-05-24,14:02:00,BMEA,S,40,32.6456,0
2023-05-24,14:02:00,BMEA,S,40,32.6061,0
2023-05-24,09:31:00,RPAY,S,384,6.4750,0
2023-05-24,15:00:00,RPAY,B,384,6.6200,0
2023-05-24,09:38:00,MXL,S,91,27.4050,0
2023-05-24,15:00:00,MXL,B,91,27.4000,0
2023-05-24,10:29:00,PARR,S,116,21.3500,0
2023-05-24,15:00:00,PARR,B,116,21.1100,0
2023-05-24,13:58:00,SPIR,S,3461,0.7157,0
2023-05-24,15:00:00,SPIR,B,3461,0.7145,0
2023-05-24,14:21:00,NNBR,B,1461,1.7150,0
2023-05-24,15:00:00,NNBR,S,1461,1.7300,0
2023-05-24,14:28:00,EVTL,B,1322,1.9100,0
2023-05-24,15:00:00,EVTL,S,1322,1.9100,0
2023-05-24,14:59:00,NKTX,B,555,4.5300,0
2023-05-24,15:00:00,NKTX,S,555,4.5400,0
2023-05-25,08:49:00,INTC,S,91,27.4600,0
2023-05-25,15:00:00,INTC,B,91,27.4050,0
2023-05-25,08:53:00,T,S,162,15.4300,0
2023-05-25,15:00:00,T,B,162,15.1450,0
2023-05-25,10:13:00,NVDA,B,6,387.2300,0
2023-05-25,15:00:00,NVDA,S,6,379.5700,0
2023-05-26,08:44:00,PLTR,B,187,13.3000,0
2023-05-26,09:23:00,PLTR,S,93,13.8320,0
2023-05-26,09:23:00,PLTR,S,94,13.7520,0
2023-05-26,08:46:00,MRVL,B,40,61.3300,0
2023-05-26,12:01:00,MRVL,S,20,63.7832,0
2023-05-26,12:01:00,MRVL,S,20,63.3620,0
2023-05-26,13:18:00,MRVL,B,38,64.5150,0
2023-05-26,15:00:00,MRVL,S,38,65.6600,0
2023-05-30,09:19:00,GRPN,S,471,5.1500,0
2023-05-30,10:25:00,GRPN,B,235,4.9440,0
2023-05-30,10:25:00,GRPN,B,236,4.9565,0
2023-05-30,10:51:00,PARR,S,117,21.2100,0
2023-05-30,11:17:00,PARR,B,117,21.3050,0
2023-05-30,09:24:00,MXL,S,84,29.5100,0
2023-05-30,15:00:00,MXL,B,84,29.5750,0
2023-05-30,09:29:00,GPRE,S,83,29.7000,0
2023-05-30,15:00:00,GPRE,B,83,29.5850,0
2023-05-30,09:34:00,RPAY,S,395,6.3000,0
2023-05-30,15:00:00,RPAY,B,395,6.2550,0
2023-05-30,13:34:00,BMEA,B,75,33.2000,0
2023-05-30,15:00:00,BMEA,S,75,33.9200,0
2023-05-30,13:59:00,NN,B,954,2.6200,0
2023-05-30,15:00:00,NN,S,954,2.5800,0
2023-05-30,14:32:00,CAR,B,15,163.6200,0
2023-05-30,15:00:00,CAR,S,15,163.4100,0
2023-05-30,14:59:00,SPIR,B,3387,0.7379,0
2023-05-30,15:00:00,SPIR,S,3387,0.7305,0
2023-05-31,10:29:00,ELDN,B,930,2.0100,0
2023-05-31,11:07:00,ELDN,S,465,2.0904,0
2023-05-31,11:07:00,ELDN,S,465,2.1249,0
2023-05-31,09:28:00,RPAY,S,415,6.0150,0
2023-05-31,14:50:00,RPAY,B,415,6.3200,0
2023-05-31,09:26:00,GPRE,S,86,28.8600,0
2023-05-31,14:50:00,GPRE,B,86,29.0550,0
2023-05-31,09:33:00,IMAX,S,145,17.0650,0
2023-05-31,14:57:00,IMAX,B,145,17.3300,0
2023-05-31,08:44:00,CAR,S,14,167.5300,0
2023-05-31,15:00:00,CAR,B,14,167.7200,0
2023-05-31,10:39:00,MXL,S,85,29.0200,0
2023-05-31,15:00:00,MXL,B,85,29.1800,0
2023-05-31,14:36:00,NN,B,972,2.5800,0
2023-05-31,15:00:00,NN,S,972,2.5800,0
2023-05-31,14:44:00,EVTL,B,1302,1.9450,0
2023-05-31,15:00:00,EVTL,S,1302,1.9850,0
2023-06-01,08:41:00,LCID,S,378,6.6000,0
2023-06-01,10:02:00,LCID,B,378,6.6700,0
2023-06-02,09:00:00,TMUS,S,19,126.4600,0
2023-06-02,14:56:00,TMUS,B,19,130.6750,0
2023-06-05,09:13:00,ELDN,S,1288,1.9200,0
2023-06-05,09:37:00,ELDN,B,644,1.8432,0
2023-06-05,09:37:00,ELDN,B,644,1.8592,0
2023-06-05,09:20:00,GRPN,S,431,5.7450,0
2023-06-05,10:21:00,GRPN,B,431,5.9700,0
2023-06-05,10:18:00,BMEA,B,69,36.1800,0
2023-06-05,11:10:00,BMEA,S,69,35.7600,0
2023-06-05,11:15:00,IMAX,B,138,18.0200,0
2023-06-05,14:50:00,IMAX,S,138,17.9100,0
2023-06-05,14:44:00,CAR,B,14,176.8200,0
2023-06-05,14:52:00,CAR,S,14,176.6200,0
2023-06-05,09:20:00,GPRE,S,81,30.6300,0
2023-06-05,15:00:00,GPRE,B,81,30.9400,0
2023-06-05,09:37:00,PARR,S,114,21.7800,0
2023-06-05,15:00:00,PARR,B,114,22.0000,0
2023-06-05,09:43:00,MXL,S,90,27.5550,0
2023-06-05,15:00:00,MXL,B,90,27.6750,0
2023-06-05,10:20:00,RPAY,S,377,6.5750,0
2023-06-05,15:00:00,RPAY,B,377,6.5300,0
2023-06-05,14:38:00,SPIR,S,3546,0.7000,0
2023-06-05,15:00:00,SPIR,B,3546,0.7020,0
2023-06-06,08:58:00,BMEA,B,65,38.6600,0
2023-06-06,11:48:00,BMEA,S,65,37.8900,0
2023-06-06,09:08:00,CAR,B,14,179.4400,0
2023-06-06,15:00:00,CAR,S,14,184.6000,0
2023-06-06,09:29:00,PARR,B,110,22.5850,0
2023-06-06,15:00:00,PARR,S,110,22.9000,0
2023-06-06,09:55:00,MXL,B,89,27.9300,0
2023-06-06,15:00:00,MXL,S,89,27.7400,0
2023-06-06,09:55:00,GPRE,B,79,31.6500,0
2023-06-06,15:00:00,GPRE,S,79,32.1000,0
2023-06-06,10:10:00,BMI,B,17,145.5300,0
2023-06-06,15:00:00,BMI,S,17,146.7300,0
2023-06-06,10:13:00,GRPN,B,408,6.1350,0
2023-06-06,15:00:00,GRPN,S,408,6.1100,0
2023-06-06,13:32:00,IFRX,B,600,4.1950,0
2023-06-06,15:00:00,IFRX,S,600,4.2000,0
2023-06-06,14:21:00,VOR,B,484,5.1700,0
2023-06-06,15:00:00,VOR,S,484,5.3000,0
2023-06-06,14:59:00,NNBR,B,1269,1.9900,0
2023-06-06,15:00:00,NNBR,S,1269,1.9800,0
2023-06-07,09:28:00,BMEA,S,65,38.2250,0
2023-06-07,10:16:00,BMEA,B,65,38.6700,0
2023-06-07,08:54:00,MXL,B,88,28.2950,0
2023-06-07,15:00:00,MXL,S,88,28.9800,0
2023-06-07,09:02:00,CAR,B,13,190.2500,0
2023-06-07,15:00:00,CAR,S,13,191.8100,0
2023-06-07,09:15:00,GPRE,S,77,32.2800,0
2023-06-07,15:00:00,GPRE,B,77,32.0600,0
2023-06-07,09:25:00,PARR,B,106,23.4650,0
2023-06-07,15:00:00,PARR,S,106,24.0350,0
2023-06-07,09:52:00,SPIR,S,3332,0.7053,0
2023-06-07,15:00:00,SPIR,B,3332,0.7156,0
2023-06-07,11:00:00,NEXA,S,459,5.4000,0
2023-06-07,15:00:00,NEXA,B,459,5.3500,0
2023-06-07,13:58:00,IMAX,B,131,19.0950,0
2023-06-07,15:00:00,IMAX,S,131,18.9550,0
2023-06-07,14:49:00,ACHV,S,405,6.1200,0
2023-06-07,15:00:00,ACHV,B,405,5.9800,0
2023-06-07,14:54:00,BMI,B,16,150.6500,0
2023-06-07,15:00:00,BMI,S,16,150.6800,0
2023-06-07,14:55:00,GRPN,S,440,5.6750,0
2023-06-07,15:00:00,GRPN,B,440,5.6500,0
2023-06-07,14:57:00,IFRX,S,606,4.1200,0
2023-06-07,15:00:00,IFRX,B,606,4.1250,0
2023-06-08,09:22:00,GRPN,B,485,5.1650,0
2023-06-08,09:31:00,GRPN,S,242,5.3716,0
2023-06-08,09:31:00,GRPN,S,243,5.3733,0
2023-06-08,09:43:00,MXL,B,85,29.1200,0
2023-06-08,10:37:00,MXL,S,85,28.9200,0
2023-06-08,08:58:00,BMEA,B,60,41.3900,0
2023-06-08,11:26:00,BMEA,S,30,43.0456,0
2023-06-08,11:26:00,BMEA,S,30,43.0261,0
2023-06-08,10:48:00,PARR,S,105,23.6200,0
2023-06-08,12:30:00,PARR,B,105,24.0300,0
2023-06-08,10:04:00,GPRE,S,79,31.5200,0
2023-06-08,15:00:00,GPRE,B,79,31.7400,0
2023-06-08,10:13:00,IMAX,S,133,18.7500,0
2023-06-08,15:00:00,IMAX,B,133,18.5650,0
2023-06-08,14:58:00,NEXA,S,467,5.3100,0
2023-06-08,15:00:00,NEXA,B,467,5.3300,0
2023-06-08,14:59:00,IFRX,S,622,4.0000,0
2023-06-08,15:00:00,IFRX,B,622,4.0000,0
2023-06-09,09:19:00,MXL,B,84,29.4600,0
2023-06-09,09:35:00,MXL,S,84,29.3700,0
2023-06-09,09:58:00,BMEA,B,59,42.3700,0
2023-06-09,10:33:00,BMEA,S,59,41.7650,0
2023-06-09,10:06:00,CAR,S,12,195.1850,0
2023-06-09,15:00:00,CAR,B,12,193.5200,0
2023-06-09,13:50:00,IMAX,S,135,18.3900,0
2023-06-09,15:00:00,IMAX,B,135,18.4700,0
2023-06-09,13:56:00,EVTL,B,1315,1.9150,0
2023-06-09,15:00:00,EVTL,S,1315,1.9000,0
2023-06-09,14:56:00,NN,S,904,2.7200,0
2023-06-09,15:00:00,NN,B,904,2.7300,0
2023-06-12,08:57:00,BMEA,S,61,40.3000,0
2023-06-12,13:38:00,BMEA,B,61,41.6100,0
2023-06-12,08:50:00,MXL,B,82,30.3300,0
2023-06-12,15:00:00,MXL,S,82,30.2200,0
2023-06-12,09:08:00,CAR,B,12,199.0900,0
2023-06-12,15:00:00,CAR,S,12,200.9100,0
2023-06-12,09:19:00,PARR,B,103,24.1800,0
2023-06-12,15:00:00,PARR,S,103,23.6800,0
2023-06-12,10:08:00,SPIR,S,3650,0.6607,0
2023-06-12,15:00:00,SPIR,B,3650,0.6700,0
2023-06-12,10:21:00,BMI,B,16,153.3100,0
2023-06-12,15:00:00,BMI,S,16,153.7800,0
2023-06-12,10:23:00,EVTL,B,1326,1.9050,0
2023-06-12,15:00:00,EVTL,S,1326,1.9250,0
2023-06-12,11:48:00,RPAY,B,347,7.2100,0
2023-06-12,15:00:00,RPAY,S,347,7.3800,0
2023-06-12,14:30:00,VOR,S,494,4.9050,0
2023-06-12,15:00:00,VOR,B,494,4.9000,0
2023-06-12,14:34:00,ELDN,S,1388,1.7700,0
2023-06-12,15:00:00,ELDN,B,1388,1.7500,0
2023-06-12,14:37:00,IFRX,B,565,4.4250,0
2023-06-12,15:00:00,IFRX,S,565,4.4500,0
2023-06-12,14:54:00,NN,B,886,2.8450,0
2023-06-12,15:00:00,NN,S,886,2.8500,0
2023-06-13,09:40:00,BMEA,B,61,40.4000,0
2023-06-13,12:19:00,BMEA,S,61,39.8000,0
2023-06-13,09:21:00,MXL,B,81,30.5600,0
2023-06-13,15:00:00,MXL,S,81,30.6700,0
2023-06-13,09:29:00,GPRE,B,76,32.9600,0
2023-06-13,15:00:00,GPRE,S,76,32.5100,0
2023-06-13,10:09:00,RPAY,B,333,7.5050,0
2023-06-13,15:00:00,RPAY,S,333,7.5300,0
2023-06-13,11:23:00,NN,B,860,2.9900,0
2023-06-13,15:00:00,NN,S,860,3.0400,0
2023-06-13,13:21:00,NKTX,S,517,4.7550,0
2023-06-13,15:00:00,NKTX,B,517,4.7400,0
2023-06-13,14:39:00,BMI,S,16,151.3350,0
2023-06-13,15:00:00,BMI,B,16,151.9050,0
2023-06-14,10:24:00,MXL,B,81,30.7000,0
2023-06-14,12:29:00,MXL,S,81,30.4500,0
2023-06-14,09:35:00,CAR,S,12,199.3350,0
2023-06-14,13:52:00,CAR,B,12,201.4300,0
2023-06-14,14:24:00,MYSE,B,1666,0.5684,0
2023-06-14,14:45:00,MYSE,S,833,0.5911,0
2023-06-14,14:45:00,MYSE,S,833,0.6544,0
2023-06-14,09:10:00,BMEA,S,62,39.5900,0
2023-06-14,15:00:00,BMEA,B,62,38.9200,0
2023-06-14,09:50:00,GPRE,B,76,32.9000,0
2023-06-14,15:00:00,GPRE,S,76,33.0800,0
2023-06-14,10:00:00,RPAY,S,333,7.4650,0
2023-06-14,15:00:00,RPAY,B,333,7.4100,0
2023-06-14,10:39:00,SPIR,S,3716,0.6700,0
2023-06-14,15:00:00,SPIR,B,3716,0.6750,0
2023-06-14,13:23:00,GRPN,S,558,4.4500,0
2023-06-14,15:00:00,GRPN,B,558,4.5400,0
2023-06-14,13:32:00,BMI,S,16,149.9900,0
2023-06-14,15:00:00,BMI,B,16,150.2500,0
2023-06-15,10:23:00,NEXA,B,465,5.4400,0
2023-06-15,11:49:00,NEXA,S,465,5.3400,0
2023-06-15,12:00:00,SPIR,S,3778,0.6374,0
2023-06-15,12:56:00,SPIR,B,3778,0.6679,0
2023-06-15,10:18:00,RPAY,B,340,7.4100,0
2023-06-15,14:22:00,RPAY,S,170,7.7064,0
2023-06-15,14:22:00,RPAY,S,170,7.6409,0
2023-06-15,09:36:00,CAR,B,12,203.8000,0
2023-06-15,15:00:00,CAR,S,12,206.0200,0
2023-06-15,09:38:00,GRPN,B,541,4.6550,0
2023-06-15,15:00:00,GRPN,S,541,4.7300,0
2023-06-15,09:50:00,MXL,B,83,30.0600,0
2023-06-15,15:00:00,MXL,S,83,30.3800,0
2023-06-15,10:15:00,VOR,S,479,5.0500,0
2023-06-15,15:00:00,VOR,B,479,4.8700,0
2023-06-15,10:33:00,PARR,B,105,23.7300,0
2023-06-15,15:00:00,PARR,S,105,24.2950,0
2023-06-15,10:35:00,IMAX,S,138,17.9600,0
2023-06-15,15:00:00,IMAX,B,138,17.8950,0
2023-06-15,13:31:00,EVTL,S,1392,1.7900,0
2023-06-15,15:00:00,EVTL,B,1392,1.7900,0
2023-06-15,14:08:00,NKTX,B,465,4.9750,0
2023-06-15,15:00:00,NKTX,S,465,4.9400,0
2023-06-16,08:52:00,PARR,B,102,24.4150,0
2023-06-16,08:58:00,PARR,S,102,24.3050,0
2023-06-16,09:41:00,GRPN,B,520,4.8350,0
2023-06-16,12:12:00,GRPN,S,260,5.0284,0
2023-06-16,12:12:00,GRPN,S,260,5.0366,0
2023-06-16,08:55:00,BMEA,S,69,35.4200,0
2023-06-16,15:00:00,BMEA,B,69,34.9100,0
2023-06-16,09:28:00,GPRE,S,75,32.8550,0
2023-06-16,15:00:00,GPRE,B,75,32.2000,0
2023-06-16,09:44:00,RPAY,S,337,7.4000,0
2023-06-16,15:00:00,RPAY,B,337,7.4500,0
2023-06-16,14:14:00,IMAX,S,139,17.8800,0
2023-06-16,15:00:00,IMAX,B,139,17.9700,0
2023-06-16,14:31:00,SPIR,B,3735,0.6747,0
2023-06-16,15:00:00,SPIR,S,3735,0.6864,0
2023-06-16,14:52:00,NEXA,S,509,4.7850,0
2023-06-16,15:00:00,NEXA,B,509,4.8200,0
2023-06-20,09:28:00,MXL,S,82,30.3650,0
2023-06-20,10:05:00,MXL,B,82,30.6000,0
2023-06-20,09:51:00,RPAY,S,339,7.3350,0
2023-06-20,10:41:00,RPAY,B,339,7.4700,0
2023-06-20,08:54:00,BMEA,B,70,35.4900,0
2023-06-20,14:01:00,BMEA,S,35,36.9096,0
2023-06-20,14:01:00,BMEA,S,35,36.6951,0
2023-06-20,14:30:00,CAR,B,11,224.1200,0
2023-06-20,14:51:00,CAR,S,11,223.8800,0
2023-06-20,09:21:00,GRPN,S,540,4.5500,0
2023-06-20,15:00:00,GRPN,B,270,4.3680,0
2023-06-20,15:00:00,GRPN,B,270,4.2500,0
2023-06-20,10:01:00,PARR,S,106,23.2800,0
2023-06-20,15:00:00,PARR,B,106,23.7250,0
2023-06-20,10:30:00,MXL,B,81,30.6350,0
2023-06-20,15:00:00,MXL,S,81,31.4350,0
2023-06-20,14:59:00,SPIR,S,3840,0.6510,0
2023-06-20,15:00:00,SPIR,B,3840,0.6508,0
2023-06-21,08:44:00,INTC,S,71,34.6900,0
2023-06-21,12:46:00,INTC,B,35,33.3024,0
2023-06-21,12:46:00,INTC,B,36,33.3269,0
2023-06-22,09:22:00,GPRE,B,83,29.8600,0
2023-06-22,10:15:00,GPRE,S,83,29.6100,0
2023-06-22,09:14:00,MXL,B,83,30.1400,0
2023-06-22,10:27:00,MXL,S,83,29.7800,0
2023-06-22,09:30:00,GRPN,B,515,4.9350,0
2023-06-22,11:28:00,GRPN,S,257,5.1324,0
2023-06-22,11:28:00,GRPN,S,258,5.3757,0
2023-06-22,09:14:00,BMEA,B,69,36.0600,0
2023-06-22,13:44:00,BMEA,S,69,34.6300,0
2023-06-22,09:40:00,SPIR,B,3676,0.6910,0
2023-06-22,14:39:00,SPIR,S,1838,0.7186,0
2023-06-22,14:39:00,SPIR,S,1838,0.7199,0
2023-06-22,09:27:00,CAR,B,11,223.6000,0
2023-06-22,15:00:00,CAR,S,11,223.1500,0
2023-06-22,14:44:00,NEXA,S,521,4.7900,0
2023-06-22,15:00:00,NEXA,B,521,4.8300,0
2023-06-22,14:58:00,VOR,S,518,4.7450,0
2023-06-22,15:00:00,VOR,B,518,4.7450,0
2023-06-23,09:19:00,SPIR,S,3623,0.6900,0
2023-06-23,10:27:00,SPIR,B,1811,0.6624,0
2023-06-23,10:27:00,SPIR,B,1812,0.6610,0
2023-06-23,09:27:00,BMEA,S,78,31.7300,0
2023-06-23,11:22:00,BMEA,B,39,30.4608,0
2023-06-23,11:22:00,BMEA,B,39,30.4373,0
2023-06-23,09:11:00,GPRE,S,84,29.4000,0
2023-06-23,11:47:00,GPRE,B,84,29.7000,0
2023-06-23,09:54:00,GRPN,B,463,5.4100,0
2023-06-23,12:39:00,GRPN,S,231,5.6264,0
2023-06-23,12:39:00,GRPN,S,232,5.7009,0
2023-06-23,09:31:00,IMAX,B,146,17.1000,0
2023-06-23,15:00:00,IMAX,S,146,17.2600,0
2023-06-23,09:58:00,MXL,S,86,28.7900,0
2023-06-23,15:00:00,MXL,B,86,28.9300,0
2023-06-23,14:51:00,NN,B,836,3.0500,0
2023-06-23,15:00:00,NN,S,836,3.0100,0
2023-06-23,14:53:00,RPAY,B,340,7.3550,0
2023-06-23,15:00:00,RPAY,S,340,7.3450,0
2023-06-23,14:57:00,PARR,S,102,24.4600,0
2023-06-23,15:00:00,PARR,B,102,24.4300,0
2023-06-26,08:54:00,CCL,B,166,15.0000,0
2023-06-26,09:33:00,CCL,S,166,14.2350,0
2023-06-26,09:52:00,CCL,S,175,14.2150,0
2023-06-26,13:45:00,CCL,B,175,14.4700,0
2023-06-27,09:03:00,BMEA,S,105,23.6000,0
2023-06-27,09:27:00,BMEA,B,52,22.6560,0
2023-06-27,09:27:00,BMEA,B,53,22.7760,0
2023-06-27,08:58:00,SPIR,S,5789,0.4272,0
2023-06-27,10:48:00,SPIR,B,5789,0.4484,0
2023-06-27,09:28:00,CAR,B,11,227.0900,0
2023-06-27,13:51:00,CAR,S,11,225.9900,0
2023-06-27,09:08:00,MXL,B,88,28.2100,0
2023-06-27,15:00:00,MXL,S,44,29.3384,0
2023-06-27,15:00:00,MXL,S,44,29.7400,0
2023-06-27,09:20:00,PARR,B,98,25.3300,0
2023-06-27,15:00:00,PARR,S,98,25.4500,0
2023-06-27,09:28:00,GPRE,B,82,30.3400,0
2023-06-27,15:00:00,GPRE,S,82,30.6100,0
2023-06-27,10:34:00,NKTX,S,149,2.9350,0
2023-06-27,15:00:00,NKTX,B,74,2.8176,0
2023-06-27,15:00:00,NKTX,B,75,2.8050,0
2023-06-27,10:55:00,RPAY,B,334,7.4950,0
2023-06-27,15:00:00,RPAY,S,334,7.5250,0
2023-06-27,13:57:00,IMAX,S,145,17.2100,0
2023-06-27,15:00:00,IMAX,B,145,16.9950,0
2023-06-28,08:41:00,CCL,B,152,16.4650,0
2023-06-28,10:13:00,CCL,S,76,17.1236,0
2023-06-28,10:13:00,CCL,S,76,17.0153,0
2023-06-29,09:15:00,BMEA,B,107,23.4200,0
2023-06-29,10:22:00,BMEA,S,107,22.5500,0
2023-06-29,09:29:00,GRPN,S,425,5.8200,0
2023-06-29,12:13:00,GRPN,B,425,6.1250,0
2023-06-29,09:29:00,GPRE,B,79,31.6900,0
2023-06-29,13:08:00,GPRE,S,79,31.4100,0
2023-06-29,09:25:00,MXL,B,83,30.2700,0
2023-06-29,15:00:00,MXL,S,83,31.2600,0
2023-06-29,09:46:00,SPIR,B,4716,0.5310,0
2023-06-29,15:00:00,SPIR,S,4716,0.5469,0
2023-06-29,09:51:00,PARR,B,94,26.3900,0
2023-06-29,15:00:00,PARR,S,94,26.2050,0
2023-06-29,10:24:00,CAR,S,10,229.9500,0
2023-06-29,15:00:00,CAR,B,10,228.1500,0
2023-06-29,10:25:00,EVTL,S,1269,1.9200,0
2023-06-29,15:00:00,EVTL,B,1269,1.9650,0
2023-06-29,13:11:00,NKTX,S,1066,2.3350,0
2023-06-29,15:00:00,NKTX,B,1066,2.3300,0
2023-06-29,13:18:00,VOR,S,750,3.2900,0
2023-06-29,15:00:00,VOR,B,750,3.2400,0
2023-06-29,14:35:00,RPAY,B,322,7.7400,0
2023-06-29,15:00:00,RPAY,S,322,7.7600,0
2023-06-30,09:44:00,PARR,S,95,26.0400,0
2023-06-30,10:56:00,PARR,B,95,26.3850,0
2023-06-30,10:23:00,BMEA,S,115,21.5800,0
2023-06-30,11:34:00,BMEA,B,115,22.1700,0
2023-06-30,09:39:00,NKTX,S,1144,2.1600,0
2023-06-30,12:40:00,NKTX,B,1144,2.2450,0
2023-06-30,09:26:00,GPRE,B,78,32.0150,0
2023-06-30,15:00:00,GPRE,S,78,32.2500,0
2023-06-30,09:41:00,MXL,B,77,32.1100,0
2023-06-30,15:00:00,MXL,S,77,31.5700,0
2023-06-30,09:49:00,GRPN,S,412,6.0150,0
2023-06-30,15:00:00,GRPN,B,412,5.9150,0
2023-06-30,10:01:00,CAR,S,10,227.5900,0
2023-06-30,15:00:00,CAR,B,10,228.8200,0
2023-07-03,09:08:00,IMAX,B,145,17.2200,0
2023-07-03,15:00:00,IMAX,S,145,17.3700,0
2023-07-03,09:10:00,NKTX,S,1136,2.1500,0
2023-07-03,15:00:00,NKTX,B,1136,2.1800,0
2023-07-03,09:10:00,RPAY,B,315,7.9500,0
2023-07-03,15:00:00,RPAY,S,315,7.9350,0
2023-07-03,09:15:00,GPRE,B,76,32.7500,0
2023-07-03,15:00:00,GPRE,S,76,32.9000,0
2023-07-03,09:33:00,BMEA,S,117,21.1500,0
2023-07-03,15:00:00,BMEA,B,117,21.4000,0
2023-07-03,09:43:00,MXL,S,78,31.5800,0
2023-07-03,15:00:00,MXL,B,78,32.0200,0
2023-07-05,08:55:00,IMAX,S,147,16.9550,0
2023-07-05,15:00:00,IMAX,B,147,16.8500,0
2023-07-05,09:13:00,PARR,B,92,27.0400,0
2023-07-05,15:00:00,PARR,S,92,27.1150,0
2023-07-05,09:40:00,GPRE,B,75,32.9900,0
2023-07-05,15:00:00,GPRE,S,75,32.7100,0
2023-07-05,10:03:00,GRPN,B,397,6.3600,0
2023-07-05,15:00:00,GRPN,S,397,6.2000,0
2023-07-05,10:49:00,CAR,B,10,228.6900,0
2023-07-05,15:00:00,CAR,S,10,232.5850,0
2023-07-05,13:24:00,MXL,S,80,31.0400,0
2023-07-05,15:00:00,MXL,B,80,30.8400,0
2023-07-05,14:43:00,DARE,S,2906,0.8500,0
2023-07-05,15:00:00,DARE,B,2906,0.8501,0
2023-07-06,10:24:00,LZM,B,32,17.6000,0
2023-07-06,10:45:00,LZM,S,16,18.3040,0
2023-07-06,10:45:00,LZM,S,16,17.6000,0
2023-07-06,09:15:00,MXL,S,83,29.9150,0
2023-07-06,15:00:00,MXL,B,83,29.9300,0
2023-07-06,09:35:00,RPAY,S,336,7.3700,0
2023-07-06,15:00:00,RPAY,B,336,7.4850,0
2023-07-06,09:43:00,NKTX,S,1282,1.9450,0
2023-07-06,15:00:00,NKTX,B,1282,1.9700,0
2023-07-06,09:59:00,BMEA,S,115,21.6750,0
2023-07-06,15:00:00,BMEA,B,115,21.6000,0
2023-07-06,10:23:00,CAR,S,11,225.1300,0
2023-07-06,15:00:00,CAR,B,11,226.6900,0
2023-07-06,13:45:00,PARR,B,93,26.8800,0
2023-07-06,15:00:00,PARR,S,93,26.9050,0
2023-07-06,14:00:00,SPIR,B,4863,0.5284,0
2023-07-06,15:00:00,SPIR,S,4863,0.5260,0
2023-07-06,14:15:00,IFRX,S,632,3.9200,0
2023-07-06,15:00:00,IFRX,B,632,3.9150,0
2023-07-07,08:42:00,RIVN,B,105,23.8700,0
2023-07-07,11:46:00,RIVN,S,52,24.8248,0
2023-07-07,11:46:00,RIVN,S,53,24.9513,0
2023-07-10,09:15:00,GRPN,B,381,6.6300,0
2023-07-10,09:51:00,GRPN,S,190,6.8952,0
2023-07-10,09:51:00,GRPN,S,191,6.8637,0
2023-07-10,09:00:00,NKTX,B,1187,2.1050,0
2023-07-10,15:00:00,NKTX,S,1187,2.0750,0
2023-07-10,13:14:00,RPAY,S,324,7.6950,0
2023-07-10,15:00:00,RPAY,B,324,7.6650,0
2023-07-10,14:21:00,MXL,B,79,31.4250,0
2023-07-10,15:00:00,MXL,S,79,31.4300,0
2023-07-10,14:23:00,BMI,B,17,143.5200,0
2023-07-10,15:00:00,BMI,S,17,143.8900,0
2023-07-10,14:34:00,IFRX,B,600,4.1800,0
2023-07-10,15:00:00,IFRX,S,600,4.3000,0
2023-07-10,14:39:00,PARR,S,91,27.2200,0
2023-07-10,15:00:00,PARR,B,91,27.1950,0
2023-07-11,09:43:00,MXL,B,78,31.6700,0
2023-07-11,10:18:00,MXL,S,78,31.3100,0
2023-07-11,09:28:00,GPRE,B,73,34.2400,0
2023-07-11,12:58:00,GPRE,S,73,33.8000,0
2023-07-11,09:06:00,NKTX,S,1213,2.0600,0
2023-07-11,15:00:00,NKTX,B,1213,2.0500,0
2023-07-11,09:23:00,GRPN,B,371,6.8350,0
2023-07-11,15:00:00,GRPN,S,371,6.8900,0
2023-07-11,10:03:00,PARR,B,92,27.1850,0
2023-07-11,15:00:00,PARR,S,92,27.3200,0
2023-07-11,12:43:00,VOR,B,866,3.0300,0
2023-07-11,15:00:00,VOR,S,866,2.9900,0
2023-07-11,14:23:00,SPIR,B,4072,0.6151,0
2023-07-11,15:00:00,SPIR,S,4072,0.6102,0
2023-07-11,14:33:00,RPAY,S,327,7.6350,0
2023-07-11,15:00:00,RPAY,B,327,7.5250,0
2023-07-12,09:50:00,NKTX,S,1216,2.0450,0
2023-07-12,11:58:00,NKTX,B,1216,2.1000,0
2023-07-12,09:40:00,GPRE,S,73,33.8750,0
2023-07-12,12:18:00,GPRE,B,73,34.6750,0
2023-07-12,09:13:00,PARR,S,90,27.5200,0
2023-07-12,15:00:00,PARR,B,90,26.6800,0
2023-07-12,09:16:00,MXL,B,76,32.6400,0
2023-07-12,15:00:00,MXL,S,76,33.2650,0
2023-07-12,14:15:00,BMI,S,17,145.2300,0
2023-07-12,15:00:00,BMI,B,17,143.9200,0
2023-07-12,14:39:00,RPAY,S,324,7.6950,0
2023-07-12,15:00:00,RPAY,B,324,7.6900,0
2023-07-12,14:54:00,GRPN,S,372,6.7100,0
2023-07-12,15:00:00,GRPN,B,372,6.7350,0
2023-07-13,09:24:00,BMEA,S,113,21.9200,0
2023-07-13,09:50:00,BMEA,B,113,22.1900,0
2023-07-13,09:17:00,MXL,S,74,33.3500,0
2023-07-13,10:46:00,MXL,B,74,33.6800,0
2023-07-13,08:58:00,PARR,B,91,27.2900,0
2023-07-13,15:00:00,PARR,S,91,27.0150,0
2023-07-13,09:09:00,IMAX,S,139,17.8900,0
2023-07-13,15:00:00,IMAX,B,139,18.0850,0
2023-07-13,10:10:00,BMI,S,17,143.2700,0
2023-07-13,15:00:00,BMI,B,17,143.0650,0
2023-07-13,14:04:00,NKTX,S,1204,2.0700,0
2023-07-13,15:00:00,NKTX,B,1204,2.0600,0
2023-07-13,14:45:00,NN,B,773,3.2500,0
2023-07-13,15:00:00,NN,S,773,3.1850,0
2023-07-14,09:13:00,GPRE,S,77,32.4000,0
2023-07-14,10:51:00,GPRE,B,77,32.5300,0
2023-07-14,09:03:00,MXL,S,75,32.9800,0
2023-07-14,15:00:00,MXL,B,75,32.2600,0
2023-07-14,09:29:00,IMAX,S,141,17.6450,0
2023-07-14,15:00:00,IMAX,B,70,16.9392,0
2023-07-14,15:00:00,IMAX,B,71,16.8200,0
2023-07-14,09:32:00,BMEA,B,112,22.2900,0
2023-07-14,15:00:00,BMEA,S,112,23.0300,0
2023-07-14,09:36:00,CAR,S,10,232.5200,0
2023-07-14,15:00:00,CAR,B,10,234.5400,0
2023-07-14,13:31:00,GRPN,S,373,6.4100,0
2023-07-14,15:00:00,GRPN,B,373,6.2450,0
2023-07-14,13:57:00,PARR,B,93,26.7500,0
2023-07-14,15:00:00,PARR,S,93,26.8500,0
2023-07-17,09:07:00,VZ,S,74,33.4000,0
2023-07-17,14:20:00,VZ,B,37,32.0640,0
2023-07-17,14:20:00,VZ,B,37,31.5990,0
2023-07-17,08:43:00,LUMN,S,1400,1.7600,0
2023-07-17,15:00:00,LUMN,B,1400,1.6950,0
2023-07-17,09:12:00,T,S,180,13.8550,0
2023-07-17,15:00:00,T,B,180,13.5300,0
2023-07-18,09:20:00,GPRE,B,75,33.4300,0
2023-07-18,15:00:00,GPRE,S,75,33.7500,0
2023-07-18,09:40:00,BMI,B,17,146.9750,0
2023-07-18,15:00:00,BMI,S,17,146.8150,0
2023-07-18,10:19:00,IMAX,S,149,16.6950,0
2023-07-18,15:00:00,IMAX,B,149,16.7650,0
2023-07-18,11:02:00,MXL,B,75,33.4500,0
2023-07-18,15:00:00,MXL,S,75,33.5000,0
2023-07-18,14:05:00,NKTX,S,1234,2.0200,0
2023-07-18,15:00:00,NKTX,B,1234,2.0200,0
2023-07-18,14:50:00,VOR,B,809,3.1000,0
2023-07-18,15:00:00,VOR,S,809,3.0900,0
2023-07-19,09:15:00,T,B,171,14.5500,0
2023-07-19,10:50:00,T,S,171,14.4650,0
2023-07-19,09:18:00,AUR,B,809,3.1450,0
2023-07-19,11:06:00,AUR,S,809,2.9650,0
2023-07-20,08:49:00,SIRI,B,455,5.5150,0
2023-07-20,13:05:00,SIRI,S,227,5.7356,0
2023-07-20,13:05:00,SIRI,S,228,5.9548,0
2023-07-20,09:08:00,INFY,B,155,16.0800,0
2023-07-20,15:00:00,INFY,S,155,16.2150,0
2023-07-20,14:51:00,SIRI,B,169,7.7500,0
2023-07-20,15:00:00,SIRI,S,169,7.8350,0
2023-07-21,08:41:00,SIRI,B,352,7.1950,0
2023-07-21,08:52:00,SIRI,S,352,6.7000,0
2023-07-24,09:02:00,IMAX,S,146,16.9650,0
2023-07-24,10:02:00,IMAX,B,146,17.3750,0
2023-07-24,09:36:00,BMEA,S,89,20.7200,0
2023-07-24,11:33:00,BMEA,B,44,19.8912,0
2023-07-24,11:33:00,BMEA,B,45,19.2072,0
2023-07-24,09:15:00,BMI,S,15,163.5800,0
2023-07-24,15:00:00,BMI,B,15,163.5400,0
2023-07-24,09:16:00,SPIR,S,4187,0.5801,0
2023-07-24,15:00:00,SPIR,B,4187,0.6050,0
2023-07-24,09:34:00,MXL,S,73,34.0700,0
2023-07-24,15:00:00,MXL,B,73,33.5800,0
2023-07-24,09:41:00,PARR,B,83,29.8800,0
2023-07-24,15:00:00,PARR,S,83,30.5150,0
2023-07-24,10:06:00,GPRE,B,72,34.8300,0
2023-07-24,15:00:00,GPRE,S,72,34.5600,0
2023-07-24,14:01:00,GRPN,B,376,6.7200,0
2023-07-24,15:00:00,GRPN,S,376,6.5900,0
2023-07-24,14:15:00,ELDN,S,1908,1.3100,0
2023-07-24,15:00:00,ELDN,B,1908,1.3450,0
2023-07-24,14:32:00,NEXA,S,566,4.4050,0
2023-07-24,15:00:00,NEXA,B,566,4.3900,0
2023-07-24,14:47:00,CAR,B,11,225.3300,0
2023-07-24,15:00:00,CAR,S,11,224.4500,0
2023-07-24,14:54:00,IFRX,B,602,4.1500,0
2023-07-24,15:00:00,IFRX,S,602,4.1500,0
2023-07-24,14:57:00,NKTX,B,1170,2.1400,0
2023-07-24,15:00:00,NKTX,S,1170,2.1400,0
2023-07-25,09:14:00,IFRX,S,618,4.0300,0
2023-07-25,09:44:00,IFRX,B,618,4.1000,0
2023-07-25,09:36:00,MXL,B,73,34.0550,0
2023-07-25,15:00:00,MXL,S,73,33.9800,0
2023-07-25,09:38:00,PARR,B,82,30.4700,0
2023-07-25,15:00:00,PARR,S,82,30.1700,0
2023-07-25,09:47:00,BMEA,B,125,19.9850,0
2023-07-25,15:00:00,BMEA,S,125,19.7600,0
2023-07-25,14:50:00,RPAY,S,303,8.1600,0
2023-07-25,15:00:00,RPAY,B,303,8.1650,0
2023-07-26,08:41:00,XPEV,B,128,19.1900,0
2023-07-26,08:45:00,XPEV,S,64,19.9576,0
2023-07-26,08:45:00,XPEV,S,64,20.1081,0
2023-07-26,08:41:00,NIO,B,199,12.6200,0
2023-07-26,09:08:00,NIO,S,99,13.1248,0
2023-07-26,09:08:00,NIO,S,100,13.1738,0
2023-07-26,08:59:00,XPEV,B,118,21.0700,0
2023-07-26,09:18:00,XPEV,S,118,20.0300,0
2023-07-26,08:51:00,SNAP,S,249,10.0050,0
2023-07-26,13:17:00,SNAP,B,249,10.3300,0
2023-07-27,09:50:00,MXL,S,78,23.2450,0
2023-07-27,11:13:00,MXL,B,39,22.3152,0
2023-07-27,11:13:00,MXL,B,39,22.5125,0
2023-07-27,09:30:00,GRPN,B,305,8.1950,0
2023-07-27,12:41:00,GRPN,S,305,7.9100,0
2023-07-27,10:06:00,PARR,B,81,30.7550,0
2023-07-27,14:45:00,PARR,S,81,30.5150,0
2023-07-27,08:50:00,IMAX,S,123,18.8050,0
2023-07-27,15:00:00,IMAX,B,123,18.8500,0
2023-07-27,13:57:00,ACHV,S,446,5.5200,0
2023-07-27,15:00:00,ACHV,B,446,5.3700,0
2023-07-27,14:21:00,GPRE,S,71,34.8150,0
2023-07-27,15:00:00,GPRE,B,71,35.0200,0
2023-07-27,14:54:00,SPIR,S,4031,0.6175,0
2023-07-27,15:00:00,SPIR,B,4031,0.6152,0
2023-07-28,08:45:00,INTC,S,69,35.6800,0
2023-07-28,10:46:00,INTC,B,69,36.9400,0
2023-07-28,08:41:00,NIO,B,180,13.9300,0
2023-07-28,11:03:00,NIO,S,90,14.4872,0
2023-07-28,11:03:00,NIO,S,90,14.4907,0
2023-07-28,14:57:00,NIO,B,169,14.7450,0
2023-07-28,15:00:00,NIO,S,169,14.7700,0
2023-07-31,08:46:00,SOFI,B,166,11.5400,0
2023-07-31,15:00:00,SOFI,S,166,11.4400,0
2023-08-01,09:55:00,UBER,S,53,46.3700,0
2023-08-01,15:00:00,UBER,B,53,46.6400,0
2023-08-02,08:43:00,AMD,S,21,115.7800,0
2023-08-02,09:26:00,AMD,B,10,111.1488,0
2023-08-02,09:26:00,AMD,B,11,112.1078,0
2023-08-03,10:10:00,IMAX,S,134,18.5350,0
2023-08-03,13:20:00,IMAX,B,134,18.6500,0
2023-08-03,09:42:00,PARR,B,78,31.8800,0
2023-08-03,15:00:00,PARR,S,78,32.0250,0
2023-08-03,10:04:00,NKTX,B,1131,2.2150,0
2023-08-03,15:00:00,NKTX,S,1131,2.2000,0
2023-08-03,10:17:00,MXL,B,102,24.3500,0
2023-08-03,15:00:00,MXL,S,102,24.1600,0
2023-08-03,14:36:00,RPAY,B,301,8.2950,0
2023-08-03,15:00:00,RPAY,S,301,8.2800,0
2023-08-04,08:45:00,AMZN,S,17,140.1300,0
2023-08-04,08:50:00,AMZN,B,17,142.0000,0
2023-08-04,09:45:00,AMZN,B,17,142.5450,0
2023-08-04,11:07:00,AMZN,S,17,142.2350,0
2023-08-07,09:29:00,GRPN,S,335,7.4100,0
2023-08-07,11:45:00,GRPN,B,335,7.8700,0
2023-08-07,10:29:00,CAR,S,11,223.1400,0
2023-08-07,14:04:00,CAR,B,11,225.9850,0
2023-08-07,09:00:00,MXL,S,108,22.8550,0
2023-08-07,15:00:00,MXL,B,108,22.9400,0
2023-08-07,09:13:00,GPRE,B,78,32.0800,0
2023-08-07,15:00:00,GPRE,S,78,32.7300,0
2023-08-07,09:20:00,PARR,B,77,32.4750,0
2023-08-07,15:00:00,PARR,S,77,32.6100,0
2023-08-07,11:42:00,RPAY,B,302,8.2650,0
2023-08-07,15:00:00,RPAY,S,302,8.4000,0
2023-08-07,13:55:00,FRMM,S,908,0.8000,0
2023-08-07,15:00:00,FRMM,B,908,0.8001,0
2023-08-07,14:20:00,EVTL,S,1440,1.7250,0
2023-08-07,15:00:00,EVTL,B,1440,1.7150,0
2023-08-07,14:35:00,BMEA,B,137,18.2500,0
2023-08-07,15:00:00,BMEA,S,137,18.3000,0
2023-08-08,09:16:00,MXL,S,112,22.1800,0
2023-08-08,09:44:00,MXL,B,112,22.4800,0
2023-08-08,09:35:00,CAR,B,11,223.2750,0
2023-08-08,10:49:00,CAR,S,11,222.1900,0
2023-08-08,09:55:00,GRPN,B,319,7.8300,0
2023-08-08,14:55:00,GRPN,S,159,8.1432,0
2023-08-08,14:55:00,GRPN,S,160,8.2217,0
2023-08-08,09:16:00,PARR,B,72,34.2500,0
2023-08-08,15:00:00,PARR,S,72,35.0500,0
2023-08-08,09:31:00,GPRE,B,76,32.6400,0
2023-08-08,15:00:00,GPRE,S,76,33.4100,0
2023-08-08,09:48:00,RPAY,B,298,8.4050,0
2023-08-08,15:00:00,RPAY,S,298,8.6450,0
2023-08-08,10:03:00,BMEA,S,134,18.5000,0
2023-08-08,15:00:00,BMEA,B,134,18.4400,0
2023-08-08,13:55:00,SPIR,B,3693,0.6787,0
2023-08-08,15:00:00,SPIR,S,3693,0.6989,0
2023-08-09,09:49:00,SPIR,S,3744,0.6615,0
2023-08-09,10:41:00,SPIR,B,3744,0.6814,0
2023-08-09,09:40:00,GRPN,B,299,8.4700,0
2023-08-09,12:17:00,GRPN,S,299,8.1100,0
2023-08-09,10:01:00,MXL,S,109,22.7600,0
2023-08-09,13:18:00,MXL,B,109,23.1000,0
2023-08-09,09:54:00,IMAX,S,127,19.5850,0
2023-08-09,13:20:00,IMAX,B,127,19.6400,0
2023-08-09,09:26:00,PARR,B,70,35.6800,0
2023-08-09,15:00:00,PARR,S,70,36.1500,0
2023-08-09,09:35:00,GPRE,B,73,33.8900,0
2023-08-09,15:00:00,GPRE,S,73,33.8300,0
2023-08-09,10:03:00,NKTX,S,1219,2.0250,0
2023-08-09,15:00:00,NKTX,B,1219,2.0050,0
2023-08-09,11:46:00,FRMM,S,965,0.7595,0
2023-08-09,15:00:00,FRMM,B,965,0.8080,0
2023-08-09,14:24:00,BMI,B,15,161.6450,0
2023-08-09,15:00:00,BMI,S,15,162.0750,0
2023-08-09,14:44:00,VOR,S,952,2.6200,0
2023-08-09,15:00:00,VOR,B,952,2.6200,0
2023-08-10,08:45:00,IFRX,B,400,3.3300,0
2023-08-10,08:49:00,IFRX,S,200,3.4632,0
2023-08-10,08:49:00,IFRX,S,200,3.4467,0
2023-08-10,09:02:00,IFRX,B,712,3.5100,0
2023-08-10,09:05:00,IFRX,S,712,3.4700,0
2023-08-10,08:53:00,GRPN,S,256,7.0600,0
2023-08-10,09:33:00,GRPN,B,256,7.8700,0
2023-08-10,09:45:00,GPRE,S,74,33.4600,0
2023-08-10,13:59:00,GPRE,B,74,33.8900,0
2023-08-10,09:02:00,FRMM,B,3521,0.7960,0
2023-08-10,14:57:00,FRMM,S,3521,0.6800,0
2023-08-10,09:08:00,MXL,S,108,23.0300,0
2023-08-10,15:00:00,MXL,B,108,22.6800,0
2023-08-10,09:14:00,NN,B,679,3.7400,0
2023-08-10,15:00:00,NN,S,679,3.7500,0
2023-08-10,10:02:00,IMAX,S,129,19.1800,0
2023-08-10,15:00:00,IMAX,B,129,19.3400,0
2023-08-10,13:25:00,RPAY,B,274,9.1450,0
2023-08-10,15:00:00,RPAY,S,274,8.9800,0
2023-08-10,14:06:00,BMI,B,15,164.9100,0
2023-08-10,15:00:00,BMI,S,15,164.0750,0
2023-08-10,14:52:00,CAR,B,10,229.9600,0
2023-08-10,15:00:00,CAR,S,10,229.0700,0
2023-08-11,09:17:00,GRPN,B,288,9.1750,0
2023-08-11,09:20:00,GRPN,S,144,9.5420,0
2023-08-11,09:20:00,GRPN,S,144,9.4683,0
2023-08-11,09:06:00,MXL,B,110,22.6500,0
2023-08-11,09:55:00,MXL,S,110,22.4000,0
2023-08-11,09:08:00,GPRE,B,73,33.9650,0
2023-08-11,10:23:00,GPRE,S,73,33.6200,0
2023-08-11,09:37:00,SPIR,B,3983,0.6350,0
2023-08-11,11:07:00,SPIR,S,1991,0.6604,0
2023-08-11,11:07:00,SPIR,S,1992,0.6653,0
2023-08-11,09:58:00,NN,B,606,4.1700,0
2023-08-11,11:19:00,NN,S,303,4.3368,0
2023-08-11,11:19:00,NN,S,303,4.7183,0
2023-08-11,10:19:00,NKTX,S,1262,1.9750,0
2023-08-11,13:14:00,NKTX,B,1262,2.0100,0
2023-08-11,08:53:00,PARR,B,67,37.1850,0
2023-08-11,15:00:00,PARR,S,67,37.0250,0
2023-08-11,08:59:00,CAR,B,10,231.4400,0
2023-08-11,15:00:00,CAR,S,10,231.1600,0
2023-08-11,09:27:00,RPAY,B,280,8.9950,0
2023-08-11,15:00:00,RPAY,S,280,8.8000,0
2023-08-11,13:31:00,BMEA,B,133,18.7000,0
2023-08-11,15:00:00,BMEA,S,133,18.7500,0
2023-08-11,14:19:00,GPRE,S,75,32.8500,0
2023-08-11,15:00:00,GPRE,B,75,32.8750,0
2023-08-11,14:48:00,BMI,B,15,166.0450,0
2023-08-11,15:00:00,BMI,S,15,166.8900,0
2023-08-14,08:42:00,AMC,S,753,3.3000,0
2023-08-14,09:53:00,AMC,B,753,3.5400,0
2023-08-15,09:20:00,GPRE,S,78,31.7500,0
2023-08-15,10:06:00,GPRE,B,78,31.9000,0
2023-08-15,09:19:00,GRPN,B,246,10.1900,0
2023-08-15,10:24:00,GRPN,S,123,10.5976,0
2023-08-15,10:24:00,GRPN,S,123,10.5181,0
2023-08-15,09:36:00,PARR,S,72,34.4800,0
2023-08-15,14:11:00,PARR,B,72,34.7600,0
2023-08-15,09:49:00,IMAX,B,131,19.0300,0
2023-08-15,15:00:00,IMAX,S,131,19.3700,0
2023-08-15,11:02:00,NKTX,B,1234,2.0300,0
2023-08-15,15:00:00,NKTX,S,1234,1.9950,0
2023-08-15,14:08:00,MXL,B,113,22.1100,0
2023-08-15,15:00:00,MXL,S,113,21.9700,0
2023-08-16,08:42:00,MXL,S,111,22.3600,0
2023-08-16,09:06:00,MXL,B,111,22.6700,0
2023-08-16,09:03:00,PARR,S,71,34.9150,0
2023-08-16,09:09:00,PARR,B,71,35.0350,0
2023-08-16,09:25:00,BMEA,S,136,18.2250,0
2023-08-16,13:32:00,BMEA,B,68,17.4960,0
2023-08-16,13:32:00,BMEA,B,68,17.2222,0
2023-08-16,10:47:00,SPIR,B,3731,0.6800,0
2023-08-16,14:46:00,SPIR,S,3731,0.6650,0
2023-08-16,09:38:00,IMAX,S,129,19.3200,0
2023-08-16,15:00:00,IMAX,B,129,19.3450,0
2023-08-16,09:48:00,MXL,B,108,23.0000,0
2023-08-16,15:00:00,MXL,S,108,23.3800,0
2023-08-16,10:05:00,GPRE,S,78,31.7500,0
2023-08-16,15:00:00,GPRE,B,78,31.3200,0
2023-08-16,10:14:00,RPAY,S,275,9.0000,0
2023-08-16,15:00:00,RPAY,B,275,8.9000,0
2023-08-16,14:47:00,BMI,S,15,164.7400,0
2023-08-16,15:00:00,BMI,B,15,164.1200,0
2023-08-16,14:51:00,IFRX,B,741,3.3800,0
2023-08-16,15:00:00,IFRX,S,741,3.3800,0
2023-08-17,09:35:00,CAR,S,11,224.5200,0
2023-08-17,09:57:00,CAR,B,11,225.3300,0
2023-08-17,10:00:00,GRPN,B,220,11.5300,0
2023-08-17,10:53:00,GRPN,S,110,11.9912,0
2023-08-17,10:53:00,GRPN,S,110,12.0847,0
2023-08-17,09:31:00,PARR,B,71,34.8400,0
2023-08-17,13:55:00,PARR,S,71,34.4500,0
2023-08-17,09:54:00,RPAY,B,275,9.1300,0
2023-08-17,15:00:00,RPAY,S,275,9.2050,0
2023-08-17,10:35:00,IMAX,S,128,19.4300,0
2023-08-17,15:00:00,IMAX,B,128,19.1250,0
2023-08-17,13:36:00,BMEA,B,147,17.0250,0
2023-08-17,15:00:00,BMEA,S,147,16.9150,0
2023-08-17,13:36:00,NN,S,586,4.2200,0
2023-08-17,15:00:00,NN,B,586,4.1600,0
2023-08-17,14:04:00,VOR,B,847,2.9600,0
2023-08-17,15:00:00,VOR,S,847,2.9200,0
2023-08-17,14:04:00,GPRE,S,79,31.3900,0
2023-08-17,15:00:00,GPRE,B,79,31.3550,0
2023-08-17,14:43:00,SPIR,S,3761,0.6647,0
2023-08-17,15:00:00,SPIR,B,3761,0.6600,0
2023-08-17,14:55:00,IFRX,B,547,3.7900,0
2023-08-17,15:00:00,IFRX,S,547,3.8000,0
2023-08-18,09:32:00,GPRE,S,80,31.0500,0
2023-08-18,11:20:00,GPRE,B,80,31.2400,0
2023-08-18,09:13:00,RPAY,B,274,9.1300,0
2023-08-18,15:00:00,RPAY,S,274,9.3250,0
2023-08-18,09:23:00,GRPN,S,230,10.8400,0
2023-08-18,15:00:00,GRPN,B,230,11.2900,0
2023-08-18,10:03:00,MXL,S,110,22.4850,0
2023-08-18,15:00:00,MXL,B,110,22.6100,0
2023-08-18,10:23:00,PARR,B,72,34.5300,0
2023-08-18,15:00:00,PARR,S,72,35.0500,0
2023-08-18,13:05:00,IMAX,B,128,19.4600,0
2023-08-18,15:00:00,IMAX,S,128,19.4950,0
2023-08-18,14:10:00,BMEA,S,151,16.4100,0
2023-08-18,15:00:00,BMEA,B,151,16.5000,0
2023-08-18,14:54:00,NN,S,617,4.0100,0
2023-08-18,15:00:00,NN,B,617,3.9900,0
2023-08-21,08:42:00,AMC,S,661,3.7300,0
2023-08-21,08:48:00,AMC,B,330,3.5808,0
2023-08-21,08:48:00,AMC,B,331,3.5873,0
2023-08-21,10:20:00,AMC,S,735,3.4000,0
2023-08-21,10:26:00,AMC,B,367,3.2640,0
2023-08-21,10:26:00,AMC,B,368,3.2934,0
2023-08-22,09:38:00,PARR,S,71,34.7700,0
2023-08-22,09:58:00,PARR,B,71,34.9800,0
2023-08-22,09:17:00,SPIR,S,4031,0.6100,0
2023-08-22,15:00:00,SPIR,B,4031,0.6004,0
2023-08-22,09:19:00,MXL,S,110,22.5300,0
2023-08-22,15:00:00,MXL,B,110,22.4700,0
2023-08-22,09:54:00,CAR,S,10,229.2500,0
2023-08-22,15:00:00,CAR,B,10,224.8900,0
2023-08-22,10:26:00,IMAX,S,130,19.1250,0
2023-08-22,15:00:00,IMAX,B,130,19.0250,0
2023-08-23,09:23:00,AMC,B,1184,2.1550,0
2023-08-23,14:54:00,AMC,S,1184,1.9500,0
2023-08-23,08:52:00,PTON,B,333,5.7300,0
2023-08-23,15:00:00,PTON,S,333,5.4050,0
2023-08-24,10:19:00,IMAX,S,131,18.8450,0
2023-08-24,11:23:00,IMAX,B,131,19.0700,0
2023-08-24,09:38:00,PARR,B,69,36.1000,0
2023-08-24,15:00:00,PARR,S,69,36.0250,0
2023-08-24,10:10:00,MXL,S,108,22.7700,0
2023-08-24,15:00:00,MXL,B,108,22.2200,0
2023-08-24,11:00:00,GPRE,S,81,30.7800,0
2023-08-24,15:00:00,GPRE,B,81,30.8600,0
2023-08-24,13:57:00,IMAX,S,133,18.6600,0
2023-08-24,15:00:00,IMAX,B,133,18.6550,0
2023-08-24,14:08:00,NN,S,582,4.2300,0
2023-08-24,15:00:00,NN,B,582,4.1300,0
2023-08-24,14:45:00,SPIR,S,4291,0.5825,0
2023-08-24,15:00:00,SPIR,B,4291,0.5820,0
2023-08-25,09:06:00,PARR,B,69,35.9500,0
2023-08-25,09:12:00,PARR,S,69,35.7750,0
2023-08-25,09:23:00,PARR,S,69,35.7400,0
2023-08-25,09:39:00,PARR,B,69,35.9900,0
2023-08-25,09:37:00,CAR,S,10,227.9000,0
2023-08-25,13:33:00,CAR,B,5,218.7840,0
2023-08-25,13:33:00,CAR,B,5,218.4490,0
2023-08-25,09:13:00,GRPN,B,195,13.0000,0
2023-08-25,15:00:00,GRPN,S,195,12.9900,0
2023-08-25,09:20:00,MXL,S,113,22.0850,0
2023-08-25,15:00:00,MXL,B,113,22.0100,0
2023-08-25,09:21:00,GPRE,B,80,31.0000,0
2023-08-25,15:00:00,GPRE,S,80,31.4400,0
2023-08-25,10:58:00,IMAX,S,134,18.5500,0
2023-08-25,15:00:00,IMAX,B,134,18.6500,0
2023-08-25,13:40:00,EVTL,B,2183,1.1550,0
2023-08-25,15:00:00,EVTL,S,2183,1.1550,0
2023-08-28,09:43:00,MXL,S,111,22.2800,0
2023-08-28,15:00:00,MXL,B,111,22.1800,0
2023-08-28,09:46:00,GPRE,S,79,31.6000,0
2023-08-28,15:00:00,GPRE,B,79,31.5600,0
2023-08-28,09:56:00,PARR,S,69,36.1050,0
2023-08-28,15:00:00,PARR,B,69,35.7950,0
2023-08-28,10:18:00,GRPN,S,204,12.1950,0
2023-08-28,15:00:00,GRPN,B,204,12.0400,0
2023-08-28,14:04:00,LZM,S,184,13.4600,0
2023-08-28,15:00:00,LZM,B,184,13.4200,0
2023-08-28,14:09:00,CAR,B,11,224.1300,0
2023-08-28,15:00:00,CAR,S,11,224.7700,0
2023-08-28,14:57:00,RPAY,S,273,9.1400,0
2023-08-28,15:00:00,RPAY,B,273,9.1250,0
2023-08-29,09:18:00,SPIR,S,4235,0.5900,0
2023-08-29,09:40:00,SPIR,B,4235,0.6010,0
2023-08-29,09:37:00,IMAX,S,133,18.6600,0
2023-08-29,11:29:00,IMAX,B,133,18.8000,0
2023-08-29,09:09:00,GRPN,B,209,12.1000,0
2023-08-29,12:16:00,GRPN,S,209,11.6200,0
2023-08-29,09:54:00,PARR,S,70,35.2400,0
2023-08-29,12:49:00,PARR,B,70,35.5000,0
2023-08-29,09:30:00,MXL,B,112,22.1800,0
2023-08-29,15:00:00,MXL,S,112,22.8850,0
2023-08-29,10:05:00,BMEA,B,153,16.3700,0
2023-08-29,15:00:00,BMEA,S,153,16.2200,0
2023-08-29,10:13:00,GPRE,B,79,31.8400,0
2023-08-29,15:00:00,GPRE,S,79,31.9900,0
2023-08-29,14:06:00,CAR,S,11,220.2900,0
2023-08-29,15:00:00,CAR,B,11,219.1600,0
2023-08-30,10:18:00,GPRE,S,79,31.4900,0
2023-08-30,10:46:00,GPRE,B,79,31.7000,0
2023-08-30,09:29:00,RPAY,S,275,9.0750,0
2023-08-30,11:08:00,RPAY,B,275,9.1800,0
2023-08-30,09:05:00,MXL,B,109,22.8600,0
2023-08-30,15:00:00,MXL,S,109,23.0100,0
2023-08-30,14:09:00,CAR,B,11,220.1150,0
2023-08-30,15:00:00,CAR,S,11,220.1200,0
2023-08-31,10:18:00,GRPN,S,217,11.3950,0
2023-08-31,11:00:00,GRPN,B,217,11.7100,0
2023-08-31,09:15:00,GPRE,S,80,31.0500,0
2023-08-31,11:40:00,GPRE,B,80,31.4000,0
2023-08-31,09:17:00,PARR,S,73,34.1800,0
2023-08-31,15:00:00,PARR,B,73,34.3700,0
2023-08-31,09:49:00,MXL,B,107,23.2700,0
2023-08-31,15:00:00,MXL,S,107,23.4700,0
2023-08-31,13:14:00,BMEA,B,149,16.7350,0
2023-08-31,15:00:00,BMEA,S,149,16.8650,0
2023-09-01,09:19:00,WBD,S,203,12.2550,0
2023-09-01,13:53:00,WBD,B,101,11.7648,0
2023-09-01,13:53:00,WBD,B,102,11.5476,0
2023-09-05,08:54:00,GPRE,S,81,30.5300,0
2023-09-05,10:31:00,GPRE,B,81,30.9400,0
2023-09-05,11:28:00,BMEA,B,142,17.5050,0
2023-09-05,12:30:00,BMEA,S,142,17.4200,0
2023-09-05,09:07:00,MXL,B,105,23.8200,0
2023-09-05,15:00:00,MXL,S,105,23.9500,0
2023-09-05,09:12:00,PARR,B,69,35.8500,0
2023-09-05,15:00:00,PARR,S,69,35.5000,0
2023-09-05,12:29:00,CAR,B,11,211.5150,0
2023-09-05,15:00:00,CAR,S,11,211.9600,0
2023-09-05,14:27:00,NEXA,B,388,6.4450,0
2023-09-05,15:00:00,NEXA,S,388,6.4800,0
2023-09-05,14:28:00,SPIR,B,457,5.5100,0
2023-09-05,15:00:00,SPIR,S,457,5.5450,0
2023-09-05,14:58:00,RPAY,B,264,9.4700,0
2023-09-05,15:00:00,RPAY,S,264,9.4600,0
2023-09-06,09:13:00,GPRE,B,80,30.9450,0
2023-09-06,15:00:00,GPRE,S,80,31.5350,0
2023-09-06,09:37:00,PARR,S,70,35.4750,0
2023-09-06,15:00:00,PARR,B,70,35.6350,0
2023-09-06,09:45:00,BMEA,B,150,16.6300,0
2023-09-06,15:00:00,BMEA,S,150,17.0950,0
2023-09-06,09:57:00,MXL,S,104,23.9900,0
2023-09-06,15:00:00,MXL,B,104,24.0100,0
2023-09-06,14:00:00,SPIR,B,452,5.5700,0
2023-09-06,15:00:00,SPIR,S,452,5.5200,0
2023-09-06,14:32:00,ELDN,S,1538,1.3100,0
2023-09-06,15:00:00,ELDN,B,769,1.2576,0
2023-09-06,15:00:00,ELDN,B,769,1.2400,0
2023-09-06,14:53:00,EVTL,S,1602,1.5600,0
2023-09-06,15:00:00,EVTL,B,1602,1.5800,0
2023-09-06,14:57:00,VOR,B,950,2.6500,0
2023-09-06,15:00:00,VOR,S,950,2.6300,0
2023-09-07,08:41:00,KVUE,S,112,22.1700,0
2023-09-07,10:00:00,KVUE,B,56,21.2832,0
2023-09-07,10:00:00,KVUE,B,56,21.2967,0
2023-09-08,09:19:00,PARR,B,67,36.9700,0
2023-09-08,13:13:00,PARR,S,67,36.5800,0
2023-09-08,09:39:00,CAR,B,12,197.8850,0
2023-09-08,15:00:00,CAR,S,12,199.3800,0
2023-09-08,09:47:00,GRPN,B,205,12.2000,0
2023-09-08,15:00:00,GRPN,S,205,12.0100,0
2023-09-08,10:10:00,MXL,S,108,22.9650,0
2023-09-08,15:00:00,MXL,B,108,22.9900,0
2023-09-08,10:12:00,GPRE,B,75,33.2800,0
2023-09-08,15:00:00,GPRE,S,75,32.8600,0
2023-09-08,14:17:00,BMEA,S,151,16.3800,0
2023-09-08,15:00:00,BMEA,B,151,16.3450,0
2023-09-08,14:56:00,BMI,S,15,160.6800,0
2023-09-08,15:00:00,BMI,B,15,160.7100,0
2023-09-11,08:42:00,NU,B,351,7.1200,0
2023-09-11,15:00:00,NU,S,175,7.4048,0
2023-09-11,15:00:00,NU,S,176,7.3850,0
2023-09-12,09:35:00,PARR,B,68,36.5650,0
2023-09-12,13:01:00,PARR,S,68,36.2700,0
2023-09-12,09:13:00,RPAY,B,300,8.3400,0
2023-09-12,14:39:00,RPAY,S,300,8.2200,0
2023-09-12,10:44:00,BMEA,S,163,15.2650,0
2023-09-12,14:55:00,BMEA,B,81,14.6544,0
2023-09-12,14:55:00,BMEA,B,82,14.7477,0
2023-09-12,09:59:00,NKTX,S,1436,1.7000,0
2023-09-12,14:56:00,NKTX,B,718,1.6320,0
2023-09-12,14:56:00,NKTX,B,718,1.6270,0
2023-09-12,09:08:00,NN,B,497,5.1100,0
2023-09-12,15:00:00,NN,S,497,5.0700,0
2023-09-12,09:27:00,IMAX,S,132,18.7500,0
2023-09-12,15:00:00,IMAX,B,132,18.6050,0
2023-09-12,10:22:00,GPRE,B,73,33.9500,0
2023-09-12,15:00:00,GPRE,S,73,34.1950,0
2023-09-12,10:36:00,GRPN,S,208,11.9950,0
2023-09-12,15:00:00,GRPN,B,104,11.5152,0
2023-09-12,15:00:00,GRPN,B,104,11.5300,0
2023-09-12,14:04:00,SPIR,S,434,5.6850,0
2023-09-12,15:00:00,SPIR,B,434,5.7450,0
2023-09-12,14:51:00,EVTL,S,1666,1.3100,0
2023-09-12,15:00:00,EVTL,B,1666,1.3000,0
2023-09-13,10:06:00,GRPN,B,210,11.9100,0
2023-09-13,12:18:00,GRPN,S,210,11.5350,0
2023-09-13,10:12:00,MXL,B,110,22.6900,0
2023-09-13,14:22:00,MXL,S,110,22.4850,0
2023-09-13,10:18:00,BMEA,B,165,15.1150,0
2023-09-13,14:59:00,BMEA,S,165,14.8600,0
2023-09-13,08:54:00,PARR,S,70,35.6000,0
2023-09-13,15:00:00,PARR,B,70,34.9600,0
2023-09-13,10:09:00,NN,B,434,5.7500,0
2023-09-13,15:00:00,NN,S,434,5.7350,0
2023-09-13,10:32:00,RPAY,S,315,7.8800,0
2023-09-13,15:00:00,RPAY,B,315,7.7550,0
2023-09-13,14:32:00,EVTL,S,1937,1.2850,0
2023-09-13,15:00:00,EVTL,B,1937,1.2800,0
2023-09-13,14:41:00,BMI,S,15,159.1700,0
2023-09-13,15:00:00,BMI,B,15,158.7100,0
2023-09-14,10:02:00,RPAY,B,313,8.0000,0
2023-09-14,11:15:00,RPAY,S,313,7.8750,0
2023-09-14,09:48:00,GPRE,B,72,34.3400,0
2023-09-14,11:44:00,GPRE,S,72,34.0950,0
2023-09-14,10:08:00,IMAX,B,136,18.4100,0
2023-09-14,11:47:00,IMAX,S,136,18.2500,0
2023-09-14,13:49:00,NN,B,413,6.0600,0
2023-09-14,14:12:00,NN,S,413,6.0000,0
2023-09-14,10:41:00,GRPN,B,215,11.6500,0
2023-09-14,14:13:00,GRPN,S,107,12.1160,0
2023-09-14,14:13:00,GRPN,S,108,12.1685,0
2023-09-14,09:10:00,BMEA,S,173,14.2500,0
2023-09-14,15:00:00,BMEA,B,173,14.4050,0
2023-09-14,09:18:00,PARR,S,71,35.1600,0
2023-09-14,15:00:00,PARR,B,71,34.7950,0
2023-09-14,09:54:00,MXL,B,110,22.7100,0
2023-09-14,15:00:00,MXL,S,110,22.8400,0
2023-09-14,14:01:00,CAR,B,12,198.8750,0
2023-09-14,15:00:00,CAR,S,12,201.2600,0
2023-09-14,14:44:00,NEXA,B,380,6.6200,0
2023-09-14,15:00:00,NEXA,S,380,6.5900,0
2023-09-14,14:59:00,SPIR,S,439,5.6600,0
2023-09-14,15:00:00,SPIR,B,439,5.6600,0
2023-09-15,08:44:00,SIRI,S,593,4.2050,0
2023-09-15,13:27:00,SIRI,B,296,4.0368,0
2023-09-15,13:27:00,SIRI,B,297,4.0570,0
2023-09-18,09:42:00,BMEA,S,173,14.3950,0
2023-09-18,10:33:00,BMEA,B,173,14.9200,0
2023-09-18,09:45:00,GRPN,B,204,12.3300,0
2023-09-18,11:23:00,GRPN,S,102,12.8232,0
2023-09-18,11:23:00,GRPN,S,102,13.0517,0
2023-09-18,09:15:00,RPAY,S,338,7.3900,0
2023-09-18,11:54:00,RPAY,B,338,7.5200,0
2023-09-18,13:58:00,BMEA,B,164,15.2000,0
2023-09-18,14:34:00,BMEA,S,164,15.0200,0
2023-09-18,09:14:00,GPRE,B,75,33.3100,0
2023-09-18,15:00:00,GPRE,S,75,32.6000,0
2023-09-18,09:23:00,CAR,B,12,198.8850,0
2023-09-18,15:00:00,CAR,S,12,197.7250,0
2023-09-18,09:43:00,MXL,S,116,21.4700,0
2023-09-18,15:00:00,MXL,B,116,21.7000,0
2023-09-18,09:49:00,PARR,S,71,34.7650,0
2023-09-18,15:00:00,PARR,B,71,34.2700,0
2023-09-18,10:05:00,IMAX,B,133,18.7600,0
2023-09-18,15:00:00,IMAX,S,133,18.9100,0
2023-09-18,14:15:00,VOR,S,1113,2.2450,0
2023-09-18,15:00:00,VOR,B,1113,2.1900,0
2023-09-18,14:42:00,BMI,S,15,161.4300,0
2023-09-18,15:00:00,BMI,B,15,161.6350,0
2023-09-19,08:51:00,NIO,S,269,9.2350,0
2023-09-19,11:07:00,NIO,B,134,8.8656,0
2023-09-19,11:07:00,NIO,B,135,8.8973,0
2023-09-20,09:10:00,GPRE,S,79,31.5400,0
2023-09-20,10:57:00,GPRE,B,79,31.7000,0
2023-09-20,13:13:00,PARR,B,73,34.0650,0
2023-09-20,14:39:00,PARR,S,73,33.7000,0
2023-09-20,13:34:00,EVTL,B,1552,1.6150,0
2023-09-20,14:54:00,EVTL,S,1552,1.5300,0
2023-09-20,09:25:00,RPAY,B,316,7.9500,0
2023-09-20,15:00:00,RPAY,S,316,7.7500,0
2023-09-20,09:51:00,CAR,S,12,192.2950,0
2023-09-20,15:00:00,CAR,B,12,190.9700,0
2023-09-20,11:43:00,GRPN,S,202,12.3000,0
2023-09-20,15:00:00,GRPN,B,202,11.9900,0
2023-09-20,14:18:00,NN,S,462,5.3700,0
2023-09-20,15:00:00,NN,B,462,5.2300,0
2023-09-20,14:52:00,PARR,S,74,33.5850,0
2023-09-20,15:00:00,PARR,B,74,33.5400,0
2023-09-20,14:57:00,IMAX,S,134,18.5600,0
2023-09-20,15:00:00,IMAX,B,134,18.5600,0
2023-09-21,09:06:00,GPRE,S,80,31.0050,0
2023-09-21,09:11:00,GPRE,B,80,31.0400,0
2023-09-21,10:05:00,CAR,S,13,187.8100,0
2023-09-21,13:30:00,CAR,B,13,189.3200,0
2023-09-21,09:24:00,IMAX,B,130,19.2000,0
2023-09-21,15:00:00,IMAX,S,130,19.4800,0
2023-09-21,10:00:00,BMEA,B,179,13.9200,0
2023-09-21,15:00:00,BMEA,S,179,13.9950,0
2023-09-21,10:30:00,BMI,S,16,153.6700,0
2023-09-21,15:00:00,BMI,B,16,153.1100,0
2023-09-21,14:40:00,EVTL,S,1666,1.3850,0
2023-09-21,15:00:00,EVTL,B,1666,1.4000,0
2023-09-22,09:19:00,GPRE,S,81,30.6900,0
2023-09-22,09:55:00,GPRE,B,81,31.0600,0
2023-09-22,09:20:00,PARR,S,72,34.4900,0
2023-09-22,15:00:00,PARR,B,72,33.7900,0
2023-09-22,10:09:00,CAR,S,13,186.4400,0
2023-09-22,15:00:00,CAR,B,13,181.9100,0
2023-09-22,10:13:00,NN,B,462,5.4500,0
2023-09-22,15:00:00,NN,S,462,5.4900,0
2023-09-22,13:20:00,MXL,S,116,21.4700,0
2023-09-22,15:00:00,MXL,B,116,21.5750,0
2023-09-22,13:46:00,IMAX,S,129,19.1550,0
2023-09-22,15:00:00,IMAX,B,129,19.1050,0
2023-09-22,14:36:00,GRPN,B,213,11.7100,0
2023-09-22,15:00:00,GRPN,S,213,11.6950,0
2023-09-22,14:47:00,EVTL,S,2127,1.1700,0
2023-09-22,15:00:00,EVTL,B,2127,1.1600,0
2023-09-25,10:28:00,NN,B,452,5.5450,0
2023-09-25,13:15:00,NN,S,452,5.4100,0
2023-09-25,10:08:00,CAR,B,13,183.5700,0
2023-09-25,14:47:00,CAR,S,13,181.0050,0
2023-09-25,09:59:00,BMEA,B,173,14.3900,0
2023-09-25,15:00:00,BMEA,S,173,14.0600,0
2023-09-25,10:15:00,IMAX,B,130,19.3500,0
2023-09-25,15:00:00,IMAX,S,130,19.3600,0
2023-09-25,10:32:00,RPAY,B,327,7.7550,0
2023-09-25,15:00:00,RPAY,S,327,7.6800,0
2023-09-25,10:51:00,MXL,B,114,22.0000,0
2023-09-25,15:00:00,MXL,S,114,21.8800,0
2023-09-25,14:54:00,BMI,S,16,151.6900,0
2023-09-25,15:00:00,BMI,B,16,151.8700,0
2023-09-26,08:50:00,RPAY,S,331,7.5000,0
2023-09-26,15:00:00,RPAY,B,331,7.4100,0
2023-09-26,09:03:00,GPRE,S,80,30.9700,0
2023-09-26,15:00:00,GPRE,B,80,30.5900,0
2023-09-26,09:09:00,PARR,B,72,34.3600,0
2023-09-26,15:00:00,PARR,S,72,34.6700,0
2023-09-26,14:17:00,EVTL,S,2083,1.2000,0
2023-09-26,15:00:00,EVTL,B,2083,1.2000,0
2023-09-26,14:32:00,IMAX,S,129,19.3200,0
2023-09-26,15:00:00,IMAX,B,129,19.1500,0
2023-09-26,14:36:00,CAR,S,14,177.5050,0
2023-09-26,15:00:00,CAR,B,14,177.9300,0
2023-09-26,14:57:00,BMI,S,16,150.4000,0
2023-09-26,15:00:00,BMI,B,16,150.4700,0
2023-09-26,14:57:00,IFRX,S,865,2.8800,0
2023-09-26,15:00:00,IFRX,B,865,2.8800,0
2023-09-27,09:28:00,MXL,B,110,22.6050,0
2023-09-27,11:27:00,MXL,S,110,22.1000,0
2023-09-27,14:19:00,VOR,B,1141,2.2050,0
2023-09-27,14:50:00,VOR,S,1141,2.1200,0
2023-09-27,09:20:00,GPRE,S,80,31.0200,0
2023-09-27,15:00:00,GPRE,B,80,30.4000,0
2023-09-27,10:07:00,GRPN,S,193,12.7800,0
2023-09-27,15:00:00,GRPN,B,193,12.8200,0
2023-09-27,13:19:00,IFRX,S,899,2.7000,0
2023-09-27,15:00:00,IFRX,B,899,2.6000,0
2023-09-27,14:40:00,NN,S,469,5.2950,0
2023-09-27,15:00:00,NN,B,469,5.3500,0
2023-09-28,08:58:00,PARR,B,70,35.5900,0
2023-09-28,11:51:00,PARR,S,35,37.0136,0
2023-09-28,11:51:00,PARR,S,35,36.7541,0
2023-09-28,10:02:00,RPAY,B,330,7.6150,0
2023-09-28,15:00:00,RPAY,S,330,7.7900,0
2023-09-28,10:31:00,GRPN,B,187,13.4200,0
2023-09-28,15:00:00,GRPN,S,187,13.3500,0
2023-09-28,13:38:00,NN,B,468,5.3800,0
2023-09-28,15:00:00,NN,S,468,5.4000,0
2023-09-28,14:40:00,EVTL,S,2118,1.1750,0
2023-09-28,15:00:00,EVTL,B,2118,1.1900,0
2023-09-29,09:10:00,GPRE,S,83,30.0500,0
2023-09-29,10:17:00,GPRE,B,83,30.4100,0
2023-09-29,09:48:00,PARR,S,68,36.3400,0
2023-09-29,10:25:00,PARR,B,68,36.4200,0
2023-09-29,09:46:00,GRPN,S,180,13.8400,0
2023-09-29,11:44:00,GRPN,B,180,14.3750,0
2023-09-29,09:09:00,BMI,B,16,147.1200,0
2023-09-29,15:00:00,BMI,S,16,143.8900,0
2023-09-29,10:24:00,VOR,S,1162,2.1450,0
2023-09-29,15:00:00,VOR,B,1162,2.1150,0
2023-09-29,13:34:00,EVTL,S,2127,1.1650,0
2023-09-29,15:00:00,EVTL,B,2127,1.1700,0
2023-09-29,14:06:00,LZM,S,115,12.4000,0
2023-09-29,15:00:00,LZM,B,115,12.3900,0
2023-09-29,14:54:00,NEXA,S,405,6.1100,0
2023-09-29,15:00:00,NEXA,B,405,6.0800,0
2023-09-29,14:54:00,RPAY,S,328,7.6000,0
2023-09-29,15:00:00,RPAY,B,328,7.5800,0
2023-10-02,09:49:00,RPAY,B,328,7.6150,0
2023-10-02,14:04:00,RPAY,S,328,7.5150,0
2023-10-02,09:03:00,GRPN,B,159,15.7650,0
2023-10-02,15:00:00,GRPN,S,159,15.7350,0
2023-10-02,09:55:00,GPRE,S,84,29.7000,0
2023-10-02,15:00:00,GPRE,B,84,29.1950,0
2023-10-02,10:04:00,PARR,B,70,35.7200,0
2023-10-02,15:00:00,PARR,S,70,35.6150,0
2023-10-02,10:25:00,IMAX,B,126,19.7900,0
2023-10-02,15:00:00,IMAX,S,126,19.5450,0
2023-10-02,11:10:00,CAR,S,14,173.6800,0
2023-10-02,15:00:00,CAR,B,14,173.9300,0
2023-10-02,14:08:00,NN,S,507,4.9100,0
2023-10-02,15:00:00,NN,B,507,4.9400,0
2023-10-03,09:07:00,GRPN,S,161,15.2550,0
2023-10-03,09:31:00,GRPN,B,80,14.6448,0
2023-10-03,09:31:00,GRPN,B,81,14.4325,0
2023-10-03,08:51:00,GPRE,B,85,29.2450,0
2023-10-03,10:49:00,GPRE,S,85,28.9100,0
2023-10-03,09:29:00,RPAY,S,344,7.2200,0
2023-10-03,11:34:00,RPAY,B,172,6.9312,0
2023-10-03,11:34:00,RPAY,B,172,6.9222,0
2023-10-03,09:30:00,IMAX,S,131,18.8900,0
2023-10-03,15:00:00,IMAX,B,131,18.9350,0
2023-10-03,09:45:00,CAR,S,14,170.7900,0
2023-10-03,15:00:00,CAR,B,14,168.8400,0
2023-10-03,09:56:00,BMEA,B,197,12.7100,0
2023-10-03,15:00:00,BMEA,S,197,12.8700,0
2023-10-03,14:51:00,GRPN,S,175,14.1900,0
2023-10-03,15:00:00,GRPN,B,175,14.2200,0
2023-10-04,09:34:00,CAR,S,14,167.3050,0
2023-10-04,11:37:00,CAR,B,14,170.1500,0
2023-10-04,10:29:00,MXL,B,114,21.9300,0
2023-10-04,12:33:00,MXL,S,114,21.7150,0
2023-10-04,09:06:00,GPRE,S,89,27.9400,0
2023-10-04,15:00:00,GPRE,B,89,28.6400,0
2023-10-04,09:30:00,RPAY,S,383,6.5050,0
2023-10-04,15:00:00,RPAY,B,383,6.5900,0
2023-10-04,09:39:00,PARR,S,75,32.8550,0
2023-10-04,15:00:00,PARR,B,75,32.8400,0
2023-10-04,09:46:00,NN,B,507,4.9650,0
2023-10-04,15:00:00,NN,S,507,5.1000,0
2023-10-04,10:08:00,BMEA,S,202,12.2300,0
2023-10-04,15:00:00,BMEA,B,202,12.2100,0
2023-10-04,13:20:00,IFRX,B,976,2.5800,0
2023-10-04,15:00:00,IFRX,S,976,2.5200,0
2023-10-04,14:55:00,ELDN,B,1488,1.6900,0
2023-10-04,15:00:00,ELDN,S,1488,1.6900,0
2023-10-05,08:41:00,RIVN,S,123,20.1300,0
2023-10-05,09:51:00,RIVN,B,61,19.3248,0
2023-10-05,09:51:00,RIVN,B,62,19.3763,0
2023-10-05,10:17:00,RIVN,S,130,19.1000,0
2023-10-05,10:38:00,RIVN,B,130,19.2050,0
2023-10-06,09:38:00,PARR,S,77,32.1400,0
2023-10-06,12:32:00,PARR,B,77,32.7850,0
2023-10-06,09:48:00,IMAX,B,129,19.2900,0
2023-10-06,15:00:00,IMAX,S,129,19.8100,0
2023-10-06,10:03:00,GRPN,B,170,14.9450,0
2023-10-06,15:00:00,GRPN,S,170,14.6150,0
2023-10-06,10:17:00,CAR,B,14,178.2900,0
2023-10-06,15:00:00,CAR,S,14,178.6050,0
2023-10-06,10:29:00,MXL,B,115,21.7600,0
2023-10-06,15:00:00,MXL,S,115,21.8300,0
2023-10-06,14:21:00,BMEA,B,197,12.6800,0
2023-10-06,15:00:00,BMEA,S,197,12.6500,0
2023-10-09,10:16:00,GRPN,S,174,14.2900,0
2023-10-09,11:08:00,GRPN,B,174,14.6100,0
2023-10-09,09:10:00,RPAY,S,395,6.3150,0
2023-10-09,13:13:00,RPAY,B,395,6.4200,0
2023-10-09,09:29:00,PARR,S,76,32.6050,0
2023-10-09,15:00:00,PARR,B,76,32.8400,0
2023-10-09,09:34:00,GPRE,S,90,27.5150,0
2023-10-09,15:00:00,GPRE,B,90,27.9500,0
2023-10-09,10:10:00,IMAX,S,128,19.4100,0
2023-10-09,15:00:00,IMAX,B,128,19.4600,0
2023-10-09,10:38:00,CAR,B,13,179.5900,0
2023-10-09,15:00:00,CAR,S,13,179.8450,0
2023-10-10,08:54:00,GRPN,S,180,13.8300,0
2023-10-10,09:05:00,GRPN,B,90,13.2768,0
2023-10-10,09:05:00,GRPN,B,90,13.2520,0
2023-10-10,09:25:00,MXL,B,113,21.9600,0
2023-10-10,15:00:00,MXL,S,113,22.2900,0
2023-10-10,10:31:00,GPRE,B,87,28.5300,0
2023-10-10,15:00:00,GPRE,S,87,28.6100,0
2023-10-10,10:41:00,PARR,B,74,33.4600,0
2023-10-10,15:00:00,PARR,S,74,33.5150,0
2023-10-10,12:32:00,CAR,S,13,180.8500,0
2023-10-10,15:00:00,CAR,B,13,181.3300,0
2023-10-10,13:27:00,RPAY,S,382,6.5250,0
2023-10-10,15:00:00,RPAY,B,382,6.5400,0
2023-10-10,13:30:00,LZM,S,207,11.9700,0
2023-10-10,15:00:00,LZM,B,207,11.7500,0
2023-10-11,10:00:00,TPST,B,298,2.5600,0
2023-10-11,10:00:00,TPST,S,149,2.6624,0
2023-10-11,10:00:00,TPST,S,149,2.6934,0
2023-10-11,10:45:00,TPST,B,338,3.2400,0
2023-10-11,10:51:00,TPST,S,169,3.3696,0
2023-10-11,10:51:00,TPST,S,169,3.3752,0
2023-10-12,09:19:00,GPRE,B,89,28.0600,0
2023-10-12,09:38:00,GPRE,S,89,27.7650,0
2023-10-12,09:09:00,GRPN,B,242,10.3700,0
2023-10-12,10:43:00,GRPN,S,121,10.7848,0
2023-10-12,10:43:00,GRPN,S,121,10.8363,0
2023-10-12,09:43:00,RPAY,B,387,6.4800,0
2023-10-12,12:07:00,RPAY,S,387,6.4150,0
2023-10-12,09:06:00,IMAX,S,136,18.2500,0
2023-10-12,15:00:00,IMAX,B,136,18.0400,0
2023-10-12,10:20:00,GPRE,S,91,27.3500,0
2023-10-12,15:00:00,GPRE,B,91,26.9000,0
2023-10-12,10:29:00,PARR,S,76,32.7900,0
2023-10-12,15:00:00,PARR,B,76,32.7900,0
2023-10-12,11:04:00,IFRX,S,1041,2.4000,0
2023-10-12,15:00:00,IFRX,B,1041,2.4350,0
2023-10-12,13:44:00,SPIR,S,639,3.8800,0
2023-10-12,15:00:00,SPIR,B,639,3.8650,0
2023-10-12,14:33:00,LZM,S,203,10.1700,0
2023-10-12,15:00:00,LZM,B,203,9.8000,0
2023-10-13,09:49:00,NKTX,S,1650,1.5150,0
2023-10-13,11:41:00,NKTX,B,1650,1.5350,0
2023-10-13,08:52:00,GRPN,B,208,12.3300,0
2023-10-13,11:56:00,GRPN,S,104,12.8232,0
2023-10-13,11:56:00,GRPN,S,104,12.7767,0
2023-10-13,13:45:00,PARR,S,77,32.2000,0
2023-10-13,14:25:00,PARR,B,77,32.4300,0
2023-10-13,09:10:00,IMAX,S,140,17.6900,0
2023-10-13,15:00:00,IMAX,B,140,17.7400,0
2023-10-13,09:20:00,GPRE,S,95,26.2000,0
2023-10-13,15:00:00,GPRE,B,95,25.8800,0
2023-10-13,09:42:00,CAR,S,13,178.7000,0
2023-10-13,15:00:00,CAR,B,13,173.5700,0
2023-10-13,09:49:00,NN,S,535,4.5800,0
2023-10-13,15:00:00,NN,B,535,4.6000,0
2023-10-13,10:02:00,MXL,S,115,21.5050,0
2023-10-13,15:00:00,MXL,B,115,21.0600,0
2023-10-13,10:06:00,RPAY,S,398,6.2200,0
2023-10-13,15:00:00,RPAY,B,398,6.2050,0
2023-10-13,14:47:00,EVTL,S,2252,1.1100,0
2023-10-13,15:00:00,EVTL,B,2252,1.1300,0
2023-10-16,10:16:00,IMAX,S,142,17.5900,0
2023-10-16,10:29:00,IMAX,B,142,17.7100,0
2023-10-16,09:08:00,GPRE,B,92,27.0000,0
2023-10-16,10:51:00,GPRE,S,46,28.0800,0
2023-10-16,10:51:00,GPRE,S,46,27.9000,0
2023-10-16,10:03:00,MXL,B,116,21.5400,0
2023-10-16,10:57:00,MXL,S,116,21.4650,0
2023-10-16,10:25:00,NKTX,B,1639,1.5350,0
2023-10-16,13:03:00,NKTX,S,1639,1.5000,0
2023-10-16,08:48:00,PARR,B,74,33.5200,0
2023-10-16,14:44:00,PARR,S,74,32.7300,0
2023-10-16,10:18:00,GRPN,B,186,13.4150,0
2023-10-16,14:52:00,GRPN,S,186,12.9200,0
2023-10-16,13:41:00,IMAX,B,140,17.8400,0
2023-10-16,15:00:00,IMAX,S,140,17.7650,0
2023-10-16,14:32:00,EVTL,S,2304,1.0850,0
2023-10-16,15:00:00,EVTL,B,2304,1.0600,0
2023-10-16,14:43:00,CAR,S,14,175.9000,0
2023-10-16,15:00:00,CAR,B,14,175.4500,0
2023-10-16,14:57:00,VOR,S,1106,2.2150,0
2023-10-16,15:00:00,VOR,B,1106,2.2300,0
2023-10-17,09:20:00,NKTX,B,624,1.8050,0
2023-10-17,09:29:00,NKTX,S,312,1.8772,0
2023-10-17,09:29:00,NKTX,S,312,1.8870,0
2023-10-17,09:50:00,NKTX,B,1312,1.9200,0
2023-10-17,09:57:00,NKTX,S,656,1.9968,0
2023-10-17,09:57:00,NKTX,S,656,1.9752,0
2023-10-17,09:39:00,CAR,B,13,179.6700,0
2023-10-17,15:00:00,CAR,S,13,180.2800,0
2023-10-17,09:56:00,GPRE,B,84,29.7050,0
2023-10-17,15:00:00,GPRE,S,84,29.3000,0
2023-10-17,10:51:00,BMEA,B,218,11.5000,0
2023-10-17,15:00:00,BMEA,S,218,11.4200,0
2023-10-17,13:55:00,RPAY,S,390,6.3700,0
2023-10-17,15:00:00,RPAY,B,390,6.4300,0
2023-10-17,14:00:00,NN,B,503,4.9700,0
2023-10-17,15:00:00,NN,S,503,5.0050,0
2023-10-17,14:45:00,PARR,S,76,32.7700,0
2023-10-17,15:00:00,PARR,B,76,32.6500,0
2023-10-18,09:24:00,GPRE,B,86,28.9700,0
2023-10-18,10:00:00,GPRE,S,86,28.5050,0
2023-10-18,08:51:00,NKTX,S,833,2.9650,0
2023-10-18,10:16:00,NKTX,B,833,3.1900,0
2023-10-18,10:26:00,GRPN,B,200,12.4750,0
2023-10-18,15:00:00,GRPN,S,100,12.9740,0
2023-10-18,15:00:00,GRPN,S,100,13.1300,0
2023-10-18,14:13:00,BMI,S,18,135.3250,0
2023-10-18,15:00:00,BMI,B,18,134.8700,0
2023-10-18,14:59:00,NN,S,533,4.6500,0
2023-10-18,15:00:00,NN,B,533,4.6500,0
2023-10-20,08:55:00,NKTX,B,1050,2.4350,0
2023-10-20,09:11:00,NKTX,S,1050,2.3250,0
2023-10-20,10:09:00,GRPN,S,205,12.1350,0
2023-10-20,10:25:00,GRPN,B,205,12.3600,0
2023-10-20,09:52:00,MXL,S,124,20.0300,0
2023-10-20,15:00:00,MXL,B,124,20.0850,0
2023-10-20,10:04:00,GPRE,S,90,27.7150,0
2023-10-20,15:00:00,GPRE,B,90,27.1700,0
2023-10-20,10:48:00,PARR,B,76,32.8000,0
2023-10-20,15:00:00,PARR,S,76,32.5450,0
2023-10-20,14:25:00,BMEA,S,227,10.9050,0
2023-10-20,15:00:00,BMEA,B,227,10.8300,0
2023-10-20,14:40:00,NN,S,557,4.4750,0
2023-10-20,15:00:00,NN,B,557,4.4500,0
2023-10-20,14:49:00,RPAY,S,408,6.1250,0
2023-10-20,15:00:00,RPAY,B,408,6.1600,0
2023-10-23,09:39:00,CAR,S,14,172.5100,0
2023-10-23,10:03:00,CAR,B,14,173.5500,0
2023-10-23,09:24:00,NKTX,B,1146,2.1850,0
2023-10-23,10:24:00,NKTX,S,1146,2.0800,0
2023-10-23,10:16:00,RPAY,B,407,6.1400,0
2023-10-23,14:27:00,RPAY,S,407,6.0600,0
2023-10-23,09:08:00,GPRE,B,91,27.4100,0
2023-10-23,15:00:00,GPRE,S,91,27.0400,0
2023-10-23,09:21:00,IMAX,B,137,18.1500,0
2023-10-23,15:00:00,IMAX,S,137,17.9950,0
2023-10-23,10:20:00,PARR,B,76,32.5700,0
2023-10-23,15:00:00,PARR,S,76,32.5650,0
2023-10-23,10:24:00,GRPN,S,204,12.1300,0
2023-10-23,15:00:00,GRPN,B,102,11.6448,0
2023-10-23,15:00:00,GRPN,B,102,11.4800,0
2023-10-23,13:52:00,IFRX,S,1308,1.9000,0
2023-10-23,15:00:00,IFRX,B,1308,1.8900,0
2023-10-24,08:47:00,VZ,B,74,33.6750,0
2023-10-24,15:00:00,VZ,S,74,34.2800,0
2023-10-25,08:41:00,SNAP,S,217,9.9400,0
2023-10-25,10:54:00,SNAP,B,108,9.5424,0
2023-10-25,10:54:00,SNAP,B,109,9.5894,0
2023-10-25,08:41:00,GOOGL,S,19,125.9400,0
2023-10-25,15:00:00,GOOGL,B,19,125.6300,0
2023-10-25,08:42:00,AGNC,S,336,7.4350,0
2023-10-25,15:00:00,AGNC,B,168,7.1376,0
2023-10-25,15:00:00,AGNC,B,168,6.9800,0
2023-10-26,09:00:00,KVUE,B,131,19.0250,0
2023-10-26,15:00:00,KVUE,S,131,18.6950,0
2023-10-27,08:41:00,F,S,238,10.4750,0
2023-10-27,15:00:00,F,B,119,10.0560,0
2023-10-27,15:00:00,F,B,119,9.9550,0
2023-10-27,08:43:00,AMZN,B,19,127.7500,0
2023-10-27,15:00:00,AMZN,S,19,127.7400,0
2023-10-27,08:44:00,INTC,B,69,36.0250,0
2023-10-27,15:00:00,INTC,S,69,35.5600,0
2023-10-30,09:13:00,NKTX,S,1262,1.9800,0
2023-10-30,09:37:00,NKTX,B,631,1.9008,0
2023-10-30,09:37:00,NKTX,B,631,1.9098,0
2023-10-30,09:35:00,GPRE,S,89,27.8300,0
2023-10-30,10:57:00,GPRE,B,89,28.0750,0
2023-10-30,10:10:00,GRPN,B,200,12.6800,0
2023-10-30,12:30:00,GRPN,S,200,12.0550,0
2023-10-30,09:12:00,MXL,S,168,14.6100,0
2023-10-30,13:59:00,MXL,B,168,15.1500,0
2023-10-30,09:30:00,PARR,S,78,31.8000,0
2023-10-30,14:08:00,PARR,B,78,32.3500,0
2023-10-30,10:14:00,IMAX,B,135,18.4400,0
2023-10-30,15:00:00,IMAX,S,135,18.2050,0
2023-10-30,10:30:00,RPAY,S,424,5.8600,0
2023-10-30,15:00:00,RPAY,B,424,5.9100,0
2023-10-30,13:38:00,ELDN,S,1582,1.5650,0
2023-10-30,15:00:00,ELDN,B,1582,1.5800,0
2023-10-30,14:49:00,BMI,S,18,137.2900,0
2023-10-30,15:00:00,BMI,B,18,137.4900,0
2023-10-31,13:08:00,RPAY,B,409,6.1250,0
2023-10-31,13:26:00,RPAY,S,409,6.0900,0
2023-10-31,08:42:00,GPRE,S,82,30.0400,0
2023-10-31,15:00:00,GPRE,B,82,29.3900,0
2023-10-31,09:28:00,IMAX,S,137,18.1900,0
2023-10-31,15:00:00,IMAX,B,137,18.2050,0
2023-10-31,10:05:00,MXL,B,168,14.9000,0
2023-10-31,15:00:00,MXL,S,168,15.1900,0
2023-10-31,10:28:00,NKTX,B,1222,2.0450,0
2023-10-31,15:00:00,NKTX,S,1222,2.0300,0
2023-10-31,14:23:00,NN,B,543,4.6500,0
2023-10-31,15:00:00,NN,S,543,4.6600,0
2023-11-01,09:53:00,BMEA,B,245,10.1950,0
2023-11-01,10:18:00,BMEA,S,245,10.0500,0
2023-11-01,09:26:00,IFRX,S,1582,1.5700,0
2023-11-01,11:07:00,IFRX,B,791,1.5072,0
2023-11-01,11:07:00,IFRX,B,791,1.4707,0
2023-11-01,09:13:00,CAR,B,15,165.7000,0
2023-11-01,11:51:00,CAR,S,15,163.1100,0
2023-11-01,09:03:00,GPRE,S,87,28.6000,0
2023-11-01,12:55:00,GPRE,B,43,27.4560,0
2023-11-01,12:55:00,GPRE,B,44,27.2960,0
2023-11-01,09:59:00,PARR,B,74,33.5100,0
2023-11-01,15:00:00,PARR,S,74,33.0100,0
2023-11-01,10:05:00,NKTX,S,1278,1.9550,0
2023-11-01,15:00:00,NKTX,B,1278,1.9000,0
2023-11-01,10:12:00,MXL,B,165,15.1600,0
2023-11-01,15:00:00,MXL,S,165,15.2700,0
2023-11-01,10:24:00,IMAX,S,138,17.9400,0
2023-11-01,15:00:00,IMAX,B,138,18.1000,0
2023-11-02,10:02:00,PLTR,S,143,17.3000,0
2023-11-02,15:00:00,PLTR,B,143,17.9800,0
2023-11-03,08:55:00,CAR,B,12,197.2300,0
2023-11-03,09:14:00,CAR,S,12,194.5900,0
2023-11-03,09:01:00,GPRE,B,87,28.6200,0
2023-11-03,09:34:00,GPRE,S,87,28.1900,0
2023-11-03,09:27:00,NKTX,B,1201,2.1000,0
2023-11-03,10:01:00,NKTX,S,600,2.1840,0
2023-11-03,10:01:00,NKTX,S,601,2.1840,0
2023-11-03,09:20:00,IFRX,S,1666,1.4650,0
2023-11-03,11:02:00,IFRX,B,833,1.4064,0
2023-11-03,11:02:00,IFRX,B,833,1.4307,0
2023-11-03,10:15:00,BMEA,B,239,10.4600,0
2023-11-03,11:32:00,BMEA,S,239,10.1200,0
2023-11-03,09:12:00,IMAX,S,134,18.4800,0
2023-11-03,15:00:00,IMAX,B,134,18.6350,0
2023-11-03,09:21:00,PARR,S,76,32.5400,0
2023-11-03,15:00:00,PARR,B,76,32.4800,0
2023-11-03,09:32:00,RPAY,S,369,6.7500,0
2023-11-03,15:00:00,RPAY,B,369,6.5900,0
2023-11-03,10:04:00,GRPN,B,175,14.3000,0
2023-11-03,15:00:00,GRPN,S,175,14.4750,0
2023-11-03,10:14:00,NN,S,536,4.6200,0
2023-11-03,15:00:00,NN,B,536,4.6750,0
2023-11-03,13:29:00,MXL,B,147,17.0200,0
2023-11-03,15:00:00,MXL,S,147,17.0700,0
2023-11-06,10:00:00,PARR,S,76,32.5300,0
2023-11-06,11:21:00,PARR,B,76,32.8000,0
2023-11-06,09:14:00,GRPN,S,170,14.6700,0
2023-11-06,13:00:00,GRPN,B,170,14.8650,0
2023-11-06,09:47:00,BMEA,S,258,9.5900,0
2023-11-06,14:47:00,BMEA,B,129,9.2064,0
2023-11-06,14:47:00,BMEA,B,129,9.2059,0
2023-11-06,10:24:00,CAR,S,12,198.2600,0
2023-11-06,14:57:00,CAR,B,12,200.8150,0
2023-11-06,08:54:00,MXL,S,146,16.8950,0
2023-11-06,15:00:00,MXL,B,146,16.6300,0
2023-11-06,09:27:00,GPRE,S,90,27.6650,0
2023-11-06,15:00:00,GPRE,B,90,27.8900,0
2023-11-06,09:30:00,RPAY,S,384,6.4700,0
2023-11-06,15:00:00,RPAY,B,384,6.4000,0
2023-11-06,09:48:00,IMAX,S,138,18.0700,0
2023-11-06,15:00:00,IMAX,B,138,17.9000,0
2023-11-06,14:10:00,NKTX,B,1061,2.3700,0
2023-11-06,15:00:00,NKTX,S,1061,2.3250,0
2023-11-06,14:48:00,BMI,B,17,141.7000,0
2023-11-06,15:00:00,BMI,S,17,141.7000,0
2023-11-07,10:06:00,GRPN,B,163,15.2800,0
2023-11-07,13:16:00,GRPN,S,163,14.7800,0
2023-11-07,09:07:00,MXL,B,150,16.7000,0
2023-11-07,15:00:00,MXL,S,150,16.8100,0
2023-11-07,09:46:00,IMAX,B,138,18.0200,0
2023-11-07,15:00:00,IMAX,S,138,17.7700,0
2023-11-07,10:22:00,GPRE,S,91,27.2200,0
2023-11-07,15:00:00,GPRE,B,91,26.8900,0
2023-11-07,14:48:00,VOR,B,1322,2.0000,0
2023-11-07,15:00:00,VOR,S,1322,1.9900,0
2023-11-08,09:06:00,WBD,S,254,9.8050,0
2023-11-08,15:00:00,WBD,B,127,9.4128,0
2023-11-08,15:00:00,WBD,B,127,9.3900,0
2023-11-09,09:51:00,GRPN,S,182,13.6500,0
2023-11-09,11:15:00,GRPN,B,182,13.8200,0
2023-11-09,09:59:00,RPAY,B,396,6.3150,0
2023-11-09,12:41:00,RPAY,S,396,6.2350,0
2023-11-09,08:51:00,PARR,S,77,32.0700,0
2023-11-09,15:00:00,PARR,B,77,31.7400,0
2023-11-09,09:23:00,MXL,S,148,16.7400,0
2023-11-09,15:00:00,MXL,B,74,16.0704,0
2023-11-09,15:00:00,MXL,B,74,16.0200,0
2023-11-09,10:02:00,NN,B,514,4.8800,0
2023-11-09,15:00:00,NN,S,514,4.8500,0
2023-11-09,13:04:00,IMAX,S,141,17.6600,0
2023-11-09,15:00:00,IMAX,B,141,17.7550,0
2023-11-09,13:55:00,BMEA,S,286,8.7100,0
2023-11-09,15:00:00,BMEA,B,286,8.6100,0
2023-11-09,14:16:00,GPRE,S,95,26.1300,0
2023-11-09,15:00:00,GPRE,B,95,26.1700,0
2023-11-09,14:21:00,CAR,S,13,188.0550,0
2023-11-09,15:00:00,CAR,B,13,188.8200,0
2023-11-10,08:41:00,PLUG,B,563,3.9400,0
2023-11-10,08:45:00,PLUG,S,281,4.0976,0
2023-11-10,08:45:00,PLUG,S,282,4.0856,0
2023-11-10,10:21:00,PLUG,S,765,3.2650,0
2023-11-10,10:25:00,PLUG,B,765,3.3950,0
2023-11-13,09:45:00,GRPN,B,279,9.0000,0
2023-11-13,10:02:00,GRPN,S,139,9.3600,0
2023-11-13,10:02:00,GRPN,S,140,9.3300,0
2023-11-13,10:28:00,GPRE,B,96,26.1200,0
2023-11-13,11:55:00,GPRE,S,96,25.9500,0
2023-11-13,10:27:00,NKTX,B,1228,2.0750,0
2023-11-13,12:11:00,NKTX,S,1228,1.9650,0
2023-11-13,09:14:00,RPAY,B,383,6.5650,0
2023-11-13,15:00:00,RPAY,S,383,6.6500,0
2023-11-13,09:18:00,PARR,B,75,32.9700,0
2023-11-13,15:00:00,PARR,S,75,33.0850,0
2023-11-13,09:20:00,IMAX,S,143,17.2000,0
2023-11-13,15:00:00,IMAX,B,143,16.9400,0
2023-11-13,10:10:00,CAR,B,13,186.5500,0
2023-11-13,15:00:00,CAR,S,13,186.6400,0
2023-11-13,10:19:00,MXL,B,153,16.3300,0
2023-11-13,15:00:00,MXL,S,153,16.4750,0
2023-11-13,14:18:00,ELDN,B,2136,1.1900,0
2023-11-13,15:00:00,ELDN,S,2136,1.1800,0
2023-11-14,09:04:00,MXL,B,144,17.3500,0
2023-11-14,09:15:00,MXL,S,144,17.1950,0
2023-11-14,09:52:00,IMAX,S,145,17.1500,0
2023-11-14,10:07:00,IMAX,B,145,17.2250,0
2023-11-14,09:13:00,NKTX,S,1207,2.0150,0
2023-11-14,10:16:00,NKTX,B,1207,2.1450,0
2023-11-14,09:31:00,GPRE,B,93,26.7900,0
2023-11-14,11:19:00,GPRE,S,93,26.4900,0
2023-11-14,14:17:00,IFRX,B,1824,1.4250,0
2023-11-14,14:51:00,IFRX,S,912,1.4820,0
2023-11-14,14:51:00,IFRX,S,912,1.4857,0
2023-11-14,09:01:00,GRPN,S,263,9.2300,0
2023-11-14,15:00:00,GRPN,B,263,9.6000,0
2023-11-14,09:33:00,PARR,B,74,33.7000,0
2023-11-14,15:00:00,PARR,S,74,34.3900,0
2023-11-14,09:47:00,RPAY,B,351,7.1300,0
2023-11-14,15:00:00,RPAY,S,351,7.2500,0
2023-11-14,11:01:00,BMI,B,16,148.2900,0
2023-11-14,15:00:00,BMI,S,16,150.2700,0
2023-11-14,14:55:00,IFRX,B,1666,1.5050,0
2023-11-14,15:00:00,IFRX,S,1666,1.4900,0
2023-11-15,08:48:00,NU,S,313,7.9700,0
2023-11-15,09:23:00,NU,B,313,8.2000,0
2023-11-16,08:41:00,INTC,B,59,41.7400,0
2023-11-16,15:00:00,INTC,S,59,43.3600,0
2023-11-16,09:00:00,CSCO,B,52,47.4400,0
2023-11-16,15:00:00,CSCO,S,52,48.0250,0
2023-11-20,08:43:00,YMM,B,263,8.0100,0
2023-11-20,15:00:00,YMM,S,263,8.0900,0
2023-11-21,12:26:00,BMEA,S,251,9.9400,0
2023-11-21,14:13:00,BMEA,B,251,10.1600,0
2023-11-21,09:26:00,NN,S,530,4.6500,0
2023-11-21,14:14:00,NN,B,265,4.4640,0
2023-11-21,14:14:00,NN,B,265,4.4665,0
2023-11-21,09:58:00,MXL,S,140,17.7000,0
2023-11-21,15:00:00,MXL,B,140,17.7100,0
2023-11-21,10:05:00,CAR,S,13,185.7000,0
2023-11-21,15:00:00,CAR,B,13,185.2700,0
2023-11-21,10:10:00,RPAY,S,346,7.2050,0
2023-11-21,15:00:00,RPAY,B,346,7.2500,0
2023-11-22,10:09:00,CAR,B,13,188.9100,0
2023-11-22,14:59:00,CAR,S,13,186.3050,0
2023-11-22,09:16:00,PARR,B,72,34.5900,0
2023-11-22,15:00:00,PARR,S,72,35.0950,0
2023-11-22,09:36:00,RPAY,S,337,7.4050,0
2023-11-22,15:00:00,RPAY,B,337,7.2650,0
2023-11-22,13:51:00,BMI,S,16,148.5300,0
2023-11-22,15:00:00,BMI,B,16,149.1100,0
2023-11-22,14:31:00,IMAX,S,151,16.4600,0
2023-11-22,15:00:00,IMAX,B,151,16.3800,0
2023-11-24,09:26:00,NN,B,574,4.3500,0
2023-11-24,09:39:00,NN,S,574,4.3200,0
2023-11-24,09:24:00,MXL,B,139,17.9800,0
2023-11-24,15:00:00,MXL,S,139,18.0300,0
2023-11-24,09:51:00,IMAX,B,151,16.4750,0
2023-11-24,15:00:00,IMAX,S,151,16.6000,0
2023-11-24,10:04:00,GRPN,B,244,10.3800,0
2023-11-24,15:00:00,GRPN,S,244,10.5100,0
2023-11-27,09:45:00,IMAX,S,153,16.3300,0
2023-11-27,11:00:00,IMAX,B,153,16.4800,0
2023-11-27,13:57:00,GRPN,S,237,10.5100,0
2023-11-27,14:10:00,GRPN,B,237,10.5400,0
2023-11-27,09:46:00,CAR,S,13,180.7100,0
2023-11-27,14:19:00,CAR,B,13,182.7400,0
2023-11-27,14:47:00,BMI,B,16,150.8900,0
2023-11-27,14:59:00,BMI,S,16,149.9300,0
2023-11-27,09:27:00,BMEA,S,253,9.8600,0
2023-11-27,15:00:00,BMEA,B,253,9.9700,0
2023-11-27,09:28:00,MXL,B,139,17.9400,0
2023-11-27,15:00:00,MXL,S,139,17.8300,0
2023-11-27,10:26:00,NN,B,555,4.5000,0
2023-11-27,15:00:00,NN,S,555,4.4200,0
2023-11-27,11:12:00,GPRE,S,104,23.8800,0
2023-11-27,15:00:00,GPRE,B,104,23.5400,0
2023-11-27,13:40:00,IMAX,S,153,16.2850,0
2023-11-27,15:00:00,IMAX,B,153,16.2900,0
2023-11-27,14:38:00,LZM,S,213,8.6100,0
2023-11-27,15:00:00,LZM,B,213,8.6600,0
2023-11-27,14:59:00,PARR,B,71,35.1200,0
2023-11-27,15:00:00,PARR,S,71,35.1800,0
2023-11-28,10:08:00,PARR,B,71,35.2000,0
2023-11-28,11:43:00,PARR,S,71,34.8250,0
2023-11-28,11:41:00,IMAX,S,155,16.0650,0
2023-11-28,13:18:00,IMAX,B,155,16.1750,0
2023-11-28,08:58:00,GRPN,B,224,11.2700,0
2023-11-28,15:00:00,GRPN,S,224,10.9200,0
2023-11-28,09:59:00,GPRE,B,104,24.0300,0
2023-11-28,15:00:00,GPRE,S,104,23.7800,0
2023-11-28,10:13:00,NN,S,585,4.1850,0
2023-11-28,15:00:00,NN,B,585,4.1850,0
2023-11-28,10:17:00,MXL,B,139,18.0350,0
2023-11-28,15:00:00,MXL,S,139,18.0800,0
2023-11-28,14:42:00,PARR,S,72,34.5400,0
2023-11-28,15:00:00,PARR,B,72,34.6800,0
2023-11-28,14:51:00,BMI,S,17,146.3000,0
2023-11-28,15:00:00,BMI,B,17,146.9400,0
2023-11-29,08:43:00,GM,S,79,31.5900,0
2023-11-29,15:00:00,GM,B,79,31.5800,0
2023-11-30,08:45:00,BMEA,S,194,12.7500,0
2023-11-30,09:12:00,BMEA,B,194,13.7800,0
2023-11-30,09:07:00,GPRE,B,100,25.0500,0
2023-11-30,15:00:00,GPRE,S,100,24.8900,0
2023-11-30,09:14:00,MXL,B,134,18.6600,0
2023-11-30,15:00:00,MXL,S,134,18.7300,0
2023-11-30,10:02:00,CAR,B,13,181.0850,0
2023-11-30,15:00:00,CAR,S,13,182.9400,0
2023-11-30,10:27:00,PARR,S,72,34.3400,0
2023-11-30,15:00:00,PARR,B,72,34.2800,0
2023-11-30,11:58:00,IMAX,S,157,15.8300,0
2023-11-30,15:00:00,IMAX,B,157,15.9500,0
2023-12-01,08:42:00,PFE,S,88,28.3650,0
2023-12-01,08:47:00,PFE,B,88,28.6050,0
2023-12-04,09:04:00,GPRE,S,97,25.5300,0
2023-12-04,09:30:00,GPRE,B,97,25.8800,0
2023-12-04,09:14:00,BMEA,B,91,19.5600,0
2023-12-04,09:43:00,BMEA,S,45,20.3424,0
2023-12-04,09:43:00,BMEA,S,46,20.3084,0
2023-12-04,09:46:00,BMEA,B,121,20.5900,0
2023-12-04,10:29:00,BMEA,S,60,21.4136,0
2023-12-04,10:29:00,BMEA,S,61,22.0018,0
2023-12-04,09:35:00,GRPN,S,211,11.7900,0
2023-12-04,10:47:00,GRPN,B,211,12.1900,0
2023-12-04,12:11:00,IMAX,S,154,16.1850,0
2023-12-04,13:11:00,IMAX,B,154,16.2750,0
2023-12-04,09:01:00,PARR,S,71,34.5750,0
2023-12-04,15:00:00,PARR,B,71,34.2800,0
2023-12-04,10:24:00,MXL,B,131,19.0200,0
2023-12-04,15:00:00,MXL,S,131,19.2500,0
2023-12-04,13:33:00,GPRE,S,99,25.1500,0
2023-12-04,15:00:00,GPRE,B,99,24.8900,0
2023-12-04,13:43:00,CAR,S,12,194.7000,0
2023-12-04,15:00:00,CAR,B,12,193.3500,0
2023-12-04,13:49:00,VOR,B,1196,2.1150,0
2023-12-04,15:00:00,VOR,S,1196,2.1350,0
2023-12-05,10:44:00,GRPN,B,203,12.2900,0
2023-12-05,11:36:00,GRPN,S,203,12.1500,0
2023-12-05,09:05:00,IMAX,B,155,16.0950,0
2023-12-05,14:31:00,IMAX,S,155,15.8400,0
2023-12-05,08:49:00,BMEA,S,125,19.5400,0
2023-12-05,14:34:00,BMEA,B,62,18.7584,0
2023-12-05,14:34:00,BMEA,B,63,18.3354,0
2023-12-05,09:37:00,CAR,S,13,186.0300,0
2023-12-05,15:00:00,CAR,B,13,184.0500,0
2023-12-05,09:58:00,PARR,S,72,34.3400,0
2023-12-05,15:00:00,PARR,B,72,33.7450,0
2023-12-05,14:15:00,FRMM,S,9363,0.2620,0
2023-12-05,15:00:00,FRMM,B,9363,0.2630,0
2023-12-05,14:34:00,NN,S,624,3.9750,0
2023-12-05,15:00:00,NN,B,624,3.9450,0
2023-12-05,14:58:00,IMAX,S,159,15.6750,0
2023-12-05,15:00:00,IMAX,B,159,15.6650,0
2023-12-06,09:03:00,BMEA,B,124,20.1100,0
2023-12-06,14:05:00,BMEA,S,124,18.5800,0
2023-12-06,10:05:00,RPAY,B,325,7.6800,0
2023-12-06,14:24:00,RPAY,S,325,7.5350,0
2023-12-06,09:32:00,IMAX,B,156,15.9550,0
2023-12-06,14:30:00,IMAX,S,156,15.7500,0
2023-12-06,09:07:00,MXL,B,129,19.3300,0
2023-12-06,14:31:00,MXL,S,129,18.9500,0
2023-12-06,09:53:00,NN,S,637,3.8550,0
2023-12-06,15:00:00,NN,B,637,3.9400,0
2023-12-06,09:54:00,GPRE,S,104,23.8300,0
2023-12-06,15:00:00,GPRE,B,104,23.1400,0
2023-12-06,10:06:00,PARR,S,75,32.8300,0
2023-12-06,15:00:00,PARR,B,75,32.8800,0
2023-12-06,13:50:00,NKTX,B,886,2.8200,0
2023-12-06,15:00:00,NKTX,S,886,2.7500,0
2023-12-06,14:49:00,IMAX,S,158,15.7400,0
2023-12-06,15:00:00,IMAX,B,158,15.7000,0
2023-12-06,14:55:00,VOR,S,1111,2.2250,0
2023-12-06,15:00:00,VOR,B,1111,2.2250,0
2023-12-07,08:53:00,BMEA,B,130,19.1700,0
2023-12-07,08:58:00,BMEA,S,65,19.9368,0
2023-12-07,08:58:00,BMEA,S,65,19.7683,0
2023-12-07,09:11:00,RPAY,B,333,7.5050,0
2023-12-07,09:35:00,RPAY,S,333,7.4550,0
2023-12-07,09:57:00,GPRE,B,107,23.3550,0
2023-12-07,11:12:00,GPRE,S,107,23.1000,0
2023-12-07,09:33:00,NN,B,651,3.8550,0
2023-12-07,14:38:00,NN,S,325,4.0092,0
2023-12-07,14:38:00,NN,S,326,3.9915,0
2023-12-07,10:16:00,DARE,S,7699,0.3224,0
2023-12-07,15:00:00,DARE,B,7699,0.3190,0
2023-12-07,11:09:00,CAR,B,13,188.1700,0
2023-12-07,15:00:00,CAR,S,13,190.6900,0
2023-12-07,14:23:00,SPIR,B,405,6.2200,0
2023-12-07,15:00:00,SPIR,S,405,6.1350,0
2023-12-07,14:59:00,GRPN,S,217,11.4800,0
2023-12-07,15:00:00,GRPN,B,217,11.4800,0
2023-12-08,08:58:00,BMEA,S,60,12.2200,0
2023-12-08,09:25:00,BMEA,B,30,11.7312,0
2023-12-08,09:25:00,BMEA,B,30,10.9214,0
2023-12-08,14:24:00,BMEA,B,153,16.3500,0
2023-12-08,14:37:00,BMEA,S,153,16.1100,0
2023-12-08,09:46:00,IMAX,B,154,16.3850,0
2023-12-08,15:00:00,IMAX,S,154,16.3050,0
2023-12-08,09:55:00,MXL,S,128,19.3000,0
2023-12-08,15:00:00,MXL,B,128,19.3950,0
2023-12-08,10:00:00,GPRE,S,107,23.0700,0
2023-12-08,15:00:00,GPRE,B,107,23.3000,0
2023-12-08,10:38:00,RPAY,S,330,7.4950,0
2023-12-08,15:00:00,RPAY,B,330,7.5200,0
2023-12-08,13:56:00,BMI,B,16,150.8900,0
2023-12-08,15:00:00,BMI,S,16,150.9500,0
2023-12-08,14:21:00,DARE,S,7843,0.2975,0
2023-12-08,15:00:00,DARE,B,7843,0.2930,0
2023-12-08,14:57:00,GRPN,S,221,11.3000,0
2023-12-08,15:00:00,GRPN,B,221,11.3000,0
2023-12-08,14:59:00,SPIR,B,240,7.0900,0
2023-12-08,15:00:00,SPIR,S,240,7.0900,0
2023-12-11,08:41:00,M,B,123,20.2650,0
2023-12-11,12:09:00,M,S,61,21.0756,0
2023-12-11,12:09:00,M,S,62,20.9724,0
2023-12-12,09:02:00,CADL,S,769,1.1500,0
2023-12-12,09:11:00,CADL,B,384,1.1040,0
2023-12-12,09:11:00,CADL,B,385,1.1113,0
2023-12-12,09:55:00,PARR,B,74,33.8400,0
2023-12-12,10:26:00,PARR,S,74,33.3650,0
2023-12-12,09:11:00,GPRE,B,101,24.6000,0
2023-12-12,10:29:00,GPRE,S,101,24.2700,0
2023-12-12,10:19:00,BMEA,B,188,12.3050,0
2023-12-12,10:56:00,BMEA,S,94,12.7972,0
2023-12-12,10:56:00,BMEA,S,94,13.0070,0
2023-12-12,09:24:00,CAR,S,12,194.4200,0
2023-12-12,12:29:00,CAR,B,12,196.8800,0
2023-12-12,10:15:00,IMAX,S,153,16.3000,0
2023-12-12,15:00:00,IMAX,B,153,15.9300,0
2023-12-12,13:09:00,RPAY,B,325,7.6900,0
2023-12-12,15:00:00,RPAY,S,325,7.6100,0
2023-12-12,14:35:00,SPIR,B,349,7.1500,0
2023-12-12,15:00:00,SPIR,S,349,7.1800,0
2023-12-12,14:43:00,GRPN,B,219,11.4100,0
2023-12-12,15:00:00,GRPN,S,219,11.4000,0
2023-12-13,08:43:00,PFE,S,96,25.9050,0
2023-12-13,11:02:00,PFE,B,96,26.5700,0
2023-12-14,08:42:00,LCID,B,517,4.8800,0
2023-12-14,11:37:00,LCID,S,258,5.0752,0
2023-12-14,11:37:00,LCID,S,259,5.1612,0
2023-12-14,08:41:00,SOFI,B,261,9.6350,0
2023-12-14,15:00:00,SOFI,S,261,9.4850,0
2023-12-14,08:41:00,BAC,B,75,33.0150,0
2023-12-14,15:00:00,BAC,S,75,33.9700,0
2023-12-14,08:41:00,F,B,214,11.6550,0
2023-12-14,15:00:00,F,S,107,12.1212,0
2023-12-14,15:00:00,F,S,107,12.0900,0
2023-12-15,08:52:00,MXL,S,113,22.0100,0
2023-12-15,09:05:00,MXL,B,113,22.3600,0
2023-12-15,10:04:00,MXL,B,110,22.5400,0
2023-12-15,10:12:00,MXL,S,110,22.5000,0
2023-12-15,09:42:00,BMEA,S,176,14.1700,0
2023-12-15,13:19:00,BMEA,B,88,13.6032,0
2023-12-15,13:19:00,BMEA,B,88,13.5917,0
2023-12-15,09:06:00,GPRE,S,92,27.0100,0
2023-12-15,15:00:00,GPRE,B,92,26.1100,0
2023-12-15,09:25:00,PARR,S,71,34.5600,0
2023-12-15,15:00:00,PARR,B,71,33.6200,0
2023-12-15,09:55:00,IMAX,S,158,15.7500,0
2023-12-15,15:00:00,IMAX,B,158,15.9650,0
2023-12-15,10:00:00,CAR,B,12,194.7950,0
2023-12-15,15:00:00,CAR,S,12,194.3700,0
2023-12-15,10:05:00,RPAY,B,309,8.1050,0
2023-12-15,15:00:00,RPAY,S,309,8.0400,0
2023-12-15,13:27:00,GRPN,B,219,11.4200,0
2023-12-15,15:00:00,GRPN,S,219,11.4400,0
2023-12-15,13:36:00,DARE,B,7518,0.3347,0
2023-12-15,15:00:00,DARE,S,3759,0.3481,0
2023-12-15,15:00:00,DARE,S,3759,0.3501,0
2023-12-15,14:58:00,IFRX,S,1872,1.3250,0
2023-12-15,15:00:00,IFRX,B,1872,1.3250,0
2023-12-18,09:10:00,NKTX,B,775,3.2550,0
2023-12-18,14:40:00,NKTX,S,775,3.1100,0
2023-12-18,09:03:00,PARR,B,71,35.2000,0
2023-12-18,15:00:00,PARR,S,71,35.5000,0
2023-12-18,09:13:00,MXL,B,114,21.8950,0
2023-12-18,15:00:00,MXL,S,114,21.9300,0
2023-12-18,09:28:00,CAR,S,13,190.9650,0
2023-12-18,15:00:00,CAR,B,13,188.5900,0
2023-12-18,09:33:00,NN,B,609,4.1600,0
2023-12-18,15:00:00,NN,S,609,4.2400,0
2023-12-18,09:43:00,GPRE,S,95,26.1450,0
2023-12-18,15:00:00,GPRE,B,95,25.9100,0
2023-12-18,09:54:00,BMEA,S,176,14.1100,0
2023-12-18,15:00:00,BMEA,B,176,13.9900,0
2023-12-18,10:26:00,IMAX,S,157,15.8500,0
2023-12-18,15:00:00,IMAX,B,157,15.6700,0
2023-12-18,14:14:00,GRPN,S,225,10.9900,0
2023-12-18,15:00:00,GRPN,B,225,11.0200,0
2023-12-18,14:41:00,BMI,B,16,152.6300,0
2023-12-18,15:00:00,BMI,S,16,152.3150,0
2023-12-18,14:58:00,IFRX,B,1779,1.4100,0
2023-12-18,15:00:00,IFRX,S,1779,1.4100,0
2023-12-19,09:30:00,NIO,B,284,8.7850,0
2023-12-19,15:00:00,NIO,S,284,8.8250,0
2023-12-20,09:25:00,CAR,B,13,186.3400,0
2023-12-20,13:26:00,CAR,S,13,185.0300,0
2023-12-20,09:56:00,MXL,B,109,22.8900,0
2023-12-20,13:45:00,MXL,S,109,22.5850,0
2023-12-20,09:30:00,RPAY,B,303,8.3450,0
2023-12-20,14:10:00,RPAY,S,303,8.1100,0
2023-12-20,09:50:00,NN,B,595,4.2250,0
2023-12-20,14:34:00,NN,S,595,4.1200,0
2023-12-20,09:22:00,BMEA,B,169,14.8700,0
2023-12-20,14:46:00,BMEA,S,169,13.8400,0
2023-12-20,09:37:00,PARR,S,68,36.6400,0
2023-12-20,15:00:00,PARR,B,68,35.6900,0
2023-12-20,09:51:00,GPRE,S,95,26.0600,0
2023-12-20,15:00:00,GPRE,B,95,25.4000,0
2023-12-20,09:55:00,NKTX,S,672,3.6900,0
2023-12-20,15:00:00,NKTX,B,672,3.6650,0
2023-12-20,13:32:00,IMAX,S,163,15.2400,0
2023-12-20,15:00:00,IMAX,B,163,14.8900,0
2023-12-20,13:54:00,SPIR,S,355,6.9900,0
2023-12-20,15:00:00,SPIR,B,355,7.0300,0
2023-12-20,14:05:00,DARE,B,7578,0.3299,0
2023-12-20,15:00:00,DARE,S,7578,0.3299,0
2023-12-20,14:38:00,GRPN,S,212,11.7700,0
2023-12-20,15:00:00,GRPN,B,212,11.7000,0
2023-12-21,09:26:00,GPRE,S,97,25.4900,0
2023-12-21,09:48:00,GPRE,B,97,25.7200,0
2023-12-21,09:34:00,IMAX,B,166,15.0050,0
2023-12-21,15:00:00,IMAX,S,166,15.0900,0
2023-12-21,09:52:00,NKTX,B,641,3.9300,0
2023-12-21,15:00:00,NKTX,S,641,3.9150,0
2023-12-21,14:54:00,CAR,B,13,184.6000,0
2023-12-21,15:00:00,CAR,S,13,184.7900,0
2023-12-22,09:25:00,NKTX,B,567,4.4650,0
2023-12-22,11:09:00,NKTX,S,567,4.3550,0
2023-12-22,09:48:00,GRPN,S,203,12.2800,0
2023-12-22,11:15:00,GRPN,B,203,12.3900,0
2023-12-22,09:15:00,RPAY,S,292,8.4950,0
2023-12-22,15:00:00,RPAY,B,292,8.4100,0
2023-12-22,09:23:00,IMAX,S,165,15.0800,0
2023-12-22,15:00:00,IMAX,B,165,14.9600,0
2023-12-22,09:28:00,GPRE,S,96,25.6800,0
2023-12-22,15:00:00,GPRE,B,96,25.5100,0
2023-12-22,10:36:00,NN,B,577,4.3400,0
2023-12-22,15:00:00,NN,S,577,4.3350,0
2023-12-22,11:54:00,PARR,B,70,35.5800,0
2023-12-22,15:00:00,PARR,S,70,35.3600,0
2023-12-22,13:41:00,NNBR,S,690,3.6000,0
2023-12-22,15:00:00,NNBR,B,690,3.6400,0
2023-12-22,14:18:00,IFRX,B,1524,1.6950,0
2023-12-22,15:00:00,IFRX,S,1524,1.7150,0
2023-12-22,14:55:00,MXL,B,104,23.9400,0
2023-12-22,15:00:00,MXL,S,104,23.9000,0
2023-12-26,08:43:00,NKTX,S,533,4.6650,0
2023-12-26,10:02:00,NKTX,B,533,4.9400,0
2023-12-26,09:30:00,MXL,B,102,24.5050,0
2023-12-26,15:00:00,MXL,S,102,24.7200,0
2023-12-26,09:40:00,BMEA,B,167,15.4850,0
2023-12-26,15:00:00,BMEA,S,167,15.1600,0
2023-12-26,09:43:00,PARR,B,69,35.8900,0
2023-12-26,15:00:00,PARR,S,69,36.0250,0
2023-12-26,10:18:00,NN,B,578,4.3350,0
2023-12-26,15:00:00,NN,S,578,4.4200,0
2023-12-26,11:03:00,IMAX,B,166,14.9900,0
2023-12-26,15:00:00,IMAX,S,166,15.0200,0
2023-12-26,13:24:00,SPIR,B,307,7.9000,0
2023-12-26,15:00:00,SPIR,S,307,7.9400,0
2023-12-26,13:36:00,GPRE,S,97,25.7000,0
2023-12-26,15:00:00,GPRE,B,97,25.7300,0
2023-12-26,13:55:00,NNBR,B,588,4.0400,0
2023-12-26,15:00:00,NNBR,S,588,4.0800,0
2023-12-26,14:06:00,NKTX,B,478,5.2350,0
2023-12-26,15:00:00,NKTX,S,478,5.2200,0
2023-12-26,14:25:00,RPAY,B,296,8.4750,0
2023-12-26,15:00:00,RPAY,S,296,8.4600,0
2023-12-26,14:56:00,CAR,S,13,180.8950,0
2023-12-26,15:00:00,CAR,B,13,180.8300,0
2023-12-27,10:24:00,NKTX,B,465,5.3850,0
2023-12-27,11:28:00,NKTX,S,232,5.6004,0
2023-12-27,11:28:00,NKTX,S,233,5.5532,0
2023-12-27,09:44:00,MXL,S,101,24.5800,0
2023-12-27,15:00:00,MXL,B,101,24.9400,0
2023-12-27,09:45:00,NN,S,566,4.3850,0
2023-12-27,15:00:00,NN,B,566,4.4100,0
2023-12-27,10:08:00,IMAX,S,167,14.8750,0
2023-12-27,15:00:00,IMAX,B,167,14.8600,0
2023-12-27,13:43:00,BMEA,S,173,14.2250,0
2023-12-27,15:00:00,BMEA,B,173,14.5900,0
2023-12-27,14:00:00,NNBR,S,626,3.9100,0
2023-12-27,15:00:00,NNBR,B,626,4.0800,0
2023-12-27,14:46:00,GPRE,S,98,25.4550,0
2023-12-27,15:00:00,GPRE,B,98,25.4500,0
2023-12-27,14:48:00,RPAY,S,294,8.4950,0
2023-12-27,15:00:00,RPAY,B,294,8.5100,0
2023-12-27,14:51:00,CADL,B,1000,1.3900,0
2023-12-27,15:00:00,CADL,S,1000,1.3900,0
2023-12-27,14:58:00,DARE,S,7407,0.3365,0
2023-12-27,15:00:00,DARE,B,7407,0.3354,0
2023-12-27,14:58:00,NEXA,S,357,6.9700,0
2023-12-27,15:00:00,NEXA,B,357,6.9700,0
2023-12-27,14:59:00,IFRX,B,1396,1.8150,0
2023-12-27,15:00:00,IFRX,S,1396,1.8150,0
2023-12-28,09:23:00,NKTX,B,432,5.8150,0
2023-12-28,09:41:00,NKTX,S,216,6.0476,0
2023-12-28,09:41:00,NKTX,S,216,6.1618,0
2023-12-28,09:43:00,MYSE,B,819,3.2400,0
2023-12-28,09:55:00,MYSE,S,819,2.8100,0
2023-12-28,09:43:00,NN,B,561,4.4850,0
2023-12-28,10:09:00,NN,S,561,4.4250,0
2023-12-28,09:26:00,RPAY,B,288,8.6850,0
2023-12-28,10:20:00,RPAY,S,288,8.6350,0
2023-12-28,09:52:00,MXL,B,100,24.8600,0
2023-12-28,11:28:00,MXL,S,100,24.6400,0
2023-12-28,10:40:00,FLYX,S,99,4.3600,0
2023-12-28,13:29:00,FLYX,B,99,6.4000,0
2023-12-28,09:30:00,PARR,B,67,37.1100,0
2023-12-28,13:43:00,PARR,S,67,36.6900,0
2023-12-28,09:27:00,BMEA,B,160,15.6600,0
2023-12-28,15:00:00,BMEA,S,160,15.4900,0
2023-12-28,09:59:00,GRPN,B,194,12.8350,0
2023-12-28,15:00:00,GRPN,S,194,12.9050,0
2023-12-28,14:06:00,GPRE,S,98,25.2900,0
2023-12-28,15:00:00,GPRE,B,98,25.3700,0
2023-12-28,14:54:00,NNBR,B,593,4.3200,0
2023-12-28,15:00:00,NNBR,S,593,4.3200,0
2023-12-29,10:09:00,NN,S,564,4.4250,0
2023-12-29,10:30:00,NN,B,564,4.4750,0
2023-12-29,09:47:00,NKTX,S,421,5.5800,0
2023-12-29,13:29:00,NKTX,B,421,6.3000,0
2023-12-29,09:35:00,BMEA,S,171,14.5650,0
2023-12-29,15:00:00,BMEA,B,171,14.5300,0
2023-12-29,10:08:00,PARR,S,68,36.5500,0
2023-12-29,15:00:00,PARR,B,68,36.3700,0
2023-12-29,10:20:00,GPRE,S,98,25.4800,0
2023-12-29,15:00:00,GPRE,B,98,25.2300,0
2023-12-29,10:28:00,RPAY,S,292,8.5550,0
2023-12-29,15:00:00,RPAY,B,292,8.5650,0
2023-12-29,10:40:00,MXL,S,105,23.6800,0
2023-12-29,15:00:00,MXL,B,105,23.7850,0
2023-12-29,14:51:00,VOR,S,624,2.2100,0
2023-12-29,15:00:00,VOR,B,624,2.2200,0
2024-01-02,08:56:00,NKTX,B,395,6.5450,0
2024-01-02,09:28:00,NKTX,S,197,6.8068,0
2024-01-02,09:28:00,NKTX,S,198,6.8995,0
2024-01-02,09:01:00,GPRE,B,97,25.5750,0
2024-01-02,09:30:00,GPRE,S,97,25.3500,0
2024-01-02,09:34:00,MXL,S,107,23.2550,0
2024-01-02,10:29:00,MXL,B,107,23.4650,0
2024-01-02,09:49:00,NKTX,B,358,6.9650,0
2024-01-02,10:51:00,NKTX,S,358,6.6050,0
2024-01-02,09:30:00,CAR,B,13,181.2300,0
2024-01-02,13:25:00,CAR,S,13,176.5500,0
2024-01-02,10:23:00,RPAY,B,293,8.5150,0
2024-01-02,14:22:00,RPAY,S,293,8.3900,0
2024-01-02,14:43:00,GPRE,S,101,24.5800,0
2024-01-02,14:57:00,GPRE,B,101,24.7300,0
2024-01-02,09:06:00,IMAX,B,166,15.0050,0
2024-01-02,15:00:00,IMAX,S,166,14.9900,0
2024-01-03,09:07:00,MXL,B,113,22.0800,0
2024-01-03,09:32:00,MXL,S,113,21.6100,0
2024-01-03,09:48:00,NKTX,S,438,5.6550,0
2024-01-03,13:46:00,NKTX,B,219,5.4288,0
2024-01-03,13:46:00,NKTX,B,219,5.5134,0
2024-01-03,13:30:00,GPRE,B,100,24.8000,0
2024-01-03,14:08:00,GPRE,S,100,24.4300,0
2024-01-03,10:48:00,BMEA,B,167,14.9600,0
2024-01-03,14:21:00,BMEA,S,167,14.5700,0
2024-01-03,14:29:00,GPRE,S,102,24.3500,0
2024-01-03,14:36:00,GPRE,B,102,24.4600,0
2024-01-03,09:34:00,CAR,S,14,168.8250,0
2024-01-03,15:00:00,CAR,B,14,167.1100,0
2024-01-03,13:29:00,GRPN,B,196,12.7750,0
2024-01-03,15:00:00,GRPN,S,196,12.6500,0
2024-01-03,14:23:00,RPAY,S,301,8.1650,0
2024-01-03,15:00:00,RPAY,B,301,8.1800,0
2024-01-03,14:42:00,PARR,S,69,36.1900,0
2024-01-03,15:00:00,PARR,B,69,35.9100,0
2024-01-04,08:41:00,MBLY,B,85,29.4550,0
2024-01-04,09:16:00,MBLY,S,42,30.6332,0
2024-01-04,09:16:00,MBLY,S,43,30.5555,0
2024-01-05,08:41:00,MPT,S,512,3.4600,0
2024-01-05,15:00:00,MPT,B,512,3.5500,0
2024-01-08,08:47:00,NKTX,B,360,6.6700,0
2024-01-08,09:09:00,NKTX,S,180,6.9368,0
2024-01-08,09:09:00,NKTX,S,180,7.4983,0
2024-01-08,09:14:00,NKTX,B,330,7.5800,0
2024-01-08,09:30:00,NKTX,S,165,7.8832,0
2024-01-08,09:30:00,NKTX,S,165,8.0270,0
2024-01-08,09:57:00,GPRE,B,102,24.7100,0
2024-01-08,12:14:00,GPRE,S,102,24.1100,0
2024-01-08,09:34:00,CAR,B,15,166.4250,0
2024-01-08,15:00:00,CAR,S,15,170.7450,0
2024-01-08,10:01:00,PARR,B,73,34.1000,0
2024-01-08,15:00:00,PARR,S,73,34.4250,0
2024-01-08,10:02:00,MXL,B,112,22.2900,0
2024-01-08,15:00:00,MXL,S,112,22.4300,0
2024-01-08,10:05:00,IMAX,S,166,14.9800,0
2024-01-08,15:00:00,IMAX,B,166,15.0200,0
2024-01-08,10:27:00,BMEA,B,163,15.2750,0
2024-01-08,15:00:00,BMEA,S,81,15.8860,0
2024-01-08,15:00:00,BMEA,S,82,15.9400,0
2024-01-08,14:59:00,RPAY,B,304,8.2200,0
2024-01-08,15:00:00,RPAY,S,304,8.2250,0
2024-01-09,09:04:00,NN,B,510,4.9150,0
2024-01-09,10:07:00,NN,S,255,5.1116,0
2024-01-09,10:07:00,NN,S,255,5.0808,0
2024-01-09,09:56:00,BMEA,B,160,15.7200,0
2024-01-09,15:00:00,BMEA,S,80,16.3488,0
2024-01-09,15:00:00,BMEA,S,80,16.3400,0
2024-01-09,10:14:00,RPAY,B,309,8.1100,0
2024-01-09,15:00:00,RPAY,S,309,8.1300,0
2024-01-09,10:17:00,GPRE,S,105,23.6200,0
2024-01-09,15:00:00,GPRE,B,105,23.6300,0
2024-01-09,10:52:00,IMAX,S,170,14.6450,0
2024-01-09,15:00:00,IMAX,B,170,14.5400,0
2024-01-09,14:41:00,MXL,S,113,21.9500,0
2024-01-09,15:00:00,MXL,B,113,22.0100,0
2024-01-09,14:56:00,FRMM,B,11693,0.2198,0
2024-01-09,15:00:00,FRMM,S,11693,0.2200,0
2024-01-09,14:58:00,DARE,B,6864,0.3645,0
2024-01-09,15:00:00,DARE,S,6864,0.3678,0
2024-01-10,09:39:00,PARR,S,73,34.0600,0
2024-01-10,12:47:00,PARR,B,73,34.2200,0
2024-01-10,09:40:00,NN,S,499,4.9950,0
2024-01-10,13:41:00,NN,B,249,4.7952,0
2024-01-10,13:41:00,NN,B,250,4.7249,0
2024-01-10,14:57:00,FRMM,B,10000,0.2530,0
2024-01-10,14:57:00,FRMM,S,5000,0.2631,0
2024-01-10,14:57:00,FRMM,S,5000,0.2910,0
2024-01-10,08:56:00,NKTX,S,252,9.8300,0
2024-01-10,15:00:00,NKTX,B,252,9.9000,0
2024-01-10,13:51:00,NNBR,B,595,4.2000,0
2024-01-10,15:00:00,NNBR,S,595,4.1900,0
2024-01-10,14:10:00,RPAY,B,308,8.1350,0
2024-01-10,15:00:00,RPAY,S,308,8.0800,0
2024-01-10,14:43:00,DARE,B,6580,0.3800,0
2024-01-10,15:00:00,DARE,S,6580,0.3789,0
2024-01-10,14:49:00,BMEA,S,148,16.6100,0
2024-01-10,15:00:00,BMEA,B,148,16.8900,0
2024-01-11,09:26:00,PARR,B,72,34.4800,0
2024-01-11,09:47:00,PARR,S,72,34.2100,0
2024-01-11,09:14:00,NKTX,S,252,9.9000,0
2024-01-11,10:18:00,NKTX,B,126,9.5040,0
2024-01-11,10:18:00,NKTX,B,126,9.4690,0
2024-01-11,09:08:00,IMAX,S,175,14.1950,0
2024-01-11,13:49:00,IMAX,B,175,14.4100,0
2024-01-11,08:56:00,GPRE,S,109,22.7800,0
2024-01-11,15:00:00,GPRE,B,109,22.1900,0
2024-01-11,09:53:00,NN,S,587,4.2050,0
2024-01-11,15:00:00,NN,B,587,4.1250,0
2024-01-11,10:11:00,MXL,S,116,21.4700,0
2024-01-11,15:00:00,MXL,B,116,21.4500,0
2024-01-11,14:27:00,SPIR,S,363,6.8500,0
2024-01-11,15:00:00,SPIR,B,363,6.8500,0
2024-01-12,08:42:00,BITO,S,114,21.8400,0
2024-01-12,11:06:00,BITO,B,57,20.9664,0
2024-01-12,11:06:00,BITO,B,57,21.0084,0
2024-01-16,09:05:00,MYSE,B,454,2.9600,0
2024-01-16,09:05:00,MYSE,S,227,3.0784,0
2024-01-16,09:05:00,MYSE,S,227,3.0504,0
2024-01-16,09:19:00,GRPN,S,196,12.7100,0
2024-01-16,09:24:00,GRPN,B,196,12.8100,0
2024-01-16,09:06:00,MYSE,B,344,3.0800,0
2024-01-16,09:43:00,MYSE,S,172,3.2032,0
2024-01-16,09:43:00,MYSE,S,172,3.1992,0
2024-01-16,09:05:00,NKTX,S,289,8.5400,0
2024-01-16,10:04:00,NKTX,B,144,8.1984,0
2024-01-16,10:04:00,NKTX,B,145,8.1471,0
2024-01-16,09:29:00,MXL,B,118,21.1900,0
2024-01-16,10:51:00,MXL,S,118,21.0000,0
2024-01-16,10:38:00,GRPN,S,196,12.7100,0
2024-01-16,14:57:00,GRPN,B,98,12.2016,0
2024-01-16,14:57:00,GRPN,B,98,12.1421,0
2024-01-16,10:02:00,NN,S,657,3.7900,0
2024-01-16,15:00:00,NN,B,657,3.8900,0
2024-01-16,10:12:00,RPAY,S,329,7.5100,0
2024-01-16,15:00:00,RPAY,B,329,7.5400,0
2024-01-16,11:02:00,PARR,S,72,34.4400,0
2024-01-16,15:00:00,PARR,B,72,33.9250,0
2024-01-16,13:17:00,BMI,S,16,150.2700,0
2024-01-16,15:00:00,BMI,B,16,151.2500,0
2024-01-16,13:45:00,CAR,B,15,159.6800,0
2024-01-16,15:00:00,CAR,S,15,159.2600,0
2024-01-16,14:30:00,DARE,S,6451,0.3214,0
2024-01-16,15:00:00,DARE,B,6451,0.3263,0
2024-01-17,08:48:00,GRAB,S,838,2.9750,0
2024-01-17,15:00:00,GRAB,B,838,2.9100,0
2024-01-18,09:09:00,TSM,S,22,109.9650,0
2024-01-18,14:13:00,TSM,B,22,111.9800,0
2024-01-18,14:42:00,TSM,B,22,112.8850,0
2024-01-18,14:47:00,TSM,S,22,112.4800,0
2024-01-19,08:42:00,ASTS,S,781,3.1700,0
2024-01-19,09:10:00,ASTS,B,781,3.4300,0
2024-01-19,08:43:00,SQQQ,S,193,12.9250,0
2024-01-19,15:00:00,SQQQ,B,96,12.4080,0
2024-01-19,15:00:00,SQQQ,B,97,12.3900,0
2024-01-22,08:54:00,ADM,S,44,55.5550,0
2024-01-22,11:19:00,ADM,B,22,53.3328,0
2024-01-22,11:19:00,ADM,B,22,53.3905,0
2024-01-23,08:41:00,PLUG,B,729,3.4800,0
2024-01-23,08:49:00,PLUG,S,729,3.1900,0
2024-01-24,08:43:00,PLUG,B,636,3.9350,0
2024-01-24,08:56:00,PLUG,S,636,3.6500,0
2024-01-25,09:18:00,TSLA,S,13,186.3350,0
2024-01-25,15:00:00,TSLA,B,13,182.6300,0
2024-01-26,08:45:00,INTC,S,57,43.7600,0
2024-01-26,09:54:00,INTC,B,57,44.1900,0
2024-01-29,08:44:00,LCID,B,905,2.7700,0
2024-01-29,08:58:00,LCID,S,452,2.8808,0
2024-01-29,08:58:00,LCID,S,453,2.9223,0
2024-01-29,09:20:00,LCID,B,746,3.3500,0
2024-01-29,09:23:00,LCID,S,746,3.2000,0
2024-01-29,09:00:00,SOFI,B,272,9.2200,0
2024-01-29,15:00:00,SOFI,S,272,9.1500,0
2024-01-30,08:40:00,NU,S,292,8.5400,0
2024-01-30,08:45:00,NU,B,292,8.6600,0
2024-01-30,08:53:00,SOFI,B,270,9.2500,0
2024-01-30,09:27:00,SOFI,S,270,8.9800,0
2024-01-30,09:51:00,SOFI,S,281,8.8950,0
2024-01-30,13:24:00,SOFI,B,140,8.5392,0
2024-01-30,13:24:00,SOFI,B,141,8.4890,0
2024-01-31,09:21:00,FLG,B,185,6.6900,0
2024-01-31,09:28:00,FLG,S,92,6.9576,0
2024-01-31,09:28:00,FLG,S,93,7.0475,0
2024-01-31,08:43:00,SOFI,B,305,8.2300,0
2024-01-31,14:06:00,SOFI,S,305,7.9450,0
2024-01-31,08:41:00,GOOGL,S,17,141.8100,0
2024-01-31,15:00:00,GOOGL,B,17,140.0100,0
2024-02-01,08:41:00,FLG,S,404,6.1800,0
2024-02-01,08:46:00,FLG,B,202,5.9328,0
2024-02-01,08:46:00,FLG,B,202,5.9168,0
2024-02-01,09:00:00,FLG,S,435,5.7400,0
2024-02-01,09:04:00,FLG,B,435,5.8400,0
2024-02-01,09:16:00,PLUG,S,517,4.8300,0
2024-02-01,09:45:00,PLUG,B,258,4.6368,0
2024-02-01,09:45:00,PLUG,B,259,4.6352,0
2024-02-02,08:41:00,FLG,B,432,5.8150,0
2024-02-02,09:19:00,FLG,S,216,6.0476,0
2024-02-02,09:19:00,FLG,S,216,6.0668,0
2024-02-02,08:41:00,AMZN,B,14,170.9900,0
2024-02-02,15:00:00,AMZN,S,14,171.8350,0
2024-02-05,09:59:00,RPAY,S,315,7.9150,0
2024-02-05,11:21:00,RPAY,B,315,7.9900,0
2024-02-05,08:56:00,GPRE,S,127,19.5700,0
2024-02-05,12:46:00,GPRE,B,127,20.0250,0
2024-02-05,09:20:00,BMEA,S,137,18.1100,0
2024-02-05,13:31:00,BMEA,B,137,18.8250,0
2024-02-05,09:28:00,IMAX,S,182,13.6600,0
2024-02-05,15:00:00,IMAX,B,182,13.4850,0
2024-02-05,10:22:00,GRPN,B,181,13.9900,0
2024-02-05,15:00:00,GRPN,S,181,14.2650,0
2024-02-05,13:03:00,CAR,S,15,156.1800,0
2024-02-05,15:00:00,CAR,B,15,156.1400,0
2024-02-05,13:59:00,EVTL,B,3649,0.7010,0
2024-02-05,15:00:00,EVTL,S,3649,0.7000,0
2024-02-05,14:30:00,NNBR,B,511,4.9000,0
2024-02-05,15:00:00,NNBR,S,511,4.8600,0
2024-02-06,08:42:00,FLG,B,457,5.4750,0
2024-02-06,08:56:00,FLG,S,457,5.2500,0
2024-02-06,08:41:00,PLTR,B,121,20.5850,0
2024-02-06,09:03:00,PLTR,S,60,21.4084,0
2024-02-06,09:03:00,PLTR,S,61,21.2791,0
2024-02-06,09:11:00,FLG,S,510,4.8950,0
2024-02-06,09:46:00,FLG,B,255,4.6992,0
2024-02-06,09:46:00,FLG,B,255,4.7475,0
2024-02-06,14:02:00,PLTR,B,113,21.9900,0
2024-02-06,14:22:00,PLTR,S,113,21.9100,0
2024-02-06,08:55:00,FXI,B,109,22.7650,0
2024-02-06,15:00:00,FXI,S,109,23.1000,0
2024-02-07,08:45:00,FLG,S,425,3.8500,0
2024-02-07,08:48:00,FLG,B,212,3.6960,0
2024-02-07,08:48:00,FLG,B,213,3.6985,0
2024-02-07,08:42:00,PLTR,B,111,22.4200,0
2024-02-07,09:18:00,PLTR,S,55,23.3168,0
2024-02-07,09:18:00,PLTR,S,56,23.1408,0
2024-02-07,09:07:00,SNAP,S,211,11.8250,0
2024-02-07,10:28:00,SNAP,B,105,11.3520,0
2024-02-07,10:28:00,SNAP,B,106,11.3632,0
2024-02-07,10:10:00,PLTR,B,106,23.4300,0
2024-02-07,11:41:00,PLTR,S,106,23.1300,0
2024-02-07,13:16:00,FLG,B,568,4.3950,0
2024-02-07,13:41:00,FLG,S,284,4.5708,0
2024-02-07,13:41:00,FLG,S,284,4.5461,0
2024-02-07,08:44:00,F,S,197,12.6600,0
2024-02-07,15:00:00,F,B,197,12.7850,0
2024-02-08,08:43:00,ARM,B,15,107.2500,0
2024-02-08,08:51:00,ARM,S,7,111.5400,0
2024-02-08,08:51:00,ARM,S,8,110.8375,0
2024-02-08,08:56:00,ARM,B,22,111.9100,0
2024-02-08,09:00:00,ARM,S,11,116.3864,0
2024-02-08,09:00:00,ARM,S,11,114.3513,0
2024-02-09,09:24:00,GRPN,B,152,16.4700,0
2024-02-09,13:54:00,GRPN,S,152,16.0400,0
2024-02-09,14:26:00,GRPN,S,156,15.9550,0
2024-02-09,14:38:00,GRPN,B,156,16.0900,0
2024-02-09,10:30:00,RPAY,S,310,8.0100,0
2024-02-09,14:50:00,RPAY,B,310,8.1500,0
2024-02-09,08:55:00,GPRE,B,101,24.6100,0
2024-02-09,15:00:00,GPRE,S,101,24.7300,0
2024-02-09,09:44:00,MXL,B,132,18.9250,0
2024-02-09,15:00:00,MXL,S,132,19.0600,0
2024-02-09,13:18:00,BMI,B,16,149.3050,0
2024-02-09,15:00:00,BMI,S,16,149.9500,0
2024-02-09,13:26:00,NN,S,570,4.3300,0
2024-02-09,15:00:00,NN,B,570,4.3900,0
2024-02-09,13:32:00,SPIR,B,166,10.1650,0
2024-02-09,15:00:00,SPIR,S,166,10.3750,0
2024-02-09,14:56:00,LZM,S,433,5.7500,0
2024-02-09,15:00:00,LZM,B,433,5.7500,0
2024-02-12,08:41:00,ARM,B,19,125.3250,0
2024-02-12,09:31:00,ARM,S,9,130.3380,0
2024-02-12,09:31:00,ARM,S,10,129.2867,0
2024-02-12,09:44:00,ARM,B,19,130.9800,0
2024-02-12,09:52:00,ARM,S,9,136.2192,0
2024-02-12,09:52:00,ARM,S,10,136.0102,0
2024-02-13,08:49:00,SSRM,S,133,6.5400,0
2024-02-13,08:50:00,SSRM,B,66,6.2784,0
2024-02-13,08:50:00,SSRM,B,67,6.2754,0
2024-02-13,08:41:00,ARM,B,18,137.3200,0
2024-02-13,09:00:00,ARM,S,18,127.8750,0
2024-02-13,09:32:00,SSRM,S,487,4.7600,0
2024-02-13,09:33:00,SSRM,B,243,4.5696,0
2024-02-13,09:33:00,SSRM,B,244,4.7600,0
2024-02-14,09:06:00,UBER,B,32,76.9100,0
2024-02-14,15:00:00,UBER,S,32,79.1300,0
2024-02-15,08:41:00,SOUN,S,298,3.3050,0
2024-02-15,08:56:00,SOUN,B,149,3.1728,0
2024-02-15,08:56:00,SOUN,B,149,3.1730,0
2024-02-16,09:44:00,BMEA,B,143,17.4400,0
2024-02-16,10:04:00,BMEA,S,143,17.3650,0
2024-02-16,10:31:00,GPRE,S,107,23.2900,0
2024-02-16,11:25:00,GPRE,B,107,23.4700,0
2024-02-16,09:22:00,GRPN,B,138,18.1900,0
2024-02-16,15:00:00,GRPN,S,138,18.2200,0
2024-02-16,09:45:00,IMAX,B,167,14.9950,0
2024-02-16,15:00:00,IMAX,S,167,15.0750,0
2024-02-16,10:02:00,CAR,S,21,116.8000,0
2024-02-16,15:00:00,CAR,B,21,112.3500,0
2024-02-16,10:05:00,RPAY,S,301,8.2650,0
2024-02-16,15:00:00,RPAY,B,301,7.9800,0
2024-02-16,10:24:00,PARR,B,62,40.2450,0
2024-02-16,15:00:00,PARR,S,62,39.8300,0
2024-02-16,14:11:00,SPIR,S,214,11.5800,0
2024-02-16,15:00:00,SPIR,B,214,11.7300,0
2024-02-16,14:35:00,DARE,S,6929,0.3601,0
2024-02-16,15:00:00,DARE,B,6929,0.3620,0
2024-02-16,14:59:00,NEXA,S,367,6.7800,0
2024-02-16,15:00:00,NEXA,B,367,6.7800,0
2024-02-20,13:35:00,IFRX,B,1612,1.5600,0
2024-02-20,13:47:00,IFRX,S,1612,1.5500,0
2024-02-20,09:12:00,BMEA,S,144,17.3200,0
2024-02-20,15:00:00,BMEA,B,144,16.9700,0
2024-02-20,09:41:00,RPAY,B,316,8.1200,0
2024-02-20,15:00:00,RPAY,S,316,8.0700,0
2024-02-20,09:59:00,PARR,S,65,38.1750,0
2024-02-20,15:00:00,PARR,B,65,38.0100,0
2024-02-20,12:35:00,GPRE,S,110,22.5700,0
2024-02-20,15:00:00,GPRE,B,110,22.7600,0
2024-02-20,14:53:00,NNBR,S,496,5.0300,0
2024-02-20,15:00:00,NNBR,B,496,5.0400,0
2024-02-21,09:44:00,PARR,B,64,38.9600,0
2024-02-21,14:07:00,PARR,S,64,38.3700,0
2024-02-21,09:44:00,IMAX,S,162,15.3500,0
2024-02-21,15:00:00,IMAX,B,162,15.2800,0
2024-02-21,09:59:00,NN,S,605,4.1250,0
2024-02-21,15:00:00,NN,B,605,4.0900,0
2024-02-21,10:09:00,EVTL,S,3523,0.6666,0
2024-02-21,15:00:00,EVTL,B,3523,0.6552,0
2024-02-21,10:28:00,NKTX,S,259,9.6300,0
2024-02-21,15:00:00,NKTX,B,259,9.5300,0
2024-02-21,14:08:00,BMI,S,16,155.0300,0
2024-02-21,15:00:00,BMI,B,16,155.5400,0
2024-02-21,14:21:00,NNBR,S,519,4.8000,0
2024-02-21,15:00:00,NNBR,B,519,4.7500,0
2024-02-21,14:36:00,MXL,B,131,19.0500,0
2024-02-21,15:00:00,MXL,S,131,19.2100,0
2024-02-21,14:47:00,EFOI,B,327,2.7200,0
2024-02-21,15:00:00,EFOI,S,327,2.4100,0
2024-02-22,08:52:00,GRAB,S,769,3.2500,0
2024-02-22,15:00:00,GRAB,B,384,3.1200,0
2024-02-22,15:00:00,GRAB,B,385,3.1450,0
2024-02-22,09:16:00,RIVN,S,219,11.3650,0
2024-02-22,15:00:00,RIVN,B,219,11.4500,0
2024-02-23,09:00:00,RIVN,S,242,10.3000,0
2024-02-23,11:05:00,RIVN,B,242,10.5000,0
2024-02-23,09:35:00,WBD,S,301,8.2900,0
2024-02-23,12:18:00,WBD,B,301,8.7400,0
2024-02-26,09:43:00,MXL,B,132,18.8400,0
2024-02-26,10:09:00,MXL,S,132,18.5950,0
2024-02-26,09:07:00,CAR,B,23,107.9800,0
2024-02-26,15:00:00,CAR,S,23,107.1700,0
2024-02-26,09:37:00,IMAX,B,160,15.7450,0
2024-02-26,15:00:00,IMAX,S,160,15.6400,0
2024-02-26,10:34:00,NN,B,596,4.2400,0
2024-02-26,15:00:00,NN,S,596,4.1800,0
2024-02-26,13:55:00,NKTX,B,245,10.2400,0
2024-02-26,15:00:00,NKTX,S,245,10.3600,0
2024-02-26,14:36:00,SPIR,B,224,11.2800,0
2024-02-26,15:00:00,SPIR,S,224,11.3200,0
2024-02-26,14:43:00,RPAY,B,299,8.4100,0
2024-02-26,15:00:00,RPAY,S,299,8.4300,0
2024-02-27,08:46:00,SOUN,B,317,7.1950,0
2024-02-27,08:59:00,SOUN,S,158,7.4828,0
2024-02-27,08:59:00,SOUN,S,159,7.6130,0
2024-02-28,08:42:00,IBIT,B,72,34.4700,0
2024-02-28,11:14:00,IBIT,S,36,35.8488,0
2024-02-28,11:14:00,IBIT,S,36,36.2953,0
2024-02-29,13:44:00,VOR,B,1131,2.2150,0
2024-02-29,14:22:00,VOR,S,565,2.3036,0
2024-02-29,14:22:00,VOR,S,566,2.3828,0
2024-02-29,09:12:00,PARR,S,68,36.6100,0
2024-02-29,15:00:00,PARR,B,68,36.1300,0
2024-02-29,09:52:00,IMAX,S,144,17.1750,0
2024-02-29,15:00:00,IMAX,B,144,17.1300,0
2024-02-29,10:15:00,RPAY,S,285,8.7400,0
2024-02-29,15:00:00,RPAY,B,285,8.6900,0
2024-02-29,10:32:00,CAR,S,23,107.7000,0
2024-02-29,15:00:00,CAR,B,23,108.0250,0
2024-02-29,14:09:00,SPIR,B,204,12.2800,0
2024-02-29,15:00:00,SPIR,S,204,12.4900,0
2024-02-29,14:41:00,NN,B,590,4.2400,0
2024-02-29,15:00:00,NN,S,590,4.2900,0
2024-02-29,14:54:00,GPRE,S,117,21.3150,0
2024-02-29,15:00:00,GPRE,B,117,21.2900,0
2024-02-29,14:57:00,LZM,B,497,5.0800,0
2024-02-29,15:00:00,LZM,S,497,5.0700,0
2024-03-01,08:50:00,DNA,B,1937,1.3100,0
2024-03-01,09:00:00,DNA,S,968,1.3624,0
2024-03-01,09:00:00,DNA,S,969,1.3566,0
2024-03-04,08:42:00,FLG,S,720,3.4550,0
2024-03-04,08:53:00,FLG,B,360,3.3168,0
2024-03-04,08:53:00,FLG,B,360,3.3445,0
2024-03-04,09:02:00,FLG,S,772,3.2350,0
2024-03-04,09:11:00,FLG,B,386,3.1056,0
2024-03-04,09:11:00,FLG,B,386,3.1254,0
2024-03-05,08:41:00,SOXS,S,757,3.3000,0
2024-03-05,09:19:00,SOXS,B,757,3.3800,0
2024-03-05,08:41:00,IBIT,B,64,38.8800,0
2024-03-05,09:29:00,IBIT,S,64,38.5000,0
2024-03-05,09:49:00,SOXS,B,730,3.4200,0
2024-03-05,09:55:00,SOXS,S,730,3.3900,0
2024-03-05,10:02:00,IBIT,S,65,37.9950,0
2024-03-05,11:11:00,IBIT,B,32,36.4752,0
2024-03-05,11:11:00,IBIT,B,33,36.5699,0
2024-03-05,08:50:00,SOFI,S,320,7.7800,0
2024-03-05,11:21:00,SOFI,B,160,7.4688,0
2024-03-05,11:21:00,SOFI,B,160,7.4936,0
2024-03-06,08:43:00,PLTR,B,96,25.9700,0
2024-03-06,08:57:00,PLTR,S,96,25.1700,0
2024-03-07,09:19:00,RIVN,S,222,11.2350,0
2024-03-07,12:23:00,RIVN,B,222,11.5700,0
2024-03-08,08:43:00,PBR,S,174,14.3450,0
2024-03-08,08:55:00,PBR,B,174,14.6000,0
2024-03-08,08:45:00,SOXS,B,881,2.8400,0
2024-03-08,09:09:00,SOXS,S,881,2.7900,0
2024-03-08,10:17:00,SOXS,B,847,2.9600,0
2024-03-08,10:33:00,SOXS,S,423,3.0784,0
2024-03-08,10:33:00,SOXS,S,424,3.0704,0
2024-03-11,09:13:00,NN,B,583,4.3100,0
2024-03-11,09:34:00,NN,S,291,4.4824,0
2024-03-11,09:34:00,NN,S,292,4.4819,0
2024-03-11,09:38:00,NN,B,552,4.5350,0
2024-03-11,10:09:00,NN,S,276,4.7164,0
2024-03-11,10:09:00,NN,S,276,4.7496,0
2024-03-11,10:01:00,CAR,B,22,112.6150,0
2024-03-11,10:23:00,CAR,S,22,111.9100,0
2024-03-11,09:51:00,GRPN,S,135,18.2350,0
2024-03-11,13:46:00,GRPN,B,67,17.5056,0
2024-03-11,13:46:00,GRPN,B,68,17.4523,0
2024-03-11,09:12:00,BMEA,B,156,16.0000,0
2024-03-11,14:44:00,BMEA,S,156,15.4500,0
2024-03-11,09:01:00,IMAX,B,151,16.5500,0
2024-03-11,15:00:00,IMAX,S,151,16.8900,0
2024-03-12,08:44:00,GERN,B,1234,2.0250,0
2024-03-12,08:52:00,GERN,S,617,2.1060,0
2024-03-12,08:52:00,GERN,S,617,2.0897,0
2024-03-13,09:09:00,BMEA,S,155,15.9700,0
2024-03-13,09:38:00,BMEA,B,155,16.4400,0
2024-03-13,10:38:00,NN,B,458,5.4600,0
2024-03-13,11:49:00,NN,S,458,5.3700,0
2024-03-13,09:41:00,RPAY,S,229,10.8450,0
2024-03-13,11:57:00,RPAY,B,229,10.9600,0
2024-03-13,10:26:00,GPRE,B,120,20.7800,0
2024-03-13,14:29:00,GPRE,S,120,20.5200,0
2024-03-13,09:24:00,PARR,B,66,37.6600,0
2024-03-13,15:00:00,PARR,S,66,37.6200,0
2024-03-13,11:24:00,CAR,S,21,113.9700,0
2024-03-13,15:00:00,CAR,B,21,113.1500,0
2024-03-13,13:42:00,IMAX,S,148,16.8200,0
2024-03-13,15:00:00,IMAX,B,148,16.9300,0
2024-03-13,13:49:00,SPIR,S,204,12.1850,0
2024-03-13,15:00:00,SPIR,B,204,12.1800,0
2024-03-13,14:08:00,NNBR,S,586,4.2300,0
2024-03-13,15:00:00,NNBR,B,586,4.4000,0
2024-03-13,14:31:00,NKTX,S,193,12.8700,0
2024-03-13,15:00:00,NKTX,B,193,12.9000,0
2024-03-13,14:31:00,BMI,S,16,154.1300,0
2024-03-13,15:00:00,BMI,B,16,153.8650,0
2024-03-14,08:50:00,NN,S,489,5.0350,0
2024-03-14,09:35:00,NN,B,244,4.8336,0
2024-03-14,09:35:00,NN,B,245,4.6254,0
2024-03-14,09:41:00,GPRE,B,124,20.0600,0
2024-03-14,10:17:00,GPRE,S,124,19.9100,0
2024-03-14,09:23:00,PARR,S,67,36.7500,0
2024-03-14,12:49:00,PARR,B,67,37.1800,0
2024-03-14,09:01:00,BMEA,S,147,16.7100,0
2024-03-14,15:00:00,BMEA,B,147,16.8500,0
2024-03-14,10:24:00,CAR,S,22,109.4850,0
2024-03-14,15:00:00,CAR,B,22,107.4900,0
2024-03-14,10:35:00,MXL,S,138,18.0600,0
2024-03-14,15:00:00,MXL,B,138,17.9000,0
2024-03-14,13:28:00,GRPN,S,137,18.0500,0
2024-03-14,15:00:00,GRPN,B,137,18.1700,0
2024-03-14,14:31:00,RPAY,S,233,10.6100,0
2024-03-14,15:00:00,RPAY,B,233,10.7000,0
2024-03-14,14:32:00,BMI,S,16,151.0550,0
2024-03-14,15:00:00,BMI,B,16,151.0550,0
2024-03-14,14:35:00,SPIR,S,207,11.8900,0
2024-03-14,15:00:00,SPIR,B,207,11.7500,0
2024-03-14,14:52:00,PARR,S,68,36.4200,0
2024-03-14,15:00:00,PARR,B,68,36.5450,0
2024-03-15,08:41:00,GERN,S,830,3.0050,0
2024-03-15,08:50:00,GERN,B,830,3.1450,0
2024-03-15,09:10:00,GERN,B,769,3.2500,0
2024-03-15,09:22:00,GERN,S,384,3.3800,0
2024-03-15,09:22:00,GERN,S,385,3.3775,0
2024-03-18,08:47:00,BMEA,S,145,17.0550,0
2024-03-18,10:30:00,BMEA,B,72,16.3728,0
2024-03-18,10:30:00,BMEA,B,73,16.2755,0
2024-03-18,09:00:00,GRPN,B,196,12.9200,0
2024-03-18,14:10:00,GRPN,S,98,13.4368,0
2024-03-18,14:10:00,GRPN,S,98,13.6008,0
2024-03-18,09:20:00,IMAX,S,154,16.1200,0
2024-03-18,15:00:00,IMAX,B,154,15.7100,0
2024-03-18,09:57:00,CAR,B,23,108.9050,0
2024-03-18,15:00:00,CAR,S,23,108.1200,0
2024-03-18,10:28:00,GPRE,B,124,20.1700,0
2024-03-18,15:00:00,GPRE,S,124,20.9200,0
2024-03-18,11:24:00,PARR,B,65,38.4100,0
2024-03-18,15:00:00,PARR,S,65,37.7500,0
2024-03-18,14:24:00,MXL,S,141,17.5550,0
2024-03-18,15:00:00,MXL,B,141,17.5300,0
2024-03-18,14:40:00,NN,B,533,4.6900,0
2024-03-18,15:00:00,NN,S,533,4.7500,0
2024-03-18,14:54:00,VOR,B,1302,1.9800,0
2024-03-18,15:00:00,VOR,S,1302,1.9350,0
2024-03-19,09:01:00,GRPN,B,174,14.3000,0
2024-03-19,09:11:00,GRPN,S,174,13.9100,0
2024-03-19,09:14:00,MXL,S,147,16.9600,0
2024-03-19,09:59:00,MXL,B,147,17.3000,0
2024-03-19,10:05:00,BMI,S,16,154.1550,0
2024-03-19,11:07:00,BMI,B,16,154.4950,0
2024-03-19,09:27:00,BMEA,S,159,15.3800,0
2024-03-19,12:12:00,BMEA,B,159,15.9900,0
2024-03-19,10:38:00,NKTX,B,217,11.5300,0
2024-03-19,13:54:00,NKTX,S,108,11.9912,0
2024-03-19,13:54:00,NKTX,S,109,12.3947,0
2024-03-19,08:51:00,SPIR,B,51,18.6300,0
2024-03-19,15:00:00,SPIR,S,51,15.9600,0
2024-03-19,09:15:00,GPRE,B,116,21.5300,0
2024-03-19,15:00:00,GPRE,S,116,21.7900,0
2024-03-19,09:50:00,IMAX,B,158,15.8800,0
2024-03-19,15:00:00,IMAX,S,158,16.0050,0
2024-03-19,10:18:00,CAR,B,22,113.4650,0
2024-03-19,15:00:00,CAR,S,22,115.7100,0
2024-03-19,10:41:00,EVTL,S,3105,0.7801,0
2024-03-19,15:00:00,EVTL,B,3105,0.7901,0
2024-03-19,10:44:00,PARR,B,66,38.0500,0
2024-03-19,15:00:00,PARR,S,66,38.3500,0
2024-03-19,14:21:00,MXL,B,142,17.6400,0
2024-03-19,15:00:00,MXL,S,142,17.8200,0
2024-03-19,14:44:00,VOR,S,1369,1.8200,0
2024-03-19,15:00:00,VOR,B,1369,1.8000,0
2024-03-20,08:50:00,SPIR,S,158,15.7500,0
2024-03-20,09:20:00,SPIR,B,158,16.3700,0
2024-03-20,09:21:00,CAR,S,21,114.0500,0
2024-03-20,09:48:00,CAR,B,21,115.4100,0
2024-03-20,09:19:00,BMEA,S,167,14.8850,0
2024-03-20,10:05:00,BMEA,B,167,15.3500,0
2024-03-20,09:15:00,GPRE,B,115,21.7600,0
2024-03-20,10:11:00,GPRE,S,115,21.5000,0
2024-03-20,10:50:00,GPRE,S,118,21.1000,0
2024-03-20,13:02:00,GPRE,B,118,21.3600,0
2024-03-20,10:42:00,MXL,S,142,17.5300,0
2024-03-20,13:47:00,MXL,B,142,17.9250,0
2024-03-20,09:12:00,RPAY,S,233,10.6950,0
2024-03-20,13:52:00,RPAY,B,233,10.8400,0
2024-03-20,09:40:00,GRPN,S,166,15.0200,0
2024-03-20,15:00:00,GRPN,B,166,14.9200,0
2024-03-20,09:41:00,IMAX,S,157,15.7900,0
2024-03-20,15:00:00,IMAX,B,157,15.8000,0
2024-03-20,10:01:00,PARR,B,65,38.0200,0
2024-03-20,15:00:00,PARR,S,65,39.1900,0
2024-03-20,13:10:00,NKTX,B,202,12.4600,0
2024-03-20,15:00:00,NKTX,S,202,12.8000,0
2024-03-20,13:48:00,NN,B,526,4.8400,0
2024-03-20,15:00:00,NN,S,526,4.8200,0
2024-03-20,14:18:00,NNBR,B,498,5.0200,0
2024-03-20,15:00:00,NNBR,S,498,4.9750,0
2024-03-20,14:34:00,BMEA,B,159,15.7000,0
2024-03-20,15:00:00,BMEA,S,159,15.7900,0
2024-03-20,14:35:00,VOR,B,1385,1.8150,0
2024-03-20,15:00:00,VOR,S,1385,1.8000,0
2024-03-20,14:40:00,RPAY,B,229,10.9000,0
2024-03-20,15:00:00,RPAY,S,229,10.9800,0
2024-03-22,09:16:00,NN,B,418,6.0400,0
2024-03-22,10:05:00,NN,S,209,6.2816,0
2024-03-22,10:05:00,NN,S,209,6.2596,0
2024-03-22,10:35:00,RPAY,B,228,10.9300,0
2024-03-22,11:09:00,RPAY,S,228,10.8800,0
2024-03-22,09:48:00,PARR,S,64,38.8550,0
2024-03-22,12:45:00,PARR,B,64,39.1050,0
2024-03-22,10:05:00,IMAX,S,157,15.9000,0
2024-03-22,14:54:00,IMAX,B,157,15.9900,0
2024-03-22,08:54:00,SPIR,B,207,12.0300,0
2024-03-22,15:00:00,SPIR,S,207,12.0100,0
2024-03-22,09:46:00,BMEA,S,151,16.3800,0
2024-03-22,15:00:00,BMEA,B,151,15.8500,0
2024-03-22,10:00:00,CAR,S,22,112.9500,0
2024-03-22,15:00:00,CAR,B,22,113.4700,0
2024-03-22,14:19:00,GRPN,S,174,14.3500,0
2024-03-22,15:00:00,GRPN,B,174,14.4100,0
2024-03-22,14:47:00,ELDN,S,1225,1.9600,0
2024-03-22,15:00:00,ELDN,B,1225,2.0000,0
2024-03-25,10:29:00,CAR,B,21,118.7600,0
2024-03-25,12:21:00,CAR,S,21,118.0900,0
2024-03-25,09:45:00,GRPN,S,180,13.8450,0
2024-03-25,14:20:00,GRPN,B,90,13.2912,0
2024-03-25,14:20:00,GRPN,B,90,13.4085,0
2024-03-25,10:35:00,BMEA,B,155,16.0650,0
2024-03-25,14:28:00,BMEA,S,155,15.6000,0
2024-03-25,09:34:00,NKTX,B,224,11.1700,0
2024-03-25,14:34:00,NKTX,S,224,10.4950,0
2024-03-25,09:13:00,NN,B,384,6.5150,0
2024-03-25,15:00:00,NN,S,384,6.5600,0
2024-03-25,10:35:00,IMAX,S,156,15.9250,0
2024-03-25,15:00:00,IMAX,B,156,15.8700,0
2024-03-25,10:44:00,PARR,S,64,38.8300,0
2024-03-25,15:00:00,PARR,B,64,38.3300,0
2024-03-25,13:24:00,GPRE,B,113,22.0200,0
2024-03-25,15:00:00,GPRE,S,113,22.0800,0
2024-03-25,14:54:00,ACHV,B,532,4.7300,0
2024-03-25,15:00:00,ACHV,S,532,4.7000,0
2024-03-26,09:29:00,NN,S,379,6.5650,0
2024-03-26,10:48:00,NN,B,379,6.6850,0
2024-03-26,09:59:00,FLYX,S,285,5.2250,0
2024-03-26,10:58:00,FLYX,B,142,5.0160,0
2024-03-26,10:58:00,FLYX,B,143,5.0423,0
2024-03-26,09:04:00,NKTX,S,204,9.8700,0
2024-03-26,11:13:00,NKTX,B,102,9.4752,0
2024-03-26,11:13:00,NKTX,B,102,9.4237,0
2024-03-26,14:13:00,NN,B,362,6.9050,0
2024-03-26,14:35:00,NN,S,362,6.8650,0
2024-03-26,09:46:00,RPAY,S,234,10.5850,0
2024-03-26,14:41:00,RPAY,B,234,10.8950,0
2024-03-26,14:55:00,RPAY,B,229,10.8950,0
2024-03-26,14:57:00,RPAY,S,229,10.8700,0
2024-03-26,08:44:00,GPRE,S,113,22.0100,0
2024-03-26,15:00:00,GPRE,B,113,21.6700,0
2024-03-26,09:52:00,PARR,S,65,37.9900,0
2024-03-26,15:00:00,PARR,B,32,36.4704,0
2024-03-26,15:00:00,PARR,B,33,36.2500,0
2024-03-26,14:28:00,VOR,B,1168,2.2300,0
2024-03-26,15:00:00,VOR,S,1168,2.1500,0
2024-03-26,14:40:00,IMAX,S,157,15.8250,0
2024-03-26,15:00:00,IMAX,B,157,15.7200,0
2024-03-26,14:59:00,CADL,B,1694,1.4900,0
2024-03-26,15:00:00,CADL,S,1694,1.4900,0
2024-03-27,09:37:00,GRPN,B,193,12.9050,0
2024-03-27,09:49:00,GRPN,S,193,12.7000,0
2024-03-27,09:12:00,NKTX,B,241,10.3900,0
2024-03-27,14:19:00,NKTX,S,120,10.8056,0
2024-03-27,14:19:00,NKTX,S,121,11.3179,0
2024-03-27,09:11:00,RPAY,S,227,10.9700,0
2024-03-27,15:00:00,RPAY,B,227,11.0500,0
2024-03-27,09:18:00,PARR,B,68,36.5950,0
2024-03-27,15:00:00,PARR,S,68,36.4100,0
2024-03-27,09:52:00,GPRE,B,113,22.0300,0
2024-03-27,15:00:00,GPRE,S,113,22.4350,0
2024-03-27,09:58:00,CAR,B,20,121.8000,0
2024-03-27,15:00:00,CAR,S,20,123.3400,0
2024-03-27,10:13:00,NN,S,367,6.7400,0
2024-03-27,15:00:00,NN,B,367,6.9100,0
2024-03-27,10:51:00,EVTL,B,2074,1.2050,0
2024-03-27,15:00:00,EVTL,S,2074,1.1250,0
2024-03-27,13:40:00,NNBR,B,524,4.7850,0
2024-03-27,15:00:00,NNBR,S,524,4.7500,0
2024-03-27,14:51:00,LZM,S,316,7.8300,0
2024-03-27,15:00:00,LZM,B,316,7.7800,0
2024-03-28,09:23:00,NKTX,B,227,11.0900,0
2024-03-28,11:41:00,NKTX,S,227,10.7800,0
2024-03-28,09:56:00,BMI,B,15,163.6500,0
2024-03-28,12:00:00,BMI,S,15,162.1100,0
2024-03-28,09:57:00,BMEA,B,163,15.4900,0
2024-03-28,12:23:00,BMEA,S,163,15.1200,0
2024-03-28,09:24:00,GPRE,B,110,22.6900,0
2024-03-28,15:00:00,GPRE,S,110,23.1000,0
2024-03-28,09:25:00,PARR,B,68,36.5200,0
2024-03-28,15:00:00,PARR,S,68,37.0500,0
2024-03-28,10:03:00,CAR,S,20,122.2500,0
2024-03-28,15:00:00,CAR,B,20,122.5600,0
2024-03-28,10:06:00,RPAY,S,225,11.0600,0
2024-03-28,15:00:00,RPAY,B,225,10.9800,0
2024-03-28,10:11:00,NN,S,376,6.5150,0
2024-03-28,15:00:00,NN,B,376,6.5600,0
2024-03-28,10:50:00,NNBR,S,526,4.7500,0
2024-03-28,15:00:00,NNBR,B,526,4.7400,0
2024-03-28,13:05:00,EVTL,S,2212,1.1000,0
2024-03-28,15:00:00,EVTL,B,2212,1.1350,0
2024-04-01,08:55:00,BMEA,S,163,15.2400,0
2024-04-01,09:54:00,BMEA,B,81,14.6304,0
2024-04-01,09:54:00,BMEA,B,82,14.7245,0
2024-04-01,08:57:00,GPRE,B,108,23.2900,0
2024-04-01,10:25:00,GPRE,S,108,22.9200,0
2024-04-01,10:08:00,EVTL,S,2145,1.1500,0
2024-04-01,11:00:00,EVTL,B,1072,1.1040,0
2024-04-01,11:00:00,EVTL,B,1073,1.1115,0
2024-04-01,09:01:00,NKTX,S,221,10.8700,0
2024-04-01,15:00:00,NKTX,B,221,10.8200,0
2024-04-01,09:15:00,PARR,B,69,36.2000,0
2024-04-01,15:00:00,PARR,S,69,37.2800,0
2024-04-01,09:28:00,SPIR,S,215,11.5050,0
2024-04-01,15:00:00,SPIR,B,215,11.5150,0
2024-04-01,09:48:00,GRPN,S,186,13.2950,0
2024-04-01,15:00:00,GRPN,B,93,12.7632,0
2024-04-01,15:00:00,GRPN,B,93,12.7000,0
2024-04-01,09:52:00,CAR,B,20,123.6500,0
2024-04-01,15:00:00,CAR,S,20,125.8050,0
2024-04-01,14:39:00,LZM,B,314,7.9600,0
2024-04-01,15:00:00,LZM,S,314,7.9500,0
2024-04-01,14:44:00,NN,B,367,6.7950,0
2024-04-01,15:00:00,NN,S,367,6.8250,0
2024-04-02,09:02:00,GRPN,B,206,12.1350,0
2024-04-02,09:41:00,GRPN,S,206,11.7850,0
2024-04-02,08:53:00,PARR,B,66,37.6750,0
2024-04-02,09:52:00,PARR,S,66,37.1700,0
2024-04-02,09:01:00,MXL,B,131,19.1000,0
2024-04-02,10:16:00,MXL,S,65,19.8640,0
2024-04-02,10:16:00,MXL,S,66,20.0890,0
2024-04-02,09:49:00,GPRE,S,111,22.3950,0
2024-04-02,11:36:00,GPRE,B,111,22.8400,0
2024-04-02,08:49:00,NKTX,S,245,10.1000,0
2024-04-02,13:04:00,NKTX,B,122,9.6960,0
2024-04-02,13:04:00,NKTX,B,123,9.7760,0
2024-04-02,10:39:00,BMI,S,15,156.4350,0
2024-04-02,14:10:00,BMI,B,15,156.8150,0
2024-04-02,08:44:00,BMEA,S,193,12.7600,0
2024-04-02,15:00:00,BMEA,B,193,12.7900,0
2024-04-02,10:00:00,RPAY,S,237,10.3750,0
2024-04-02,15:00:00,RPAY,B,237,10.3400,0
2024-04-02,10:41:00,CAR,B,20,122.8200,0
2024-04-02,15:00:00,CAR,S,20,122.2200,0
2024-04-02,14:34:00,NNBR,S,538,4.6400,0
2024-04-02,15:00:00,NNBR,B,538,4.5800,0
2024-04-03,09:17:00,MXL,B,124,20.2200,0
2024-04-03,11:38:00,MXL,S,62,21.0288,0
2024-04-03,11:38:00,MXL,S,62,21.1078,0
2024-04-03,09:52:00,NKTX,S,253,9.7300,0
2024-04-03,12:41:00,NKTX,B,126,9.3408,0
2024-04-03,12:41:00,NKTX,B,127,9.2768,0
2024-04-03,09:09:00,GRPN,B,212,11.8000,0
2024-04-03,12:48:00,GRPN,S,212,11.5000,0
2024-04-03,13:14:00,GRPN,S,217,11.4700,0
2024-04-03,13:40:00,GRPN,B,217,11.5600,0
2024-04-03,13:49:00,RPAY,B,240,10.3850,0
2024-04-03,13:49:00,RPAY,S,240,10.3550,0
2024-04-03,14:42:00,MXL,B,114,21.7400,0
2024-04-03,14:59:00,MXL,S,114,21.5500,0
2024-04-03,09:07:00,BMEA,B,188,13.3600,0
2024-04-03,15:00:00,BMEA,S,94,13.8944,0
2024-04-03,15:00:00,BMEA,S,94,13.9700,0
2024-04-03,10:32:00,PARR,B,65,38.5600,0
2024-04-03,15:00:00,PARR,S,65,39.2000,0
2024-04-03,13:21:00,NNBR,S,569,4.3600,0
2024-04-03,15:00:00,NNBR,B,569,4.3500,0
2024-04-03,13:44:00,GPRE,S,108,22.9700,0
2024-04-03,15:00:00,GPRE,B,108,23.0650,0
2024-04-03,14:02:00,LZM,B,314,8.0700,0
2024-04-03,15:00:00,LZM,S,314,7.9000,0
2024-04-03,14:21:00,EVTL,B,2358,1.0650,0
2024-04-03,15:00:00,EVTL,S,1179,1.1076,0
2024-04-03,15:00:00,EVTL,S,1179,1.1300,0
2024-04-03,14:44:00,CAR,B,20,122.1300,0
2024-04-03,15:00:00,CAR,S,20,121.3100,0
2024-04-04,09:03:00,CAR,B,20,125.1500,0
2024-04-04,09:27:00,CAR,S,20,122.9700,0
2024-04-04,08:51:00,CADL,B,689,2.3700,0
2024-04-04,10:03:00,CADL,S,344,2.4648,0
2024-04-04,10:03:00,CADL,S,345,2.5064,0
2024-04-04,13:21:00,CADL,B,632,3.9500,0
2024-04-04,13:26:00,CADL,S,316,4.1080,0
2024-04-04,13:26:00,CADL,S,316,4.0507,0
2024-04-04,09:51:00,CAR,B,19,125.9600,0
2024-04-04,13:44:00,CAR,S,19,122.9450,0
2024-04-04,09:41:00,SPIR,B,204,12.4850,0
2024-04-04,14:57:00,SPIR,S,204,11.8150,0
2024-04-04,09:08:00,GRPN,S,214,11.6100,0
2024-04-04,15:00:00,GRPN,B,214,11.2600,0
2024-04-04,09:28:00,GPRE,B,105,23.7000,0
2024-04-04,15:00:00,GPRE,S,105,23.4200,0
2024-04-04,09:47:00,IMAX,B,154,16.1500,0
2024-04-04,15:00:00,IMAX,S,154,16.0500,0
2024-04-04,14:42:00,EVTL,B,2136,1.1800,0
2024-04-04,15:00:00,EVTL,S,2136,1.1800,0
2024-04-04,14:47:00,MXL,S,100,22.9200,0
2024-04-04,15:00:00,MXL,B,100,22.6800,0
2024-04-04,14:50:00,NNBR,S,578,4.3150,0
2024-04-04,15:00:00,NNBR,B,578,4.3100,0
2024-04-05,08:49:00,CADL,S,140,6.0250,0
2024-04-05,08:49:00,CADL,B,70,5.7840,0
2024-04-05,08:49:00,CADL,B,70,5.7302,0
2024-04-05,10:19:00,CADL,B,320,8.0650,0
2024-04-05,10:22:00,CADL,S,160,8.3876,0
2024-04-05,10:22:00,CADL,S,160,8.2377,0
2024-04-05,09:12:00,GRPN,B,217,11.5000,0
2024-04-05,13:02:00,GRPN,S,217,11.2400,0
2024-04-05,09:05:00,BMEA,B,196,12.9600,0
2024-04-05,15:00:00,BMEA,S,196,12.7300,0
2024-04-05,09:12:00,MXL,B,107,23.4100,0
2024-04-05,15:00:00,MXL,S,107,22.6200,0
2024-04-05,09:15:00,NKTX,B,263,9.6600,0
2024-04-05,15:00:00,NKTX,S,263,9.3800,0
2024-04-05,10:31:00,SPIR,S,215,11.6000,0
2024-04-05,15:00:00,SPIR,B,215,11.9400,0
2024-04-05,14:13:00,NNBR,S,582,4.2700,0
2024-04-05,15:00:00,NNBR,B,582,4.3100,0
2024-04-05,14:40:00,GRPN,S,223,11.2000,0
2024-04-05,15:00:00,GRPN,B,223,11.1800,0
2024-04-05,14:59:00,CRML,S,215,11.4100,0
2024-04-05,15:00:00,CRML,B,215,11.4100,0
2024-04-08,08:49:00,CADL,B,259,6.9200,0
2024-04-08,09:01:00,CADL,S,129,7.1968,0
2024-04-08,09:01:00,CADL,S,130,7.5608,0
2024-04-08,09:36:00,MXL,B,104,24.1550,0
2024-04-08,11:26:00,MXL,S,104,23.1500,0
2024-04-08,10:15:00,NN,B,328,7.6350,0
2024-04-08,12:56:00,NN,S,164,7.9404,0
2024-04-08,12:56:00,NN,S,164,7.8737,0
2024-04-08,10:36:00,SPIR,B,201,12.4250,0
2024-04-08,15:00:00,SPIR,S,201,12.5900,0
2024-04-08,10:59:00,CAR,B,20,122.2900,0
2024-04-08,15:00:00,CAR,S,20,122.1900,0
2024-04-08,13:11:00,PARR,S,64,38.5550,0
2024-04-08,15:00:00,PARR,B,64,38.3700,0
2024-04-08,13:21:00,IMAX,B,153,16.2500,0
2024-04-08,15:00:00,IMAX,S,153,16.2250,0
2024-04-08,13:57:00,BMEA,S,197,12.5800,0
2024-04-08,15:00:00,BMEA,B,197,12.5000,0
2024-04-08,14:07:00,FLYX,B,554,4.5300,0
2024-04-08,15:00:00,FLYX,S,277,4.7112,0
2024-04-08,15:00:00,FLYX,S,277,4.7200,0
2024-04-08,14:33:00,NNBR,S,581,4.3000,0
2024-04-08,15:00:00,NNBR,B,581,4.2800,0
2024-04-08,14:45:00,VOR,B,1141,2.2100,0
2024-04-08,15:00:00,VOR,S,1141,2.1900,0
2024-04-09,08:54:00,CADL,S,414,5.8000,0
2024-04-09,09:02:00,CADL,B,207,5.5680,0
2024-04-09,09:02:00,CADL,B,207,5.6180,0
2024-04-09,09:17:00,NN,B,316,7.8950,0
2024-04-09,14:09:00,NN,S,316,7.7250,0
2024-04-09,08:56:00,PARR,S,67,36.8800,0
2024-04-09,15:00:00,PARR,B,67,35.6400,0
2024-04-09,09:18:00,NKTX,B,285,8.9200,0
2024-04-09,15:00:00,NKTX,S,285,8.7300,0
2024-04-09,09:42:00,GRPN,B,218,11.4500,0
2024-04-09,15:00:00,GRPN,S,218,11.2300,0
2024-04-09,09:58:00,BMEA,B,196,12.7400,0
2024-04-09,15:00:00,BMEA,S,196,12.8150,0
2024-04-09,09:59:00,GPRE,S,109,22.8600,0
2024-04-09,15:00:00,GPRE,B,109,23.0600,0
2024-04-09,12:07:00,LZM,S,324,7.6000,0
2024-04-09,15:00:00,LZM,B,324,7.6000,0
2024-04-09,13:29:00,NNBR,S,598,4.1600,0
2024-04-09,15:00:00,NNBR,B,598,4.2150,0
2024-04-09,14:03:00,CAR,S,20,123.2950,0
2024-04-09,15:00:00,CAR,B,20,123.4500,0
2024-04-09,14:09:00,BMI,S,15,157.3300,0
2024-04-09,15:00:00,BMI,B,15,157.9800,0
2024-04-09,14:35:00,SPIR,S,207,12.0450,0
2024-04-09,15:00:00,SPIR,B,207,12.1050,0
2024-04-09,14:38:00,VOR,S,1207,2.0600,0
2024-04-09,15:00:00,VOR,B,1207,2.0700,0
2024-04-10,09:33:00,PARR,B,70,35.6700,0
2024-04-10,10:17:00,PARR,S,70,35.2150,0
2024-04-10,09:39:00,RPAY,B,249,10.0500,0
2024-04-10,12:31:00,RPAY,S,249,9.9200,0
2024-04-10,10:05:00,CAR,B,20,120.1900,0
2024-04-10,13:36:00,CAR,S,20,118.9900,0
2024-04-10,11:17:00,IFRX,B,1552,1.6100,0
2024-04-10,13:51:00,IFRX,S,1552,1.5500,0
2024-04-10,08:52:00,IMAX,B,151,16.6250,0
2024-04-10,15:00:00,IMAX,S,151,16.7400,0
2024-04-10,09:34:00,GPRE,B,110,22.9400,0
2024-04-10,15:00:00,GPRE,S,110,23.0900,0
2024-04-10,09:38:00,NN,B,332,7.5800,0
2024-04-10,15:00:00,NN,S,332,7.6100,0
2024-04-10,09:39:00,GRPN,S,224,11.0700,0
2024-04-10,15:00:00,GRPN,B,224,11.1100,0
2024-04-10,09:42:00,BMEA,B,200,12.6700,0
2024-04-10,15:00:00,BMEA,S,200,12.7500,0
2024-04-10,13:01:00,BMI,S,16,153.4250,0
2024-04-10,15:00:00,BMI,B,16,153.9500,0
2024-04-10,14:48:00,LZM,S,317,6.7800,0
2024-04-10,15:00:00,LZM,B,317,6.7800,0
2024-04-10,14:54:00,EVTL,S,1569,0.9100,0
2024-04-10,15:00:00,EVTL,B,1569,0.9100,0
2024-04-11,08:48:00,NKTX,S,320,7.8000,0
2024-04-11,10:46:00,NKTX,B,320,8.1400,0
2024-04-11,09:50:00,NN,S,335,7.4100,0
2024-04-11,10:56:00,NN,B,167,7.1136,0
2024-04-11,10:56:00,NN,B,168,7.0891,0
2024-04-11,11:18:00,CADL,B,281,6.9900,0
2024-04-11,11:29:00,CADL,S,140,7.2696,0
2024-04-11,11:29:00,CADL,S,141,7.2780,0
2024-04-11,09:28:00,CAR,S,20,118.5800,0
2024-04-11,12:58:00,CAR,B,20,120.3400,0
2024-04-11,09:48:00,GRPN,B,224,11.1450,0
2024-04-11,13:55:00,GRPN,S,224,11.0000,0
2024-04-11,14:24:00,GRPN,S,231,10.7800,0
2024-04-11,14:34:00,GRPN,B,231,10.8300,0
2024-04-11,09:07:00,GPRE,S,111,22.4100,0
2024-04-11,15:00:00,GPRE,B,111,22.3700,0
2024-04-11,09:39:00,MXL,S,112,22.1350,0
2024-04-11,15:00:00,MXL,B,112,22.4200,0
2024-04-11,10:26:00,BMEA,B,194,13.0150,0
2024-04-11,15:00:00,BMEA,S,194,13.2900,0
2024-04-11,13:40:00,CAR,B,20,121.2900,0
2024-04-11,15:00:00,CAR,S,20,121.1400,0
2024-04-11,14:15:00,NKTX,B,285,8.8250,0
2024-04-11,15:00:00,NKTX,S,285,8.7900,0
2024-04-12,08:47:00,CADL,S,371,6.6700,0
2024-04-12,09:33:00,CADL,B,371,7.1000,0
2024-04-12,09:57:00,GPRE,B,108,23.1400,0
2024-04-12,10:45:00,GPRE,S,108,22.5400,0
2024-04-12,09:56:00,BMEA,B,185,13.5200,0
2024-04-12,14:16:00,BMEA,S,185,13.1750,0
2024-04-12,08:59:00,IMAX,S,151,16.4800,0
2024-04-12,15:00:00,IMAX,B,151,16.4700,0
2024-04-12,09:18:00,CAR,S,21,117.6850,0
2024-04-12,15:00:00,CAR,B,21,114.6800,0
2024-04-12,09:49:00,RPAY,B,252,9.9200,0
2024-04-12,15:00:00,RPAY,S,252,9.9800,0
2024-04-12,13:31:00,SPIR,S,223,11.0000,0
2024-04-12,15:00:00,SPIR,B,223,10.9400,0
2024-04-12,14:54:00,LZM,B,330,7.5900,0
2024-04-12,15:00:00,LZM,S,330,7.5900,0
2024-04-15,10:08:00,GPRE,S,120,20.7500,0
2024-04-15,11:07:00,GPRE,B,120,21.3100,0
2024-04-15,08:58:00,MXL,S,110,22.4250,0
2024-04-15,12:57:00,MXL,B,55,21.5280,0
2024-04-15,12:57:00,MXL,B,55,21.6943,0
2024-04-15,10:21:00,BMEA,S,192,12.9300,0
2024-04-15,14:26:00,BMEA,B,96,12.4128,0
2024-04-15,14:26:00,BMEA,B,96,12.3393,0
2024-04-15,08:46:00,CAR,S,21,114.7450,0
2024-04-15,15:00:00,CAR,B,21,111.8600,0
2024-04-15,09:58:00,IMAX,S,151,16.4350,0
2024-04-15,15:00:00,IMAX,B,151,16.3600,0
2024-04-15,09:58:00,NKTX,S,286,8.7400,0
2024-04-15,15:00:00,NKTX,B,286,8.7100,0
2024-04-15,10:00:00,PARR,S,73,34.0900,0
2024-04-15,15:00:00,PARR,B,73,33.4150,0
2024-04-15,10:10:00,GRPN,S,247,10.0900,0
2024-04-15,15:00:00,GRPN,B,247,10.0000,0
2024-04-15,12:10:00,RPAY,S,258,9.6600,0
2024-04-15,15:00:00,RPAY,B,258,9.5750,0
2024-04-15,14:01:00,ACHV,B,580,4.3400,0
2024-04-15,15:00:00,ACHV,S,580,4.4200,0
2024-04-15,14:41:00,EVTL,S,2254,0.7450,0
2024-04-15,15:00:00,EVTL,B,2254,0.7450,0
2024-04-15,14:43:00,IFRX,S,1779,1.4000,0
2024-04-15,15:00:00,IFRX,B,1779,1.4000,0
2024-04-16,08:50:00,GRPN,S,250,10.0000,0
2024-04-16,09:19:00,GRPN,B,250,10.2900,0
2024-04-16,10:27:00,PARR,B,76,32.8200,0
2024-04-16,11:19:00,PARR,S,76,32.5900,0
2024-04-16,09:13:00,NKTX,S,303,8.2100,0
2024-04-16,12:14:00,NKTX,B,151,7.8816,0
2024-04-16,12:14:00,NKTX,B,152,7.7621,0
2024-04-16,08:45:00,MXL,S,120,20.8200,0
2024-04-16,13:34:00,MXL,B,120,21.3250,0
2024-04-16,09:46:00,GRPN,B,241,10.5300,0
2024-04-16,14:35:00,GRPN,S,120,10.9512,0
2024-04-16,14:35:00,GRPN,S,121,10.8547,0
2024-04-16,09:03:00,CAR,S,23,108.2700,0
2024-04-16,15:00:00,CAR,B,23,108.5000,0
2024-04-16,09:17:00,IMAX,B,153,16.4550,0
2024-04-16,15:00:00,IMAX,S,153,16.8700,0
2024-04-16,09:21:00,NN,B,312,8.0250,0
2024-04-16,15:00:00,NN,S,312,8.0150,0
2024-04-16,10:10:00,GPRE,B,119,20.9850,0
2024-04-16,15:00:00,GPRE,S,119,21.1150,0
2024-04-16,14:35:00,NNBR,S,656,3.8000,0
2024-04-16,15:00:00,NNBR,B,656,3.8000,0
2024-04-16,14:39:00,FRMM,S,476,1.5900,0
2024-04-16,15:00:00,FRMM,B,238,1.5264,0
2024-04-16,15:00:00,FRMM,B,238,1.4900,0
2024-04-17,09:32:00,NN,B,300,8.5500,0
2024-04-17,10:45:00,NN,S,300,7.9950,0
2024-04-17,09:17:00,NKTX,B,318,7.8600,0
2024-04-17,13:27:00,NKTX,S,318,7.7950,0
2024-04-17,09:10:00,GRPN,S,229,10.5200,0
2024-04-17,13:46:00,GRPN,B,114,10.0992,0
2024-04-17,13:46:00,GRPN,B,115,10.0802,0
2024-04-17,09:56:00,IMAX,S,146,17.0300,0
2024-04-17,14:47:00,IMAX,B,146,17.1950,0
2024-04-17,09:12:00,MXL,S,118,21.0800,0
2024-04-17,15:00:00,MXL,B,118,20.5400,0
2024-04-17,09:21:00,GPRE,S,117,21.1500,0
2024-04-17,15:00:00,GPRE,B,117,20.9350,0
2024-04-17,09:57:00,CAR,S,23,106.6900,0
2024-04-17,15:00:00,CAR,B,23,105.5800,0
2024-04-17,10:00:00,PARR,S,76,32.8100,0
2024-04-17,15:00:00,PARR,B,76,32.2100,0
2024-04-17,13:31:00,RPAY,B,263,9.5050,0
2024-04-17,15:00:00,RPAY,S,263,9.5500,0
2024-04-17,13:54:00,GRPN,S,250,9.9300,0
2024-04-17,15:00:00,GRPN,B,250,9.7700,0
2024-04-17,14:00:00,VOR,B,1461,1.7300,0
2024-04-17,15:00:00,VOR,S,1461,1.7400,0
2024-04-17,14:45:00,SPIR,S,242,10.2550,0
2024-04-17,15:00:00,SPIR,B,242,10.1650,0
2024-04-18,09:10:00,IMAX,B,145,17.2250,0
2024-04-18,13:34:00,IMAX,S,145,17.0550,0
2024-04-18,09:03:00,NKTX,B,325,7.6900,0
2024-04-18,15:00:00,NKTX,S,325,7.7800,0
2024-04-18,09:17:00,GPRE,B,117,21.3800,0
2024-04-18,15:00:00,GPRE,S,117,21.1500,0
2024-04-18,09:58:00,CAR,S,24,103.2700,0
2024-04-18,15:00:00,CAR,B,24,102.1800,0
2024-04-18,10:05:00,NN,B,311,8.1850,0
2024-04-18,15:00:00,NN,S,311,8.0900,0
2024-04-18,10:09:00,PARR,S,78,31.9900,0
2024-04-18,15:00:00,PARR,B,78,31.0700,0
2024-04-18,10:27:00,MXL,B,120,20.8400,0
2024-04-18,15:00:00,MXL,S,120,20.2900,0
2024-04-18,11:50:00,GRPN,S,254,9.7800,0
2024-04-18,15:00:00,GRPN,B,254,9.7250,0
2024-04-18,14:02:00,VOR,S,1488,1.6800,0
2024-04-18,15:00:00,VOR,B,1488,1.6900,0
2024-04-19,09:46:00,IMAX,S,146,17.0500,0
2024-04-19,10:05:00,IMAX,B,146,17.1450,0
2024-04-19,09:34:00,BMEA,S,223,11.1350,0
2024-04-19,11:30:00,BMEA,B,111,10.6896,0
2024-04-19,11:30:00,BMEA,B,112,10.7913,0
2024-04-19,09:02:00,GRPN,B,255,9.7800,0
2024-04-19,11:41:00,GRPN,S,255,9.6100,0
2024-04-19,10:25:00,BMI,B,13,179.5900,0
2024-04-19,11:54:00,BMI,S,13,176.1200,0
2024-04-19,13:17:00,IMAX,S,147,16.9150,0
2024-04-19,13:26:00,IMAX,B,147,16.9350,0
2024-04-19,09:56:00,CAR,B,24,103.6000,0
2024-04-19,13:29:00,CAR,S,24,101.5500,0
2024-04-19,14:40:00,GRPN,S,265,9.4300,0
2024-04-19,14:54:00,GRPN,B,265,9.5150,0
2024-04-19,09:24:00,GPRE,B,115,21.6400,0
2024-04-19,15:00:00,GPRE,S,115,22.2200,0
2024-04-19,09:59:00,MXL,S,124,20.0150,0
2024-04-19,15:00:00,MXL,B,124,19.6200,0
2024-04-19,10:06:00,NN,S,309,7.9750,0
2024-04-19,15:00:00,NN,B,309,8.1800,0
2024-04-19,13:37:00,NNBR,B,632,3.9600,0
2024-04-19,15:00:00,NNBR,S,632,3.8900,0
2024-04-22,08:42:00,F,B,201,12.4400,0
2024-04-22,15:00:00,F,S,201,12.8850,0
2024-04-23,09:22:00,NN,B,293,8.5450,0
2024-04-23,09:39:00,NN,S,293,8.4900,0
2024-04-23,08:59:00,GRPN,B,245,10.2400,0
2024-04-23,12:30:00,GRPN,S,122,10.6496,0
2024-04-23,12:30:00,GRPN,S,123,11.0276,0
2024-04-23,09:31:00,PARR,B,77,32.5500,0
2024-04-23,15:00:00,PARR,S,77,32.7800,0
2024-04-23,10:27:00,MXL,B,122,20.5800,0
2024-04-23,15:00:00,MXL,S,122,20.7800,0
2024-04-23,10:27:00,RPAY,B,250,10.0950,0
2024-04-23,15:00:00,RPAY,S,250,10.0550,0
2024-04-23,10:38:00,IMAX,B,144,17.2500,0
2024-04-23,15:00:00,IMAX,S,144,17.4350,0
2024-04-23,14:34:00,EVTL,S,3192,0.7801,0
2024-04-23,15:00:00,EVTL,B,3192,0.7948,0
2024-04-24,09:03:00,TSLA,B,15,165.1900,0
2024-04-24,11:20:00,TSLA,S,15,158.3300,0
2024-04-25,08:43:00,META,B,5,423.6100,0
2024-04-25,09:29:00,META,S,2,440.5544,0
2024-04-25,09:29:00,META,S,3,441.5139,0
2024-04-26,08:41:00,SNAP,S,178,14.0400,0
2024-04-26,11:32:00,SNAP,B,178,14.7500,0
2024-04-29,08:41:00,TSLA,B,13,190.4600,0
2024-04-29,08:54:00,TSLA,S,13,185.4000,0
2024-04-30,08:51:00,WBD,S,329,7.5850,0
2024-04-30,15:00:00,WBD,B,329,7.3500,0
2024-05-01,08:41:00,CTMX,S,615,2.9700,0
2024-05-01,08:43:00,CTMX,B,307,2.8512,0
2024-05-01,08:43:00,CTMX,B,308,2.8597,0
2024-05-01,08:45:00,NIO,B,512,4.8950,0
2024-05-01,08:48:00,NIO,S,256,5.0908,0
2024-05-01,08:48:00,NIO,S,256,5.0911,0
2024-05-01,08:58:00,NIO,B,486,5.1400,0
2024-05-01,09:00:00,NIO,S,486,5.0500,0
2024-05-01,09:13:00,CTMX,B,470,4.1700,0
2024-05-01,09:13:00,CTMX,S,235,4.3368,0
2024-05-01,09:13:00,CTMX,S,235,4.4716,0
2024-05-01,08:56:00,FLG,B,786,3.2200,0
2024-05-01,09:38:00,FLG,S,393,3.3488,0
2024-05-01,09:38:00,FLG,S,393,3.4645,0
2024-05-01,08:43:00,PFE,B,94,26.4700,0
2024-05-01,09:41:00,PFE,S,94,26.0550,0
2024-05-01,09:19:00,CVS,S,46,54.1500,0
2024-05-01,12:04:00,CVS,B,46,56.7500,0
2024-05-01,08:48:00,SBUX,S,33,74.7600,0
2024-05-01,15:00:00,SBUX,B,33,74.4700,0
2024-05-02,09:19:00,BMEA,B,214,11.7450,0
2024-05-02,15:00:00,BMEA,S,214,11.9100,0
2024-05-02,09:44:00,IMAX,S,153,16.2950,0
2024-05-02,15:00:00,IMAX,B,153,16.3800,0
2024-05-02,09:55:00,BMI,B,13,184.2150,0
2024-05-02,15:00:00,BMI,S,13,187.3600,0
2024-05-02,09:57:00,CAR,B,21,114.2050,0
2024-05-02,15:00:00,CAR,S,21,113.8150,0
2024-05-02,10:45:00,RPAY,B,241,10.4350,0
2024-05-02,15:00:00,RPAY,S,241,10.4100,0
2024-05-02,12:15:00,GRPN,B,222,11.2300,0
2024-05-02,15:00:00,GRPN,S,222,11.2400,0
2024-05-02,13:12:00,MXL,B,129,19.2900,0
2024-05-02,15:00:00,MXL,S,129,19.2700,0
2024-05-02,13:33:00,SPIR,B,239,10.4500,0
2024-05-02,15:00:00,SPIR,S,239,10.2100,0
2024-05-02,13:37:00,PARR,B,80,30.9100,0
2024-05-02,15:00:00,PARR,S,80,31.0000,0
2024-05-02,14:58:00,NNBR,S,744,3.3600,0
2024-05-02,15:00:00,NNBR,B,744,3.3600,0
2024-05-03,08:42:00,AAPL,S,13,184.0800,0
2024-05-03,15:00:00,AAPL,B,13,183.3600,0
2024-05-06,09:02:00,GPRE,S,123,20.2300,0
2024-05-06,09:25:00,GPRE,B,123,20.6900,0
2024-05-06,09:13:00,CAR,B,20,119.5000,0
2024-05-06,09:34:00,CAR,S,20,119.2050,0
2024-05-06,09:47:00,CADL,B,195,10.6600,0
2024-05-06,10:33:00,CADL,S,195,9.2750,0
2024-05-06,09:19:00,GRPN,B,223,11.2200,0
2024-05-06,13:30:00,GRPN,S,223,11.1100,0
2024-05-06,09:05:00,PARR,S,80,30.9500,0
2024-05-06,15:00:00,PARR,B,80,30.3600,0
2024-05-06,09:45:00,RPAY,B,235,10.6150,0
2024-05-06,15:00:00,RPAY,S,235,10.8200,0
2024-05-06,09:51:00,BMEA,S,201,12.1200,0
2024-05-06,15:00:00,BMEA,B,201,12.2600,0
2024-05-06,14:30:00,GRPN,S,227,10.9700,0
2024-05-06,15:00:00,GRPN,B,227,10.9900,0
2024-05-06,14:55:00,BMI,B,13,190.7900,0
2024-05-06,15:00:00,BMI,S,13,190.7900,0
2024-05-07,08:42:00,PLTR,S,114,21.8750,0
2024-05-07,15:00:00,PLTR,B,114,21.4100,0
2024-05-08,08:41:00,UBER,B,37,66.9800,0
2024-05-08,12:26:00,UBER,S,37,63.8750,0
2024-05-09,09:29:00,GRPN,B,238,10.4800,0
2024-05-09,10:48:00,GRPN,S,238,10.2000,0
2024-05-09,10:18:00,NKTX,B,393,6.3500,0
2024-05-09,10:52:00,NKTX,S,393,6.2700,0
2024-05-09,09:09:00,CAR,B,20,122.1100,0
2024-05-09,11:17:00,CAR,S,20,120.5150,0
2024-05-09,10:16:00,PARR,B,84,29.6950,0
2024-05-09,15:00:00,PARR,S,84,29.5800,0
2024-05-09,10:21:00,MXL,S,127,19.5900,0
2024-05-09,15:00:00,MXL,B,127,19.3700,0
2024-05-09,10:33:00,RPAY,S,230,10.7250,0
2024-05-09,15:00:00,RPAY,B,230,10.5750,0
2024-05-09,13:46:00,NN,S,300,8.2950,0
2024-05-09,15:00:00,NN,B,300,8.0500,0
2024-05-09,14:56:00,NNBR,B,744,3.3700,0
2024-05-09,15:00:00,NNBR,S,744,3.3500,0
2024-05-09,14:59:00,BMI,B,12,198.1100,0
2024-05-09,15:00:00,BMI,S,12,198.1100,0
2024-05-10,08:52:00,GRPN,B,181,13.1550,0
2024-05-10,13:24:00,GRPN,S,90,13.6812,0
2024-05-10,13:24:00,GRPN,S,91,13.7270,0
2024-05-10,10:25:00,NKTX,S,401,6.1600,0
2024-05-10,14:39:00,NKTX,B,401,6.4050,0
2024-05-10,09:40:00,GPRE,S,126,19.7300,0
2024-05-10,14:54:00,GPRE,B,126,19.9350,0
2024-05-10,14:59:00,CRML,S,287,8.7000,0
2024-05-10,14:59:00,CRML,B,143,8.3520,0
2024-05-10,14:59:00,CRML,B,144,8.4170,0
2024-05-10,09:39:00,CAR,S,21,118.0150,0
2024-05-10,15:00:00,CAR,B,21,119.3250,0
2024-05-10,10:31:00,BMEA,S,226,11.0200,0
2024-05-10,15:00:00,BMEA,B,226,10.6600,0
2024-05-10,12:31:00,BMI,S,12,197.2200,0
2024-05-10,15:00:00,BMI,B,12,197.2900,0
2024-05-10,13:27:00,PARR,S,86,28.8800,0
2024-05-10,15:00:00,PARR,B,86,29.3100,0
2024-05-10,13:54:00,CADL,S,267,9.3300,0
2024-05-10,15:00:00,CADL,B,267,9.3100,0
2024-05-10,14:49:00,ACHV,B,541,4.6200,0
2024-05-10,15:00:00,ACHV,S,541,4.5900,0
2024-05-13,08:49:00,MPT,B,509,4.9150,0
2024-05-13,08:57:00,MPT,S,254,5.1116,0
2024-05-13,08:57:00,MPT,S,255,5.0908,0
2024-05-13,08:43:00,AMC,B,677,3.6250,0
2024-05-13,09:06:00,AMC,S,677,3.3050,0
2024-05-15,08:48:00,AMC,S,210,5.6200,0
2024-05-15,08:56:00,AMC,B,105,5.3952,0
2024-05-15,08:56:00,AMC,B,105,5.2762,0
2024-05-15,09:18:00,AMC,S,479,5.2100,0
2024-05-15,09:24:00,AMC,B,239,5.0016,0
2024-05-15,09:24:00,AMC,B,240,4.9929,0
2024-05-16,08:48:00,FFAI,B,1151,0.9310,0
2024-05-16,08:57:00,FFAI,S,575,0.9682,0
2024-05-16,08:57:00,FFAI,S,576,1.0208,0
2024-05-16,09:32:00,FFAI,B,681,1.1600,0
2024-05-16,09:34:00,FFAI,S,340,1.2064,0
2024-05-16,09:34:00,FFAI,S,341,1.1984,0
2024-05-17,08:42:00,GME,S,114,20.6400,0
2024-05-17,09:51:00,GME,B,57,19.8144,0
2024-05-17,09:51:00,GME,B,57,19.9164,0
2024-05-17,10:02:00,FFAI,B,250,3.0700,0
2024-05-17,10:03:00,FFAI,S,125,3.1928,0
2024-05-17,10:03:00,FFAI,S,125,3.0986,0
2024-05-17,14:00:00,FFAI,S,1249,1.2100,0
2024-05-17,14:00:00,FFAI,B,624,1.1616,0
2024-05-17,14:00:00,FFAI,B,625,1.2100,0
2024-05-20,09:00:00,FFAI,S,384,1.7300,0
2024-05-20,09:01:00,FFAI,B,192,1.6608,0
2024-05-20,09:01:00,FFAI,B,192,1.6107,0
2024-05-21,09:10:00,GPRE,B,130,19.1150,0
2024-05-21,09:52:00,GPRE,S,130,18.9700,0
2024-05-21,13:18:00,FRMM,B,357,2.3200,0
2024-05-21,13:23:00,FRMM,S,178,2.4128,0
2024-05-21,13:23:00,FRMM,S,179,2.4021,0
2024-05-21,09:37:00,SPIR,S,284,8.7800,0
2024-05-21,15:00:00,SPIR,B,284,8.9750,0
2024-05-21,10:24:00,BMEA,S,208,11.9100,0
2024-05-21,15:00:00,BMEA,B,208,11.5900,0
2024-05-21,10:26:00,CAR,S,21,114.3550,0
2024-05-21,15:00:00,CAR,B,21,113.9900,0
2024-05-21,13:23:00,CADL,S,204,12.2300,0
2024-05-21,15:00:00,CADL,B,204,12.2600,0
2024-05-21,14:06:00,IMAX,S,149,16.7400,0
2024-05-21,15:00:00,IMAX,B,149,16.5800,0
2024-05-21,14:11:00,NNBR,B,715,3.5400,0
2024-05-21,15:00:00,NNBR,S,715,3.5850,0
2024-05-21,14:56:00,PARR,S,88,28.1750,0
2024-05-21,15:00:00,PARR,B,88,28.2150,0
2024-05-22,10:08:00,MXL,B,131,19.0500,0
2024-05-22,10:50:00,MXL,S,131,18.9000,0
2024-05-22,09:41:00,IMAX,S,150,16.5500,0
2024-05-22,12:09:00,IMAX,B,150,16.7750,0
2024-05-22,10:07:00,NN,B,332,7.5400,0
2024-05-22,14:43:00,NN,S,332,7.3850,0
2024-05-22,09:21:00,GPRE,B,130,19.2000,0
2024-05-22,15:00:00,GPRE,S,130,19.4200,0
2024-05-22,10:30:00,GRPN,S,148,16.7800,0
2024-05-22,15:00:00,GRPN,B,148,16.5000,0
2024-05-22,13:25:00,NNBR,S,740,3.2400,0
2024-05-22,15:00:00,NNBR,B,740,3.2400,0
2024-05-22,13:30:00,CADL,S,135,10.8100,0
2024-05-22,15:00:00,CADL,B,135,10.6000,0
2024-05-22,14:11:00,RPAY,S,252,9.8750,0
2024-05-22,15:00:00,RPAY,B,252,9.8250,0
2024-05-22,14:14:00,LZM,B,325,7.7000,0
2024-05-22,15:00:00,LZM,S,325,7.5550,0
2024-05-23,09:44:00,BMEA,B,221,11.4350,0
2024-05-23,13:00:00,BMEA,S,221,11.2050,0
2024-05-23,09:45:00,GPRE,S,131,19.0500,0
2024-05-23,15:00:00,GPRE,B,131,18.5600,0
2024-05-23,09:54:00,GRPN,S,154,16.1850,0
2024-05-23,15:00:00,GRPN,B,154,16.3500,0
2024-05-23,09:56:00,MXL,S,133,18.5650,0
2024-05-23,15:00:00,MXL,B,133,18.1200,0
2024-05-23,10:06:00,NN,B,340,7.4300,0
2024-05-23,15:00:00,NN,S,340,7.5000,0
2024-05-23,13:02:00,RPAY,S,257,9.6800,0
2024-05-23,15:00:00,RPAY,B,257,9.8300,0
2024-05-23,13:37:00,NKTX,S,385,6.4900,0
2024-05-23,15:00:00,NKTX,B,385,6.5400,0
2024-05-23,13:54:00,IFRX,S,1655,1.4700,0
2024-05-23,15:00:00,IFRX,B,1655,1.4900,0
2024-05-23,13:55:00,LZM,B,317,7.9200,0
2024-05-23,15:00:00,LZM,S,317,7.8150,0
2024-05-23,14:16:00,IMAX,S,151,16.4950,0
2024-05-23,15:00:00,IMAX,B,151,16.5400,0
2024-05-24,09:00:00,CADL,B,184,9.4650,0
2024-05-24,09:17:00,CADL,S,92,9.8436,0
2024-05-24,09:17:00,CADL,S,92,10.1377,0
2024-05-24,10:04:00,BMEA,B,220,11.5350,0
2024-05-24,13:06:00,BMEA,S,220,10.8300,0
2024-05-24,09:26:00,IMAX,B,149,16.7500,0
2024-05-24,15:00:00,IMAX,S,149,16.8950,0
2024-05-24,09:28:00,NN,B,325,7.6850,0
2024-05-24,15:00:00,NN,S,325,7.7000,0
2024-05-24,10:03:00,GPRE,S,135,18.3800,0
2024-05-24,15:00:00,GPRE,B,135,18.3050,0
2024-05-24,13:16:00,NKTX,S,384,6.5000,0
2024-05-24,15:00:00,NKTX,B,384,6.4600,0
2024-05-24,14:14:00,MXL,S,136,18.1900,0
2024-05-24,15:00:00,MXL,B,136,18.4300,0
2024-05-24,14:31:00,RPAY,S,256,9.7250,0
2024-05-24,15:00:00,RPAY,B,256,9.7850,0
2024-05-28,09:08:00,NN,B,306,8.1700,0
2024-05-28,09:34:00,NN,S,153,8.4968,0
2024-05-28,09:34:00,NN,S,153,8.4183,0
2024-05-28,09:08:00,GRPN,B,147,17.0350,0
2024-05-28,09:35:00,GRPN,S,147,16.3050,0
2024-05-28,09:29:00,CADL,B,318,8.0100,0
2024-05-28,10:20:00,CADL,S,159,8.3304,0
2024-05-28,10:20:00,CADL,S,159,9.0699,0
2024-05-28,10:36:00,NKTX,B,373,6.7100,0
2024-05-28,11:27:00,NKTX,S,373,6.3500,0
2024-05-28,09:49:00,ACHV,B,457,5.4850,0
2024-05-28,11:37:00,ACHV,S,457,5.4000,0
2024-05-28,10:49:00,MXL,B,132,18.8500,0
2024-05-28,12:46:00,MXL,S,132,18.7850,0
2024-05-28,13:28:00,GRPN,S,163,15.3150,0
2024-05-28,14:19:00,GRPN,B,163,15.3850,0
2024-05-28,09:17:00,BMEA,B,216,11.6000,0
2024-05-28,15:00:00,BMEA,S,216,11.6800,0
2024-05-28,09:30:00,CAR,S,22,111.6200,0
2024-05-28,15:00:00,CAR,B,22,111.2550,0
2024-05-28,09:48:00,IMAX,S,151,16.4900,0
2024-05-28,15:00:00,IMAX,B,151,16.3400,0
2024-05-28,10:04:00,GPRE,S,136,18.3700,0
2024-05-28,15:00:00,GPRE,B,136,18.0300,0
2024-05-28,13:06:00,PARR,S,91,27.3500,0
2024-05-28,15:00:00,PARR,B,91,27.2050,0
2024-05-28,13:56:00,SPIR,S,275,8.8950,0
2024-05-28,15:00:00,SPIR,B,275,9.1300,0
2024-05-28,14:30:00,LZM,B,287,8.7350,0
2024-05-28,15:00:00,LZM,S,287,8.9300,0
2024-05-29,08:55:00,AAL,S,216,11.5300,0
2024-05-29,15:00:00,AAL,B,216,11.6200,0
2024-05-30,08:49:00,CRM,S,11,220.2200,0
2024-05-30,15:00:00,CRM,B,11,218.0800,0
2024-05-31,09:39:00,NN,S,326,7.6350,0
2024-05-31,10:28:00,NN,B,326,7.8050,0
2024-05-31,09:40:00,GPRE,S,147,16.8900,0
2024-05-31,11:04:00,GPRE,B,147,16.9900,0
2024-05-31,09:50:00,CAR,S,22,111.4800,0
2024-05-31,12:26:00,CAR,B,22,112.6750,0
2024-05-31,10:31:00,PARR,B,93,26.8500,0
2024-05-31,15:00:00,PARR,S,93,27.1500,0
2024-05-31,14:52:00,NN,B,318,7.8600,0
2024-05-31,15:00:00,NN,S,318,7.8900,0
2024-06-03,08:57:00,RPAY,S,255,9.7550,0
2024-06-03,09:21:00,RPAY,B,255,9.8800,0
2024-06-03,09:16:00,NN,B,309,8.1050,0
2024-06-03,11:11:00,NN,S,309,7.9950,0
2024-06-03,09:38:00,GPRE,S,144,17.1550,0
2024-06-03,11:45:00,GPRE,B,144,17.4600,0
2024-06-03,09:03:00,GRPN,S,157,15.8400,0
2024-06-03,15:00:00,GRPN,B,157,15.6900,0
2024-06-03,09:29:00,PARR,S,92,26.9900,0
2024-06-03,15:00:00,PARR,B,46,25.9104,0
2024-06-03,15:00:00,PARR,B,46,25.7800,0
2024-06-03,10:11:00,CAR,S,22,112.2300,0
2024-06-03,15:00:00,CAR,B,22,113.0650,0
2024-06-03,10:19:00,NKTX,S,355,7.0000,0
2024-06-03,15:00:00,NKTX,B,355,6.7300,0
2024-06-03,13:07:00,IMAX,S,152,16.3550,0
2024-06-03,15:00:00,IMAX,B,152,16.1400,0
2024-06-03,13:48:00,LZM,B,275,9.0700,0
2024-06-03,15:00:00,LZM,S,275,9.0450,0
2024-06-03,14:03:00,FLYX,B,279,5.8900,0
2024-06-03,15:00:00,FLYX,S,279,5.9750,0
2024-06-04,09:14:00,GPRE,B,145,17.2750,0
2024-06-04,15:00:00,GPRE,S,145,17.1250,0
2024-06-04,09:22:00,GRPN,S,162,15.2400,0
2024-06-04,15:00:00,GRPN,B,162,15.0150,0
2024-06-04,09:38:00,CAR,S,22,111.1650,0
2024-06-04,15:00:00,CAR,B,22,109.1000,0
2024-06-04,09:54:00,NN,S,328,7.5750,0
2024-06-04,15:00:00,NN,B,328,7.5500,0
2024-06-04,10:12:00,IMAX,S,157,15.8400,0
2024-06-04,15:00:00,IMAX,B,157,15.5650,0
2024-06-04,13:40:00,ACHV,B,452,5.5250,0
2024-06-04,15:00:00,ACHV,S,452,5.4950,0
2024-06-04,14:54:00,NKTX,S,378,6.5900,0
2024-06-04,15:00:00,NKTX,B,378,6.5800,0
2024-06-05,09:39:00,GPRE,S,146,16.9950,0
2024-06-05,11:39:00,GPRE,B,146,17.0600,0
2024-06-05,09:20:00,GRPN,S,167,14.8100,0
2024-06-05,15:00:00,GRPN,B,167,14.4500,0
2024-06-05,10:05:00,PARR,S,100,24.9000,0
2024-06-05,15:00:00,PARR,B,100,24.9600,0
2024-06-05,10:39:00,CAR,B,22,110.0050,0
2024-06-05,15:00:00,CAR,S,22,111.0000,0
2024-06-05,13:03:00,NNBR,B,819,3.0600,0
2024-06-05,15:00:00,NNBR,S,819,3.0600,0
2024-06-05,13:25:00,RPAY,B,251,9.9950,0
2024-06-05,15:00:00,RPAY,S,251,9.9600,0
2024-06-05,13:44:00,CADL,S,310,8.0600,0
2024-06-05,15:00:00,CADL,B,310,8.0350,0
2024-06-05,14:10:00,MXL,B,148,16.9900,0
2024-06-05,15:00:00,MXL,S,148,16.9400,0
2024-06-05,14:59:00,ACHV,S,468,5.3350,0
2024-06-05,15:00:00,ACHV,B,468,5.3350,0
2024-06-06,13:23:00,IMAX,S,160,15.5300,0
2024-06-06,14:42:00,IMAX,B,160,15.6700,0
2024-06-06,10:14:00,PARR,S,99,25.0200,0
2024-06-06,15:00:00,PARR,B,99,24.9850,0
2024-06-06,13:06:00,CAR,S,22,108.5900,0
2024-06-06,15:00:00,CAR,B,22,108.2200,0
2024-06-06,13:23:00,ACHV,S,469,5.2900,0
2024-06-06,15:00:00,ACHV,B,469,5.3200,0
2024-06-06,14:22:00,NNBR,S,836,2.9800,0
2024-06-06,15:00:00,NNBR,B,836,2.9900,0
2024-06-06,14:38:00,ELDN,S,899,2.7400,0
2024-06-06,15:00:00,ELDN,B,899,2.7400,0
2024-06-06,14:38:00,MXL,B,146,17.1300,0
2024-06-06,15:00:00,MXL,S,146,17.2900,0
2024-06-06,14:53:00,VOR,B,2000,1.2650,0
2024-06-06,15:00:00,VOR,S,2000,1.2650,0
2024-06-07,09:20:00,GME,S,17,36.2700,0
2024-06-07,09:25:00,GME,B,8,34.8192,0
2024-06-07,09:25:00,GME,B,9,35.7271,0
2024-06-07,08:41:00,GERN,B,434,4.9800,0
2024-06-07,15:00:00,GERN,S,434,4.5900,0
2024-06-10,08:45:00,NVDA,S,20,119.2950,0
2024-06-10,09:49:00,NVDA,B,20,121.2100,0
2024-06-10,08:41:00,GME,S,92,27.1000,0
2024-06-10,10:18:00,GME,B,46,26.0160,0
2024-06-10,10:18:00,GME,B,46,26.1160,0
2024-06-11,08:47:00,GME,S,108,22.8900,0
2024-06-11,09:13:00,GME,B,108,24.4750,0
2024-06-11,08:43:00,AAPL,B,12,197.5850,0
2024-06-11,15:00:00,AAPL,S,6,205.4884,0
2024-06-11,15:00:00,AAPL,S,6,207.1500,0
2024-06-12,14:55:00,VOR,B,1968,1.2700,0
2024-06-12,14:57:00,VOR,S,1968,1.2500,0
2024-06-12,09:43:00,CAR,B,22,112.3550,0
2024-06-12,15:00:00,CAR,S,22,111.6400,0
2024-06-12,09:53:00,RPAY,S,226,10.9500,0
2024-06-12,15:00:00,RPAY,B,226,11.0000,0
2024-06-12,10:05:00,BMEA,B,530,4.7200,0
2024-06-12,15:00:00,BMEA,S,530,4.6250,0
2024-06-12,10:32:00,GPRE,S,150,16.6500,0
2024-06-12,15:00:00,GPRE,B,150,16.1800,0
2024-06-12,10:57:00,MXL,S,138,17.9600,0
2024-06-12,15:00:00,MXL,B,138,18.1400,0
2024-06-12,11:00:00,PARR,S,99,25.0900,0
2024-06-12,15:00:00,PARR,B,99,25.0500,0
2024-06-12,14:37:00,NNBR,S,823,3.0000,0
2024-06-12,15:00:00,NNBR,B,823,3.0000,0
2024-06-12,14:50:00,SPIR,S,261,9.5100,0
2024-06-12,15:00:00,SPIR,B,261,9.5200,0
2024-06-13,13:14:00,SPIR,B,180,10.4000,0
2024-06-13,14:22:00,SPIR,S,90,10.8160,0
2024-06-13,14:22:00,SPIR,S,90,10.7510,0
2024-06-13,08:54:00,BMEA,B,408,5.9200,0
2024-06-13,15:00:00,BMEA,S,408,5.8050,0
2024-06-13,10:10:00,GPRE,S,161,15.4250,0
2024-06-13,15:00:00,GPRE,B,161,15.6300,0
2024-06-13,10:32:00,NN,S,337,7.2950,0
2024-06-13,15:00:00,NN,B,337,7.3700,0
2024-06-13,14:24:00,CAR,S,23,107.6200,0
2024-06-13,15:00:00,CAR,B,23,108.2550,0
2024-06-13,14:50:00,BMI,B,13,188.8550,0
2024-06-13,15:00:00,BMI,S,13,188.6800,0
2024-06-14,09:40:00,GRPN,S,165,15.0300,0
2024-06-14,09:58:00,GRPN,B,165,15.2050,0
2024-06-14,09:23:00,BMEA,B,434,5.7800,0
2024-06-14,10:40:00,BMEA,S,217,6.0112,0
2024-06-14,10:40:00,BMEA,S,217,6.0322,0
2024-06-14,09:54:00,IMAX,S,166,15.0300,0
2024-06-14,14:50:00,IMAX,B,166,15.3200,0
2024-06-14,14:51:00,MXL,B,137,18.2000,0
2024-06-14,14:55:00,MXL,S,137,18.1600,0
2024-06-14,09:24:00,GPRE,S,163,15.2500,0
2024-06-14,15:00:00,GPRE,B,163,15.1050,0
2024-06-14,10:11:00,SPIR,B,239,10.5650,0
2024-06-14,15:00:00,SPIR,S,239,10.5350,0
2024-06-14,12:34:00,CAR,S,23,104.0350,0
2024-06-14,15:00:00,CAR,B,23,105.3000,0
2024-06-14,13:16:00,NN,S,342,7.2750,0
2024-06-14,15:00:00,NN,B,342,7.3900,0
2024-06-14,13:38:00,NNBR,S,837,2.9800,0
2024-06-14,15:00:00,NNBR,B,837,3.0000,0
2024-06-14,14:16:00,LZM,B,275,9.1000,0
2024-06-14,15:00:00,LZM,S,275,9.0750,0
2024-06-14,14:51:00,NKTX,S,417,5.9900,0
2024-06-14,15:00:00,NKTX,B,417,6.0200,0
2024-06-17,08:45:00,BMEA,S,462,5.3350,0
2024-06-17,08:51:00,BMEA,B,231,5.1216,0
2024-06-17,08:51:00,BMEA,B,231,5.0834,0
2024-06-17,08:59:00,MXL,B,138,18.1200,0
2024-06-17,09:22:00,MXL,S,138,17.9900,0
2024-06-17,09:02:00,GPRE,S,170,14.5900,0
2024-06-17,12:06:00,GPRE,B,170,14.9400,0
2024-06-17,10:14:00,NN,S,347,7.1400,0
2024-06-17,12:30:00,NN,B,347,7.3600,0
2024-06-17,10:13:00,SPIR,S,239,10.4350,0
2024-06-17,15:00:00,SPIR,B,239,10.4550,0
2024-06-17,14:20:00,VOR,B,2183,1.1550,0
2024-06-17,15:00:00,VOR,S,2183,1.1550,0
2024-06-17,14:30:00,MXL,B,136,18.3000,0
2024-06-17,15:00:00,MXL,S,136,18.4400,0
2024-06-18,09:28:00,GPRE,B,169,14.8200,0
2024-06-18,11:56:00,GPRE,S,169,14.5300,0
2024-06-18,09:16:00,NKTX,S,453,5.4600,0
2024-06-18,11:59:00,NKTX,B,226,5.2416,0
2024-06-18,11:59:00,NKTX,B,227,5.1646,0
2024-06-18,09:49:00,MXL,B,135,18.6600,0
2024-06-18,15:00:00,MXL,S,135,18.7950,0
2024-06-18,10:01:00,IMAX,B,154,16.2400,0
2024-06-18,15:00:00,IMAX,S,154,16.3250,0
2024-06-18,10:31:00,RPAY,S,232,10.7100,0
2024-06-18,15:00:00,RPAY,B,232,10.7500,0
2024-06-18,13:34:00,GRPN,S,165,15.1300,0
2024-06-18,15:00:00,GRPN,B,165,14.9100,0
2024-06-18,14:56:00,ELDN,S,950,2.6200,0
2024-06-18,15:00:00,ELDN,B,950,2.6000,0
2024-06-20,09:48:00,PARR,S,102,24.4000,0
2024-06-20,10:00:00,PARR,B,102,24.5550,0
2024-06-20,13:19:00,NKTX,B,466,5.3600,0
2024-06-20,13:19:00,NKTX,S,466,5.3500,0
2024-06-20,09:24:00,RPAY,S,234,10.6450,0
2024-06-20,13:21:00,RPAY,B,234,10.7400,0
2024-06-20,09:31:00,BMEA,B,514,4.8800,0
2024-06-20,14:19:00,BMEA,S,257,5.0752,0
2024-06-20,14:19:00,BMEA,S,257,5.1412,0
2024-06-20,09:08:00,CAR,B,23,105.9900,0
2024-06-20,14:39:00,CAR,S,11,110.2296,0
2024-06-20,14:39:00,CAR,S,12,111.2401,0
2024-06-20,14:38:00,LZM,S,151,7.6800,0
2024-06-20,14:47:00,LZM,B,75,7.3728,0
2024-06-20,14:47:00,LZM,B,76,7.4368,0
2024-06-20,13:46:00,NN,B,350,7.2400,0
2024-06-20,15:00:00,NN,S,350,7.4200,0
2024-06-20,14:39:00,CADL,S,407,6.0400,0
2024-06-20,15:00:00,CADL,B,407,6.0100,0
2024-06-20,14:50:00,IMAX,B,153,16.3100,0
2024-06-20,15:00:00,IMAX,S,153,16.4000,0
2024-06-21,09:02:00,NKTX,S,487,5.1000,0
2024-06-21,09:26:00,NKTX,B,487,5.2200,0
2024-06-21,09:26:00,PARR,S,102,24.4300,0
2024-06-21,09:48:00,PARR,B,102,24.6050,0
2024-06-21,10:24:00,BMEA,B,471,5.3300,0
2024-06-21,14:37:00,BMEA,S,471,5.0900,0
2024-06-21,14:32:00,ELDN,B,900,2.7800,0
2024-06-21,14:38:00,ELDN,S,900,2.7400,0
2024-06-21,09:01:00,IMAX,B,147,16.9150,0
2024-06-21,15:00:00,IMAX,S,147,16.8500,0
2024-06-21,12:27:00,GPRE,B,168,14.9000,0
2024-06-21,15:00:00,GPRE,S,168,14.9950,0
2024-06-21,13:31:00,PARR,S,103,24.1100,0
2024-06-21,15:00:00,PARR,B,103,23.8900,0
2024-06-21,13:33:00,GRPN,B,171,14.6400,0
2024-06-21,15:00:00,GRPN,S,171,14.8700,0
2024-06-21,14:52:00,NKTX,B,463,5.4600,0
2024-06-21,15:00:00,NKTX,S,463,5.4900,0
2024-06-21,14:54:00,CADL,B,413,6.0500,0
2024-06-21,15:00:00,CADL,S,413,6.0000,0
2024-06-21,14:59:00,RPAY,S,238,10.4850,0
2024-06-21,15:00:00,RPAY,B,238,10.5550,0
2024-06-24,08:45:00,NVDA,S,20,122.5400,0
2024-06-24,15:00:00,NVDA,B,20,118.0800,0
2024-06-25,08:44:00,CCL,B,142,17.5750,0
2024-06-25,08:56:00,CCL,S,142,17.4100,0
2024-06-25,08:47:00,NVDA,B,20,121.5900,0
2024-06-25,15:00:00,NVDA,S,10,126.4536,0
2024-06-25,15:00:00,NVDA,S,10,126.1000,0
2024-06-27,09:52:00,SPIR,B,223,11.2100,0
2024-06-27,10:55:00,SPIR,S,223,10.7450,0
2024-06-27,10:36:00,IMAX,S,148,16.8050,0
2024-06-27,11:16:00,IMAX,B,148,16.8700,0
2024-06-27,09:46:00,BMEA,B,547,4.5700,0
2024-06-27,13:01:00,BMEA,S,547,4.4600,0
2024-06-27,10:18:00,GRPN,S,170,14.6900,0
2024-06-27,13:53:00,GRPN,B,170,15.0000,0
2024-06-27,10:00:00,RPAY,S,237,10.5300,0
2024-06-27,14:34:00,RPAY,B,237,10.5900,0
2024-06-27,09:51:00,NN,S,316,7.8600,0
2024-06-27,14:56:00,NN,B,316,7.9900,0
2024-06-27,09:53:00,PARR,S,99,25.0800,0
2024-06-27,15:00:00,PARR,B,99,24.7150,0
2024-06-27,10:03:00,VOR,B,2173,1.1600,0
2024-06-27,15:00:00,VOR,S,2173,1.1400,0
2024-06-27,10:11:00,MXL,S,122,20.4200,0
2024-06-27,15:00:00,MXL,B,122,20.0250,0
2024-06-27,10:31:00,NKTX,S,427,5.8300,0
2024-06-27,15:00:00,NKTX,B,427,5.8800,0
2024-06-27,10:36:00,GPRE,S,150,16.6000,0
2024-06-27,15:00:00,GPRE,B,150,16.6000,0
2024-06-27,10:39:00,ACHV,S,510,4.8600,0
2024-06-27,15:00:00,ACHV,B,255,4.6656,0
2024-06-27,15:00:00,ACHV,B,255,4.6600,0
2024-06-27,14:53:00,RPAY,B,235,10.6000,0
2024-06-27,15:00:00,RPAY,S,235,10.6300,0
2024-06-28,08:52:00,NKE,S,32,77.0700,0
2024-06-28,15:00:00,NKE,B,32,75.3450,0
2024-07-01,09:25:00,BMEA,B,533,4.6900,0
2024-07-01,10:31:00,BMEA,S,533,4.6300,0
2024-07-01,13:48:00,CADL,B,386,6.4750,0
2024-07-01,14:53:00,CADL,S,386,6.4300,0
2024-07-01,09:54:00,RPAY,S,246,10.0800,0
2024-07-01,14:55:00,RPAY,B,246,10.4800,0
2024-07-01,09:09:00,CAR,S,23,105.4600,0
2024-07-01,15:00:00,CAR,B,11,101.2416,0
2024-07-01,15:00:00,CAR,B,12,101.2800,0
2024-07-01,09:41:00,PARR,S,99,25.0900,0
2024-07-01,15:00:00,PARR,B,99,25.3000,0
2024-07-01,09:42:00,GRPN,B,160,15.6050,0
2024-07-01,15:00:00,GRPN,S,160,15.4900,0
2024-07-01,09:53:00,ACHV,B,516,4.8800,0
2024-07-01,15:00:00,ACHV,S,516,4.7600,0
2024-07-01,10:37:00,GPRE,S,161,15.4100,0
2024-07-01,15:00:00,GPRE,B,161,15.5450,0
2024-07-01,14:57:00,MXL,B,118,21.2400,0
2024-07-01,15:00:00,MXL,S,118,21.3300,0
2024-07-02,09:26:00,MXL,B,114,21.9200,0
2024-07-02,11:03:00,MXL,S,114,21.5000,0
2024-07-02,10:18:00,BMEA,B,542,4.6700,0
2024-07-02,12:34:00,BMEA,S,542,4.4400,0
2024-07-02,09:47:00,CAR,S,24,102.3100,0
2024-07-02,14:05:00,CAR,B,24,103.7600,0
2024-07-02,09:14:00,PARR,B,94,26.5700,0
2024-07-02,15:00:00,PARR,S,94,25.7000,0
2024-07-02,10:22:00,GPRE,S,162,15.3900,0
2024-07-02,15:00:00,GPRE,B,162,15.1400,0
2024-07-02,14:52:00,CAR,B,23,104.4000,0
2024-07-02,15:00:00,CAR,S,23,104.9700,0
2024-07-02,14:58:00,GRPN,B,165,15.1950,0
2024-07-02,15:00:00,GRPN,S,165,15.1950,0
2024-07-02,14:58:00,NN,S,314,7.9400,0
2024-07-02,15:00:00,NN,B,314,7.9400,0
2024-07-02,14:59:00,ACHV,S,543,4.5900,0
2024-07-02,15:00:00,ACHV,B,543,4.5900,0
2024-07-03,09:56:00,CAR,B,23,108.7500,0
2024-07-03,10:52:00,CAR,S,23,107.9200,0
2024-07-03,08:41:00,RPAY,B,272,9.1950,0
2024-07-03,15:00:00,RPAY,S,272,9.3500,0
2024-07-03,09:26:00,PARR,S,97,25.6400,0
2024-07-03,15:00:00,PARR,B,97,25.7400,0
2024-07-03,10:03:00,GPRE,S,165,15.0700,0
2024-07-03,15:00:00,GPRE,B,165,14.9800,0
2024-07-03,10:27:00,BMI,B,13,188.7850,0
2024-07-03,15:00:00,BMI,S,13,188.3300,0
2024-07-05,09:41:00,RPAY,B,263,9.5200,0
2024-07-05,15:00:00,RPAY,S,263,9.6300,0
2024-07-05,09:57:00,MXL,B,116,21.4200,0
2024-07-05,15:00:00,MXL,S,116,21.8500,0
2024-07-05,10:48:00,GRPN,S,171,14.5600,0
2024-07-05,15:00:00,GRPN,B,171,14.4300,0
2024-07-05,10:48:00,SPIR,B,242,10.3700,0
2024-07-05,15:00:00,SPIR,S,242,10.4000,0
2024-07-05,13:24:00,CADL,S,413,5.8100,0
2024-07-05,15:00:00,CADL,B,413,5.8200,0
2024-07-05,14:02:00,VOR,S,2752,0.9028,0
2024-07-05,15:00:00,VOR,B,2752,0.9223,0
2024-07-05,14:25:00,NN,B,306,8.2750,0
2024-07-05,15:00:00,NN,S,306,8.4450,0
2024-07-05,14:51:00,GPRE,S,173,14.3950,0
2024-07-05,15:00:00,GPRE,B,173,14.3800,0
2024-07-08,10:02:00,NKTX,B,458,5.4600,0
2024-07-08,10:13:00,NKTX,S,458,5.4000,0
2024-07-08,09:32:00,IMAX,B,146,17.1700,0
2024-07-08,15:00:00,IMAX,S,146,17.0200,0
2024-07-08,09:38:00,GPRE,B,170,14.7200,0
2024-07-08,15:00:00,GPRE,S,170,14.8700,0
2024-07-08,09:42:00,MXL,B,110,22.6600,0
2024-07-08,15:00:00,MXL,S,110,22.7300,0
2024-07-08,10:09:00,CAR,S,23,104.2900,0
2024-07-08,15:00:00,CAR,B,23,102.0450,0
2024-07-08,10:21:00,GRPN,S,169,14.5600,0
2024-07-08,15:00:00,GRPN,B,169,14.6050,0
2024-07-08,10:32:00,SPIR,B,221,11.2950,0
2024-07-08,15:00:00,SPIR,S,221,10.7100,0
2024-07-08,13:40:00,BMEA,B,541,4.7300,0
2024-07-08,15:00:00,BMEA,S,541,4.8100,0
2024-07-08,14:16:00,PARR,S,102,24.3200,0
2024-07-08,15:00:00,PARR,B,102,24.3950,0
2024-07-09,10:14:00,FRMM,B,476,2.3900,0
2024-07-09,10:18:00,FRMM,S,238,2.4856,0
2024-07-09,10:18:00,FRMM,S,238,2.6800,0
2024-07-09,10:23:00,FRMM,B,645,2.8900,0
2024-07-09,10:26:00,FRMM,S,322,3.0056,0
2024-07-09,10:26:00,FRMM,S,323,2.8900,0
2024-07-09,09:11:00,GRPN,S,179,13.8900,0
2024-07-09,11:29:00,GRPN,B,89,13.3344,0
2024-07-09,11:29:00,GRPN,B,90,13.3989,0
2024-07-09,09:30:00,PARR,B,103,24.1300,0
2024-07-09,14:14:00,PARR,S,103,23.8500,0
2024-07-09,14:42:00,SHMD,S,536,4.6100,0
2024-07-09,14:46:00,SHMD,B,536,4.8200,0
2024-07-09,09:22:00,RPAY,S,264,9.4000,0
2024-07-09,15:00:00,RPAY,B,264,9.5000,0
2024-07-09,09:36:00,CAR,B,24,102.0700,0
2024-07-09,15:00:00,CAR,S,24,102.0400,0
2024-07-09,09:51:00,GPRE,B,167,14.9500,0
2024-07-09,15:00:00,GPRE,S,167,15.2800,0
2024-07-09,09:58:00,NN,S,304,8.1650,0
2024-07-09,15:00:00,NN,B,304,8.1500,0
2024-07-09,10:17:00,MXL,S,112,22.1400,0
2024-07-09,15:00:00,MXL,B,112,22.1750,0
2024-07-09,14:45:00,BMEA,S,535,4.6500,0
2024-07-09,15:00:00,BMEA,B,535,4.6900,0
2024-07-09,14:50:00,CADL,B,422,5.9200,0
2024-07-09,15:00:00,CADL,S,422,5.9100,0
2024-07-09,14:56:00,IMAX,S,150,16.6400,0
2024-07-09,15:00:00,IMAX,B,150,16.6000,0
2024-07-09,14:57:00,IFRX,B,1515,1.7000,0
2024-07-09,15:00:00,IFRX,S,1515,1.7000,0
2024-07-10,14:47:00,IMAX,S,151,16.4700,0
2024-07-10,14:52:00,IMAX,B,151,16.5000,0
2024-07-10,09:16:00,CAR,S,25,98.9750,0
2024-07-10,15:00:00,CAR,B,25,99.0500,0
2024-07-10,09:25:00,NKTX,S,449,5.5000,0
2024-07-10,15:00:00,NKTX,B,449,5.4800,0
2024-07-10,09:55:00,PARR,S,108,23.0800,0
2024-07-10,15:00:00,PARR,B,108,22.9650,0
2024-07-10,10:27:00,NN,B,305,8.2800,0
2024-07-10,15:00:00,NN,S,305,8.5600,0
2024-07-10,10:29:00,RPAY,S,266,9.3750,0
2024-07-10,15:00:00,RPAY,B,266,9.1650,0
2024-07-10,10:37:00,GPRE,S,164,15.2200,0
2024-07-10,15:00:00,GPRE,B,164,15.1450,0
2024-07-10,14:13:00,FRMM,S,240,2.2400,0
2024-07-10,15:00:00,FRMM,B,240,2.3300,0
2024-07-10,14:14:00,BMEA,S,527,4.7300,0
2024-07-10,15:00:00,BMEA,B,527,4.7400,0
2024-07-10,14:59:00,NNBR,B,833,3.0050,0
2024-07-10,15:00:00,NNBR,S,833,3.0050,0
2024-07-10,14:59:00,LZM,B,288,8.7000,0
2024-07-10,15:00:00,LZM,S,288,8.6950,0
2024-07-11,08:41:00,NVDA,S,18,134.0600,0
2024-07-11,11:02:00,NVDA,B,9,128.6976,0
2024-07-11,11:02:00,NVDA,B,9,128.9406,0
2024-07-11,08:43:00,SQQQ,B,347,7.2100,0
2024-07-11,11:35:00,SQQQ,S,173,7.4984,0
2024-07-11,11:35:00,SQQQ,S,174,7.5379,0
2024-07-12,09:45:00,CAR,S,23,104.6100,0
2024-07-12,12:25:00,CAR,B,23,106.2000,0
2024-07-12,10:08:00,BMEA,S,482,5.1500,0
2024-07-12,12:37:00,BMEA,B,482,5.3500,0
2024-07-12,09:37:00,GRPN,B,150,16.7300,0
2024-07-12,15:00:00,GRPN,S,150,16.6100,0
2024-07-12,10:00:00,NKTX,S,375,6.6200,0
2024-07-12,15:00:00,NKTX,B,375,6.4900,0
2024-07-15,08:41:00,MYSE,S,909,1.8100,0
2024-07-15,08:44:00,MYSE,B,454,1.7376,0
2024-07-15,08:44:00,MYSE,B,455,1.7481,0
2024-07-15,09:53:00,NN,B,275,9.1450,0
2024-07-15,11:06:00,NN,S,275,9.0000,0
2024-07-15,10:51:00,CAR,B,22,111.1250,0
2024-07-15,12:22:00,CAR,S,22,109.8600,0
2024-07-15,10:20:00,NKTX,B,370,6.7700,0
2024-07-15,12:49:00,NKTX,S,185,7.0408,0
2024-07-15,12:49:00,NKTX,S,185,7.1423,0
2024-07-15,09:22:00,BMEA,S,470,5.2800,0
2024-07-15,15:00:00,BMEA,B,470,5.3600,0
2024-07-15,10:09:00,MXL,B,108,23.2600,0
2024-07-15,15:00:00,MXL,S,54,24.1904,0
2024-07-15,15:00:00,MXL,S,54,24.1200,0
2024-07-15,14:05:00,VOR,B,2590,0.9650,0
2024-07-15,15:00:00,VOR,S,2590,0.9707,0
2024-07-15,14:17:00,NNBR,B,679,3.6900,0
2024-07-15,15:00:00,NNBR,S,679,3.6650,0
2024-07-15,14:56:00,CADL,B,385,6.6400,0
2024-07-15,15:00:00,CADL,S,385,6.6100,0
2024-07-15,14:59:00,IFRX,B,1506,1.6700,0
2024-07-15,15:00:00,IFRX,S,1506,1.6700,0
2024-07-16,08:43:00,NKTX,S,353,7.0600,0
2024-07-16,08:46:00,NKTX,B,353,7.2450,0
2024-07-16,10:09:00,RPAY,B,255,9.7950,0
2024-07-16,11:56:00,RPAY,S,255,9.7150,0
2024-07-16,10:39:00,MYSE,B,1428,1.7800,0
2024-07-16,12:37:00,MYSE,S,714,1.8512,0
2024-07-16,12:37:00,MYSE,S,714,1.8822,0
2024-07-16,10:05:00,SPIR,B,185,13.6000,0
2024-07-16,13:46:00,SPIR,S,92,14.1440,0
2024-07-16,13:46:00,SPIR,S,93,14.1790,0
2024-07-16,09:54:00,GRPN,B,145,17.2400,0
2024-07-16,14:18:00,GRPN,S,72,17.9296,0
2024-07-16,14:18:00,GRPN,S,73,18.0376,0
2024-07-16,10:14:00,IMAX,S,146,17.0900,0
2024-07-16,14:36:00,IMAX,B,146,17.3450,0
2024-07-16,09:35:00,NKTX,B,321,7.8350,0
2024-07-16,14:42:00,NKTX,S,160,8.1484,0
2024-07-16,14:42:00,NKTX,S,161,8.1116,0
2024-07-16,10:00:00,NN,S,268,9.2650,0
2024-07-16,15:00:00,NN,B,268,9.3400,0
2024-07-16,13:18:00,BMEA,B,451,5.5450,0
2024-07-16,15:00:00,BMEA,S,451,5.5950,0
2024-07-16,13:20:00,NNBR,B,632,3.9600,0
2024-07-16,15:00:00,NNBR,S,632,4.0050,0
2024-07-16,13:37:00,PARR,B,103,24.2900,0
2024-07-16,15:00:00,PARR,S,103,24.6050,0
2024-07-16,14:29:00,MXL,B,101,24.6200,0
2024-07-16,15:00:00,MXL,S,101,24.7200,0
2024-07-16,14:42:00,CAR,B,22,109.7450,0
2024-07-16,15:00:00,CAR,S,22,110.8850,0
2024-07-16,14:53:00,CADL,B,351,7.2100,0
2024-07-16,15:00:00,CADL,S,351,7.2900,0
2024-07-16,14:54:00,ACHV,S,515,4.8400,0
2024-07-16,15:00:00,ACHV,B,515,4.8550,0
2024-07-16,14:57:00,IFRX,B,1479,1.7050,0
2024-07-16,15:00:00,IFRX,S,1479,1.7100,0
2024-07-17,08:46:00,NVDA,S,20,120.5200,0
2024-07-17,15:00:00,NVDA,B,20,117.9700,0
2024-07-18,09:27:00,NKTX,S,349,7.0100,0
2024-07-18,10:43:00,NKTX,B,174,6.7296,0
2024-07-18,10:43:00,NKTX,B,175,6.5701,0
2024-07-18,10:03:00,GPRE,B,147,17.1000,0
2024-07-18,13:03:00,GPRE,S,147,16.8500,0
2024-07-18,13:52:00,GRPN,S,147,16.9200,0
2024-07-18,14:50:00,GRPN,B,147,17.0100,0
2024-07-18,09:12:00,PARR,S,102,24.1550,0
2024-07-18,15:00:00,PARR,B,102,23.5050,0
2024-07-18,10:18:00,RPAY,S,252,9.8850,0
2024-07-18,15:00:00,RPAY,B,252,9.7900,0
2024-07-18,13:06:00,CAR,S,22,110.5300,0
2024-07-18,15:00:00,CAR,B,22,109.2900,0
2024-07-18,13:31:00,GPRE,S,149,16.7000,0
2024-07-18,15:00:00,GPRE,B,149,16.5850,0
2024-07-18,13:54:00,BMI,S,12,193.5500,0
2024-07-18,15:00:00,BMI,B,12,194.5900,0
2024-07-18,14:58:00,LZM,S,248,8.0900,0
2024-07-18,15:00:00,LZM,B,248,8.1000,0
2024-07-19,09:45:00,IMAX,B,139,17.9600,0
2024-07-19,10:21:00,IMAX,S,139,17.7550,0
2024-07-19,09:57:00,MXL,S,104,23.8450,0
2024-07-19,12:55:00,MXL,B,104,24.1350,0
2024-07-19,09:39:00,RPAY,B,254,9.8450,0
2024-07-19,15:00:00,RPAY,S,254,9.7600,0
2024-07-19,10:31:00,GPRE,S,150,16.5800,0
2024-07-19,15:00:00,GPRE,B,150,16.6500,0
2024-07-19,13:14:00,NKTX,S,392,6.3600,0
2024-07-19,15:00:00,NKTX,B,392,6.2050,0
2024-07-19,13:29:00,GRPN,S,148,16.7700,0
2024-07-19,15:00:00,GRPN,B,148,16.7700,0
2024-07-19,14:52:00,PARR,B,105,23.6900,0
2024-07-19,15:00:00,PARR,S,105,23.6350,0
2024-07-22,14:19:00,NN,B,300,8.3200,0
2024-07-22,14:57:00,NN,S,300,8.2800,0
2024-07-22,09:33:00,GPRE,S,153,16.2800,0
2024-07-22,15:00:00,GPRE,B,153,16.6050,0
2024-07-22,09:57:00,NKTX,B,401,6.3200,0
2024-07-22,15:00:00,NKTX,S,401,6.4650,0
2024-07-22,10:05:00,GRPN,B,147,17.0700,0
2024-07-22,15:00:00,GRPN,S,147,17.3800,0
2024-07-22,13:51:00,NNBR,B,672,3.8000,0
2024-07-22,15:00:00,NNBR,S,672,3.9100,0
2024-07-22,14:42:00,SPIR,B,174,14.4350,0
2024-07-22,15:00:00,SPIR,S,174,14.6400,0
2024-07-22,14:46:00,MXL,B,99,25.0850,0
2024-07-22,15:00:00,MXL,S,99,25.0500,0
2024-07-23,08:51:00,IMAX,S,142,17.5100,0
2024-07-23,09:31:00,IMAX,B,142,17.6900,0
2024-07-23,09:52:00,IMAX,S,142,17.4900,0
2024-07-23,11:30:00,IMAX,B,142,17.7150,0
2024-07-23,14:25:00,ACHV,B,476,5.2600,0
2024-07-23,14:53:00,ACHV,S,476,5.2300,0
2024-07-23,09:33:00,GRPN,B,140,17.8900,0
2024-07-23,15:00:00,GRPN,S,140,18.0800,0
2024-07-23,09:39:00,RPAY,B,255,9.8400,0
2024-07-23,15:00:00,RPAY,S,255,9.7900,0
2024-07-23,10:05:00,NKTX,B,377,6.7100,0
2024-07-23,15:00:00,NKTX,S,377,6.8200,0
2024-07-23,13:30:00,BMI,B,12,205.0550,0
2024-07-23,15:00:00,BMI,S,12,204.9600,0
2024-07-23,13:49:00,NN,B,288,8.6800,0
2024-07-23,15:00:00,NN,S,288,8.6150,0
2024-07-23,13:59:00,BMEA,B,450,5.5750,0
2024-07-23,15:00:00,BMEA,S,450,5.5700,0
2024-07-23,14:54:00,NNBR,B,629,4.0000,0
2024-07-23,15:00:00,NNBR,S,629,4.0100,0
2024-07-23,14:58:00,SPIR,S,175,14.2100,0
2024-07-23,15:00:00,SPIR,B,175,14.2150,0
2024-07-24,08:47:00,BHC,S,335,7.4150,0
2024-07-24,08:51:00,BHC,B,167,7.1184,0
2024-07-24,08:51:00,BHC,B,168,7.0392,0
2024-07-24,09:15:00,BHC,S,432,5.7800,0
2024-07-24,09:16:00,BHC,B,216,5.5488,0
2024-07-24,09:16:00,BHC,B,216,5.4536,0
2024-07-24,08:43:00,SQQQ,B,289,8.6600,0
2024-07-24,14:39:00,SQQQ,S,144,9.0064,0
2024-07-24,14:39:00,SQQQ,S,145,8.9734,0
2024-07-24,08:43:00,NVDA,S,21,117.8000,0
2024-07-24,15:00:00,NVDA,B,21,114.3700,0
2024-07-25,08:41:00,F,S,215,11.5750,0
2024-07-25,15:00:00,F,B,215,11.1600,0
2024-07-26,08:49:00,DXCM,S,38,64.1500,0
2024-07-26,15:00:00,DXCM,B,38,63.9650,0
2024-07-29,09:13:00,GRPN,S,143,17.3500,0
2024-07-29,15:00:00,GRPN,B,143,17.1500,0
2024-07-29,09:31:00,GPRE,S,141,17.5800,0
2024-07-29,15:00:00,GPRE,B,141,17.5500,0
2024-07-29,09:57:00,NKTX,S,364,6.8400,0
2024-07-29,15:00:00,NKTX,B,364,6.6850,0
2024-07-29,10:47:00,CAR,S,24,100.8950,0
2024-07-29,15:00:00,CAR,B,24,100.7800,0
2024-07-29,14:10:00,IMAX,S,125,19.9500,0
2024-07-29,15:00:00,IMAX,B,125,19.8900,0
2024-07-29,14:58:00,NNBR,S,606,3.8000,0
2024-07-29,15:00:00,NNBR,B,606,3.7950,0
2024-07-30,08:41:00,LUMN,B,1210,2.0800,0
2024-07-30,09:10:00,LUMN,S,605,2.1632,0
2024-07-30,09:10:00,LUMN,S,605,2.2042,0
2024-07-30,08:43:00,NVDA,S,22,110.2800,0
2024-07-30,10:11:00,NVDA,B,11,105.8688,0
2024-07-30,10:11:00,NVDA,B,11,105.3828,0
2024-07-31,08:42:00,NVDA,B,21,113.9600,0
2024-07-31,15:00:00,NVDA,S,21,117.0600,0
2024-08-01,08:41:00,LUMN,B,481,3.7350,0
2024-08-01,08:53:00,LUMN,S,240,3.8844,0
2024-08-01,08:53:00,LUMN,S,241,3.8927,0
2024-08-01,08:41:00,SQQQ,S,293,8.4800,0
2024-08-01,09:21:00,SQQQ,B,293,8.5800,0
2024-08-01,08:43:00,NVDA,B,21,119.2300,0
2024-08-01,09:22:00,NVDA,S,21,116.6800,0
2024-08-01,09:13:00,LUMN,B,617,4.0500,0
2024-08-01,09:32:00,LUMN,S,617,3.8100,0
2024-08-01,09:42:00,NVDA,S,21,115.3250,0
2024-08-01,12:32:00,NVDA,B,10,110.7120,0
2024-08-01,12:32:00,NVDA,B,11,109.6033,0
2024-08-01,10:00:00,SQQQ,B,283,8.8150,0
2024-08-01,12:58:00,SQQQ,S,141,9.1676,0
2024-08-01,12:58:00,SQQQ,S,142,9.2718,0
2024-08-01,08:42:00,NIO,S,572,4.3600,0
2024-08-01,14:18:00,NIO,B,286,4.1856,0
2024-08-01,14:18:00,NIO,B,286,4.0336,0
2024-08-02,08:41:00,SQQQ,S,257,9.6200,0
2024-08-02,09:04:00,SQQQ,B,257,9.9200,0
2024-08-02,08:42:00,NU,B,225,11.1500,0
2024-08-02,09:13:00,NU,S,225,10.7800,0
2024-08-02,08:43:00,SNAP,B,242,10.3200,0
2024-08-02,09:24:00,SNAP,S,242,9.5050,0
2024-08-02,08:47:00,AMZN,S,15,165.0000,0
2024-08-02,10:32:00,AMZN,B,15,167.2600,0
2024-08-02,08:41:00,F,S,242,10.3050,0
2024-08-02,15:00:00,F,B,242,10.0400,0
2024-08-02,08:42:00,INTC,S,120,20.5700,0
2024-08-02,15:00:00,INTC,B,120,21.4800,0
2024-08-02,09:16:00,SOFI,S,370,6.7500,0
2024-08-02,15:00:00,SOFI,B,370,6.6600,0
2024-08-05,08:46:00,NVDA,B,25,97.8800,0
2024-08-05,09:06:00,NVDA,S,12,101.7952,0
2024-08-05,09:06:00,NVDA,S,13,100.1432,0
2024-08-05,08:42:00,INTC,S,126,19.7200,0
2024-08-05,10:22:00,INTC,B,126,20.2700,0
2024-08-05,08:49:00,SNAP,B,293,8.5200,0
2024-08-05,10:29:00,SNAP,S,146,8.8608,0
2024-08-05,10:29:00,SNAP,S,147,8.8548,0
2024-08-05,08:47:00,SQQQ,S,227,10.9900,0
2024-08-05,10:43:00,SQQQ,B,113,10.5504,0
2024-08-05,10:43:00,SQQQ,B,114,10.6554,0
2024-08-05,09:04:00,BBD,B,1089,2.3050,0
2024-08-05,14:19:00,BBD,S,544,2.3972,0
2024-08-05,14:19:00,BBD,S,545,2.4019,0
2024-08-05,08:47:00,SPXS,S,270,9.2300,0
2024-08-05,15:00:00,SPXS,B,270,9.1500,0
2024-08-06,08:47:00,LUMN,B,571,4.0600,0
2024-08-06,09:03:00,LUMN,S,285,4.2224,0
2024-08-06,09:03:00,LUMN,S,286,4.0786,0
2024-08-06,09:40:00,LUMN,B,588,4.2500,0
2024-08-06,09:44:00,LUMN,S,294,4.4200,0
2024-08-06,09:44:00,LUMN,S,294,4.3905,0
2024-08-07,09:09:00,LUMN,S,157,6.5600,0
2024-08-07,09:31:00,LUMN,B,78,6.2976,0
2024-08-07,09:31:00,LUMN,B,79,6.3754,0
2024-08-07,09:10:00,ABEV,B,1152,2.1750,0
2024-08-07,15:00:00,ABEV,S,1152,2.2500,0
2024-08-08,08:41:00,SQQQ,B,238,10.5100,0
2024-08-08,09:02:00,SQQQ,S,238,10.3500,0
2024-08-08,08:41:00,INTC,S,131,18.9900,0
2024-08-08,09:16:00,INTC,B,131,19.2700,0
2024-08-08,08:41:00,NVDA,S,24,99.5900,0
2024-08-08,09:30:00,NVDA,B,24,102.0700,0
2024-08-08,09:36:00,NVDA,B,24,102.3200,0
2024-08-08,10:18:00,NVDA,S,24,101.5200,0
2024-08-08,09:09:00,SQQQ,S,243,10.2800,0
2024-08-08,13:40:00,SQQQ,B,121,9.8688,0
2024-08-08,13:40:00,SQQQ,B,122,9.8828,0
2024-08-08,09:36:00,INTC,B,128,19.4300,0
2024-08-08,15:00:00,INTC,S,64,20.2072,0
2024-08-08,15:00:00,INTC,S,64,20.5100,0
2024-08-09,09:35:00,GRPN,S,234,10.6300,0
2024-08-09,09:55:00,GRPN,B,234,10.8450,0
2024-08-09,13:34:00,GRPN,S,237,10.5300,0
2024-08-09,13:53:00,GRPN,B,237,10.5900,0
2024-08-09,09:13:00,RPAY,S,297,8.3800,0
2024-08-09,15:00:00,RPAY,B,297,8.1300,0
2024-08-09,09:32:00,NKTX,S,490,5.1000,0
2024-08-09,15:00:00,NKTX,B,245,4.8960,0
2024-08-09,15:00:00,NKTX,B,245,4.9400,0
2024-08-09,10:26:00,BMEA,S,437,5.6900,0
2024-08-09,15:00:00,BMEA,B,437,5.7000,0
2024-08-12,09:48:00,JBLU,S,480,5.1500,0
2024-08-12,11:45:00,JBLU,B,240,4.9440,0
2024-08-12,11:45:00,JBLU,B,240,4.9415,0
2024-08-12,14:00:00,JBLU,S,524,4.7650,0
2024-08-12,14:32:00,JBLU,B,524,4.8300,0
2024-08-13,08:51:00,CORZ,S,294,8.4550,0
2024-08-13,12:03:00,CORZ,B,294,8.7900,0
2024-08-13,08:41:00,CMG,S,50,49.4700,0
2024-08-13,12:23:00,CMG,B,50,51.3300,0
2024-08-13,08:41:00,SBUX,B,26,93.9500,0
2024-08-13,15:00:00,SBUX,S,26,95.9100,0
2024-08-13,08:47:00,SQQQ,S,269,9.2800,0
2024-08-13,15:00:00,SQQQ,B,269,8.9400,0
2024-08-14,08:48:00,NU,B,193,12.9350,0
2024-08-14,10:19:00,NU,S,96,13.4524,0
2024-08-14,10:19:00,NU,S,97,13.3356,0
2024-08-15,08:45:00,SQQQ,S,292,8.5350,0
2024-08-15,15:00:00,SQQQ,B,292,8.2700,0
2024-08-15,08:53:00,GRAB,S,784,3.1800,0
2024-08-15,15:00:00,GRAB,B,784,3.1250,0
2024-08-16,09:34:00,SPIR,S,385,6.4300,0
2024-08-16,10:07:00,SPIR,B,385,6.8000,0
2024-08-16,09:04:00,RPAY,B,297,8.4000,0
2024-08-16,13:04:00,RPAY,S,297,8.2450,0
2024-08-16,10:12:00,NN,S,328,7.5600,0
2024-08-16,15:00:00,NN,B,328,7.3100,0
2024-08-16,10:37:00,MXL,S,201,12.3400,0
2024-08-16,15:00:00,MXL,B,201,12.5600,0
2024-08-16,14:59:00,LZM,B,376,6.6450,0
2024-08-16,15:00:00,LZM,S,376,6.6500,0
2024-08-19,09:27:00,GRPN,S,185,13.4000,0
2024-08-19,12:49:00,GRPN,B,185,13.6500,0
2024-08-19,14:15:00,PARR,S,108,22.9400,0
2024-08-19,14:19:00,PARR,B,108,22.9650,0
2024-08-19,09:06:00,RPAY,S,303,8.2250,0
2024-08-19,14:24:00,RPAY,B,303,8.2800,0
2024-08-19,09:37:00,CAR,B,27,89.4700,0
2024-08-19,15:00:00,CAR,S,27,88.8700,0
2024-08-19,10:15:00,MXL,B,199,12.6150,0
2024-08-19,15:00:00,MXL,S,199,12.7900,0
2024-08-19,10:33:00,NKTX,B,480,5.2000,0
2024-08-19,15:00:00,NKTX,S,480,5.2100,0
2024-08-19,13:29:00,ACHV,B,544,4.6200,0
2024-08-19,15:00:00,ACHV,S,544,4.6100,0
2024-08-20,09:03:00,NN,B,351,7.1200,0
2024-08-20,09:19:00,NN,S,351,7.0300,0
2024-08-20,10:42:00,IMAX,S,124,20.1000,0
2024-08-20,11:01:00,IMAX,B,124,20.2000,0
2024-08-20,09:36:00,GPRE,S,181,13.7500,0
2024-08-20,11:40:00,GPRE,B,90,13.2000,0
2024-08-20,11:40:00,GPRE,B,91,13.3075,0
2024-08-20,09:00:00,RPAY,S,297,8.4000,0
2024-08-20,15:00:00,RPAY,B,297,8.3050,0
2024-08-20,09:30:00,PARR,S,111,22.3800,0
2024-08-20,15:00:00,PARR,B,111,21.8500,0
2024-08-20,09:56:00,MXL,S,198,12.5500,0
2024-08-20,15:00:00,MXL,B,198,12.4800,0
2024-08-20,11:15:00,CAR,S,28,87.9700,0
2024-08-20,15:00:00,CAR,B,28,89.0350,0
2024-08-20,11:16:00,SPIR,S,327,7.1100,0
2024-08-20,15:00:00,SPIR,B,327,7.5600,0
2024-08-20,14:35:00,VOR,B,2450,1.0300,0
2024-08-20,15:00:00,VOR,S,2450,0.9786,0
2024-08-21,09:10:00,RPAY,S,300,8.2800,0
2024-08-21,14:31:00,RPAY,B,300,8.4000,0
2024-08-21,10:21:00,SPIR,S,358,6.9450,0
2024-08-21,14:56:00,SPIR,B,358,7.3000,0
2024-08-21,09:39:00,CAR,B,27,91.2100,0
2024-08-21,15:00:00,CAR,S,27,91.3450,0
2024-08-21,09:42:00,PARR,B,112,22.2450,0
2024-08-21,15:00:00,PARR,S,112,22.2200,0
2024-08-21,09:45:00,GPRE,B,179,13.9800,0
2024-08-21,15:00:00,GPRE,S,179,13.8300,0
2024-08-21,09:53:00,NN,S,357,6.9400,0
2024-08-21,15:00:00,NN,B,357,7.0900,0
2024-08-21,10:09:00,GRPN,S,182,13.5900,0
2024-08-21,15:00:00,GRPN,B,182,13.6300,0
2024-08-21,10:21:00,BMEA,B,419,6.1700,0
2024-08-21,15:00:00,BMEA,S,419,6.2700,0
2024-08-21,14:43:00,NKTX,B,461,5.4200,0
2024-08-21,15:00:00,NKTX,S,461,5.3800,0
2024-08-21,14:57:00,MXL,B,195,12.8000,0
2024-08-21,15:00:00,MXL,S,195,12.8000,0
2024-08-22,08:41:00,LCID,B,690,3.6400,0
2024-08-22,08:43:00,LCID,S,690,3.5800,0
2024-08-22,08:49:00,PTON,S,625,3.7300,0
2024-08-22,09:20:00,PTON,B,625,4.1000,0
2024-08-22,09:45:00,LCID,B,674,3.7050,0
2024-08-22,09:49:00,LCID,S,674,3.6700,0
2024-08-22,08:48:00,SOXS,B,117,21.2200,0
2024-08-22,10:52:00,SOXS,S,58,22.0688,0
2024-08-22,10:52:00,SOXS,S,59,22.6378,0
2024-08-22,13:13:00,SOXS,B,108,23.0700,0
2024-08-22,13:14:00,SOXS,S,108,22.9300,0
2024-08-22,08:47:00,INTC,S,118,21.1000,0
2024-08-22,15:00:00,INTC,B,59,20.2560,0
2024-08-22,15:00:00,INTC,B,59,20.1200,0
2024-08-23,09:23:00,BMEA,B,307,7.5800,0
2024-08-23,10:27:00,BMEA,S,153,7.8832,0
2024-08-23,10:27:00,BMEA,S,154,7.9542,0
2024-08-23,10:12:00,GRPN,S,183,13.6400,0
2024-08-23,10:31:00,GRPN,B,183,13.8400,0
2024-08-23,09:02:00,RPAY,B,294,8.5450,0
2024-08-23,15:00:00,RPAY,S,294,8.6800,0
2024-08-23,09:12:00,CAR,B,28,87.2800,0
2024-08-23,15:00:00,CAR,S,28,88.0300,0
2024-08-23,09:17:00,PARR,B,112,22.3300,0
2024-08-23,15:00:00,PARR,S,112,22.5400,0
2024-08-23,09:28:00,IMAX,B,117,21.3750,0
2024-08-23,15:00:00,IMAX,S,117,21.3800,0
2024-08-23,09:30:00,NN,B,360,6.9850,0
2024-08-23,15:00:00,NN,S,360,6.9700,0
2024-08-23,09:31:00,NKTX,B,463,5.4300,0
2024-08-23,15:00:00,NKTX,S,463,5.3200,0
2024-08-23,10:14:00,MXL,B,194,12.8300,0
2024-08-23,15:00:00,MXL,S,194,12.7700,0
2024-08-23,14:24:00,BMI,S,12,203.7950,0
2024-08-23,15:00:00,BMI,B,12,203.2300,0
2024-08-23,14:59:00,LZM,B,416,6.0500,0
2024-08-23,15:00:00,LZM,S,416,6.0600,0
2024-08-26,08:41:00,PDD,S,23,103.6500,0
2024-08-26,09:27:00,PDD,B,11,99.5040,0
2024-08-26,09:27:00,PDD,B,12,99.1865,0
2024-08-26,09:34:00,PDD,S,25,98.0100,0
2024-08-26,09:52:00,PDD,B,25,98.9300,0
2024-08-27,09:56:00,PARR,B,115,21.6200,0
2024-08-27,10:16:00,PARR,S,115,21.4800,0
2024-08-27,09:34:00,GRPN,B,180,13.8850,0
2024-08-27,10:46:00,GRPN,S,180,13.6400,0
2024-08-27,09:38:00,SPIR,B,297,8.4900,0
2024-08-27,15:00:00,SPIR,S,297,8.2000,0
2024-08-27,09:43:00,MXL,B,209,11.9600,0
2024-08-27,15:00:00,MXL,S,209,11.8200,0
2024-08-27,09:43:00,IMAX,S,114,21.7600,0
2024-08-27,15:00:00,IMAX,B,114,21.5900,0
2024-08-27,09:51:00,NN,B,364,6.8800,0
2024-08-27,15:00:00,NN,S,364,6.9800,0
2024-08-27,10:32:00,RPAY,S,292,8.5450,0
2024-08-27,15:00:00,RPAY,B,292,8.4100,0
2024-08-27,12:22:00,BMEA,B,319,7.8550,0
2024-08-27,15:00:00,BMEA,S,319,7.8300,0
2024-08-27,14:41:00,NNBR,B,627,4.0000,0
2024-08-27,15:00:00,NNBR,S,627,3.9500,0
2024-08-27,14:46:00,LZM,S,397,6.2700,0
2024-08-27,15:00:00,LZM,B,397,6.2600,0
2024-08-28,08:50:00,NIO,S,647,3.8550,0
2024-08-28,14:23:00,NIO,B,323,3.7008,0
2024-08-28,14:23:00,NIO,B,324,3.7186,0
2024-08-29,08:46:00,SOFI,B,321,7.8000,0
2024-08-29,10:59:00,SOFI,S,160,8.1120,0
2024-08-29,10:59:00,SOFI,S,161,8.1170,0
2024-08-29,08:49:00,NOK,S,559,4.4650,0
2024-08-29,15:00:00,NOK,B,559,4.4800,0
2024-08-29,09:19:00,NVDA,S,20,119.6400,0
2024-08-29,15:00:00,NVDA,B,20,117.6000,0
2024-08-30,08:42:00,NU,B,172,14.4550,0
2024-08-30,14:57:00,NU,S,86,15.0332,0
2024-08-30,14:57:00,NU,S,86,14.9154,0
2024-08-30,08:44:00,INTC,B,116,21.5300,0
2024-08-30,15:00:00,INTC,S,116,22.0600,0
2024-09-03,08:44:00,MXL,B,165,15.2100,0
2024-09-03,09:46:00,MXL,S,165,14.5500,0
2024-09-03,08:54:00,IMAX,B,114,22.0200,0
2024-09-03,09:54:00,IMAX,S,114,21.5000,0
2024-09-03,10:25:00,GPRE,S,184,13.5400,0
2024-09-03,14:57:00,GPRE,B,92,12.9984,0
2024-09-03,14:57:00,GPRE,B,92,13.0404,0
2024-09-03,09:01:00,RPAY,S,297,8.3650,0
2024-09-03,15:00:00,RPAY,B,297,8.3400,0
2024-09-03,09:17:00,CAR,S,32,76.7800,0
2024-09-03,15:00:00,CAR,B,32,75.3150,0
2024-09-03,09:35:00,NN,S,345,7.2000,0
2024-09-03,15:00:00,NN,B,345,7.0800,0
2024-09-03,09:51:00,BMEA,S,336,7.2850,0
2024-09-03,15:00:00,BMEA,B,336,7.2900,0
2024-09-03,09:52:00,PARR,S,115,21.5400,0
2024-09-03,15:00:00,PARR,B,115,21.6800,0
2024-09-03,13:22:00,GRPN,S,189,13.1500,0
2024-09-03,15:00:00,GRPN,B,189,12.8700,0
2024-09-03,14:51:00,NNBR,S,684,3.6400,0
2024-09-03,15:00:00,NNBR,B,684,3.6400,0
2024-09-04,09:22:00,BMEA,B,332,7.6100,0
2024-09-04,10:39:00,BMEA,S,166,7.9144,0
2024-09-04,10:39:00,BMEA,S,166,7.8739,0
2024-09-04,09:41:00,GPRE,B,183,13.7500,0
2024-09-04,10:58:00,GPRE,S,91,14.3000,0
2024-09-04,10:58:00,GPRE,S,92,14.4525,0
2024-09-04,09:19:00,CAR,B,32,77.0100,0
2024-09-04,11:50:00,CAR,S,32,75.3700,0
2024-09-04,09:05:00,RPAY,B,299,8.3550,0
2024-09-04,12:57:00,RPAY,S,299,8.2800,0
2024-09-04,09:43:00,GRPN,B,190,13.2800,0
2024-09-04,13:04:00,GRPN,S,190,12.6900,0
2024-09-04,09:24:00,MXL,B,175,14.3100,0
2024-09-04,15:00:00,MXL,S,175,14.4000,0
2024-09-04,09:29:00,IMAX,B,117,21.2350,0
2024-09-04,15:00:00,IMAX,S,117,21.6050,0
2024-09-04,09:42:00,NN,B,343,7.2700,0
2024-09-04,15:00:00,NN,S,343,7.2000,0
2024-09-04,14:06:00,CADL,S,412,6.0200,0
2024-09-04,15:00:00,CADL,B,412,6.0800,0
2024-09-04,14:28:00,BMI,S,12,194.8700,0
2024-09-04,15:00:00,BMI,B,12,194.8000,0
2024-09-05,09:37:00,NIO,B,549,4.5550,0
2024-09-05,11:50:00,NIO,S,274,4.7372,0
2024-09-05,11:50:00,NIO,S,275,4.7144,0
2024-09-05,13:50:00,NIO,B,518,4.8300,0
2024-09-05,14:19:00,NIO,S,518,4.7800,0
2024-09-06,08:41:00,SQQQ,B,270,9.2600,0
2024-09-06,10:00:00,SQQQ,S,135,9.6304,0
2024-09-06,10:00:00,SQQQ,S,135,9.5624,0
2024-09-06,10:17:00,SQQQ,B,258,9.6550,0
2024-09-06,15:00:00,SQQQ,S,258,9.7250,0
2024-09-09,08:46:00,NIO,B,507,4.9400,0
2024-09-09,09:07:00,NIO,S,253,5.1376,0
2024-09-09,09:07:00,NIO,S,254,5.1606,0
2024-09-09,09:10:00,NIO,B,479,5.2100,0
2024-09-09,12:02:00,NIO,S,239,5.4184,0
2024-09-09,12:02:00,NIO,S,240,5.5029,0
2024-09-09,08:41:00,PLTR,B,74,33.8100,0
2024-09-09,15:00:00,PLTR,S,74,34.5900,0
2024-09-10,08:41:00,RIG,S,621,4.0100,0
2024-09-10,15:00:00,RIG,B,621,3.9200,0
2024-09-10,08:54:00,HPE,B,152,16.4150,0
2024-09-10,15:00:00,HPE,S,152,16.0900,0
2024-09-11,08:42:00,NVDA,B,22,111.5500,0
2024-09-11,09:10:00,NVDA,S,22,109.3500,0
2024-09-11,08:45:00,SQQQ,B,273,9.1500,0
2024-09-11,10:05:00,SQQQ,S,136,9.5160,0
2024-09-11,10:05:00,SQQQ,S,137,9.4585,0
2024-09-11,13:38:00,SQQQ,S,287,8.7100,0
2024-09-11,13:54:00,SQQQ,B,287,8.7400,0
2024-09-11,14:32:00,NVDA,B,21,116.1300,0
2024-09-11,14:41:00,NVDA,S,21,115.8800,0
2024-09-12,08:41:00,NIO,S,467,5.3500,0
2024-09-12,09:09:00,NIO,B,233,5.1360,0
2024-09-12,09:09:00,NIO,B,234,5.1535,0
2024-09-12,08:59:00,WBD,B,343,7.2900,0
2024-09-12,10:16:00,WBD,S,171,7.5816,0
2024-09-12,10:16:00,WBD,S,172,7.6321,0
2024-09-12,10:23:00,WBD,B,324,7.7050,0
2024-09-12,10:29:00,WBD,S,324,7.6100,0
2024-09-13,08:45:00,WBD,B,310,8.0400,0
2024-09-13,11:42:00,WBD,S,155,8.3616,0
2024-09-13,11:42:00,WBD,S,155,8.3496,0
2024-09-16,08:42:00,INTC,B,123,20.2600,0
2024-09-16,15:00:00,INTC,S,123,20.9300,0
2024-09-17,09:21:00,MXL,B,169,14.8600,0
2024-09-17,09:31:00,MXL,S,169,14.6200,0
2024-09-17,09:22:00,BMEA,S,308,8.0350,0
2024-09-17,10:31:00,BMEA,B,308,8.2900,0
2024-09-17,10:30:00,RPAY,B,304,8.2550,0
2024-09-17,11:57:00,RPAY,S,304,8.1400,0
2024-09-17,09:22:00,PARR,B,128,19.4550,0
2024-09-17,12:40:00,PARR,S,128,19.2200,0
2024-09-17,08:51:00,CAR,B,30,82.1250,0
2024-09-17,15:00:00,CAR,S,30,83.1500,0
2024-09-17,09:19:00,GPRE,B,190,13.1700,0
2024-09-17,15:00:00,GPRE,S,190,13.3800,0
2024-09-17,09:27:00,GRPN,B,200,12.5000,0
2024-09-17,15:00:00,GRPN,S,200,12.3950,0
2024-09-17,10:02:00,NN,S,322,7.7500,0
2024-09-17,15:00:00,NN,B,322,7.6000,0
2024-09-17,14:46:00,LZM,S,383,6.4900,0
2024-09-17,15:00:00,LZM,B,383,6.5300,0
2024-09-18,08:50:00,NIO,S,475,5.2600,0
2024-09-18,14:13:00,NIO,B,237,5.0496,0
2024-09-18,14:13:00,NIO,B,238,5.0776,0
2024-09-19,08:41:00,SQQQ,S,320,7.7900,0
2024-09-19,08:49:00,SQQQ,B,320,7.8600,0
2024-09-19,08:42:00,NIO,B,476,5.2600,0
2024-09-19,09:07:00,NIO,S,476,5.1200,0
2024-09-19,08:52:00,SOXS,B,110,22.7200,0
2024-09-19,09:18:00,SOXS,S,110,22.0400,0
2024-09-19,09:25:00,SQQQ,S,322,7.7500,0
2024-09-19,09:55:00,SQQQ,B,322,7.7700,0
2024-09-20,08:40:00,RIVN,S,193,12.9200,0
2024-09-20,08:40:00,RIVN,B,193,12.9700,0
2024-09-20,08:41:00,RIVN,S,193,12.9200,0
2024-09-20,09:57:00,RIVN,B,96,12.4032,0
2024-09-20,09:57:00,RIVN,B,97,12.3592,0
2024-09-23,09:07:00,GRPN,B,227,11.0200,0
2024-09-23,09:14:00,GRPN,S,227,10.9200,0
2024-09-23,09:40:00,MXL,S,181,13.7300,0
2024-09-23,12:25:00,MXL,B,181,14.0200,0
2024-09-23,09:43:00,CAR,S,29,86.1750,0
2024-09-23,12:25:00,CAR,B,29,87.3600,0
2024-09-23,09:05:00,IMAX,S,127,19.4500,0
2024-09-23,15:00:00,IMAX,B,127,19.1200,0
2024-09-23,09:18:00,NKTX,S,500,4.9900,0
2024-09-23,15:00:00,NKTX,B,500,4.8600,0
2024-09-23,09:47:00,PARR,S,132,18.8300,0
2024-09-23,15:00:00,PARR,B,132,18.7800,0
2024-09-23,10:04:00,NN,S,341,7.2800,0
2024-09-23,15:00:00,NN,B,170,6.9888,0
2024-09-23,15:00:00,NN,B,171,6.9800,0
2024-09-23,10:09:00,RPAY,S,288,8.6500,0
2024-09-23,15:00:00,RPAY,B,288,8.5400,0
2024-09-23,14:50:00,NNBR,S,674,3.6650,0
2024-09-23,15:00:00,NNBR,B,674,3.6700,0
2024-09-23,14:51:00,BMI,B,11,218.9300,0
2024-09-23,15:00:00,BMI,S,11,219.0650,0
2024-09-23,14:54:00,MXL,B,175,14.2500,0
2024-09-23,15:00:00,MXL,S,175,14.3000,0
2024-09-24,08:41:00,FXI,B,84,29.5500,0
2024-09-24,08:53:00,FXI,S,84,29.3100,0
2024-09-24,08:42:00,KWEB,B,85,29.3800,0
2024-09-24,09:00:00,KWEB,S,85,28.9700,0
2024-09-24,08:50:00,ASHR,S,101,24.6550,0
2024-09-24,12:27:00,ASHR,B,101,24.8200,0
2024-09-24,14:20:00,FXI,B,82,30.3250,0
2024-09-24,14:35:00,FXI,S,82,30.2600,0
2024-09-24,08:44:00,VALE,B,225,11.0850,0
2024-09-24,15:00:00,VALE,S,225,11.0600,0
2024-09-24,13:25:00,ASHR,B,100,24.8500,0
2024-09-24,15:00:00,ASHR,S,100,24.9400,0
2024-09-24,13:46:00,KWEB,B,83,29.7850,0
2024-09-24,15:00:00,KWEB,S,83,30.0750,0
2024-09-24,14:05:00,NIO,B,424,5.8950,0
2024-09-24,15:00:00,NIO,S,424,5.9400,0
2024-09-25,09:08:00,PARR,S,141,17.6100,0
2024-09-25,10:09:00,PARR,B,141,18.1450,0
2024-09-25,09:13:00,NKTX,B,518,4.8400,0
2024-09-25,12:51:00,NKTX,S,518,4.7250,0
2024-09-25,14:50:00,NN,B,344,7.2500,0
2024-09-25,14:53:00,NN,S,344,7.2150,0
2024-09-25,09:08:00,GRPN,S,243,10.2600,0
2024-09-25,15:00:00,GRPN,B,243,10.0600,0
2024-09-25,09:24:00,MXL,B,167,15.0400,0
2024-09-25,15:00:00,MXL,S,167,14.8700,0
2024-09-25,09:26:00,CAR,S,29,85.0600,0
2024-09-25,15:00:00,CAR,B,29,82.3600,0
2024-09-25,14:30:00,BMEA,B,290,8.6550,0
2024-09-25,15:00:00,BMEA,S,290,8.7700,0
2024-09-25,14:59:00,NNBR,B,666,3.7600,0
2024-09-25,15:00:00,NNBR,S,666,3.7600,0
2024-09-26,08:50:00,NU,S,172,14.4550,0
2024-09-26,12:58:00,NU,B,86,13.8768,0
2024-09-26,12:58:00,NU,B,86,14.0145,0
2024-09-26,08:41:00,FXI,S,78,31.7700,0
2024-09-26,15:00:00,FXI,B,78,31.9050,0
2024-09-26,08:41:00,KWEB,S,77,32.3950,0
2024-09-26,15:00:00,KWEB,B,77,32.6550,0
2024-09-26,08:42:00,VALE,B,214,11.6650,0
2024-09-26,15:00:00,VALE,S,214,11.8000,0
2024-09-26,08:43:00,AAL,B,212,11.7500,0
2024-09-26,15:00:00,AAL,S,212,11.8000,0
2024-09-26,09:35:00,MU,S,22,110.7350,0
2024-09-26,15:00:00,MU,B,22,109.8900,0
2024-09-26,09:43:00,YMM,S,279,8.9500,0
2024-09-26,15:00:00,YMM,B,279,9.0700,0
2024-09-26,14:47:00,NU,S,180,13.8400,0
2024-09-26,15:00:00,NU,B,180,13.8400,0
2024-09-27,08:41:00,PLUG,B,1162,2.1600,0
2024-09-27,08:54:00,PLUG,S,581,2.2464,0
2024-09-27,08:54:00,PLUG,S,581,2.2384,0
2024-09-27,08:47:00,NIO,B,408,6.1350,0
2024-09-27,09:11:00,NIO,S,204,6.3804,0
2024-09-27,09:11:00,NIO,S,204,6.4187,0
2024-09-27,08:43:00,IQ,B,872,2.8750,0
2024-09-27,09:12:00,IQ,S,436,2.9900,0
2024-09-27,09:12:00,IQ,S,436,3.0312,0
2024-09-27,09:33:00,IQ,B,791,3.1600,0
2024-09-27,09:34:00,IQ,S,791,3.1000,0
2024-09-27,09:19:00,NIO,B,385,6.4800,0
2024-09-27,15:00:00,NIO,S,385,6.5150,0
2024-09-27,09:20:00,PLUG,B,1106,2.2600,0
2024-09-27,15:00:00,PLUG,S,1106,2.2700,0
2024-09-30,09:18:00,GRPN,S,254,9.7700,0
2024-09-30,10:03:00,GRPN,B,254,9.9300,0
2024-09-30,09:47:00,NKTX,B,535,4.6900,0
2024-09-30,10:59:00,NKTX,S,535,4.5600,0
2024-09-30,11:43:00,CAR,B,28,88.0200,0
2024-09-30,13:14:00,CAR,S,28,87.2050,0
2024-09-30,09:21:00,PARR,S,141,17.6750,0
2024-09-30,15:00:00,PARR,B,141,17.6150,0
2024-09-30,09:26:00,BMEA,B,250,10.0900,0
2024-09-30,15:00:00,BMEA,S,250,10.1000,0
2024-09-30,10:11:00,CADL,S,353,7.0500,0
2024-09-30,15:00:00,CADL,B,353,6.8700,0
2024-10-01,08:41:00,KWEB,S,73,34.0550,0
2024-10-01,08:47:00,KWEB,B,73,34.5600,0
2024-10-01,08:41:00,SOXS,B,119,21.0100,0
2024-10-01,09:13:00,SOXS,S,59,21.8504,0
2024-10-01,09:13:00,SOXS,S,60,21.6499,0
2024-10-01,08:55:00,KWEB,B,72,34.6400,0
2024-10-01,09:17:00,KWEB,S,72,34.5100,0
2024-10-01,08:52:00,NIO,B,360,6.9650,0
2024-10-01,10:18:00,NIO,S,360,6.6650,0
2024-10-01,08:57:00,YANG,S,628,3.9400,0
2024-10-01,11:19:00,YANG,B,314,3.7824,0
2024-10-01,11:19:00,YANG,B,314,3.7994,0
2024-10-01,09:28:00,SOXS,B,113,21.9500,0
2024-10-01,13:15:00,SOXS,S,113,21.5600,0
2024-10-01,14:10:00,YANG,S,679,3.6800,0
2024-10-01,15:00:00,YANG,B,679,3.6300,0
2024-10-02,08:43:00,YANG,B,816,3.0700,0
2024-10-02,09:11:00,YANG,S,816,2.9700,0
2024-10-02,08:44:00,BEKE,S,100,24.9500,0
2024-10-02,09:24:00,BEKE,B,50,23.9520,0
2024-10-02,09:24:00,BEKE,B,50,24.1795,0
2024-10-02,08:44:00,FXI,S,71,34.6800,0
2024-10-02,14:32:00,FXI,B,71,35.2100,0
2024-10-02,08:43:00,KWEB,S,65,37.9500,0
2024-10-02,15:00:00,KWEB,B,65,38.3800,0
2024-10-02,08:45:00,YMM,S,256,9.7400,0
2024-10-02,15:00:00,YMM,B,256,9.7900,0
2024-10-02,14:49:00,FXI,B,70,35.3550,0
2024-10-02,15:00:00,FXI,S,70,35.5100,0
2024-10-03,08:41:00,NIO,S,368,6.7750,0
2024-10-03,15:00:00,NIO,B,368,6.7150,0
2024-10-07,08:49:00,YANG,S,984,2.5350,0
2024-10-07,09:20:00,YANG,B,984,2.5850,0
2024-10-07,09:15:00,TIGR,S,191,13.0750,0
2024-10-07,09:20:00,TIGR,B,95,12.5520,0
2024-10-07,09:20:00,TIGR,B,96,12.8338,0
2024-10-07,08:46:00,SMCI,B,58,42.4600,0
2024-10-07,09:27:00,SMCI,S,29,44.1584,0
2024-10-07,09:27:00,SMCI,S,29,43.9254,0
2024-10-07,08:59:00,ASHR,B,72,34.3000,0
2024-10-07,09:36:00,ASHR,S,72,34.0250,0
2024-10-07,10:07:00,TIGR,S,216,11.5700,0
2024-10-07,10:20:00,TIGR,B,216,11.9600,0
2024-10-07,09:45:00,SMCI,B,54,46.1600,0
2024-10-07,10:23:00,SMCI,S,27,48.0064,0
2024-10-07,10:23:00,SMCI,S,27,47.6757,0
2024-10-07,14:36:00,ASHR,B,70,35.2800,0
2024-10-07,15:00:00,ASHR,S,70,35.4200,0
2024-10-08,08:43:00,ASHR,B,80,31.0950,0
2024-10-08,12:12:00,ASHR,S,80,30.4200,0
2024-10-08,14:27:00,ASHR,S,83,30.0200,0
2024-10-08,14:32:00,ASHR,B,83,30.1200,0
2024-10-08,08:57:00,YANG,B,766,3.2700,0
2024-10-08,14:33:00,YANG,S,383,3.4008,0
2024-10-08,14:33:00,YANG,S,383,3.4173,0
2024-10-08,08:57:00,FXI,S,75,33.1750,0
2024-10-08,15:00:00,FXI,B,75,33.3500,0
2024-10-08,14:03:00,KWEB,S,72,34.7000,0
2024-10-08,15:00:00,KWEB,B,72,35.0900,0
2024-10-09,08:54:00,CCL,B,128,19.5300,0
2024-10-09,11:10:00,CCL,S,64,20.3112,0
2024-10-09,11:10:00,CCL,S,64,20.2497,0
2024-10-09,08:41:00,ASHR,B,88,28.2300,0
2024-10-09,15:00:00,ASHR,S,88,28.5600,0
2024-10-10,09:02:00,BMEA,S,237,10.4100,0
2024-10-10,10:19:00,BMEA,B,237,10.7500,0
2024-10-10,10:26:00,NN,S,329,7.5650,0
2024-10-10,14:59:00,NN,B,329,7.6850,0
2024-10-10,09:14:00,MXL,B,187,13.3450,0
2024-10-10,15:00:00,MXL,S,187,13.4200,0
2024-10-10,09:16:00,GRPN,B,243,10.3100,0
2024-10-10,15:00:00,GRPN,S,243,10.5600,0
2024-10-10,09:20:00,PARR,B,139,18.0700,0
2024-10-10,15:00:00,PARR,S,139,17.8500,0
2024-10-10,09:41:00,NKTX,S,664,3.7300,0
2024-10-10,15:00:00,NKTX,B,664,3.7000,0
2024-10-10,09:42:00,CAR,S,29,84.3000,0
2024-10-10,15:00:00,CAR,B,29,84.4000,0
2024-10-10,10:07:00,IMAX,B,127,19.6700,0
2024-10-10,15:00:00,IMAX,S,127,20.1800,0
2024-10-11,08:48:00,UBER,B,29,83.4000,0
2024-10-11,14:25:00,UBER,S,14,86.7360,0
2024-10-11,14:25:00,UBER,S,15,86.1560,0
2024-10-14,08:43:00,NIO,S,420,5.9450,0
2024-10-14,15:00:00,NIO,B,420,5.8000,0
2024-10-14,08:44:00,SOFI,B,256,9.7500,0
2024-10-14,15:00:00,SOFI,S,256,10.0500,0
2024-10-15,08:42:00,YANG,B,674,3.7050,0
2024-10-15,11:56:00,YANG,S,337,3.8532,0
2024-10-15,11:56:00,YANG,S,337,3.8330,0
2024-10-15,08:41:00,KWEB,S,76,32.5850,0
2024-10-15,15:00:00,KWEB,B,76,31.8600,0
2024-10-16,08:41:00,AAL,B,199,12.5800,0
2024-10-16,15:00:00,AAL,S,199,12.8950,0
2024-10-17,08:42:00,NIO,S,476,5.2500,0
2024-10-17,15:00:00,NIO,B,476,5.1500,0
2024-10-17,08:48:00,YANG,B,628,3.9800,0
2024-10-17,15:00:00,YANG,S,628,3.9900,0
2024-10-18,09:07:00,NOK,B,548,4.5650,0
2024-10-18,15:00:00,NOK,S,274,4.7476,0
2024-10-18,15:00:00,NOK,S,274,4.7500,0
2024-10-21,13:08:00,GRAB,B,625,3.9950,0
2024-10-21,15:00:00,GRAB,S,625,4.0300,0
2024-10-22,09:20:00,GRPN,B,240,10.4000,0
2024-10-22,09:58:00,GRPN,S,240,10.1800,0
2024-10-22,09:49:00,GPRE,S,225,11.1000,0
2024-10-22,11:31:00,GPRE,B,225,11.3950,0
2024-10-22,10:38:00,BMEA,S,225,11.0500,0
2024-10-22,11:55:00,BMEA,B,225,11.3350,0
2024-10-22,09:35:00,MXL,S,179,13.9050,0
2024-10-22,12:09:00,MXL,B,179,14.2650,0
2024-10-22,13:34:00,IMAX,S,121,20.5550,0
2024-10-22,14:20:00,IMAX,B,121,20.5800,0
2024-10-22,09:15:00,NN,B,263,9.6100,0
2024-10-22,14:34:00,NN,S,131,9.9944,0
2024-10-22,14:34:00,NN,S,132,10.0039,0
2024-10-22,09:18:00,NKTX,S,615,4.0500,0
2024-10-22,14:52:00,NKTX,B,615,4.2000,0
2024-10-22,13:13:00,SPIR,S,278,8.9550,0
2024-10-22,14:55:00,SPIR,B,278,9.1200,0
2024-10-22,14:16:00,NNBR,S,617,4.0400,0
2024-10-22,14:59:00,NNBR,B,617,4.0800,0
2024-10-22,08:51:00,PBM,S,19623,0.1246,0
2024-10-22,15:00:00,PBM,B,9811,0.1196,0
2024-10-22,15:00:00,PBM,B,9812,0.1079,0
2024-10-22,10:26:00,GRPN,S,247,10.1100,0
2024-10-22,15:00:00,GRPN,B,247,9.9600,0
2024-10-22,14:44:00,BMI,S,12,199.8700,0
2024-10-22,15:00:00,BMI,B,12,199.0000,0
2024-10-22,14:58:00,PARR,S,142,17.5450,0
2024-10-22,15:00:00,PARR,B,142,17.4900,0
2024-10-23,09:26:00,NN,B,247,10.1200,0
2024-10-23,12:02:00,NN,S,247,9.9000,0
2024-10-23,09:27:00,MXL,B,169,14.8000,0
2024-10-23,13:08:00,MXL,S,169,14.5900,0
2024-10-23,10:23:00,GRPN,S,257,9.7000,0
2024-10-23,13:21:00,GRPN,B,257,9.8500,0
2024-10-23,09:31:00,GPRE,S,220,11.3000,0
2024-10-23,14:22:00,GPRE,B,110,10.8480,0
2024-10-23,14:22:00,GPRE,B,110,10.8580,0
2024-10-23,13:38:00,NN,B,246,10.1400,0
2024-10-23,14:43:00,NN,S,246,10.0300,0
2024-10-23,09:34:00,PARR,S,146,16.8900,0
2024-10-23,15:00:00,PARR,B,146,16.5200,0
2024-10-23,10:28:00,BMEA,S,220,11.2500,0
2024-10-23,15:00:00,BMEA,B,220,11.3100,0
2024-10-23,14:04:00,RPAY,B,324,7.7150,0
2024-10-23,15:00:00,RPAY,S,324,7.7900,0
2024-10-23,14:24:00,BMI,B,12,201.3400,0
2024-10-23,15:00:00,BMI,S,12,202.6500,0
2024-10-24,08:41:00,TSLL,B,207,12.0700,0
2024-10-24,12:24:00,TSLL,S,103,12.5528,0
2024-10-24,12:24:00,TSLL,S,104,12.6093,0
2024-10-24,08:41:00,TSLA,B,10,249.8900,0
2024-10-24,15:00:00,TSLA,S,5,259.8856,0
2024-10-24,15:00:00,TSLA,S,5,260.4800,0
2024-10-24,13:52:00,TSLL,B,195,12.7900,0
2024-10-24,15:00:00,TSLL,S,195,12.9400,0
2024-10-25,08:48:00,NIO,B,490,5.1000,0
2024-10-25,09:23:00,NIO,S,245,5.3040,0
2024-10-25,09:23:00,NIO,S,245,5.2890,0
2024-10-25,09:40:00,NIO,B,468,5.3400,0
2024-10-25,10:23:00,NIO,S,468,5.2600,0
2024-10-25,08:57:00,JOBY,B,476,5.2500,0
2024-10-25,12:22:00,JOBY,S,476,5.1050,0
2024-10-28,08:47:00,NIO,B,453,5.5100,0
2024-10-28,09:30:00,NIO,S,226,5.7304,0
2024-10-28,09:30:00,NIO,S,227,5.7249,0
2024-10-28,09:04:00,ADT,S,340,7.3400,0
2024-10-28,15:00:00,ADT,B,340,7.3700,0
2024-10-29,08:43:00,SOFI,S,246,9.8400,0
2024-10-29,12:57:00,SOFI,B,246,10.7200,0
2024-10-30,08:56:00,SMCI,B,54,36.2250,0
2024-10-30,09:02:00,SMCI,S,27,37.6740,0
2024-10-30,09:02:00,SMCI,S,27,37.2054,0
2024-10-30,08:45:00,SNAP,B,205,12.1450,0
2024-10-30,09:36:00,SNAP,S,102,12.6308,0
2024-10-30,09:36:00,SNAP,S,103,12.4786,0
2024-10-30,08:41:00,SOFI,B,229,10.9600,0
2024-10-30,14:02:00,SOFI,S,114,11.3984,0
2024-10-30,14:02:00,SOFI,S,115,11.3854,0
2024-10-30,08:41:00,AMD,S,16,149.5000,0
2024-10-30,15:00:00,AMD,B,16,148.6700,0
2024-10-31,08:41:00,SMCI,S,85,29.2700,0
2024-10-31,08:47:00,SMCI,B,42,28.0992,0
2024-10-31,08:47:00,SMCI,B,43,28.0927,0
2024-10-31,08:50:00,UBER,S,34,72.9050,0
2024-10-31,11:18:00,UBER,B,17,69.9888,0
2024-10-31,11:18:00,UBER,B,17,70.5991,0
2024-10-31,08:41:00,LCID,S,1084,2.2900,0
2024-10-31,15:00:00,LCID,B,1084,2.2050,0
2024-10-31,08:46:00,SQQQ,B,340,7.3800,0
2024-10-31,15:00:00,SQQQ,S,340,7.5900,0
2024-11-01,08:42:00,GSAT,S,1428,1.2800,0
2024-11-01,08:47:00,GSAT,B,714,1.2288,0
2024-11-01,08:47:00,GSAT,B,714,1.2228,0
2024-11-01,09:22:00,INTC,B,108,23.0700,0
2024-11-01,15:00:00,INTC,S,108,23.2000,0
2024-11-01,09:37:00,AMZN,B,12,200.0000,0
2024-11-01,15:00:00,AMZN,S,12,197.8600,0
2024-11-04,08:42:00,PLUG,B,1138,2.2300,0
2024-11-04,09:25:00,PLUG,S,569,2.3192,0
2024-11-04,09:25:00,PLUG,S,569,2.3527,0
2024-11-04,08:53:00,GSAT,S,1655,1.4800,0
2024-11-04,09:30:00,GSAT,B,1655,1.6000,0
2024-11-05,08:46:00,MQ,S,670,3.7300,0
2024-11-05,08:59:00,MQ,B,335,3.5808,0
2024-11-05,08:59:00,MQ,B,335,3.6291,0
2024-11-05,08:41:00,PLTR,B,51,48.9600,0
2024-11-05,10:30:00,PLTR,S,25,50.9184,0
2024-11-05,10:30:00,PLTR,S,26,50.6104,0
2024-11-05,13:48:00,PLTR,B,48,51.3500,0
2024-11-05,13:55:00,PLTR,S,48,51.1300,0
2024-11-05,10:10:00,SMCI,B,94,26.4700,0
2024-11-05,14:53:00,SMCI,S,47,27.5288,0
2024-11-05,14:53:00,SMCI,S,47,27.5103,0
2024-11-06,08:42:00,IBIT,B,58,42.6500,0
2024-11-06,08:46:00,IBIT,S,58,42.2750,0
2024-11-06,08:41:00,SQQQ,S,369,6.7600,0
2024-11-06,08:48:00,SQQQ,B,369,6.8800,0
2024-11-06,08:41:00,F,B,226,11.0500,0
2024-11-06,08:51:00,F,S,226,10.9500,0
2024-11-06,08:41:00,INTC,B,101,24.7450,0
2024-11-06,08:52:00,INTC,S,101,24.1100,0
2024-11-06,08:43:00,BAC,B,55,45.3850,0
2024-11-06,08:54:00,BAC,S,55,44.9050,0
2024-11-06,08:46:00,SMCI,S,121,20.6300,0
2024-11-06,09:03:00,SMCI,B,121,21.5800,0
2024-11-06,08:51:00,PLUG,S,1222,2.0450,0
2024-11-06,10:20:00,PLUG,B,611,1.9632,0
2024-11-06,10:20:00,PLUG,B,611,1.9062,0
2024-11-06,08:51:00,XLF,S,50,49.0200,0
2024-11-06,10:42:00,XLF,B,50,49.3200,0
2024-11-06,10:14:00,LCID,S,1173,2.1300,0
2024-11-06,10:43:00,LCID,B,586,2.0448,0
2024-11-06,10:43:00,LCID,B,587,2.0463,0
2024-11-06,09:00:00,CLVT,S,416,4.8750,0
2024-11-06,11:35:00,CLVT,B,208,4.6800,0
2024-11-06,11:35:00,CLVT,B,208,4.7612,0
2024-11-06,08:45:00,IWM,S,10,234.3900,0
2024-11-06,12:46:00,IWM,B,10,236.7300,0
2024-11-06,09:11:00,CX,B,472,5.3050,0
2024-11-06,12:52:00,CX,S,236,5.5172,0
2024-11-06,12:52:00,CX,S,236,5.6719,0
2024-11-06,13:36:00,F,B,223,11.2050,0
2024-11-06,13:44:00,F,S,223,11.1950,0
2024-11-06,14:07:00,MSOS,S,518,4.8200,0
2024-11-06,14:14:00,MSOS,B,518,4.8700,0
2024-11-06,14:54:00,XLF,B,50,49.6300,0
2024-11-06,14:58:00,XLF,S,50,49.5700,0
2024-11-06,08:44:00,NIO,B,500,5.0000,0
2024-11-06,15:00:00,NIO,S,500,5.0050,0
2024-11-06,08:46:00,KRE,B,38,65.3550,0
2024-11-06,15:00:00,KRE,S,38,67.0650,0
2024-11-06,08:46:00,HBAN,B,146,17.1300,0
2024-11-06,15:00:00,HBAN,S,146,17.5200,0
2024-11-06,08:52:00,TSLA,S,8,281.2500,0
2024-11-06,15:00:00,TSLA,B,8,288.5600,0
2024-11-06,08:55:00,WFC,S,34,71.7200,0
2024-11-06,15:00:00,WFC,B,34,72.5300,0
2024-11-06,09:13:00,INTC,B,100,24.8600,0
2024-11-06,15:00:00,INTC,S,100,25.0550,0
2024-11-06,09:18:00,PLTR,B,46,54.2150,0
2024-11-06,15:00:00,PLTR,S,46,55.5000,0
2024-11-06,09:28:00,SQQQ,S,370,6.7500,0
2024-11-06,15:00:00,SQQQ,B,370,6.6400,0
2024-11-06,09:35:00,RIVN,S,258,9.6750,0
2024-11-06,15:00:00,RIVN,B,258,9.7000,0
2024-11-06,13:06:00,IBIT,B,58,42.9850,0
2024-11-06,15:00:00,IBIT,S,58,43.4000,0
2024-11-06,14:25:00,CX,B,436,5.7250,0
2024-11-06,15:00:00,CX,S,436,5.7600,0
2024-11-07,08:41:00,SMCI,B,108,23.0200,0
2024-11-07,09:21:00,SMCI,S,54,23.9408,0
2024-11-07,09:21:00,SMCI,S,54,24.3898,0
2024-11-07,08:44:00,LYFT,B,133,18.7300,0
2024-11-07,09:48:00,LYFT,S,133,18.2300,0
2024-11-07,09:46:00,SMCI,B,101,24.7300,0
2024-11-07,09:51:00,SMCI,S,101,24.4100,0
2024-11-07,08:41:00,WBD,B,264,9.4650,0
2024-11-07,15:00:00,WBD,S,264,9.3750,0
2024-11-07,09:25:00,FXI,B,75,33.1700,0
2024-11-07,15:00:00,FXI,S,75,33.3500,0
2024-11-08,08:44:00,TSLA,B,8,304.8400,0
2024-11-08,09:36:00,TSLA,S,4,317.0336,0
2024-11-08,09:36:00,TSLA,S,4,316.3716,0
2024-11-08,08:41:00,VALE,S,234,10.6400,0
2024-11-08,15:00:00,VALE,B,234,10.6000,0
2024-11-08,08:42:00,FXI,S,78,31.9000,0
2024-11-08,15:00:00,FXI,B,78,31.5050,0
2024-11-08,08:48:00,SOFI,B,206,12.1250,0
2024-11-08,15:00:00,SOFI,S,103,12.6100,0
2024-11-08,15:00:00,SOFI,S,103,13.0000,0
2024-11-08,08:51:00,KWEB,S,76,32.5600,0
2024-11-08,15:00:00,KWEB,B,76,32.0100,0
2024-11-08,09:29:00,PINS,S,86,28.9500,0
2024-11-08,15:00:00,PINS,B,86,29.1700,0
2024-11-11,08:42:00,TSLA,B,7,349.8600,0
2024-11-11,08:44:00,TSLA,S,7,341.6600,0
2024-11-11,08:41:00,TSLL,B,111,22.4200,0
2024-11-11,08:44:00,TSLL,S,111,21.5000,0
2024-11-11,08:42:00,MSOS,S,529,4.7250,0
2024-11-11,08:52:00,MSOS,B,264,4.5360,0
2024-11-11,08:52:00,MSOS,B,265,4.4873,0
2024-11-11,10:18:00,TSLA,B,7,354.4100,0
2024-11-11,10:35:00,TSLA,S,7,351.6500,0
2024-11-11,10:18:00,TSLL,B,108,23.0000,0
2024-11-11,10:35:00,TSLL,S,108,22.6900,0
2024-11-11,09:18:00,MSOS,S,563,4.4400,0
2024-11-11,11:13:00,MSOS,B,281,4.2624,0
2024-11-11,11:13:00,MSOS,B,282,4.2994,0
2024-11-11,08:41:00,RIOT,B,166,15.0250,0
2024-11-11,13:03:00,RIOT,S,83,15.6260,0
2024-11-11,13:03:00,RIOT,S,83,15.6647,0
2024-11-11,09:00:00,IBIT,B,53,47.1500,0
2024-11-11,13:12:00,IBIT,S,26,49.0360,0
2024-11-11,13:12:00,IBIT,S,27,48.9585,0
2024-11-11,13:07:00,RIOT,B,158,15.8150,0
2024-11-11,13:12:00,RIOT,S,158,15.6500,0
2024-11-11,09:12:00,SOFI,B,176,14.1900,0
2024-11-11,15:00:00,SOFI,S,176,14.1200,0
2024-11-11,09:55:00,LCID,B,1059,2.3800,0
2024-11-11,15:00:00,LCID,S,1059,2.3500,0
2024-11-11,13:37:00,IBIT,B,50,49.4300,0
2024-11-11,15:00:00,IBIT,S,50,49.5900,0
2024-11-12,08:41:00,GRAB,B,530,4.7200,0
2024-11-12,10:40:00,GRAB,S,265,4.9088,0
2024-11-12,10:40:00,GRAB,S,265,4.8828,0
2024-11-12,08:45:00,LCID,S,1118,2.2350,0
2024-11-12,13:31:00,LCID,B,559,2.1456,0
2024-11-12,13:31:00,LCID,B,559,2.1523,0
2024-11-12,08:54:00,NIO,S,526,4.7350,0
2024-11-12,15:00:00,NIO,B,526,4.5800,0
2024-11-13,08:41:00,RIVN,B,186,12.5800,0
2024-11-13,08:45:00,RIVN,S,93,13.0832,0
2024-11-13,08:45:00,RIVN,S,93,12.9742,0
2024-11-13,08:51:00,ZETA,B,88,28.3800,0
2024-11-13,09:24:00,ZETA,S,88,27.0900,0
2024-11-13,09:51:00,ZETA,S,94,26.5800,0
2024-11-13,12:28:00,ZETA,B,47,25.5168,0
2024-11-13,12:28:00,ZETA,B,47,25.5508,0
2024-11-13,09:32:00,WBD,B,260,9.6100,0
2024-11-13,15:00:00,WBD,S,260,9.7150,0
2024-11-14,08:41:00,RIVN,S,214,11.6200,0
2024-11-14,11:21:00,RIVN,B,107,11.1552,0
2024-11-14,11:21:00,RIVN,B,107,11.1762,0
2024-11-14,08:42:00,HIMS,S,105,23.2300,0
2024-11-14,11:36:00,HIMS,B,52,22.3008,0
2024-11-14,11:36:00,HIMS,B,53,22.4623,0
2024-11-14,08:50:00,LCID,S,1160,2.1500,0
2024-11-14,15:00:00,LCID,B,1160,2.0800,0
2024-11-15,08:42:00,PLTR,B,39,63.2000,0
2024-11-15,08:54:00,PLTR,S,39,62.6900,0
2024-11-15,08:41:00,SOXL,B,89,28.0900,0
2024-11-15,09:36:00,SOXL,S,89,27.5500,0
2024-11-15,08:43:00,PLUG,S,1275,1.9500,0
2024-11-15,13:05:00,PLUG,B,637,1.8720,0
2024-11-15,13:05:00,PLUG,B,638,1.8695,0
2024-11-15,08:43:00,WBD,S,258,9.6450,0
2024-11-15,13:15:00,WBD,B,129,9.2592,0
2024-11-15,13:15:00,WBD,B,129,9.1965,0
2024-11-15,08:42:00,BE,S,52,18.4850,0
2024-11-15,15:00:00,BE,B,52,21.1400,0
2024-11-15,09:25:00,NU,S,173,14.4200,0
2024-11-15,15:00:00,NU,B,173,14.0600,0
2024-11-15,10:04:00,SOXL,S,91,27.2900,0
2024-11-15,15:00:00,SOXL,B,91,26.7100,0
2024-11-18,08:45:00,SMCI,B,111,22.4000,0
2024-11-18,08:49:00,SMCI,S,111,21.8300,0
2024-11-18,08:46:00,MARA,S,128,19.4250,0
2024-11-18,09:30:00,MARA,B,128,20.0450,0
2024-11-18,08:41:00,PLTR,S,40,61.1200,0
2024-11-18,15:00:00,PLTR,B,40,61.2550,0
2024-11-18,08:44:00,GRAB,B,520,4.8100,0
2024-11-18,15:00:00,GRAB,S,520,4.9850,0
2024-11-18,08:49:00,LCID,B,1173,2.1300,0
2024-11-18,15:00:00,LCID,S,1173,2.1400,0
2024-11-18,14:51:00,MARA,S,140,17.8050,0
2024-11-18,15:00:00,MARA,B,140,18.1050,0
2024-11-19,08:50:00,SMCI,B,91,27.4100,0
2024-11-19,08:55:00,SMCI,S,45,28.5064,0
2024-11-19,08:55:00,SMCI,S,46,27.9679,0
2024-11-19,09:32:00,NOK,B,566,4.4250,0
2024-11-19,09:50:00,NOK,S,566,4.4100,0
2024-11-19,10:47:00,NOK,S,606,4.1250,0
2024-11-19,10:53:00,NOK,B,303,3.9600,0
2024-11-19,10:53:00,NOK,B,303,3.9712,0
2024-11-19,08:43:00,GRAB,B,497,5.0500,0
2024-11-19,11:30:00,GRAB,S,248,5.2520,0
2024-11-19,11:30:00,GRAB,S,249,5.3495,0
2024-11-19,13:34:00,GRAB,B,452,5.5250,0
2024-11-19,14:42:00,GRAB,S,452,5.4750,0
2024-11-20,08:41:00,TGT,S,20,124.0000,0
2024-11-20,15:00:00,TGT,B,20,121.6900,0
2024-11-21,08:51:00,MSTZ,B,2717,0.6736,0
2024-11-21,08:53:00,MSTZ,S,1358,0.7005,0
2024-11-21,08:53:00,MSTZ,S,1359,0.6996,0
2024-11-21,08:51:00,MSTR,S,4,515.2200,0
2024-11-21,08:55:00,MSTR,B,2,494.6112,0
2024-11-21,08:55:00,MSTR,B,2,497.7300,0
2024-11-21,09:00:00,MSTR,S,5,487.4100,0
2024-11-21,09:04:00,MSTR,B,2,467.9136,0
2024-11-21,09:04:00,MSTR,B,3,478.4811,0
2024-11-21,08:41:00,MARA,S,102,24.4100,0
2024-11-21,09:06:00,MARA,B,51,23.4336,0
2024-11-21,09:06:00,MARA,B,51,23.4041,0
2024-11-21,14:49:00,MSTZ,B,2212,1.1300,0
2024-11-21,14:55:00,MSTZ,S,2212,1.0700,0
2024-11-22,08:41:00,GRAB,S,474,5.2700,0
2024-11-22,10:28:00,GRAB,B,237,5.0592,0
2024-11-22,10:28:00,GRAB,B,237,5.0527,0
2024-11-22,08:42:00,PBR,B,171,14.5500,0
2024-11-22,15:00:00,PBR,S,171,14.8900,0
2024-11-25,08:40:00,RGTI,B,904,2.7650,0
2024-11-25,08:41:00,RGTI,S,452,2.8756,0
2024-11-25,08:41:00,RGTI,S,452,2.9524,0
2024-11-25,08:41:00,MSTZ,B,1626,1.0100,0
2024-11-25,08:48:00,MSTZ,S,813,1.0504,0
2024-11-25,08:48:00,MSTZ,S,813,1.0599,0
2024-11-25,08:50:00,SMCI,B,67,37.2700,0
2024-11-25,08:56:00,SMCI,S,33,38.7608,0
2024-11-25,08:56:00,SMCI,S,34,38.4332,0
2024-11-25,08:49:00,OPEN,B,1136,2.2150,0
2024-11-25,09:36:00,OPEN,S,568,2.3036,0
2024-11-25,09:36:00,OPEN,S,568,2.3178,0
2024-11-25,08:45:00,RIVN,B,229,10.8900,0
2024-11-25,09:36:00,RIVN,S,114,11.3256,0
2024-11-25,09:36:00,RIVN,S,115,11.6211,0
2024-11-25,10:18:00,OPEN,B,1043,2.3950,0
2024-11-25,10:23:00,OPEN,S,1043,2.3850,0
2024-11-25,09:20:00,PLUG,B,1207,2.0700,0
2024-11-25,10:33:00,PLUG,S,603,2.1528,0
2024-11-25,10:33:00,PLUG,S,604,2.1443,0
2024-11-25,09:59:00,RIVN,B,213,11.7300,0
2024-11-25,13:39:00,RIVN,S,213,11.4050,0
2024-11-26,08:46:00,MSTZ,S,2105,1.0600,0
2024-11-26,10:12:00,MSTZ,B,2105,1.1700,0
2024-11-26,08:41:00,NIO,S,563,4.4300,0
2024-11-26,15:00:00,NIO,B,563,4.3200,0
2024-11-27,08:55:00,MSTZ,S,2450,1.0200,0
2024-11-27,09:21:00,MSTZ,B,2450,1.0700,0
2024-11-29,10:25:00,BMI,S,11,215.9800,0
2024-11-29,11:50:00,BMI,B,11,217.6550,0
2024-11-29,08:52:00,NN,B,141,17.7700,0
2024-11-29,15:00:00,NN,S,141,17.3900,0
2024-11-29,09:03:00,RPAY,S,305,8.1800,0
2024-11-29,15:00:00,RPAY,B,305,8.1000,0
2024-11-29,09:15:00,EVTL,B,166,10.0400,0
2024-11-29,15:00:00,EVTL,S,166,10.0950,0
2024-11-29,09:27:00,IMAX,B,94,26.4500,0
2024-11-29,15:00:00,IMAX,S,94,26.2900,0
2024-11-29,09:39:00,NKTX,S,877,2.8400,0
2024-11-29,15:00:00,NKTX,B,877,2.8750,0
2024-11-29,09:56:00,PARR,B,144,17.2800,0
2024-11-29,15:00:00,PARR,S,144,17.4200,0
2024-11-29,10:17:00,GPRE,B,230,10.9650,0
2024-11-29,15:00:00,GPRE,S,230,10.7900,0
2024-11-29,10:30:00,CAR,S,22,109.0300,0
2024-11-29,15:00:00,CAR,B,22,108.8800,0
2024-12-02,08:43:00,PCG,B,120,20.8000,0
2024-12-02,08:53:00,PCG,S,120,20.5250,0
2024-12-02,08:45:00,SMCI,S,68,36.3750,0
2024-12-02,09:23:00,SMCI,B,68,37.8200,0
2024-12-02,09:03:00,PCG,S,121,20.5250,0
2024-12-02,13:12:00,PCG,B,121,20.6450,0
2024-12-02,11:24:00,MARA,S,98,25.2600,0
2024-12-02,13:13:00,MARA,B,49,24.2496,0
2024-12-02,13:13:00,MARA,B,49,24.0726,0
2024-12-03,09:11:00,NIO,B,549,4.5550,0
2024-12-03,10:27:00,NIO,S,274,4.7372,0
2024-12-03,10:27:00,NIO,S,275,4.7344,0
2024-12-03,09:07:00,PLUG,S,1152,2.1700,0
2024-12-03,13:30:00,PLUG,B,576,2.0832,0
2024-12-03,13:30:00,PLUG,B,576,2.0917,0
2024-12-03,08:41:00,INTC,S,107,23.2500,0
2024-12-03,15:00:00,INTC,B,107,22.4800,0
2024-12-03,09:00:00,ABEV,B,1116,2.2500,0
2024-12-03,15:00:00,ABEV,S,1116,2.3050,0
2024-12-04,08:41:00,MRVL,B,21,115.8400,0
2024-12-04,15:00:00,MRVL,S,21,118.1600,0
2024-12-05,08:41:00,SOUN,B,168,11.6400,0
2024-12-05,09:11:00,SOUN,S,84,12.1056,0
2024-12-05,09:11:00,SOUN,S,84,12.1386,0
2024-12-05,08:41:00,INTC,S,114,21.9000,0
2024-12-05,09:26:00,INTC,B,57,21.0240,0
2024-12-05,09:26:00,INTC,B,57,20.8840,0
2024-12-05,09:19:00,SOUN,B,203,12.3000,0
2024-12-05,09:47:00,SOUN,S,101,12.7920,0
2024-12-05,09:47:00,SOUN,S,102,12.6611,0
2024-12-05,08:50:00,PLUG,S,1201,2.0700,0
2024-12-05,09:58:00,PLUG,B,1201,2.1600,0
2024-12-05,10:19:00,PLUG,B,1066,2.3450,0
2024-12-05,11:01:00,PLUG,S,533,2.4388,0
2024-12-05,11:01:00,PLUG,S,533,2.4068,0
2024-12-05,08:41:00,UBER,S,34,71.4300,0
2024-12-05,11:11:00,UBER,B,17,68.5728,0
2024-12-05,11:11:00,UBER,B,17,67.5743,0
2024-12-05,13:04:00,UBER,S,38,65.7200,0
2024-12-05,13:39:00,UBER,B,38,66.0000,0
2024-12-05,09:51:00,AAL,B,150,16.6350,0
2024-12-05,13:50:00,AAL,S,75,17.3004,0
2024-12-05,13:50:00,AAL,S,75,17.5636,0
2024-12-05,14:22:00,AAL,B,140,17.7800,0
2024-12-05,14:42:00,AAL,S,140,17.5550,0
2024-12-06,08:47:00,LCID,B,1173,2.1300,0
2024-12-06,09:46:00,LCID,S,586,2.2152,0
2024-12-06,09:46:00,LCID,S,587,2.2387,0
2024-12-06,09:50:00,LCID,B,1106,2.2600,0
2024-12-06,11:09:00,LCID,S,1106,2.2250,0
2024-12-09,08:41:00,PLUG,B,965,2.6300,0
2024-12-09,08:53:00,PLUG,S,482,2.7352,0
2024-12-09,08:53:00,PLUG,S,483,2.7237,0
2024-12-09,08:41:00,CMCSA,S,59,41.9350,0
2024-12-09,08:56:00,CMCSA,B,29,40.2576,0
2024-12-09,08:56:00,CMCSA,B,30,40.5294,0
2024-12-09,08:41:00,LCID,B,996,2.5200,0
2024-12-09,09:04:00,LCID,S,498,2.6208,0
2024-12-09,09:04:00,LCID,S,498,2.6148,0
2024-12-09,09:03:00,PLUG,B,877,2.8500,0
2024-12-09,09:05:00,PLUG,S,877,2.8000,0
2024-12-09,08:46:00,MSTZ,S,2596,0.9512,0
2024-12-09,09:15:00,MSTZ,B,2596,0.9988,0
2024-12-09,09:52:00,MSTZ,B,2358,1.0700,0
2024-12-09,09:58:00,MSTZ,S,2358,1.0450,0
2024-12-09,08:58:00,RIOT,B,206,12.1250,0
2024-12-09,13:42:00,RIOT,S,206,11.4450,0
2024-12-09,14:48:00,RIOT,S,224,11.1300,0
2024-12-09,14:48:00,RIOT,B,224,11.1350,0
2024-12-09,08:41:00,FXI,B,75,33.1400,0
2024-12-09,15:00:00,FXI,S,75,33.2600,0
2024-12-09,08:41:00,KWEB,B,73,34.1850,0
2024-12-09,15:00:00,KWEB,S,73,34.2100,0
2024-12-09,08:41:00,VALE,B,255,9.8000,0
2024-12-09,15:00:00,VALE,S,255,9.8450,0
2024-12-09,08:41:00,NIO,B,478,5.2500,0
2024-12-09,15:00:00,NIO,S,478,5.1850,0
2024-12-09,08:42:00,ASHR,B,85,29.1950,0
2024-12-09,15:00:00,ASHR,S,85,29.2100,0
2024-12-09,09:56:00,IQ,B,994,2.5150,0
2024-12-09,15:00:00,IQ,S,994,2.4800,0
2024-12-09,10:15:00,CMCSA,S,62,39.9200,0
2024-12-09,15:00:00,CMCSA,B,62,39.0550,0
2024-12-10,08:42:00,RGTI,B,492,5.0800,0
2024-12-10,08:50:00,RGTI,S,246,5.2832,0
2024-12-10,08:50:00,RGTI,S,246,5.2492,0
2024-12-10,08:44:00,MSTZ,S,2392,1.0350,0
2024-12-10,09:25:00,MSTZ,B,2392,1.0800,0
2024-12-10,08:44:00,LCID,S,1016,2.4550,0
2024-12-10,09:35:00,LCID,B,508,2.3568,0
2024-12-10,09:35:00,LCID,B,508,2.3645,0
2024-12-10,14:53:00,MSTZ,S,2450,1.0200,0
2024-12-10,15:00:00,MSTZ,B,2450,1.0250,0
2024-12-11,09:01:00,RGTI,S,160,6.7000,0
2024-12-11,09:03:00,RGTI,B,80,6.4320,0
2024-12-11,09:03:00,RGTI,B,80,6.5961,0
2024-12-11,09:02:00,UBER,S,40,62.5000,0
2024-12-11,15:00:00,UBER,B,40,61.2100,0
2024-12-12,08:41:00,WBD,B,208,12.0200,0
2024-12-12,09:05:00,WBD,S,104,12.5008,0
2024-12-12,09:05:00,WBD,S,104,12.4248,0
2024-12-13,08:43:00,AVGO,B,11,217.7400,0
2024-12-13,14:37:00,AVGO,S,5,226.4496,0
2024-12-13,14:37:00,AVGO,S,6,226.3226,0
2024-12-16,08:58:00,KOS,S,871,2.8700,0
2024-12-16,09:21:00,KOS,B,435,2.7552,0
2024-12-16,09:21:00,KOS,B,436,2.7387,0
2024-12-16,08:42:00,AVGO,B,10,239.2900,0
2024-12-16,12:50:00,AVGO,S,5,248.8616,0
2024-12-16,12:50:00,AVGO,S,5,247.5771,0
2024-12-16,13:27:00,AVGO,B,9,251.4850,0
2024-12-16,13:30:00,AVGO,S,9,250.2800,0
2024-12-17,08:41:00,RGTI,B,265,9.6000,0
2024-12-17,09:20:00,RGTI,S,265,8.6900,0
2024-12-17,08:41:00,EVGO,S,543,4.5750,0
2024-12-17,09:41:00,EVGO,B,271,4.3920,0
2024-12-17,09:41:00,EVGO,B,272,4.4058,0
2024-12-17,08:52:00,TSLZ,S,1262,1.9400,0
2024-12-17,10:53:00,TSLZ,B,1262,2.0650,0
2024-12-17,10:14:00,TEVA,B,125,20.0450,0
2024-12-17,12:20:00,TEVA,S,62,20.8468,0
2024-12-17,12:20:00,TEVA,S,63,20.7596,0
2024-12-17,13:42:00,TEVA,B,118,21.0350,0
2024-12-17,13:51:00,TEVA,S,118,20.9450,0
2024-12-18,08:41:00,QUBT,B,59,22.2000,0
2024-12-18,08:46:00,QUBT,S,29,23.0880,0
2024-12-18,08:46:00,QUBT,S,30,22.9180,0
2024-12-18,08:41:00,QBTS,B,149,9.8200,0
2024-12-18,08:46:00,QBTS,S,74,10.2128,0
2024-12-18,08:46:00,QBTS,S,75,10.1418,0
2024-12-18,08:50:00,INTC,B,121,20.5500,0
2024-12-18,09:06:00,INTC,S,121,20.3900,0
2024-12-18,08:46:00,TSLZ,S,1234,2.0200,0
2024-12-18,10:58:00,TSLZ,B,617,1.9392,0
2024-12-18,10:58:00,TSLZ,B,617,1.8802,0
2024-12-18,10:25:00,LCID,B,912,2.7400,0
2024-12-18,11:38:00,LCID,S,456,2.8496,0
2024-12-18,11:38:00,LCID,S,456,2.8326,0
2024-12-18,08:41:00,NU,S,217,11.4300,0
2024-12-18,13:13:00,NU,B,108,10.9728,0
2024-12-18,13:13:00,NU,B,109,10.7643,0
2024-12-18,13:16:00,INTC,S,123,20.1700,0
2024-12-18,13:22:00,INTC,B,123,20.2200,0
2024-12-18,14:18:00,TSLZ,B,1141,2.1900,0
2024-12-18,14:43:00,TSLZ,S,570,2.2776,0
2024-12-18,14:43:00,TSLZ,S,571,2.3057,0
2024-12-18,08:44:00,BBD,S,1295,1.9250,0
2024-12-18,14:49:00,BBD,B,647,1.8480,0
2024-12-18,14:49:00,BBD,B,648,1.8593,0
2024-12-18,08:44:00,EWZ,S,106,23.4700,0
2024-12-18,14:53:00,EWZ,B,53,22.5312,0
2024-12-18,14:53:00,EWZ,B,53,22.4997,0
2024-12-18,08:41:00,ITUB,S,489,5.1050,0
2024-12-18,15:00:00,ITUB,B,489,4.9600,0
2024-12-18,13:54:00,NU,S,235,10.6000,0
2024-12-18,15:00:00,NU,B,235,10.4300,0
2024-12-19,08:41:00,MU,S,29,85.6350,0
2024-12-19,15:00:00,MU,B,29,86.9200,0
2024-12-20,08:57:00,LCID,B,927,2.7250,0
2024-12-20,09:36:00,LCID,S,463,2.8340,0
2024-12-20,09:36:00,LCID,S,464,2.8428,0
2024-12-20,08:56:00,PLTR,B,33,73.8400,0
2024-12-20,10:53:00,PLTR,S,16,76.7936,0
2024-12-20,10:53:00,PLTR,S,17,77.2516,0
2024-12-20,10:01:00,LCID,B,856,2.9200,0
2024-12-20,12:09:00,LCID,S,428,3.0368,0
2024-12-20,12:09:00,LCID,S,428,3.0358,0
2024-12-23,08:51:00,CADL,S,308,8.0000,0
2024-12-23,15:00:00,CADL,B,308,8.3100,0
2024-12-23,09:09:00,RPAY,S,322,7.7400,0
2024-12-23,15:00:00,RPAY,B,322,7.7400,0
2024-12-24,08:41:00,LCID,B,755,3.3200,0
2024-12-24,15:00:00,LCID,S,755,3.1900,0
2024-12-26,09:39:00,EVTL,B,72,11.8650,0
2024-12-26,10:42:00,EVTL,S,36,12.3396,0
2024-12-26,10:42:00,EVTL,S,36,12.4764,0
2024-12-26,13:44:00,PBM,B,1012,2.4700,0
2024-12-26,14:27:00,PBM,S,1012,2.4500,0
2024-12-26,09:13:00,CADL,B,275,9.0700,0
2024-12-26,15:00:00,CADL,S,275,9.1600,0
2024-12-26,09:19:00,MXL,B,122,20.5050,0
2024-12-26,15:00:00,MXL,S,122,21.0200,0
2024-12-26,09:39:00,ELDN,B,595,4.2350,0
2024-12-26,15:00:00,ELDN,S,595,4.3600,0
2024-12-26,09:47:00,IMAX,B,99,25.2800,0
2024-12-26,15:00:00,IMAX,S,99,25.3600,0
2024-12-26,09:52:00,NN,B,156,16.1100,0
2024-12-26,15:00:00,NN,S,78,16.7544,0
2024-12-26,15:00:00,NN,S,78,16.6800,0
2024-12-26,10:05:00,PARR,B,155,16.1550,0
2024-12-26,15:00:00,PARR,S,155,16.3400,0
2024-12-26,10:52:00,GRPN,B,210,11.8750,0
2024-12-26,15:00:00,GRPN,S,210,12.0100,0
2024-12-26,13:15:00,GPRE,B,271,9.2500,0
2024-12-26,15:00:00,GPRE,S,271,9.3300,0
2024-12-26,14:45:00,SHMD,S,773,3.2050,0
2024-12-26,15:00:00,SHMD,B,773,3.2200,0
2024-12-26,14:56:00,ACHV,B,659,3.7900,0
2024-12-26,15:00:00,ACHV,S,659,3.8000,0
2024-12-26,14:56:00,IFRX,B,970,2.6000,0
2024-12-26,15:00:00,IFRX,S,970,2.6100,0
2024-12-26,14:56:00,MYSE,B,1344,1.8700,0
2024-12-26,15:00:00,MYSE,S,1344,1.8700,0
2024-12-26,14:59:00,NNBR,B,733,3.4500,0
2024-12-26,15:00:00,NNBR,S,733,3.4500,0
2024-12-27,08:41:00,UVIX,B,814,3.0700,0
2024-12-27,08:48:00,UVIX,S,814,3.0500,0
2024-12-27,08:44:00,QSI,S,701,3.0800,0
2024-12-27,08:56:00,QSI,B,701,3.3850,0
2024-12-27,08:55:00,UVIX,B,806,3.1000,0
2024-12-27,09:06:00,UVIX,S,403,3.2240,0
2024-12-27,09:06:00,UVIX,S,403,3.2490,0
2024-12-27,08:54:00,TSLZ,B,1184,2.1100,0
2024-12-27,09:21:00,TSLZ,S,592,2.1944,0
2024-12-27,09:21:00,TSLZ,S,592,2.2089,0
2024-12-30,09:45:00,ELDN,B,588,4.2450,0
2024-12-30,10:41:00,ELDN,S,588,4.1900,0
2024-12-30,09:26:00,GPRE,S,278,8.9600,0
2024-12-30,11:35:00,GPRE,B,278,9.0600,0
2024-12-30,09:25:00,RPAY,S,328,7.6100,0
2024-12-30,11:54:00,RPAY,B,328,7.6700,0
2024-12-30,09:28:00,CADL,S,297,8.3900,0
2024-12-30,12:14:00,CADL,B,148,8.0544,0
2024-12-30,12:14:00,CADL,B,149,8.1239,0
2024-12-30,10:02:00,GRPN,B,214,11.7700,0
2024-12-30,12:24:00,GRPN,S,107,12.2408,0
2024-12-30,12:24:00,GRPN,S,107,12.2223,0
2024-12-30,09:23:00,BMEA,S,658,3.7700,0
2024-12-30,13:14:00,BMEA,B,658,3.9300,0
2024-12-30,14:36:00,GPRE,S,282,8.8300,0
2024-12-30,14:51:00,GPRE,B,282,8.8800,0
2024-12-30,10:11:00,IMAX,B,99,25.3450,0
2024-12-30,14:56:00,IMAX,S,99,24.8700,0
2024-12-30,09:33:00,CAR,B,32,77.8800,0
2024-12-30,15:00:00,CAR,S,32,78.8800,0
2024-12-30,09:54:00,NN,B,152,16.4300,0
2024-12-30,15:00:00,NN,S,152,16.6100,0
2024-12-30,11:03:00,PBM,B,1179,2.2400,0
2024-12-30,15:00:00,PBM,S,1179,2.1900,0
2024-12-30,14:18:00,BMEA,B,636,3.9400,0
2024-12-30,15:00:00,BMEA,S,636,3.8900,0
2024-12-30,14:57:00,VOR,S,1538,1.1800,0
2024-12-30,15:00:00,VOR,B,1538,1.1850,0
2024-12-30,14:59:00,FRMM,S,1288,1.9400,0
2024-12-30,15:00:00,FRMM,B,1288,1.9400,0
2024-12-31,08:48:00,GRPN,B,204,12.2700,0
2024-12-31,09:53:00,GRPN,S,204,12.0100,0
2024-12-31,09:37:00,NKTX,B,1048,2.4150,0
2024-12-31,10:06:00,NKTX,S,1048,2.3500,0
2024-12-31,10:07:00,VOR,S,2000,1.0950,0
2024-12-31,11:07:00,VOR,B,1000,1.0512,0
2024-12-31,11:07:00,VOR,B,1000,1.0610,0
2024-12-31,09:05:00,CADL,B,310,8.1050,0
2024-12-31,11:47:00,CADL,S,155,8.4292,0
2024-12-31,11:47:00,CADL,S,155,8.3689,0
2024-12-31,10:23:00,GRPN,S,208,11.9800,0
2024-12-31,13:27:00,GRPN,B,208,12.1100,0
2024-12-31,09:05:00,GPRE,B,265,9.5750,0
2024-12-31,15:00:00,GPRE,S,265,9.4800,0
2024-12-31,09:16:00,NN,S,156,15.8750,0
2024-12-31,15:00:00,NN,B,156,15.5600,0
2024-12-31,09:32:00,PARR,B,151,16.5400,0
2024-12-31,15:00:00,PARR,S,151,16.3900,0
2024-12-31,09:45:00,IMAX,B,98,25.3000,0
2024-12-31,15:00:00,IMAX,S,98,25.5900,0
2024-12-31,09:55:00,NNBR,S,724,3.3800,0
2024-12-31,15:00:00,NNBR,B,724,3.2700,0
2024-12-31,10:05:00,MXL,S,125,19.8600,0
2024-12-31,15:00:00,MXL,B,125,19.7800,0
2024-12-31,13:18:00,CADL,B,291,8.5750,0
2024-12-31,15:00:00,CADL,S,291,8.6750,0
2024-12-31,13:49:00,RPAY,S,327,7.6100,0
2024-12-31,15:00:00,RPAY,B,327,7.6300,0
2024-12-31,13:53:00,SPIR,S,175,14.2050,0
2024-12-31,15:00:00,SPIR,B,175,14.0700,0
2024-12-31,14:30:00,EVTL,S,105,12.5150,0
2024-12-31,15:00:00,EVTL,B,105,12.5800,0
2024-12-31,14:48:00,NKTX,B,1000,2.5000,0
2024-12-31,15:00:00,NKTX,S,1000,2.5000,0
2024-12-31,14:57:00,LZM,S,357,6.9300,0
2024-12-31,15:00:00,LZM,B,357,6.9500,0
2024-12-31,14:57:00,PBM,S,1176,2.1000,0
2024-12-31,15:00:00,PBM,B,1176,2.1200,0
2025-01-02,08:56:00,NKTX,S,1000,2.4850,0
2025-01-02,09:19:00,NKTX,B,1000,2.5300,0
2025-01-02,09:48:00,ELDN,B,577,4.3300,0
2025-01-02,11:09:00,ELDN,S,288,4.5032,0
2025-01-02,11:09:00,ELDN,S,289,4.5917,0
2025-01-02,09:46:00,BMEA,S,647,3.8550,0
2025-01-02,13:00:00,BMEA,B,323,3.7008,0
2025-01-02,13:00:00,BMEA,B,324,3.6885,0
2025-01-02,10:31:00,EVTL,S,218,11.4300,0
2025-01-02,14:20:00,EVTL,B,109,10.9728,0
2025-01-02,14:20:00,EVTL,B,109,10.6689,0
2025-01-02,12:55:00,FRMM,S,1506,1.6350,0
2025-01-02,14:25:00,FRMM,B,1506,1.7600,0
2025-01-02,09:34:00,CADL,B,293,8.5400,0
2025-01-02,14:41:00,CADL,S,146,8.8816,0
2025-01-02,14:41:00,CADL,S,147,8.8646,0
2025-01-02,08:47:00,GPRE,B,254,9.9000,0
2025-01-02,15:00:00,GPRE,S,254,9.9200,0
2025-01-02,09:04:00,NN,B,158,15.8150,0
2025-01-02,15:00:00,NN,S,158,15.9200,0
2025-01-02,09:16:00,CAR,S,30,80.5500,0
2025-01-02,15:00:00,CAR,B,30,80.4100,0
2025-01-02,09:41:00,GRPN,S,204,12.1650,0
2025-01-02,15:00:00,GRPN,B,204,11.9900,0
2025-01-02,09:48:00,MXL,S,127,19.6600,0
2025-01-02,15:00:00,MXL,B,127,19.5500,0
2025-01-02,10:20:00,PARR,S,150,16.5550,0
2025-01-02,15:00:00,PARR,B,150,16.7000,0
2025-01-02,10:23:00,IMAX,S,99,25.1500,0
2025-01-02,15:00:00,IMAX,B,99,25.0600,0
2025-01-02,10:57:00,ACHV,B,672,3.7450,0
2025-01-02,15:00:00,ACHV,S,672,3.7000,0
2025-01-02,13:46:00,BMI,S,11,210.6650,0
2025-01-02,15:00:00,BMI,B,11,210.2200,0
2025-01-02,14:10:00,NNBR,S,803,3.1000,0
2025-01-02,15:00:00,NNBR,B,803,3.1900,0
2025-01-03,08:41:00,RIVN,B,153,15.1050,0
2025-01-03,09:07:00,RIVN,S,76,15.7092,0
2025-01-03,09:07:00,RIVN,S,77,15.6389,0
2025-01-03,10:01:00,RIVN,B,154,16.2000,0
2025-01-03,10:26:00,RIVN,S,154,16.0650,0
2025-01-03,10:21:00,PLUG,B,1018,2.4550,0
2025-01-03,14:01:00,PLUG,S,509,2.5532,0
2025-01-03,14:01:00,PLUG,S,509,2.5804,0
2025-01-03,09:01:00,LCID,B,788,3.1900,0
2025-01-03,14:31:00,LCID,S,394,3.3176,0
2025-01-03,14:31:00,LCID,S,394,3.3281,0
2025-01-03,14:27:00,PLUG,B,957,2.6200,0
2025-01-03,14:31:00,PLUG,S,957,2.6050,0
2025-01-06,08:45:00,PLUG,B,877,2.8500,0
2025-01-06,08:50:00,PLUG,S,877,2.7450,0
2025-01-06,09:10:00,PLUG,B,874,2.8600,0
2025-01-06,09:49:00,PLUG,S,437,2.9744,0
2025-01-06,09:49:00,PLUG,S,437,2.9864,0
2025-01-06,08:41:00,FUBO,S,266,3.1600,0
2025-01-06,10:01:00,FUBO,B,266,3.9600,0
2025-01-07,08:54:00,NVDA,S,16,148.7450,0
2025-01-07,09:52:00,NVDA,B,8,142.7952,0
2025-01-07,09:52:00,NVDA,B,8,141.9775,0
2025-01-07,08:41:00,FUBO,B,232,6.3100,0
2025-01-07,11:33:00,FUBO,S,232,5.2500,0
2025-01-08,08:45:00,SANA,S,144,5.8000,0
2025-01-08,08:45:00,SANA,B,72,5.5680,0
2025-01-08,08:45:00,SANA,B,72,5.8000,0
2025-01-08,08:41:00,RGTI,S,93,10.7500,0
2025-01-08,08:46:00,RGTI,B,46,10.3200,0
2025-01-08,08:46:00,RGTI,B,47,10.2275,0
2025-01-08,08:46:00,QBTS,S,446,5.6000,0
2025-01-08,08:50:00,QBTS,B,223,5.3760,0
2025-01-08,08:50:00,QBTS,B,223,5.6000,0
2025-01-10,08:50:00,GRPN,S,210,11.8600,0
2025-01-10,09:17:00,GRPN,B,210,11.9600,0
2025-01-10,09:01:00,GPRE,S,254,9.7650,0
2025-01-10,10:02:00,GPRE,B,127,9.3744,0
2025-01-10,10:02:00,GPRE,B,127,9.3377,0
2025-01-10,08:53:00,NN,S,207,11.9700,0
2025-01-10,11:16:00,NN,B,103,11.4912,0
2025-01-10,11:16:00,NN,B,104,11.5497,0
2025-01-10,09:32:00,BMEA,S,629,3.9650,0
2025-01-10,15:00:00,BMEA,B,629,3.9700,0
2025-01-10,09:37:00,IMAX,B,108,23.0650,0
2025-01-10,15:00:00,IMAX,S,108,23.0900,0
2025-01-10,11:13:00,NKTX,S,1077,2.3200,0
2025-01-10,15:00:00,NKTX,B,1077,2.3500,0
2025-01-10,14:08:00,RPAY,S,341,7.3000,0
2025-01-10,15:00:00,RPAY,B,341,7.2500,0
2025-01-10,14:32:00,CADL,S,303,8.2300,0
2025-01-10,15:00:00,CADL,B,303,8.2100,0
2025-01-10,14:41:00,NEXA,S,395,6.2750,0
2025-01-10,15:00:00,NEXA,B,395,6.4100,0
2025-01-10,14:56:00,NNBR,S,1012,2.4700,0
2025-01-10,15:00:00,NNBR,B,1012,2.4500,0
2025-01-13,08:41:00,PCG,S,147,16.8900,0
2025-01-13,15:00:00,PCG,B,73,16.2144,0
2025-01-13,15:00:00,PCG,B,74,16.1800,0
2025-01-14,08:41:00,RGTI,B,204,7.5500,0
2025-01-14,08:51:00,RGTI,S,102,7.8520,0
2025-01-14,08:51:00,RGTI,S,102,7.8245,0
2025-01-14,13:03:00,RGTI,B,293,8.5100,0
2025-01-14,13:03:00,RGTI,S,293,8.3550,0
2025-01-15,09:06:00,QBTS,B,413,6.0500,0
2025-01-15,09:21:00,QBTS,S,206,6.2920,0
2025-01-15,09:21:00,QBTS,S,207,6.1705,0
2025-01-15,08:44:00,RGTI,B,165,11.3000,0
2025-01-15,10:10:00,RGTI,S,165,10.0500,0
2025-01-16,08:52:00,MYSE,B,119,5.8800,0
2025-01-16,08:53:00,MYSE,S,59,6.1152,0
2025-01-16,08:53:00,MYSE,S,60,6.0912,0
2025-01-16,09:01:00,MYSE,B,289,6.1900,0
2025-01-16,09:07:00,MYSE,S,144,6.4376,0
2025-01-16,09:07:00,MYSE,S,145,6.2111,0
2025-01-16,09:26:00,IMAX,B,109,22.7900,0
2025-01-16,09:36:00,IMAX,S,109,22.6750,0
2025-01-16,09:05:00,SPIR,B,159,15.8100,0
2025-01-16,10:22:00,SPIR,S,79,16.4424,0
2025-01-16,10:22:00,SPIR,S,80,16.2919,0
2025-01-16,09:26:00,CADL,S,323,7.7200,0
2025-01-16,10:35:00,CADL,B,323,8.0000,0
2025-01-16,08:59:00,MXL,S,113,21.8350,0
2025-01-16,10:50:00,MXL,B,113,22.6800,0
2025-01-16,09:30:00,NN,S,198,12.5550,0
2025-01-16,12:08:00,NN,B,198,12.9900,0
2025-01-16,10:22:00,GRPN,S,232,10.7300,0
2025-01-16,12:40:00,GRPN,B,232,10.9100,0
2025-01-16,09:22:00,BMEA,B,613,4.0800,0
2025-01-16,13:00:00,BMEA,S,613,4.0150,0
2025-01-16,14:07:00,MXL,B,109,22.8500,0
2025-01-16,14:11:00,MXL,S,109,22.7900,0
2025-01-16,09:19:00,NKTX,B,1103,2.2950,0
2025-01-16,14:16:00,NKTX,S,551,2.3868,0
2025-01-16,14:16:00,NKTX,S,552,2.4571,0
2025-01-16,14:17:00,PBM,B,1428,1.7700,0
2025-01-16,15:00:00,PBM,S,1428,1.7700,0
2025-01-16,14:51:00,NKTX,B,1008,2.4800,0
2025-01-16,15:00:00,NKTX,S,1008,2.4900,0
2025-01-16,14:56:00,IMAX,S,111,22.4100,0
2025-01-16,15:00:00,IMAX,B,111,22.3800,0
2025-01-17,08:48:00,PLUG,S,976,2.5600,0
2025-01-17,14:40:00,PLUG,B,488,2.4576,0
2025-01-17,14:40:00,PLUG,B,488,2.4418,0
2025-01-17,08:43:00,INTC,B,117,21.3300,0
2025-01-17,15:00:00,INTC,S,117,21.4900,0
2025-01-21,09:11:00,NN,B,191,13.2250,0
2025-01-21,10:24:00,NN,S,95,13.7540,0
2025-01-21,10:24:00,NN,S,96,13.6677,0
2025-01-21,09:11:00,BMEA,S,641,3.8100,0
2025-01-21,10:32:00,BMEA,B,641,3.9800,0
2025-01-21,09:01:00,MYSE,S,444,4.8300,0
2025-01-21,11:54:00,MYSE,B,222,4.6368,0
2025-01-21,11:54:00,MYSE,B,222,4.4483,0
2025-01-21,09:16:00,CADL,S,372,6.6100,0
2025-01-21,13:38:00,CADL,B,372,6.8400,0
2025-01-21,09:16:00,RPAY,B,335,7.4900,0
2025-01-21,15:00:00,RPAY,S,335,7.4900,0
2025-01-21,09:20:00,NKTX,S,1039,2.3800,0
2025-01-21,15:00:00,NKTX,B,1039,2.4400,0
2025-01-21,09:45:00,GPRE,S,254,9.8100,0
2025-01-21,15:00:00,GPRE,B,254,9.8950,0
2025-01-21,10:24:00,SPIR,B,133,18.7450,0
2025-01-21,15:00:00,SPIR,S,133,18.1700,0
2025-01-21,10:28:00,ACHV,S,833,2.9950,0
2025-01-21,15:00:00,ACHV,B,416,2.8752,0
2025-01-21,15:00:00,ACHV,B,417,2.8500,0
2025-01-21,10:29:00,NN,B,181,13.8000,0
2025-01-21,15:00:00,NN,S,181,13.9400,0
2025-01-21,10:58:00,NNBR,S,896,2.7850,0
2025-01-21,15:00:00,NNBR,B,896,2.7800,0
2025-01-21,14:32:00,BMEA,B,599,4.1700,0
2025-01-21,15:00:00,BMEA,S,599,4.2600,0
2025-01-21,14:58:00,ELDN,B,611,4.0900,0
2025-01-21,15:00:00,ELDN,S,611,4.0750,0
2025-01-22,09:27:00,CADL,B,360,7.0200,0
2025-01-22,09:50:00,CADL,S,360,6.7750,0
2025-01-22,09:58:00,CAR,S,28,89.1550,0
2025-01-22,10:28:00,CAR,B,28,90.5050,0
2025-01-22,10:18:00,IFRX,S,1059,2.3500,0
2025-01-22,12:12:00,IFRX,B,1059,2.4300,0
2025-01-22,09:53:00,BMEA,S,588,4.2200,0
2025-01-22,13:33:00,BMEA,B,588,4.3250,0
2025-01-22,09:12:00,PARR,B,141,17.7500,0
2025-01-22,13:58:00,PARR,S,141,17.2650,0
2025-01-22,14:03:00,VOR,S,1666,1.3200,0
2025-01-22,14:43:00,VOR,B,833,1.2672,0
2025-01-22,14:43:00,VOR,B,833,1.2732,0
2025-01-22,10:17:00,ACHV,B,851,2.9600,0
2025-01-22,14:45:00,ACHV,S,425,3.0784,0
2025-01-22,14:45:00,ACHV,S,426,3.1304,0
2025-01-22,08:49:00,MYSE,B,266,5.8400,0
2025-01-22,15:00:00,MYSE,S,266,4.9800,0
2025-01-22,08:56:00,BZAI,S,337,7.0800,0
2025-01-22,15:00:00,BZAI,B,168,6.7968,0
2025-01-22,15:00:00,BZAI,B,169,6.2600,0
2025-01-22,08:57:00,NN,S,183,13.4800,0
2025-01-22,15:00:00,NN,B,183,13.1300,0
2025-01-22,09:02:00,MXL,S,99,24.9800,0
2025-01-22,15:00:00,MXL,B,99,24.2600,0
2025-01-22,09:14:00,IMAX,B,105,23.7900,0
2025-01-22,15:00:00,IMAX,S,105,23.4800,0
2025-01-22,09:21:00,GRPN,S,236,10.5500,0
2025-01-22,15:00:00,GRPN,B,236,10.3600,0
2025-01-22,09:21:00,SPIR,B,134,19.3950,0
2025-01-22,15:00:00,SPIR,S,134,19.1100,0
2025-01-22,10:16:00,NKTX,B,1033,2.4350,0
2025-01-22,15:00:00,NKTX,S,1033,2.4850,0
2025-01-22,14:10:00,GPRE,S,263,9.4800,0
2025-01-22,15:00:00,GPRE,B,263,9.2300,0
2025-01-22,14:45:00,PARR,S,145,17.2250,0
2025-01-22,15:00:00,PARR,B,145,17.1000,0
2025-01-23,09:03:00,AAL,S,148,16.7900,0
2025-01-23,15:00:00,AAL,B,148,17.0300,0
2025-01-24,09:59:00,PARR,S,141,17.6900,0
2025-01-24,11:27:00,PARR,B,141,17.9350,0
2025-01-24,09:44:00,NN,B,198,12.6050,0
2025-01-24,13:03:00,NN,S,198,12.3800,0
2025-01-24,10:19:00,GPRE,S,266,9.3550,0
2025-01-24,13:17:00,GPRE,B,266,9.5300,0
2025-01-24,09:43:00,MYSE,S,570,4.3250,0
2025-01-24,14:28:00,MYSE,B,285,4.1520,0
2025-01-24,14:28:00,MYSE,B,285,4.2057,0
2025-01-24,09:16:00,MXL,S,106,23.5500,0
2025-01-24,15:00:00,MXL,B,106,23.1800,0
2025-01-24,09:30:00,RPAY,B,334,7.4800,0
2025-01-24,15:00:00,RPAY,S,334,7.4650,0
2025-01-24,09:37:00,IMAX,B,105,23.7000,0
2025-01-24,15:00:00,IMAX,S,105,23.5100,0
2025-01-24,09:38:00,GRPN,B,236,10.6000,0
2025-01-24,15:00:00,GRPN,S,236,10.6100,0
2025-01-24,09:47:00,CADL,B,354,7.1050,0
2025-01-24,15:00:00,CADL,S,354,6.8800,0
2025-01-24,10:23:00,NNBR,B,806,3.1900,0
2025-01-24,15:00:00,NNBR,S,806,3.1200,0
2025-01-24,12:03:00,PBM,B,1412,1.7700,0
2025-01-24,15:00:00,PBM,S,1412,1.8000,0
2025-01-24,14:54:00,PARR,S,142,17.5300,0
2025-01-24,15:00:00,PARR,B,142,17.5050,0
2025-01-24,14:59:00,VOR,S,1600,1.4650,0
2025-01-24,15:00:00,VOR,B,1600,1.4600,0
2025-01-27,08:41:00,AMD,S,21,115.6800,0
2025-01-27,08:54:00,AMD,B,21,118.0200,0
2025-01-27,08:41:00,VRT,S,21,114.0500,0
2025-01-27,09:22:00,VRT,B,10,109.4880,0
2025-01-27,09:22:00,VRT,B,11,108.6705,0
2025-01-27,09:14:00,WULF,S,477,5.2150,0
2025-01-27,09:49:00,WULF,B,238,5.0064,0
2025-01-27,09:49:00,WULF,B,239,5.0463,0
2025-01-27,09:56:00,WULF,S,508,4.9150,0
2025-01-27,10:13:00,WULF,B,254,4.7184,0
2025-01-27,10:13:00,WULF,B,254,4.6891,0
2025-01-27,08:43:00,CORZ,S,201,12.3200,0
2025-01-27,10:28:00,CORZ,B,100,11.8272,0
2025-01-27,10:28:00,CORZ,B,101,11.3832,0
2025-01-27,09:18:00,NVDA,S,20,123.6700,0
2025-01-27,10:37:00,NVDA,B,10,118.7232,0
2025-01-27,10:37:00,NVDA,B,10,118.5067,0
2025-01-27,09:21:00,TSM,S,12,196.8600,0
2025-01-27,10:37:00,TSM,B,6,188.9856,0
2025-01-27,10:37:00,TSM,B,6,190.8536,0
2025-01-27,09:17:00,SOXL,S,92,27.0300,0
2025-01-27,10:37:00,SOXL,B,46,25.9488,0
2025-01-27,10:37:00,SOXL,B,46,25.8903,0
2025-01-27,09:17:00,SOXS,B,117,21.2100,0
2025-01-27,10:46:00,SOXS,S,58,22.0584,0
2025-01-27,10:46:00,SOXS,S,59,21.9379,0
2025-01-27,10:31:00,CORZ,S,222,11.2600,0
2025-01-27,10:57:00,CORZ,B,222,11.3950,0
2025-01-27,10:01:00,VRT,S,23,107.5300,0
2025-01-27,12:35:00,VRT,B,11,103.2288,0
2025-01-27,12:35:00,VRT,B,12,103.0603,0
2025-01-27,10:03:00,AVGO,S,11,209.5800,0
2025-01-27,12:40:00,AVGO,B,5,201.1968,0
2025-01-27,12:40:00,AVGO,B,6,198.3258,0
2025-01-27,13:08:00,SOXS,B,109,22.9200,0
2025-01-27,13:08:00,SOXS,S,109,22.8300,0
2025-01-27,09:17:00,MU,S,26,92.8500,0
2025-01-27,13:33:00,MU,B,13,89.1360,0
2025-01-27,13:33:00,MU,B,13,89.2885,0
2025-01-27,13:56:00,SOXL,S,104,23.8600,0
2025-01-27,13:58:00,SOXL,B,104,24.0700,0
2025-01-27,08:46:00,T,B,102,24.3200,0
2025-01-27,15:00:00,T,S,102,24.1500,0
2025-01-27,09:40:00,SOFI,B,153,16.3500,0
2025-01-27,15:00:00,SOFI,S,153,16.0750,0
2025-01-27,10:02:00,PLUG,S,1269,1.9550,0
2025-01-27,15:00:00,PLUG,B,1269,1.9500,0
2025-01-27,10:24:00,AMD,S,21,115.5600,0
2025-01-27,15:00:00,AMD,B,21,115.0500,0
2025-01-28,08:41:00,JBLU,S,375,6.6450,0
2025-01-28,08:52:00,JBLU,B,187,6.3792,0
2025-01-28,08:52:00,JBLU,B,188,6.4064,0
2025-01-28,08:41:00,NVDA,S,21,117.8500,0
2025-01-28,10:39:00,NVDA,B,21,122.0100,0
2025-01-28,14:52:00,NVDA,B,19,128.0000,0
2025-01-28,15:00:00,NVDA,S,19,128.8100,0
2025-01-29,08:54:00,GRAB,B,545,4.5850,0
2025-01-29,15:00:00,GRAB,S,272,4.7684,0
2025-01-29,15:00:00,GRAB,S,273,4.7800,0
2025-01-30,08:41:00,NOK,S,530,4.7100,0
2025-01-30,15:00:00,NOK,B,530,4.7050,0
2025-01-30,08:44:00,CMCSA,S,73,33.7900,0
2025-01-30,15:00:00,CMCSA,B,73,33.2400,0
2025-01-31,08:50:00,MXL,S,144,17.2500,0
2025-01-31,09:32:00,MXL,B,144,17.7200,0
2025-01-31,09:14:00,GPRE,B,279,8.9400,0
2025-01-31,10:06:00,GPRE,S,279,8.8300,0
2025-01-31,08:48:00,NN,B,209,12.0050,0
2025-01-31,11:09:00,NN,S,104,12.4852,0
2025-01-31,11:09:00,NN,S,105,12.4949,0
2025-01-31,11:39:00,RPAY,B,329,7.6400,0
2025-01-31,12:26:00,RPAY,S,329,7.5700,0
2025-01-31,09:44:00,GRPN,S,237,10.5100,0
2025-01-31,15:00:00,GRPN,B,237,10.4600,0
2025-01-31,10:07:00,BMI,B,11,216.1900,0
2025-01-31,15:00:00,BMI,S,11,213.5100,0
2025-01-31,10:09:00,PARR,B,148,16.9400,0
2025-01-31,15:00:00,PARR,S,148,16.7350,0
2025-01-31,10:33:00,ELDN,S,542,4.5900,0
2025-01-31,15:00:00,ELDN,B,542,4.5250,0
2025-02-03,08:42:00,IVVD,B,2257,0.5450,0
2025-02-03,08:53:00,IVVD,S,1128,0.5668,0
2025-02-03,08:53:00,IVVD,S,1129,0.5687,0
2025-02-03,08:47:00,SOXS,B,110,22.5950,0
2025-02-03,08:57:00,SOXS,S,110,22.2800,0
2025-02-03,09:04:00,IVVD,B,1923,0.6485,0
2025-02-03,09:06:00,IVVD,S,961,0.6744,0
2025-02-03,09:06:00,IVVD,S,962,0.6485,0
2025-02-04,08:41:00,PYPL,S,30,80.8800,0
2025-02-04,15:00:00,PYPL,B,15,77.6448,0
2025-02-04,15:00:00,PYPL,B,15,77.7500,0
2025-02-04,08:44:00,PLTR,B,23,104.9000,0
2025-02-04,15:00:00,PLTR,S,23,103.8300,0
2025-02-04,08:59:00,GRAB,B,488,5.1500,0
2025-02-04,15:00:00,GRAB,S,488,5.1050,0
2025-02-04,13:45:00,MRK,B,27,90.4100,0
2025-02-04,15:00:00,MRK,S,27,90.7050,0
2025-02-05,08:41:00,NVDA,S,20,121.1600,0
2025-02-05,09:00:00,NVDA,B,20,122.6350,0
2025-02-05,10:09:00,NVDA,B,20,123.4600,0
2025-02-05,10:17:00,NVDA,S,20,122.9900,0
2025-02-05,08:49:00,SNAP,S,225,11.1000,0
2025-02-05,15:00:00,SNAP,B,112,10.6560,0
2025-02-05,15:00:00,SNAP,B,113,10.6200,0
2025-02-05,09:12:00,UBER,S,38,64.7100,0
2025-02-05,15:00:00,UBER,B,38,64.4850,0
2025-02-05,09:13:00,GOOGL,S,13,188.5100,0
2025-02-05,15:00:00,GOOGL,B,13,191.4900,0
2025-02-05,09:55:00,AMD,B,23,108.4600,0
2025-02-05,15:00:00,AMD,S,23,112.0600,0
2025-02-05,09:58:00,GRAB,S,525,4.7500,0
2025-02-05,15:00:00,GRAB,B,262,4.5600,0
2025-02-05,15:00:00,GRAB,B,263,4.5650,0
2025-02-06,08:42:00,PLTR,B,24,103.5000,0
2025-02-06,09:39:00,PLTR,S,12,107.6400,0
2025-02-06,09:39:00,PLTR,S,12,107.1450,0
2025-02-06,09:57:00,PLTR,B,23,108.1800,0
2025-02-06,10:06:00,PLTR,S,23,107.0450,0
2025-02-06,08:41:00,F,S,265,9.3850,0
2025-02-06,15:00:00,F,B,265,9.2700,0
2025-02-07,08:41:00,UBER,B,34,71.8300,0
2025-02-07,10:23:00,UBER,S,17,74.7032,0
2025-02-07,10:23:00,UBER,S,17,74.8717,0
2025-02-07,08:49:00,BBD,B,1173,2.1400,0
2025-02-07,13:20:00,BBD,S,1173,2.1000,0
2025-02-07,08:46:00,PINS,S,63,39.5000,0
2025-02-07,15:00:00,PINS,B,63,40.0250,0
2025-02-10,09:04:00,SMCI,B,64,38.7000,0
2025-02-10,12:06:00,SMCI,S,32,40.2480,0
2025-02-10,12:06:00,SMCI,S,32,41.3332,0
2025-02-10,08:41:00,PLUG,S,1081,1.6650,0
2025-02-10,15:00:00,PLUG,B,1081,1.7150,0
2025-02-11,08:46:00,INTC,B,122,20.4500,0
2025-02-11,10:16:00,INTC,S,61,21.2680,0
2025-02-11,10:16:00,INTC,S,61,21.3255,0
2025-02-11,08:47:00,SMCI,B,60,41.5100,0
2025-02-11,10:56:00,SMCI,S,60,39.8000,0
2025-02-11,09:17:00,NIO,S,605,4.1300,0
2025-02-11,15:00:00,NIO,B,605,4.0450,0
2025-02-12,09:05:00,EAF,B,2439,1.0450,0
2025-02-12,09:46:00,EAF,S,1219,1.0868,0
2025-02-12,09:46:00,EAF,S,1220,1.0893,0
2025-02-12,08:43:00,LYFT,B,183,13.1500,0
2025-02-12,10:53:00,LYFT,S,91,13.6760,0
2025-02-12,10:53:00,LYFT,S,92,13.7535,0
2025-02-12,13:10:00,INTC,B,112,22.2700,0
2025-02-12,14:28:00,INTC,S,112,22.1700,0
2025-02-13,08:41:00,HOOD,B,38,65.6000,0
2025-02-13,08:58:00,HOOD,S,38,62.0200,0
2025-02-13,08:51:00,LCID,B,830,3.0100,0
2025-02-13,09:04:00,LCID,S,415,3.1304,0
2025-02-13,09:04:00,LCID,S,415,3.1349,0
2025-02-13,09:12:00,LCID,B,784,3.1850,0
2025-02-13,09:28:00,LCID,S,784,3.1300,0
2025-02-13,08:42:00,SMCI,S,64,38.7900,0
2025-02-13,09:28:00,SMCI,B,64,39.8200,0
2025-02-13,08:41:00,INTC,B,104,23.9900,0
2025-02-13,15:00:00,INTC,S,104,24.1100,0
2025-02-13,09:24:00,TTD,S,30,82.6050,0
2025-02-13,15:00:00,TTD,B,30,81.9300,0
2025-02-14,08:41:00,SMCI,B,55,45.0900,0
2025-02-14,09:04:00,SMCI,S,27,46.8936,0
2025-02-14,09:04:00,SMCI,S,28,46.8641,0
2025-02-14,08:50:00,DKNG,B,49,50.4950,0
2025-02-14,09:32:00,DKNG,S,24,52.5148,0
2025-02-14,09:32:00,DKNG,S,25,52.8550,0
2025-02-14,09:35:00,DKNG,B,46,53.3600,0
2025-02-14,09:38:00,DKNG,S,46,52.6700,0
2025-02-14,13:43:00,RXRX,B,165,10.3000,0
2025-02-14,14:17:00,RXRX,S,82,10.7120,0
2025-02-14,14:17:00,RXRX,S,83,10.6470,0
2025-02-14,08:41:00,SOUN,S,142,10.4200,0
2025-02-14,15:00:00,SOUN,B,142,10.9650,0
2025-02-18,08:53:00,EFOI,B,869,2.0400,0
2025-02-18,08:58:00,EFOI,S,869,1.7500,0
2025-02-18,09:06:00,BZAI,B,338,5.4800,0
2025-02-18,09:43:00,BZAI,S,338,4.7400,0
2025-02-18,09:34:00,ELDN,S,545,4.5550,0
2025-02-18,09:56:00,ELDN,B,545,4.6000,0
2025-02-18,08:56:00,CADL,B,246,10.1700,0
2025-02-18,10:39:00,CADL,S,246,9.4950,0
2025-02-18,09:38:00,IFRX,S,1282,1.8650,0
2025-02-18,10:57:00,IFRX,B,641,1.7904,0
2025-02-18,10:57:00,IFRX,B,641,1.7836,0
2025-02-18,10:21:00,IMAX,S,92,27.0000,0
2025-02-18,11:04:00,IMAX,B,92,27.2350,0
2025-02-18,09:37:00,CRML,S,400,3.0800,0
2025-02-18,11:07:00,CRML,B,200,2.9568,0
2025-02-18,11:07:00,CRML,B,200,2.9705,0
2025-02-18,09:01:00,GPRE,B,363,6.8950,0
2025-02-18,12:07:00,GPRE,S,363,6.7000,0
2025-02-18,09:50:00,VOR,B,1724,1.4900,0
2025-02-18,12:19:00,VOR,S,1724,1.4000,0
2025-02-18,14:15:00,GPRE,S,379,6.5800,0
2025-02-18,14:15:00,GPRE,B,379,6.6000,0
2025-02-18,14:27:00,IMAX,S,92,26.8800,0
2025-02-18,14:40:00,IMAX,B,92,26.9600,0
2025-02-18,09:29:00,CAR,B,26,93.3500,0
2025-02-18,14:47:00,CAR,S,13,97.0840,0
2025-02-18,14:47:00,CAR,S,13,96.9665,0
2025-02-18,09:03:00,PARR,B,155,16.2200,0
2025-02-18,15:00:00,PARR,S,155,15.9200,0
2025-02-18,09:57:00,EVTL,B,467,5.3600,0
2025-02-18,15:00:00,EVTL,S,467,5.4000,0
2025-02-18,10:01:00,SPIR,B,202,12.6600,0
2025-02-18,15:00:00,SPIR,S,202,12.3400,0
2025-02-18,10:10:00,MXL,B,148,16.8200,0
2025-02-18,15:00:00,MXL,S,148,16.8250,0
2025-02-18,14:53:00,NN,S,201,12.3600,0
2025-02-18,15:00:00,NN,B,201,12.3600,0
2025-02-19,08:42:00,INTC,S,96,25.6050,0
2025-02-19,09:47:00,INTC,B,96,26.2650,0
2025-02-19,08:41:00,PLTR,S,20,122.4500,0
2025-02-19,10:32:00,PLTR,B,20,124.9400,0
2025-02-19,08:46:00,SMCI,S,43,57.5100,0
2025-02-19,10:45:00,SMCI,B,43,60.4000,0
2025-02-19,14:34:00,PLTR,S,22,111.2800,0
2025-02-19,15:00:00,PLTR,B,22,112.0750,0
2025-02-20,08:41:00,CCL,S,99,25.0850,0
2025-02-20,08:44:00,CCL,B,49,24.0816,0
2025-02-20,08:44:00,CCL,B,50,24.2508,0
2025-02-20,08:54:00,PLTR,S,24,99.8400,0
2025-02-20,08:59:00,PLTR,B,12,95.8464,0
2025-02-20,08:59:00,PLTR,B,12,97.3145,0
2025-02-20,08:46:00,GRAB,S,501,4.9850,0
2025-02-20,09:01:00,GRAB,B,250,4.7856,0
2025-02-20,09:01:00,GRAB,B,251,4.8299,0
2025-02-20,08:42:00,BABA,B,17,142.1600,0
2025-02-20,09:40:00,BABA,S,17,137.6500,0
2025-02-20,09:30:00,U,B,95,26.3300,0
2025-02-20,11:22:00,U,S,47,27.3832,0
2025-02-20,11:22:00,U,S,48,27.2157,0
2025-02-20,09:01:00,IQ,B,1136,2.2050,0
2025-02-20,15:00:00,IQ,S,1136,2.1850,0
2025-02-21,09:01:00,SOXS,B,143,17.3800,0
2025-02-21,10:14:00,SOXS,S,71,18.0752,0
2025-02-21,10:14:00,SOXS,S,72,18.0562,0
2025-02-21,08:48:00,PLUG,S,1466,1.7050,0
2025-02-21,13:14:00,PLUG,B,733,1.6368,0
2025-02-21,13:14:00,PLUG,B,733,1.6470,0
2025-02-21,11:16:00,SOXS,B,137,18.2300,0
2025-02-21,14:22:00,SOXS,S,68,18.9592,0
2025-02-21,14:22:00,SOXS,S,69,18.9177,0
2025-02-21,09:12:00,HIMS,B,29,56.3200,0
2025-02-21,14:59:00,HIMS,S,29,49.0550,0
2025-02-21,08:45:00,BABA,B,17,144.2350,0
2025-02-21,15:00:00,BABA,S,17,143.7600,0
2025-02-21,09:49:00,NU,S,223,11.1000,0
2025-02-21,15:00:00,NU,B,223,10.8200,0
2025-02-24,08:44:00,PLTR,S,26,94.0700,0
2025-02-24,09:08:00,PLTR,B,13,90.3072,0
2025-02-24,09:08:00,PLTR,B,13,90.5207,0
2025-02-24,08:43:00,LCID,S,869,2.8600,0
2025-02-24,09:09:00,LCID,B,434,2.7456,0
2025-02-24,09:09:00,LCID,B,435,2.7386,0
2025-02-24,08:53:00,SOXS,B,131,19.0600,0
2025-02-24,09:09:00,SOXS,S,65,19.8224,0
2025-02-24,09:09:00,SOXS,S,66,19.8094,0
2025-02-24,09:22:00,PLTR,S,27,89.5800,0
2025-02-24,10:24:00,PLTR,B,27,92.7900,0
2025-02-24,08:41:00,KWEB,S,71,34.7300,0
2025-02-24,15:00:00,KWEB,B,71,34.3400,0
2025-02-24,08:43:00,BABA,S,18,132.2950,0
2025-02-24,15:00:00,BABA,B,18,129.0150,0
2025-02-24,08:48:00,IQ,S,1190,2.1000,0
2025-02-24,15:00:00,IQ,B,1190,2.1000,0
2025-02-24,08:52:00,KEEL,S,1937,1.2800,0
2025-02-24,15:00:00,KEEL,B,1937,1.2400,0
2025-02-25,08:46:00,SOXS,S,123,20.1900,0
2025-02-25,08:52:00,SOXS,B,123,20.6900,0
2025-02-25,08:47:00,VIVS,S,588,1.0400,0
2025-02-25,08:54:00,VIVS,B,294,0.9984,0
2025-02-25,08:54:00,VIVS,B,294,0.9504,0
2025-02-25,08:44:00,TSLL,S,155,16.0500,0
2025-02-25,09:00:00,TSLL,B,77,15.4080,0
2025-02-25,09:00:00,TSLL,B,78,15.4405,0
2025-02-25,08:51:00,HOOD,S,53,47.1600,0
2025-02-25,09:20:00,HOOD,B,26,45.2736,0
2025-02-25,09:20:00,HOOD,B,27,44.5316,0
2025-02-25,08:46:00,INTC,S,104,23.8100,0
2025-02-25,09:32:00,INTC,B,52,22.8576,0
2025-02-25,09:32:00,INTC,B,52,23.0181,0
2025-02-25,09:28:00,TSLL,S,168,14.8000,0
2025-02-25,10:06:00,TSLL,B,84,14.2080,0
2025-02-25,10:06:00,TSLL,B,84,14.3632,0
2025-02-25,08:53:00,SMCI,S,52,46.7050,0
2025-02-25,10:28:00,SMCI,B,26,44.8368,0
2025-02-25,10:28:00,SMCI,B,26,45.7661,0
2025-02-25,08:53:00,LCID,S,897,2.7450,0
2025-02-25,11:01:00,LCID,B,448,2.6352,0
2025-02-25,11:01:00,LCID,B,449,2.6429,0
2025-02-25,08:41:00,IBIT,S,49,50.0500,0
2025-02-25,15:00:00,IBIT,B,49,50.0200,0
2025-02-25,09:00:00,SOXS,B,120,20.8200,0
2025-02-25,15:00:00,SOXS,S,60,21.6528,0
2025-02-25,15:00:00,SOXS,S,60,21.5300,0
2025-02-26,08:41:00,NIO,B,563,4.4750,0
2025-02-26,08:55:00,NIO,S,281,4.6540,0
2025-02-26,08:55:00,NIO,S,282,4.6753,0
2025-02-26,08:41:00,SMCI,S,47,52.5800,0
2025-02-26,09:12:00,SMCI,B,47,55.1100,0
2025-02-26,08:45:00,LCID,B,1022,2.4550,0
2025-02-26,09:47:00,LCID,S,1022,2.3500,0
2025-02-26,08:49:00,GERN,S,975,1.4750,0
2025-02-26,15:00:00,GERN,B,975,1.6050,0
2025-02-27,08:41:00,SOXL,S,95,25.9700,0
2025-02-27,08:56:00,SOXL,B,47,24.9312,0
2025-02-27,08:56:00,SOXL,B,48,25.1497,0
2025-02-27,08:41:00,SOXS,B,121,20.6800,0
2025-02-27,08:56:00,SOXS,S,60,21.5072,0
2025-02-27,08:56:00,SOXS,S,61,21.3382,0
2025-02-27,08:41:00,SMCI,S,53,46.5200,0
2025-02-27,09:00:00,SMCI,B,26,44.6592,0
2025-02-27,09:00:00,SMCI,B,27,45.0652,0
2025-02-27,08:41:00,SQQQ,B,83,30.0800,0
2025-02-27,09:00:00,SQQQ,S,41,31.2832,0
2025-02-27,09:00:00,SQQQ,S,42,31.2992,0
2025-02-27,08:43:00,PLTR,S,27,91.0200,0
2025-02-27,09:02:00,PLTR,B,13,87.3792,0
2025-02-27,09:02:00,PLTR,B,14,87.1552,0
2025-02-27,08:45:00,TSLL,S,188,13.1700,0
2025-02-27,09:02:00,TSLL,B,94,12.6432,0
2025-02-27,09:02:00,TSLL,B,94,12.5700,0
2025-02-27,08:46:00,VTRS,B,269,9.2900,0
2025-02-27,11:02:00,VTRS,S,134,9.6616,0
2025-02-27,11:02:00,VTRS,S,135,9.6321,0
2025-02-27,08:41:00,NVDA,S,19,129.8250,0
2025-02-27,13:47:00,NVDA,B,9,124.6320,0
2025-02-27,13:47:00,NVDA,B,10,123.9282,0
2025-02-27,13:41:00,SQQQ,B,78,32.0100,0
2025-02-27,13:56:00,SQQQ,S,78,31.8400,0
2025-02-27,13:23:00,SOXL,S,103,24.1000,0
2025-02-27,14:23:00,SOXL,B,51,23.1360,0
2025-02-27,14:23:00,SOXL,B,52,22.7660,0
2025-02-27,13:22:00,SOXS,B,112,22.1400,0
2025-02-27,14:23:00,SOXS,S,56,23.0256,0
2025-02-27,14:23:00,SOXS,S,56,23.1486,0
2025-02-27,08:59:00,PBR,S,186,13.4200,0
2025-02-27,15:00:00,PBR,B,186,13.5500,0
2025-02-27,13:27:00,SMCI,S,57,43.7400,0
2025-02-27,15:00:00,SMCI,B,57,42.9650,0
2025-02-27,14:12:00,PLTR,S,29,85.3550,0
2025-02-27,15:00:00,PLTR,B,29,84.7800,0
2025-02-28,08:43:00,TSLL,B,203,12.3000,0
2025-02-28,09:14:00,TSLL,S,101,12.7920,0
2025-02-28,09:14:00,TSLL,S,102,12.8470,0
2025-02-28,09:23:00,TSLL,B,190,13.0900,0
2025-02-28,11:49:00,TSLL,S,190,12.8000,0
2025-03-03,08:42:00,SMCI,S,63,39.5900,0
2025-03-03,08:46:00,SMCI,B,63,40.4500,0
2025-03-03,08:41:00,TSLL,S,182,13.7000,0
2025-03-03,12:15:00,TSLL,B,91,13.1520,0
2025-03-03,12:15:00,TSLL,B,91,12.8970,0
2025-03-03,08:41:00,SOXL,S,111,22.4500,0
2025-03-03,12:17:00,SOXL,B,55,21.5520,0
2025-03-03,12:17:00,SOXL,B,56,21.7045,0
2025-03-03,08:41:00,SOXS,B,107,23.1700,0
2025-03-03,12:17:00,SOXS,S,53,24.0968,0
2025-03-03,12:17:00,SOXS,S,54,23.8783,0
2025-03-03,08:41:00,NVDA,S,20,120.2250,0
2025-03-03,12:18:00,NVDA,B,10,115.4160,0
2025-03-03,12:18:00,NVDA,B,10,115.7323,0
2025-03-03,08:45:00,RIG,S,853,2.9200,0
2025-03-03,12:22:00,RIG,B,426,2.8032,0
2025-03-03,12:22:00,RIG,B,427,2.8092,0
2025-03-03,08:41:00,SQQQ,B,80,31.2100,0
2025-03-03,12:48:00,SQQQ,S,40,32.4584,0
2025-03-03,12:48:00,SQQQ,S,40,32.3179,0
2025-03-03,13:58:00,TSLL,S,198,12.5900,0
2025-03-03,14:43:00,TSLL,B,99,12.0864,0
2025-03-03,14:43:00,TSLL,B,99,12.1559,0
2025-03-03,09:48:00,NIO,S,566,4.4100,0
2025-03-03,14:49:00,NIO,B,283,4.2336,0
2025-03-03,14:49:00,NIO,B,283,4.2441,0
2025-03-03,14:19:00,SOXL,S,124,20.1550,0
2025-03-03,14:59:00,SOXL,B,124,20.4700,0
2025-03-03,08:52:00,ADT,S,325,7.6900,0
2025-03-03,15:00:00,ADT,B,325,7.6800,0
2025-03-03,13:59:00,SQQQ,B,76,32.8400,0
2025-03-03,15:00:00,SQQQ,S,76,33.4500,0
2025-03-03,14:10:00,NVDA,S,21,114.1700,0
2025-03-03,15:00:00,NVDA,B,21,114.0600,0
2025-03-03,14:19:00,SOXS,B,98,25.4550,0
2025-03-03,15:00:00,SOXS,S,98,25.2900,0
2025-03-03,14:22:00,RIG,S,922,2.7100,0
2025-03-03,15:00:00,RIG,B,922,2.6600,0
2025-03-04,08:52:00,INTC,S,113,21.9300,0
2025-03-04,09:27:00,INTC,B,56,21.0528,0
2025-03-04,09:27:00,INTC,B,57,21.0793,0
2025-03-04,08:51:00,TSLL,S,220,11.2300,0
2025-03-04,09:27:00,TSLL,B,110,10.7808,0
2025-03-04,09:27:00,TSLL,B,110,10.8820,0
2025-03-04,09:19:00,T,B,89,27.9300,0
2025-03-04,10:11:00,T,S,89,27.5150,0
2025-03-04,10:24:00,SMCI,B,66,37.8150,0
2025-03-04,11:24:00,SMCI,S,33,39.3276,0
2025-03-04,11:24:00,SMCI,S,33,39.2919,0
2025-03-04,09:43:00,INTC,S,119,20.8600,0
2025-03-04,11:37:00,INTC,B,119,21.2150,0
2025-03-04,08:43:00,BAC,S,57,43.6400,0
2025-03-04,15:00:00,BAC,B,57,42.6800,0
2025-03-05,08:44:00,SOXL,B,117,21.2600,0
2025-03-05,08:57:00,SOXL,S,117,20.4400,0
2025-03-05,08:42:00,SOXS,S,103,24.2550,0
2025-03-05,08:57:00,SOXS,B,103,25.1100,0
2025-03-05,14:14:00,SOXL,B,113,22.1200,0
2025-03-05,14:16:00,SOXL,S,113,22.0100,0
2025-03-05,08:41:00,F,B,266,9.4050,0
2025-03-05,15:00:00,F,S,266,9.6450,0
2025-03-05,08:41:00,AAL,B,182,13.7350,0
2025-03-05,15:00:00,AAL,S,182,14.1000,0
2025-03-05,08:53:00,KWEB,B,70,35.6500,0
2025-03-05,15:00:00,KWEB,S,70,36.6600,0
2025-03-05,09:07:00,IQ,B,1106,2.2900,0
2025-03-05,15:00:00,IQ,S,1106,2.3150,0
2025-03-06,08:41:00,SOFI,S,195,12.8000,0
2025-03-06,09:05:00,SOFI,B,195,13.1200,0
2025-03-06,08:49:00,PSTV,S,1945,0.5100,0
2025-03-06,09:09:00,PSTV,B,972,0.4896,0
2025-03-06,09:09:00,PSTV,B,973,0.5100,0
2025-03-06,08:41:00,PLTR,S,29,85.1800,0
2025-03-06,09:22:00,PLTR,B,29,88.2600,0
2025-03-06,08:43:00,SOXL,B,124,20.0800,0
2025-03-06,09:48:00,SOXL,S,62,20.8832,0
2025-03-06,09:48:00,SOXL,S,62,20.8142,0
2025-03-06,08:48:00,AAL,S,184,13.5650,0
2025-03-06,09:51:00,AAL,B,184,13.8350,0
2025-03-06,08:51:00,SQQQ,S,73,34.1000,0
2025-03-06,11:03:00,SQQQ,B,73,34.5200,0
2025-03-06,08:43:00,NVDA,B,21,113.8700,0
2025-03-06,11:04:00,NVDA,S,21,112.3300,0
2025-03-06,08:43:00,SOXS,S,98,25.2800,0
2025-03-06,11:46:00,SOXS,B,98,26.1500,0
2025-03-06,13:26:00,AAL,S,186,13.3700,0
2025-03-06,13:28:00,AAL,B,186,13.3900,0
2025-03-06,10:58:00,TSLL,S,229,10.9000,0
2025-03-06,13:32:00,TSLL,B,114,10.4640,0
2025-03-06,13:32:00,TSLL,B,115,10.5590,0
2025-03-06,13:27:00,NVDA,S,22,110.3500,0
2025-03-06,13:33:00,NVDA,B,22,110.7400,0
2025-03-06,13:38:00,SOXL,S,131,19.0200,0
2025-03-06,13:41:00,SOXL,B,131,19.1600,0
2025-03-06,09:08:00,CORZ,B,294,8.4500,0
2025-03-06,13:44:00,CORZ,S,294,7.7650,0
2025-03-06,13:26:00,PLTR,S,30,81.0650,0
2025-03-06,13:48:00,PLTR,B,30,81.4800,0
2025-03-06,14:34:00,PSTV,B,1142,1.3450,0
2025-03-06,14:34:00,PSTV,S,571,1.3988,0
2025-03-06,14:34:00,PSTV,S,571,1.3450,0
2025-03-06,09:04:00,MRVL,B,33,75.0250,0
2025-03-06,15:00:00,MRVL,S,33,72.2200,0
2025-03-06,14:53:00,SOFI,S,201,12.4100,0
2025-03-06,15:00:00,SOFI,B,201,12.4500,0
2025-03-07,08:42:00,SOXL,B,126,19.8100,0
2025-03-07,09:32:00,SOXL,S,126,19.2600,0
2025-03-07,08:41:00,PLTR,B,30,82.1400,0
2025-03-07,10:41:00,PLTR,S,30,79.8000,0
2025-03-07,10:27:00,HPE,S,166,14.9350,0
2025-03-07,13:10:00,HPE,B,166,15.4000,0
2025-03-07,13:29:00,SOXL,B,120,20.8200,0
2025-03-07,13:44:00,SOXL,S,120,20.6800,0
2025-03-07,08:43:00,PLUG,B,1488,1.6900,0
2025-03-07,13:46:00,PLUG,S,744,1.7576,0
2025-03-07,13:46:00,PLUG,S,744,1.7531,0
2025-03-07,14:40:00,PLUG,B,1385,1.8050,0
2025-03-07,14:41:00,PLUG,S,1385,1.7950,0
2025-03-11,08:43:00,TSLL,B,313,7.9800,0
2025-03-11,08:50:00,TSLL,S,156,8.2992,0
2025-03-11,08:50:00,TSLL,S,157,8.2302,0
2025-03-11,08:44:00,AAL,B,199,12.5200,0
2025-03-11,08:59:00,AAL,S,199,12.2350,0
2025-03-11,08:48:00,VZ,S,58,42.9150,0
2025-03-11,09:35:00,VZ,B,58,43.5300,0
2025-03-11,09:42:00,NIO,S,528,4.7200,0
2025-03-11,12:41:00,NIO,B,528,4.9700,0
2025-03-11,13:07:00,NIO,B,490,5.1000,0
2025-03-11,14:02:00,NIO,S,245,5.3040,0
2025-03-11,14:02:00,NIO,S,245,5.2690,0
2025-03-11,09:22:00,AAL,S,207,12.0350,0
2025-03-11,15:00:00,AAL,B,103,11.5536,0
2025-03-11,15:00:00,AAL,B,104,11.4500,0
2025-03-11,09:23:00,DAL,S,52,47.3400,0
2025-03-11,15:00:00,DAL,B,52,46.6300,0
2025-03-12,08:39:00,SOXL,B,131,18.9850,0
2025-03-12,08:48:00,SOXL,S,131,18.7100,0
2025-03-12,08:41:00,TSLL,B,269,9.3600,0
2025-03-12,09:32:00,TSLL,S,269,8.8800,0
2025-03-12,09:32:00,NVDA,S,21,113.9200,0
2025-03-12,15:00:00,NVDA,B,21,115.7050,0
2025-03-13,08:44:00,TSLL,S,291,8.5000,0
2025-03-13,09:00:00,TSLL,B,145,8.1600,0
2025-03-13,09:00:00,TSLL,B,146,8.1850,0
2025-03-13,08:53:00,LCID,S,1179,2.1050,0
2025-03-13,11:04:00,LCID,B,589,2.0208,0
2025-03-13,11:04:00,LCID,B,590,2.0360,0
2025-03-13,08:44:00,SQQQ,B,65,38.1400,0
2025-03-13,13:02:00,SQQQ,S,32,39.6656,0
2025-03-13,13:02:00,SQQQ,S,33,39.6186,0
2025-03-13,08:41:00,NIO,S,507,4.9050,0
2025-03-13,13:14:00,NIO,B,253,4.7088,0
2025-03-13,13:14:00,NIO,B,254,4.6991,0
2025-03-13,08:48:00,PATH,B,250,10.1250,0
2025-03-13,15:00:00,PATH,S,250,9.9600,0
2025-03-14,08:43:00,QBTS,B,202,8.6350,0
2025-03-14,08:46:00,QBTS,S,101,8.9804,0
2025-03-14,08:46:00,QBTS,S,101,8.9037,0
2025-03-14,08:49:00,SQQQ,S,66,37.4000,0
2025-03-14,08:58:00,SQQQ,B,66,37.7000,0
2025-03-14,08:54:00,QBTS,B,278,8.9900,0
2025-03-14,08:59:00,QBTS,S,278,8.7100,0
2025-03-14,08:51:00,NVDA,B,20,120.4650,0
2025-03-14,09:00:00,NVDA,S,20,119.3400,0
2025-03-14,08:44:00,NU,B,223,11.2100,0
2025-03-14,09:00:00,NU,S,223,11.1600,0
2025-03-14,09:01:00,SOXL,S,131,19.0700,0
2025-03-14,10:05:00,SOXL,B,131,19.6000,0
2025-03-14,08:46:00,RGTI,B,211,9.9850,0
2025-03-14,10:28:00,RGTI,S,105,10.3844,0
2025-03-14,10:28:00,RGTI,S,106,10.6709,0
2025-03-14,10:30:00,SOXL,B,127,19.6700,0
2025-03-14,11:06:00,SOXL,S,127,19.5900,0
2025-03-14,08:43:00,TSLL,S,277,8.9250,0
2025-03-14,13:37:00,TSLL,B,277,9.2700,0
2025-03-14,13:47:00,TSLL,B,267,9.3400,0
2025-03-14,13:49:00,TSLL,S,267,9.3000,0
2025-03-14,09:13:00,BBD,B,1187,2.1100,0
2025-03-14,15:00:00,BBD,S,1187,2.1450,0
2025-03-14,14:14:00,RGTI,B,228,10.9500,0
2025-03-14,15:00:00,RGTI,S,228,11.2000,0
2025-03-17,09:01:00,QBTS,B,227,10.9700,0
2025-03-17,14:25:00,QBTS,S,113,11.4088,0
2025-03-17,14:25:00,QBTS,S,114,11.6918,0
2025-03-17,08:47:00,BTG,B,796,3.1400,0
2025-03-17,15:00:00,BTG,S,796,3.2350,0
2025-03-17,09:08:00,INTC,B,97,25.7200,0
2025-03-17,15:00:00,INTC,S,97,25.7100,0
2025-03-18,08:54:00,LCID,B,1020,2.4500,0
2025-03-18,14:50:00,LCID,S,1020,2.3400,0
2025-03-18,08:41:00,TSLL,S,338,7.3300,0
2025-03-18,15:00:00,TSLL,B,338,7.4600,0
2025-03-19,09:01:00,INTC,S,102,24.4100,0
2025-03-19,15:00:00,INTC,B,102,24.1200,0
2025-03-20,08:44:00,QBTS,B,228,10.9600,0
2025-03-20,08:54:00,QBTS,S,228,10.2300,0
2025-03-20,10:04:00,NIO,S,517,4.8300,0
2025-03-20,15:00:00,NIO,B,517,4.7200,0
2025-03-21,08:44:00,TSLL,B,294,8.5700,0
2025-03-21,12:58:00,TSLL,S,147,8.9128,0
2025-03-21,12:58:00,TSLL,S,147,8.8543,0
2025-03-21,09:24:00,NKE,B,37,66.9300,0
2025-03-21,15:00:00,NKE,S,37,67.9800,0
2025-03-24,08:55:00,MSTU,B,358,6.9800,0
2025-03-24,09:25:00,MSTU,S,179,7.2592,0
2025-03-24,09:25:00,MSTU,S,179,7.3602,0
2025-03-24,08:44:00,TSLL,B,247,10.1400,0
2025-03-24,09:33:00,TSLL,S,123,10.5456,0
2025-03-24,09:33:00,TSLL,S,124,10.7886,0
2025-03-24,14:19:00,MSTU,B,334,7.4900,0
2025-03-24,14:24:00,MSTU,S,334,7.4600,0
2025-03-24,08:45:00,SQQQ,S,72,34.5600,0
2025-03-24,15:00:00,SQQQ,B,72,34.0800,0
2025-03-24,08:48:00,SPXS,S,370,6.7300,0
2025-03-24,15:00:00,SPXS,B,370,6.6700,0
2025-03-24,09:18:00,SOXL,B,119,20.9800,0
2025-03-24,15:00:00,SOXL,S,119,21.0000,0
2025-03-25,08:43:00,TSLL,S,230,10.7800,0
2025-03-25,13:55:00,TSLL,B,230,11.4900,0
2025-03-26,08:43:00,TSLL,B,217,11.5200,0
2025-03-26,08:56:00,TSLL,S,217,11.2400,0
2025-03-26,08:44:00,SOXS,B,107,23.3500,0
2025-03-26,09:35:00,SOXS,S,53,24.2840,0
2025-03-26,09:35:00,SOXS,S,54,24.0965,0
2025-03-26,09:08:00,TSLL,S,227,11.0000,0
2025-03-26,11:50:00,TSLL,B,113,10.5600,0
2025-03-26,11:50:00,TSLL,B,114,10.6248,0
2025-03-26,08:45:00,NVDA,S,21,117.4150,0
2025-03-26,15:00:00,NVDA,B,21,113.7150,0
2025-03-27,08:47:00,RIVN,S,205,12.0700,0
2025-03-27,08:58:00,RIVN,B,205,12.5050,0
2025-03-27,08:43:00,IQ,B,1072,2.3550,0
2025-03-27,09:31:00,IQ,S,536,2.4492,0
2025-03-27,09:31:00,IQ,S,536,2.4414,0
2025-03-27,09:41:00,IQ,B,1014,2.4650,0
2025-03-27,10:10:00,IQ,S,1014,2.4300,0
2025-03-27,08:45:00,GME,S,100,24.9000,0
2025-03-27,11:07:00,GME,B,50,23.9040,0
2025-03-27,11:07:00,GME,B,50,24.1273,0
2025-03-27,09:36:00,RIVN,B,198,12.6000,0
2025-03-27,11:32:00,RIVN,S,99,13.1040,0
2025-03-27,11:32:00,RIVN,S,99,13.0740,0
2025-03-27,08:41:00,NIO,B,635,3.9450,0
2025-03-27,15:00:00,NIO,S,635,3.9900,0
2025-03-28,08:48:00,WOLF,S,818,3.0550,0
2025-03-28,08:58:00,WOLF,B,409,2.9328,0
2025-03-28,08:58:00,WOLF,B,409,2.9606,0
2025-03-28,08:43:00,SOXL,B,142,17.5700,0
2025-03-28,09:00:00,SOXL,S,142,17.1700,0
2025-03-28,08:42:00,SQQQ,S,69,35.8900,0
2025-03-28,09:00:00,SQQQ,B,69,36.3100,0
2025-03-28,08:48:00,TSLL,B,233,10.8200,0
2025-03-28,09:08:00,TSLL,S,233,10.2800,0
2025-03-28,08:43:00,NU,B,234,10.6750,0
2025-03-28,09:11:00,NU,S,234,10.5000,0
2025-03-28,09:26:00,TSLL,S,246,10.1450,0
2025-03-28,09:38:00,TSLL,B,123,9.7392,0
2025-03-28,09:38:00,TSLL,B,123,9.7714,0
2025-03-28,10:04:00,NU,S,241,10.3650,0
2025-03-28,10:33:00,NU,B,241,10.4550,0
2025-03-28,08:45:00,PLUG,S,1773,1.4000,0
2025-03-28,10:58:00,PLUG,B,886,1.3440,0
2025-03-28,10:58:00,PLUG,B,887,1.3440,0
2025-03-28,09:19:00,SOXL,S,148,16.7800,0
2025-03-28,11:34:00,SOXL,B,74,16.1088,0
2025-03-28,11:34:00,SOXL,B,74,16.0678,0
2025-03-28,09:19:00,BTG,S,833,2.8800,0
2025-03-28,15:00:00,BTG,B,833,2.8950,0
2025-03-28,10:01:00,NIO,S,655,3.8100,0
2025-03-28,15:00:00,NIO,B,655,3.7450,0
2025-03-31,08:41:00,RKT,S,211,11.8300,0
2025-03-31,09:13:00,RKT,B,211,12.2600,0
2025-03-31,08:45:00,UMC,B,377,6.6300,0
2025-03-31,09:35:00,UMC,S,188,6.8952,0
2025-03-31,09:35:00,UMC,S,189,6.9937,0
2025-04-01,08:46:00,BIAF,S,1297,0.6050,0
2025-04-01,08:59:00,BIAF,B,1297,0.7591,0
2025-04-01,09:37:00,TSLL,B,245,10.1900,0
2025-04-01,10:20:00,TSLL,S,122,10.5976,0
2025-04-01,10:20:00,TSLL,S,123,10.5581,0
2025-04-01,10:23:00,TSLL,B,234,10.6600,0
2025-04-01,10:39:00,TSLL,S,234,10.5200,0
2025-04-02,08:41:00,RKT,B,185,13.6200,0
2025-04-02,08:57:00,RKT,S,92,14.1648,0
2025-04-02,08:57:00,RKT,S,93,14.2138,0
2025-04-02,08:45:00,TSLL,B,264,9.4800,0
2025-04-02,09:08:00,TSLL,S,132,9.8592,0
2025-04-02,09:08:00,TSLL,S,132,9.8462,0
2025-04-02,08:45:00,TSLA,B,9,258.5600,0
2025-04-02,10:22:00,TSLA,S,4,268.9024,0
2025-04-02,10:22:00,TSLA,S,5,272.1482,0
2025-04-03,08:45:00,F,B,245,10.1700,0
2025-04-03,08:53:00,F,S,245,9.9600,0
2025-04-03,08:44:00,XLF,B,51,48.6300,0
2025-04-03,09:03:00,XLF,S,51,48.1200,0
2025-04-03,08:44:00,CCL,S,137,18.1500,0
2025-04-03,09:14:00,CCL,B,68,17.4240,0
2025-04-03,09:14:00,CCL,B,69,17.5665,0
2025-04-03,08:42:00,SOXL,S,183,13.6000,0
2025-04-03,09:42:00,SOXL,B,91,13.0560,0
2025-04-03,09:42:00,SOXL,B,92,13.1260,0
2025-04-03,08:53:00,NVDA,B,23,105.1750,0
2025-04-03,09:47:00,NVDA,S,23,103.2700,0
2025-04-03,08:48:00,UAA,S,446,5.6000,0
2025-04-03,09:50:00,UAA,B,223,5.3760,0
2025-04-03,09:50:00,UAA,B,223,5.4210,0
2025-04-03,09:59:00,TQQQ,S,49,51.0100,0
2025-04-03,10:11:00,TQQQ,B,49,51.3700,0
2025-04-03,10:05:00,CCL,S,144,17.3500,0
2025-04-03,10:12:00,CCL,B,144,17.4400,0
2025-04-03,08:41:00,MCHP,S,55,44.9600,0
2025-04-03,10:32:00,MCHP,B,27,43.1616,0
2025-04-03,10:32:00,MCHP,B,28,42.0696,0
2025-04-03,08:43:00,WBD,S,250,9.9800,0
2025-04-03,10:38:00,WBD,B,125,9.5808,0
2025-04-03,10:38:00,WBD,B,125,9.6498,0
2025-04-03,14:29:00,UAA,S,471,5.3000,0
2025-04-03,14:32:00,UAA,B,471,5.3450,0
2025-04-03,08:41:00,SNAP,S,299,8.3100,0
2025-04-03,14:43:00,SNAP,B,149,7.9776,0
2025-04-03,14:43:00,SNAP,B,150,8.0581,0
2025-04-03,14:22:00,NKE,S,44,55.8550,0
2025-04-03,14:44:00,NKE,B,44,56.1650,0
2025-04-03,08:41:00,AAPL,S,12,203.7850,0
2025-04-03,15:00:00,AAPL,B,12,203.0100,0
2025-04-03,08:42:00,AMZN,S,13,182.1700,0
2025-04-03,15:00:00,AMZN,B,13,178.4100,0
2025-04-03,08:48:00,SOFI,S,224,11.1000,0
2025-04-03,15:00:00,SOFI,B,112,10.6560,0
2025-04-03,15:00:00,SOFI,B,112,10.6250,0
2025-04-03,08:55:00,SLB,S,62,39.7350,0
2025-04-03,15:00:00,SLB,B,62,39.2250,0
2025-04-03,08:57:00,SPXS,B,327,7.6600,0
2025-04-03,15:00:00,SPXS,S,327,7.9350,0
2025-04-03,08:58:00,AAL,S,256,9.7550,0
2025-04-03,15:00:00,AAL,B,256,9.5000,0
2025-04-03,09:00:00,F,S,252,9.8900,0
2025-04-03,15:00:00,F,B,252,9.5450,0
2025-04-03,09:01:00,C,S,38,65.4550,0
2025-04-03,15:00:00,C,B,38,63.0400,0
2025-04-03,09:05:00,SQQQ,B,60,41.2400,0
2025-04-03,15:00:00,SQQQ,S,60,42.4700,0
2025-04-03,09:47:00,TSLL,S,206,9.7100,0
2025-04-03,15:00:00,TSLL,B,206,10.0450,0
2025-04-03,13:27:00,WBD,S,268,9.3000,0
2025-04-03,15:00:00,WBD,B,268,9.1600,0
2025-04-03,14:10:00,BAC,S,66,37.3300,0
2025-04-03,15:00:00,BAC,B,66,37.2050,0
2025-04-03,14:32:00,XLF,S,52,47.7600,0
2025-04-03,15:00:00,XLF,B,52,47.6500,0
2025-04-04,08:41:00,HOOD,S,72,34.1050,0
2025-04-04,09:38:00,HOOD,B,36,32.7408,0
2025-04-04,09:38:00,HOOD,B,36,32.6611,0
2025-04-04,08:41:00,NIO,S,726,3.4150,0
2025-04-04,09:46:00,NIO,B,363,3.2784,0
2025-04-04,09:46:00,NIO,B,363,3.2992,0
2025-04-04,08:41:00,ET,S,152,16.4000,0
2025-04-04,09:50:00,ET,B,76,15.7440,0
2025-04-04,09:50:00,ET,B,76,15.7940,0
2025-04-04,08:41:00,PLTR,S,32,77.7400,0
2025-04-04,09:51:00,PLTR,B,16,74.6304,0
2025-04-04,09:51:00,PLTR,B,16,72.7374,0
2025-04-04,08:41:00,NVDA,S,25,96.5400,0
2025-04-04,09:51:00,NVDA,B,12,92.6784,0
2025-04-04,09:51:00,NVDA,B,13,93.0754,0
2025-04-04,08:41:00,AMD,S,28,87.5700,0
2025-04-04,09:52:00,AMD,B,14,84.0672,0
2025-04-04,09:52:00,AMD,B,14,84.5557,0
2025-04-04,08:40:00,GDX,S,57,43.6100,0
2025-04-04,09:52:00,GDX,B,28,41.8656,0
2025-04-04,09:52:00,GDX,B,29,41.8911,0
2025-04-04,08:41:00,INTC,S,118,21.0000,0
2025-04-04,09:52:00,INTC,B,59,20.1600,0
2025-04-04,09:52:00,INTC,B,59,20.2300,0
2025-04-04,08:41:00,MU,S,36,68.0700,0
2025-04-04,09:52:00,MU,B,18,65.3472,0
2025-04-04,09:52:00,MU,B,18,64.5707,0
2025-04-04,08:41:00,CX,S,480,5.1850,0
2025-04-04,09:53:00,CX,B,240,4.9776,0
2025-04-04,09:53:00,CX,B,240,5.0218,0
2025-04-04,08:41:00,NU,S,261,9.5200,0
2025-04-04,09:55:00,NU,B,130,9.1392,0
2025-04-04,09:55:00,NU,B,131,9.1102,0
2025-04-04,09:45:00,SPY,S,4,514.5800,0
2025-04-04,09:58:00,SPY,B,4,516.1600,0
2025-04-04,13:36:00,AAPL,S,13,188.4600,0
2025-04-04,13:49:00,AAPL,B,13,189.0950,0
2025-04-04,13:21:00,PFE,S,108,23.0850,0
2025-04-04,13:52:00,PFE,B,108,23.1300,0
2025-04-04,13:15:00,INTC,S,125,19.9900,0
2025-04-04,14:14:00,INTC,B,125,20.0250,0
2025-04-04,13:57:00,SLB,S,73,34.1800,0
2025-04-04,14:14:00,SLB,B,73,34.3300,0
2025-04-04,08:41:00,EWZ,S,100,24.8700,0
2025-04-04,15:00:00,EWZ,B,100,24.5150,0
2025-04-04,08:41:00,QYLD,S,159,15.6500,0
2025-04-04,15:00:00,QYLD,B,159,15.2100,0
2025-04-04,08:41:00,KWEB,S,79,31.5500,0
2025-04-04,15:00:00,KWEB,B,79,31.3100,0
2025-04-04,08:41:00,EEM,S,60,41.0400,0
2025-04-04,15:00:00,EEM,B,60,40.5900,0
2025-04-04,08:41:00,C,S,42,58.2500,0
2025-04-04,15:00:00,C,B,42,58.0900,0
2025-04-04,10:15:00,T,S,90,27.6100,0
2025-04-04,15:00:00,T,B,90,26.6600,0
2025-04-04,13:31:00,CMCSA,S,73,33.8250,0
2025-04-04,15:00:00,CMCSA,B,73,33.3900,0
2025-04-07,08:41:00,SOXL,S,336,7.3800,0
2025-04-07,08:49:00,SOXL,B,336,7.8650,0
2025-04-07,08:43:00,FXI,S,81,30.5000,0
2025-04-07,08:54:00,FXI,B,81,30.9950,0
2025-04-07,08:43:00,RIG,B,888,2.2050,0
2025-04-07,08:54:00,RIG,S,444,2.2932,0
2025-04-07,08:54:00,RIG,S,444,2.2979,0
2025-04-07,08:52:00,LCID,B,1052,2.3550,0
2025-04-07,09:00:00,LCID,S,526,2.4492,0
2025-04-07,09:00:00,LCID,S,526,2.4495,0
2025-04-07,08:51:00,PLTR,B,35,69.7500,0
2025-04-07,09:00:00,PLTR,S,17,72.5400,0
2025-04-07,09:00:00,PLTR,S,18,72.4796,0
2025-04-07,08:41:00,PBR,S,202,12.3300,0
2025-04-07,09:11:00,PBR,B,202,12.5700,0
2025-04-07,08:51:00,KWEB,B,83,29.8950,0
2025-04-07,09:18:00,KWEB,S,41,31.0908,0
2025-04-07,09:18:00,KWEB,S,42,31.1710,0
2025-04-07,09:11:00,GRAB,B,700,3.6150,0
2025-04-07,09:18:00,GRAB,S,350,3.7596,0
2025-04-07,09:18:00,GRAB,S,350,3.7238,0
2025-04-07,08:58:00,ASHR,B,104,24.0000,0
2025-04-07,10:15:00,ASHR,S,104,23.7600,0
2025-04-07,10:22:00,PBR,S,205,12.1750,0
2025-04-07,10:41:00,PBR,B,205,12.2350,0
2025-04-08,08:41:00,F,S,268,9.3050,0
2025-04-08,09:02:00,F,B,268,9.3500,0
2025-04-08,08:42:00,LCID,S,1016,2.4550,0
2025-04-08,09:14:00,LCID,B,1016,2.5300,0
2025-04-08,08:49:00,TSLL,S,307,8.1400,0
2025-04-08,09:17:00,TSLL,B,307,8.5200,0
2025-04-08,08:53:00,NIO,B,737,3.4050,0
2025-04-08,09:54:00,NIO,S,737,3.3150,0
2025-04-08,08:53:00,INTC,B,124,20.1600,0
2025-04-08,09:58:00,INTC,S,124,19.8300,0
2025-04-08,08:42:00,RIG,S,1048,2.3650,0
2025-04-08,10:03:00,RIG,B,524,2.2704,0
2025-04-08,10:03:00,RIG,B,524,2.2186,0
2025-04-08,08:47:00,SQQQ,S,55,44.6200,0
2025-04-08,10:12:00,SQQQ,B,55,45.8200,0
2025-04-08,08:47:00,TQQQ,B,54,45.7600,0
2025-04-08,10:12:00,TQQQ,S,54,44.8200,0
2025-04-08,09:04:00,SOXL,B,233,10.7700,0
2025-04-08,10:12:00,SOXL,S,233,10.2200,0
2025-04-08,08:53:00,AMD,B,28,88.2450,0
2025-04-08,10:23:00,AMD,S,28,86.1000,0
2025-04-08,10:24:00,SQQQ,B,53,46.4300,0
2025-04-08,10:38:00,SQQQ,S,53,45.5600,0
2025-04-08,10:24:00,TQQQ,S,56,44.2900,0
2025-04-08,10:38:00,TQQQ,B,56,45.0000,0
2025-04-08,10:24:00,SOXL,S,248,10.0700,0
2025-04-08,10:38:00,SOXL,B,248,10.2600,0
2025-04-08,10:08:00,RIG,S,1138,2.1950,0
2025-04-08,10:39:00,RIG,B,1138,2.2250,0
2025-04-08,10:23:00,INTC,S,127,19.6250,0
2025-04-08,11:11:00,INTC,B,127,19.7500,0
2025-04-08,08:52:00,IQ,S,1474,1.6950,0
2025-04-08,11:48:00,IQ,B,737,1.6272,0
2025-04-08,11:48:00,IQ,B,737,1.5919,0
2025-04-08,08:41:00,AAL,S,255,9.7550,0
2025-04-08,12:35:00,AAL,B,127,9.3648,0
2025-04-08,12:35:00,AAL,B,128,9.2075,0
2025-04-08,08:41:00,VALE,S,281,8.8600,0
2025-04-08,12:35:00,VALE,B,140,8.5056,0
2025-04-08,12:35:00,VALE,B,141,8.3136,0
2025-04-08,09:32:00,GGB,S,1008,2.4700,0
2025-04-08,12:41:00,GGB,B,504,2.3712,0
2025-04-08,12:41:00,GGB,B,504,2.3397,0
2025-04-08,13:43:00,TSLL,S,347,7.2000,0
2025-04-08,13:46:00,TSLL,B,347,7.2800,0
2025-04-08,09:05:00,GRAB,B,636,3.9450,0
2025-04-08,14:12:00,GRAB,S,636,3.7200,0
2025-04-08,13:41:00,AMD,S,30,81.0000,0
2025-04-08,14:42:00,AMD,B,15,77.7600,0
2025-04-08,14:42:00,AMD,B,15,77.5700,0
2025-04-08,14:47:00,VALE,S,304,8.2000,0
2025-04-08,14:53:00,VALE,B,304,8.2300,0
2025-04-08,14:33:00,AAL,S,276,9.0300,0
2025-04-08,15:00:00,AAL,B,276,9.0900,0
2025-04-09,08:41:00,AVGO,B,15,162.1100,0
2025-04-09,09:14:00,AVGO,S,15,158.4000,0
2025-04-09,08:41:00,B,B,135,18.5250,0
2025-04-09,09:14:00,B,S,135,18.1400,0
2025-04-09,08:41:00,EEM,B,63,39.0700,0
2025-04-09,09:48:00,EEM,S,63,38.7300,0
2025-04-09,08:41:00,EFA,B,34,73.5100,0
2025-04-09,09:50:00,EFA,S,34,73.0400,0
2025-04-09,08:41:00,IWM,B,14,175.5600,0
2025-04-09,09:51:00,IWM,S,14,172.7600,0
2025-04-09,08:41:00,SPXS,S,257,9.6800,0
2025-04-09,09:54:00,SPXS,B,257,10.0200,0
2025-04-09,08:41:00,CCL,B,143,17.5400,0
2025-04-09,09:56:00,CCL,S,143,16.7700,0
2025-04-09,08:41:00,GOOGL,B,17,145.6600,0
2025-04-09,09:59:00,GOOGL,S,17,143.9400,0
2025-04-09,08:41:00,AMZN,B,14,173.7250,0
2025-04-09,09:59:00,AMZN,S,14,171.0700,0
2025-04-09,09:03:00,ASHR,B,101,24.5500,0
2025-04-09,09:59:00,ASHR,S,101,24.3700,0
2025-04-09,10:13:00,NEOG,S,600,4.1350,0
2025-04-09,10:59:00,NEOG,B,300,3.9696,0
2025-04-09,10:59:00,NEOG,B,300,3.9529,0
2025-04-09,08:41:00,INTC,B,136,18.4550,0
2025-04-09,11:23:00,INTC,S,68,19.1932,0
2025-04-09,11:23:00,INTC,S,68,19.1154,0
2025-04-09,08:41:00,HOOD,B,71,35.2100,0
2025-04-09,12:19:00,HOOD,S,35,36.6184,0
2025-04-09,12:19:00,HOOD,S,36,36.5879,0
2025-04-09,08:41:00,AMD,B,31,80.8000,0
2025-04-09,12:19:00,AMD,S,15,84.0320,0
2025-04-09,12:19:00,AMD,S,16,84.1620,0
2025-04-09,08:41:00,AAPL,B,14,178.4950,0
2025-04-09,12:19:00,AAPL,S,7,185.6348,0
2025-04-09,12:19:00,AAPL,S,7,185.5550,0
2025-04-09,09:28:00,FXI,S,81,30.5100,0
2025-04-09,12:19:00,FXI,B,81,31.0200,0
2025-04-09,09:53:00,GRAB,S,661,3.7650,0
2025-04-09,12:23:00,GRAB,B,661,3.9250,0
2025-04-09,09:28:00,KWEB,S,86,28.7000,0
2025-04-09,12:23:00,KWEB,B,86,29.4700,0
2025-04-09,08:41:00,AAL,B,266,9.4200,0
2025-04-09,12:27:00,AAL,S,133,9.7968,0
2025-04-09,12:27:00,AAL,S,133,9.9858,0
2025-04-09,08:41:00,F,B,288,8.6700,0
2025-04-09,12:29:00,F,S,144,9.0168,0
2025-04-09,12:29:00,F,S,144,9.1233,0
2025-04-09,13:04:00,EEM,B,61,40.8700,0
2025-04-09,13:06:00,EEM,S,61,40.7100,0
2025-04-09,13:04:00,SDS,S,111,22.3600,0
2025-04-09,13:06:00,SDS,B,111,22.7400,0
2025-04-09,13:23:00,TSLZ,S,689,3.3900,0
2025-04-09,13:29:00,TSLZ,B,344,3.2544,0
2025-04-09,13:29:00,TSLZ,B,345,3.2989,0
2025-04-09,13:12:00,SOXL,B,204,12.2000,0
2025-04-09,13:33:00,SOXL,S,102,12.6880,0
2025-04-09,13:33:00,SOXL,S,102,12.4850,0
2025-04-09,13:32:00,VALE,B,280,8.9000,0
2025-04-09,13:33:00,VALE,S,280,8.8650,0
2025-04-09,13:27:00,INTC,B,117,21.3600,0
2025-04-09,13:43:00,INTC,S,117,21.0300,0
2025-04-09,13:30:00,IWM,B,13,191.7400,0
2025-04-09,13:45:00,IWM,S,13,188.1100,0
2025-04-09,13:18:00,IJH,B,44,55.8700,0
2025-04-09,13:59:00,IJH,S,44,55.0100,0
2025-04-09,13:12:00,F,B,265,9.4100,0
2025-04-09,13:59:00,F,S,265,9.2900,0
2025-04-09,13:19:00,GOOGL,B,16,156.1200,0
2025-04-09,14:00:00,GOOGL,S,16,154.2100,0
2025-04-09,13:11:00,AAL,B,233,10.7100,0
2025-04-09,14:00:00,AAL,S,233,10.5000,0
2025-04-09,14:31:00,QYLD,B,151,16.5400,0
2025-04-09,14:37:00,QYLD,S,151,16.5000,0
2025-04-09,14:31:00,SPXS,S,348,7.1700,0
2025-04-09,14:38:00,SPXS,B,348,7.2900,0
2025-04-09,14:31:00,SPY,B,4,541.7000,0
2025-04-09,14:38:00,SPY,S,4,539.7600,0
2025-04-09,14:31:00,SQQQ,S,71,34.8600,0
2025-04-09,14:38:00,SQQQ,B,71,35.5000,0
2025-04-09,14:31:00,TQQQ,B,47,52.1900,0
2025-04-09,14:38:00,TQQQ,S,47,51.7400,0
2025-04-09,13:12:00,AMD,B,26,93.9300,0
2025-04-09,14:55:00,AMD,S,13,97.6872,0
2025-04-09,14:55:00,AMD,S,13,96.9557,0
2025-04-09,13:10:00,ET,B,151,16.5200,0
2025-04-09,15:00:00,ET,S,151,16.6750,0
2025-04-09,13:11:00,C,B,38,64.1600,0
2025-04-09,15:00:00,C,S,38,64.1100,0
2025-04-09,13:18:00,AVGO,B,13,181.1600,0
2025-04-09,15:00:00,AVGO,S,13,184.7700,0
2025-04-09,13:19:00,EFA,B,32,78.0400,0
2025-04-09,15:00:00,EFA,S,32,78.6000,0
2025-04-09,13:24:00,PLTR,B,27,91.4500,0
2025-04-09,15:00:00,PLTR,S,27,92.0200,0
2025-04-09,13:25:00,AMZN,B,13,187.9000,0
2025-04-09,15:00:00,AMZN,S,13,190.8100,0
2025-04-09,14:21:00,GRAB,B,584,4.2900,0
2025-04-09,15:00:00,GRAB,S,584,4.2500,0
2025-04-09,14:25:00,WBD,B,270,9.2550,0
2025-04-09,15:00:00,WBD,S,270,9.2600,0
2025-04-09,14:30:00,NVDA,B,22,113.2950,0
2025-04-09,15:00:00,NVDA,S,22,114.1900,0
2025-04-09,14:41:00,SNAP,B,283,8.8100,0
2025-04-09,15:00:00,SNAP,S,283,8.8250,0
2025-04-09,14:49:00,TSLA,B,9,270.9300,0
2025-04-09,15:00:00,TSLA,S,9,272.1200,0
2025-04-09,14:50:00,AAPL,B,12,199.0000,0
2025-04-09,15:00:00,AAPL,S,12,198.4600,0
2025-04-09,14:50:00,SCHX,B,116,21.4800,0
2025-04-09,15:00:00,SCHX,S,116,21.4300,0
2025-04-10,08:43:00,SOXL,S,237,10.5200,0
2025-04-10,09:01:00,SOXL,B,118,10.0992,0
2025-04-10,09:01:00,SOXL,B,119,10.0752,0
2025-04-10,08:41:00,WBD,S,289,8.5750,0
2025-04-10,09:15:00,WBD,B,144,8.2320,0
2025-04-10,09:15:00,WBD,B,145,8.1958,0
2025-04-10,09:12:00,TSLA,S,9,253.1500,0
2025-04-10,09:23:00,TSLA,B,9,256.0500,0
2025-04-10,08:42:00,AMZN,S,13,184.4000,0
2025-04-10,09:34:00,AMZN,B,13,186.2100,0
2025-04-10,08:41:00,AGNC,S,293,8.4950,0
2025-04-10,09:50:00,AGNC,B,146,8.1552,0
2025-04-10,09:50:00,AGNC,B,147,8.0899,0
2025-04-10,08:41:00,AAL,S,244,10.1650,0
2025-04-10,10:07:00,AAL,B,122,9.7584,0
2025-04-10,10:07:00,AAL,B,122,9.8366,0
2025-04-10,08:44:00,SOXS,B,103,24.2000,0
2025-04-10,10:36:00,SOXS,S,51,25.1680,0
2025-04-10,10:36:00,SOXS,S,52,25.5880,0
2025-04-10,08:41:00,SQQQ,B,67,36.9200,0
2025-04-10,10:54:00,SQQQ,S,33,38.3968,0
2025-04-10,10:54:00,SQQQ,S,34,38.7808,0
2025-04-10,08:41:00,TQQQ,S,51,48.1300,0
2025-04-10,10:54:00,TQQQ,B,25,46.2048,0
2025-04-10,10:54:00,TQQQ,B,26,45.2113,0
2025-04-10,08:44:00,FAZ,B,382,6.5300,0
2025-04-10,10:55:00,FAZ,S,191,6.7912,0
2025-04-10,10:55:00,FAZ,S,191,6.7447,0
2025-04-10,08:42:00,SPXS,B,329,7.5900,0
2025-04-10,10:55:00,SPXS,S,164,7.8936,0
2025-04-10,10:55:00,SPXS,S,165,7.9141,0
2025-04-10,10:23:00,TSLL,S,297,8.4000,0
2025-04-10,11:00:00,TSLL,B,148,8.0640,0
2025-04-10,11:00:00,TSLL,B,149,7.9440,0
2025-04-10,08:41:00,AMD,S,27,90.8200,0
2025-04-10,11:30:00,AMD,B,13,87.1872,0
2025-04-10,11:30:00,AMD,B,14,85.9882,0
2025-04-10,08:41:00,INTC,S,122,20.4300,0
2025-04-10,11:30:00,INTC,B,61,19.6128,0
2025-04-10,11:30:00,INTC,B,61,19.3643,0
2025-04-10,08:50:00,HBAN,S,190,13.1000,0
2025-04-10,11:30:00,HBAN,B,95,12.5760,0
2025-04-10,11:30:00,HBAN,B,95,12.5510,0
2025-04-10,08:41:00,NU,S,239,10.4450,0
2025-04-10,11:31:00,NU,B,119,10.0272,0
2025-04-10,11:31:00,NU,B,120,10.0595,0
2025-04-10,08:40:00,NKE,S,45,55.1700,0
2025-04-10,11:33:00,NKE,B,22,52.9632,0
2025-04-10,11:33:00,NKE,B,23,52.9717,0
2025-04-10,08:49:00,BTG,B,841,2.9750,0
2025-04-10,15:00:00,BTG,S,841,3.0600,0
2025-04-10,10:15:00,PBR,S,216,11.5550,0
2025-04-10,15:00:00,PBR,B,216,11.3200,0
2025-04-10,10:31:00,AMZN,S,13,182.3000,0
2025-04-10,15:00:00,AMZN,B,13,181.0700,0
2025-04-11,08:44:00,SOXL,B,266,9.3900,0
2025-04-11,08:55:00,SOXL,S,133,9.7656,0
2025-04-11,08:55:00,SOXL,S,133,9.7061,0
2025-04-11,08:44:00,SQQQ,S,65,37.9100,0
2025-04-11,09:21:00,SQQQ,B,65,39.0200,0
2025-04-11,09:06:00,NIO,S,751,3.3250,0
2025-04-11,11:19:00,NIO,B,751,3.4550,0
2025-04-11,08:54:00,BTG,S,776,3.2200,0
2025-04-11,15:00:00,BTG,B,776,3.2300,0
2025-04-14,09:22:00,NN,B,197,12.7400,0
2025-04-14,09:38:00,NN,S,197,12.5500,0
2025-04-14,08:42:00,CRML,S,769,2.1100,0
2025-04-14,09:38:00,CRML,B,769,2.3850,0
2025-04-14,09:04:00,IMAX,B,113,22.0200,0
2025-04-14,09:40:00,IMAX,S,113,21.6050,0
2025-04-14,09:37:00,PARR,S,185,13.4000,0
2025-04-14,11:19:00,PARR,B,92,12.8640,0
2025-04-14,11:19:00,PARR,B,93,12.9590,0
2025-04-14,10:18:00,BMEA,S,1457,1.7100,0
2025-04-14,11:41:00,BMEA,B,728,1.6416,0
2025-04-14,11:41:00,BMEA,B,729,1.6577,0
2025-04-14,09:40:00,RPAY,S,554,4.5000,0
2025-04-14,13:16:00,RPAY,B,277,4.3200,0
2025-04-14,13:16:00,RPAY,B,277,4.3550,0
2025-04-14,08:57:00,GRPN,S,128,19.3800,0
2025-04-14,15:00:00,GRPN,B,128,18.9300,0
2025-04-14,09:37:00,CAR,B,35,71.0500,0
2025-04-14,15:00:00,CAR,S,35,71.3100,0
2025-04-14,09:56:00,GPRE,B,645,3.8800,0
2025-04-14,15:00:00,GPRE,S,645,3.8500,0
2025-04-14,10:29:00,SPIR,S,272,9.1500,0
2025-04-14,15:00:00,SPIR,B,272,9.2100,0
2025-04-14,14:02:00,SHMD,B,859,2.9900,0
2025-04-14,15:00:00,SHMD,S,859,3.0150,0
2025-04-14,14:07:00,NKTX,B,1515,1.6550,0
2025-04-14,15:00:00,NKTX,S,1515,1.6950,0
2025-04-14,14:29:00,LZM,S,797,3.0950,0
2025-04-14,15:00:00,LZM,B,797,3.1100,0
2025-04-14,14:53:00,VOR,B,3573,0.7161,0
2025-04-14,15:00:00,VOR,S,3573,0.7044,0
2025-04-15,09:02:00,APLD,S,526,4.2300,0
2025-04-15,09:12:00,APLD,B,263,4.0608,0
2025-04-15,09:12:00,APLD,B,263,3.9416,0
2025-04-15,09:18:00,APLD,S,645,3.8700,0
2025-04-15,10:02:00,APLD,B,645,3.9700,0
2025-04-15,08:58:00,IQ,B,1470,1.7100,0
2025-04-15,10:33:00,IQ,S,735,1.7784,0
2025-04-15,10:33:00,IQ,S,735,1.7729,0
2025-04-16,08:43:00,PLTR,B,25,97.1250,0
2025-04-16,08:52:00,PLTR,S,25,95.5600,0
2025-04-16,10:20:00,PLTR,S,26,94.3100,0
2025-04-16,10:23:00,PLTR,B,26,94.7300,0
2025-04-16,08:50:00,SPXS,B,334,7.4900,0
2025-04-16,10:23:00,SPXS,S,334,7.4100,0
2025-04-16,08:52:00,SQQQ,B,66,37.5000,0
2025-04-16,10:24:00,SQQQ,S,66,36.9000,0
2025-04-16,14:20:00,AMD,S,29,85.7100,0
2025-04-16,14:32:00,AMD,B,29,86.1350,0
2025-04-16,14:22:00,SPXS,B,315,7.9200,0
2025-04-16,14:40:00,SPXS,S,315,7.8600,0
2025-04-16,13:49:00,SQQQ,B,63,39.3300,0
2025-04-16,14:50:00,SQQQ,S,63,39.1900,0
2025-04-17,08:42:00,HTZ,B,240,7.7000,0
2025-04-17,08:57:00,HTZ,S,240,6.8700,0
2025-04-21,09:07:00,BMEA,B,1424,1.7700,0
2025-04-21,09:48:00,BMEA,S,712,1.8408,0
2025-04-21,09:48:00,BMEA,S,712,1.9223,0
2025-04-21,09:02:00,CRML,S,869,2.4600,0
2025-04-21,11:01:00,CRML,B,434,2.3616,0
2025-04-21,11:01:00,CRML,B,435,2.2675,0
2025-04-21,13:10:00,NNBR,B,1470,1.7000,0
2025-04-21,13:37:00,NNBR,S,1470,1.6850,0
2025-04-21,10:09:00,MXL,S,258,9.6400,0
2025-04-21,14:33:00,MXL,B,258,9.7950,0
2025-04-21,08:48:00,IMAX,S,112,22.1800,0
2025-04-21,15:00:00,IMAX,B,112,22.3500,0
2025-04-21,09:12:00,CAR,B,30,81.3100,0
2025-04-21,15:00:00,CAR,S,30,80.6400,0
2025-04-21,09:17:00,GRPN,S,132,18.8950,0
2025-04-21,15:00:00,GRPN,B,132,18.7700,0
2025-04-21,09:21:00,GPRE,S,786,3.1750,0
2025-04-21,15:00:00,GPRE,B,786,3.3100,0
2025-04-21,09:25:00,NKTX,B,1319,1.9150,0
2025-04-21,15:00:00,NKTX,S,1319,1.8600,0
2025-04-21,10:13:00,PARR,B,190,13.1000,0
2025-04-21,15:00:00,PARR,S,190,13.3700,0
2025-04-21,10:16:00,BMI,S,12,199.5400,0
2025-04-21,15:00:00,BMI,B,12,200.6050,0
2025-04-21,10:28:00,RPAY,S,580,4.2800,0
2025-04-21,15:00:00,RPAY,B,580,4.3700,0
2025-04-21,14:42:00,BZAI,S,909,2.7050,0
2025-04-21,15:00:00,BZAI,B,909,2.6800,0
2025-04-21,14:43:00,MYSE,B,1116,2.2500,0
2025-04-21,15:00:00,MYSE,S,1116,2.2300,0
2025-04-21,14:52:00,ACHV,B,1179,2.1800,0
2025-04-21,15:00:00,ACHV,S,1179,2.2600,0
2025-04-21,14:55:00,MXL,B,253,9.8950,0
2025-04-21,15:00:00,MXL,S,253,9.9200,0
2025-04-21,14:59:00,IFRX,B,2202,1.1450,0
2025-04-21,15:00:00,IFRX,S,2202,1.1450,0
2025-04-22,08:41:00,SQQQ,S,62,39.8200,0
2025-04-22,11:41:00,SQQQ,B,31,38.2272,0
2025-04-22,11:41:00,SQQQ,B,31,37.8182,0
2025-04-22,08:44:00,SPXS,S,315,7.9100,0
2025-04-22,11:41:00,SPXS,B,157,7.5936,0
2025-04-22,11:41:00,SPXS,B,158,7.6091,0
2025-04-22,08:41:00,SOXL,B,275,9.0800,0
2025-04-22,15:00:00,SOXL,S,275,9.2000,0
2025-04-23,08:50:00,TSLL,S,316,7.9000,0
2025-04-23,09:29:00,TSLL,B,316,8.4500,0
2025-04-23,09:33:00,SPXS,S,363,6.8700,0
2025-04-23,10:23:00,SPXS,B,363,7.0900,0
2025-04-23,08:52:00,SQQQ,S,73,33.7750,0
2025-04-23,10:23:00,SQQQ,B,73,34.9600,0
2025-04-23,08:42:00,SOXL,B,232,10.7300,0
2025-04-23,10:32:00,SOXL,S,232,10.3600,0
2025-04-23,08:46:00,INTC,B,120,20.7800,0
2025-04-23,15:00:00,INTC,S,120,20.5600,0
2025-04-24,08:45:00,SOXL,B,225,11.1100,0
2025-04-24,09:10:00,SOXL,S,112,11.5544,0
2025-04-24,09:10:00,SOXL,S,113,11.6389,0
2025-04-24,08:41:00,SQQQ,S,71,35.0200,0
2025-04-24,09:43:00,SQQQ,B,35,33.6192,0
2025-04-24,09:43:00,SQQQ,B,36,33.9102,0
2025-04-24,13:08:00,SOXL,B,207,12.0700,0
2025-04-24,13:12:00,SOXL,S,207,12.0100,0
2025-04-24,08:47:00,SPXS,S,348,7.1600,0
2025-04-24,14:12:00,SPXS,B,174,6.8736,0
2025-04-24,14:12:00,SPXS,B,174,6.8916,0
2025-04-24,08:42:00,NOK,S,514,4.8350,0
2025-04-24,15:00:00,NOK,B,514,4.8550,0
2025-04-24,10:10:00,SQQQ,S,74,33.5600,0
2025-04-24,15:00:00,SQQQ,B,74,32.6900,0
2025-04-25,08:44:00,OMEX,B,784,1.6950,0
2025-04-25,08:44:00,OMEX,S,392,1.7628,0
2025-04-25,08:44:00,OMEX,S,392,1.7831,0
2025-04-25,08:43:00,BBAI,B,815,3.0650,0
2025-04-25,09:05:00,BBAI,S,407,3.1876,0
2025-04-25,09:05:00,BBAI,S,408,3.2193,0
2025-04-25,11:17:00,BBAI,B,755,3.3100,0
2025-04-25,11:39:00,BBAI,S,377,3.4424,0
2025-04-25,11:39:00,BBAI,S,378,3.4169,0
2025-04-25,09:50:00,INTC,B,125,19.9450,0
2025-04-25,15:00:00,INTC,S,125,20.0500,0
2025-04-28,09:13:00,PLUG,B,1428,1.1400,0
2025-04-28,09:15:00,PLUG,S,714,1.1856,0
2025-04-28,09:15:00,PLUG,S,714,1.1638,0
2025-04-29,09:56:00,IFRX,B,1798,1.4000,0
2025-04-29,09:57:00,IFRX,S,899,1.4560,0
2025-04-29,09:57:00,IFRX,S,899,1.4460,0
2025-04-29,09:28:00,SPIR,S,247,10.0950,0
2025-04-29,10:07:00,SPIR,B,123,9.6912,0
2025-04-29,10:07:00,SPIR,B,124,9.7509,0
2025-04-29,11:03:00,IFRX,B,1712,1.4600,0
2025-04-29,13:34:00,IFRX,S,856,1.5184,0
2025-04-29,13:34:00,IFRX,S,856,1.5154,0
2025-04-29,10:45:00,SPIR,S,259,9.6450,0
2025-04-29,13:55:00,SPIR,B,259,9.8200,0
2025-04-29,10:06:00,GPRE,S,690,3.6100,0
2025-04-29,14:33:00,GPRE,B,690,3.7000,0
2025-04-29,09:00:00,GRPN,B,136,18.4700,0
2025-04-29,15:00:00,GRPN,S,136,18.1050,0
2025-04-29,09:01:00,RPAY,B,631,3.9800,0
2025-04-29,15:00:00,RPAY,S,631,4.1000,0
2025-04-29,09:25:00,MXL,S,250,9.9700,0
2025-04-29,15:00:00,MXL,B,250,10.0500,0
2025-04-29,09:25:00,CAR,S,26,93.1200,0
2025-04-29,15:00:00,CAR,B,26,91.7850,0
2025-04-29,09:44:00,NN,B,198,12.5900,0
2025-04-29,15:00:00,NN,S,198,12.6800,0
2025-04-29,10:40:00,CRML,B,1706,1.4650,0
2025-04-29,15:00:00,CRML,S,1706,1.4400,0
2025-04-29,12:00:00,BZAI,B,1048,2.3900,0
2025-04-29,15:00:00,BZAI,S,1048,2.4000,0
2025-04-29,14:20:00,ACHV,B,1050,2.3900,0
2025-04-29,15:00:00,ACHV,S,1050,2.4200,0
2025-04-29,14:55:00,SHMD,B,666,3.8000,0
2025-04-29,15:00:00,SHMD,S,666,3.8400,0
2025-04-29,14:56:00,LZM,B,728,3.4400,0
2025-04-29,15:00:00,LZM,S,728,3.4300,0
2025-04-30,08:43:00,SBUX,B,32,77.8100,0
2025-04-30,15:00:00,SBUX,S,32,80.0400,0
2025-04-30,08:47:00,SNAP,S,328,7.6150,0
2025-04-30,15:00:00,SNAP,B,328,7.9500,0
2025-05-01,08:55:00,MSFT,S,5,430.5100,0
2025-05-01,15:00:00,MSFT,B,5,425.2200,0
2025-05-02,08:41:00,PLRZ,B,1427,0.6983,0
2025-05-02,08:41:00,PLRZ,S,713,0.7262,0
2025-05-02,08:41:00,PLRZ,S,714,0.7600,0
2025-05-02,08:52:00,PLRZ,B,2649,0.9428,0
2025-05-02,08:53:00,PLRZ,S,1324,0.9805,0
2025-05-02,08:53:00,PLRZ,S,1325,0.9428,0
2025-05-02,09:07:00,SNAP,B,312,8.0200,0
2025-05-02,10:27:00,SNAP,S,156,8.3408,0
2025-05-02,10:27:00,SNAP,S,156,8.2898,0
2025-05-02,09:15:00,AAL,B,238,10.5000,0
2025-05-02,15:00:00,AAL,S,238,10.5300,0
2025-05-02,10:08:00,SOXL,B,187,13.3500,0
2025-05-02,15:00:00,SOXL,S,187,13.3600,0
2025-05-05,08:45:00,LCID,S,1018,2.4500,0
2025-05-05,15:00:00,LCID,B,1018,2.3650,0
2025-05-06,08:41:00,HIMS,B,32,44.9450,0
2025-05-06,08:43:00,HIMS,S,16,46.7428,0
2025-05-06,08:43:00,HIMS,S,16,46.5006,0
2025-05-06,08:49:00,PLTR,S,23,108.4250,0
2025-05-06,15:00:00,PLTR,B,23,108.8550,0
2025-05-06,13:18:00,HIMS,B,51,48.6600,0
2025-05-06,15:00:00,HIMS,S,51,49.4500,0
2025-05-07,09:03:00,ASST,B,444,2.2700,0
2025-05-07,09:16:00,ASST,S,222,2.3608,0
2025-05-07,09:16:00,ASST,S,222,2.4273,0
2025-05-07,09:29:00,ASST,B,930,2.5000,0
2025-05-07,09:30:00,ASST,S,465,2.6000,0
2025-05-07,09:30:00,ASST,S,465,2.5000,0
2025-05-07,08:50:00,GOOGL,S,15,163.6500,0
2025-05-07,11:46:00,GOOGL,B,7,157.1040,0
2025-05-07,11:46:00,GOOGL,B,8,149.4865,0
2025-05-07,08:52:00,GOOG,S,15,165.4300,0
2025-05-07,11:46:00,GOOG,B,7,158.8128,0
2025-05-07,11:46:00,GOOG,B,8,151.2743,0
2025-05-08,08:41:00,QBTS,S,176,7.9150,0
2025-05-08,09:27:00,QBTS,B,176,9.0700,0
2025-05-08,08:41:00,IBIT,S,44,56.4500,0
2025-05-08,09:32:00,IBIT,B,44,56.6550,0
2025-05-08,08:41:00,PLTR,B,21,115.4600,0
2025-05-08,11:18:00,PLTR,S,10,120.0784,0
2025-05-08,11:18:00,PLTR,S,11,119.2154,0
2025-05-08,08:44:00,BBD,B,943,2.6600,0
2025-05-08,15:00:00,BBD,S,943,2.6950,0
2025-05-09,08:46:00,TSLL,B,219,11.4350,0
2025-05-09,09:10:00,TSLL,S,109,11.8924,0
2025-05-09,09:10:00,TSLL,S,110,11.8489,0
2025-05-09,08:46:00,QBTS,B,239,10.6250,0
2025-05-09,09:14:00,QBTS,S,119,11.0500,0
2025-05-09,09:14:00,QBTS,S,120,11.0550,0
2025-05-09,08:45:00,IOVA,B,952,1.9500,0
2025-05-09,09:21:00,IOVA,S,952,1.7300,0
2025-05-09,08:43:00,LCID,B,1046,2.4000,0
2025-05-09,10:04:00,LCID,S,523,2.4960,0
2025-05-09,10:04:00,LCID,S,523,2.4960,0
2025-05-09,09:21:00,QBTS,B,220,11.3250,0
2025-05-09,10:24:00,QBTS,S,220,10.9000,0
2025-05-09,08:41:00,LYFT,B,161,15.4950,0
2025-05-09,11:10:00,LYFT,S,80,16.1148,0
2025-05-09,11:10:00,LYFT,S,81,15.9750,0
2025-05-09,08:43:00,ITUB,B,384,6.5050,0
2025-05-09,15:00:00,ITUB,S,384,6.6050,0
2025-05-12,08:41:00,AAL,B,207,12.0350,0
2025-05-12,08:57:00,AAL,S,207,11.8300,0
2025-05-12,08:41:00,SNAP,S,286,8.7150,0
2025-05-12,09:03:00,SNAP,B,286,8.8900,0
2025-05-12,08:41:00,SOXS,B,190,13.0900,0
2025-05-12,11:10:00,SOXS,S,190,12.5700,0
2025-05-12,08:43:00,SOXL,S,150,16.5000,0
2025-05-12,11:11:00,SOXL,B,150,17.1600,0
2025-05-12,08:43:00,SPXS,B,434,5.7600,0
2025-05-12,12:07:00,SPXS,S,434,5.6700,0
2025-05-12,08:43:00,SQQQ,B,95,26.1700,0
2025-05-12,12:08:00,SQQQ,S,95,25.4600,0
2025-05-12,08:42:00,NVDA,S,20,120.9500,0
2025-05-12,12:08:00,NVDA,B,20,122.8100,0
2025-05-12,08:41:00,AMZN,S,12,206.5000,0
2025-05-12,15:00:00,AMZN,B,12,208.6600,0
2025-05-12,08:41:00,NIO,S,593,4.2050,0
2025-05-12,15:00:00,NIO,B,593,4.1900,0
2025-05-12,08:42:00,TSLL,S,200,12.4800,0
2025-05-12,15:00:00,TSLL,B,200,12.8600,0
2025-05-12,08:42:00,KWEB,S,72,34.5800,0
2025-05-12,15:00:00,KWEB,B,72,34.7500,0
2025-05-12,09:01:00,GDX,S,52,47.2700,0
2025-05-12,15:00:00,GDX,B,52,46.6100,0
2025-05-12,14:58:00,SNAP,B,272,9.1900,0
2025-05-12,15:00:00,SNAP,S,272,9.2100,0
2025-05-13,08:58:00,RKT,S,219,11.4150,0
2025-05-13,09:17:00,RKT,B,219,11.8400,0
2025-05-13,09:01:00,BTE,B,1404,1.7900,0
2025-05-13,10:28:00,BTE,S,702,1.8616,0
2025-05-13,10:28:00,BTE,S,702,1.8871,0
2025-05-13,08:41:00,SOXL,B,140,17.8300,0
2025-05-13,11:01:00,SOXL,S,70,18.5432,0
2025-05-13,11:01:00,SOXL,S,70,18.6317,0
2025-05-13,08:41:00,SOXS,S,206,12.0550,0
2025-05-13,11:01:00,SOXS,B,103,11.5728,0
2025-05-13,11:01:00,SOXS,B,103,11.4605,0
2025-05-13,08:57:00,TSLL,B,191,13.1000,0
2025-05-13,12:43:00,TSLL,S,95,13.6240,0
2025-05-13,12:43:00,TSLL,S,96,13.9390,0
2025-05-13,09:52:00,RKT,B,207,12.0450,0
2025-05-13,13:09:00,RKT,S,103,12.5268,0
2025-05-13,13:09:00,RKT,S,104,12.4146,0
2025-05-13,08:46:00,UNH,S,7,328.9600,0
2025-05-13,14:32:00,UNH,B,3,315.8016,0
2025-05-13,14:32:00,UNH,B,4,312.3896,0
2025-05-13,08:41:00,NVDA,B,19,126.2950,0
2025-05-13,15:00:00,NVDA,S,19,129.8300,0
2025-05-13,08:41:00,AAL,B,208,12.0050,0
2025-05-13,15:00:00,AAL,S,208,12.3000,0
2025-05-14,08:42:00,AUR,B,383,6.5250,0
2025-05-14,09:46:00,AUR,S,191,6.7860,0
2025-05-14,09:46:00,AUR,S,192,6.7248,0
2025-05-14,10:15:00,RGTI,B,192,11.2200,0
2025-05-14,10:22:00,RGTI,S,96,11.6688,0
2025-05-14,10:22:00,RGTI,S,96,11.6378,0
2025-05-14,09:02:00,BBAI,S,454,3.9200,0
2025-05-14,12:41:00,BBAI,B,227,3.7632,0
2025-05-14,12:41:00,BBAI,B,227,3.8200,0
2025-05-14,08:44:00,SMCI,S,55,44.6850,0
2025-05-14,15:00:00,SMCI,B,55,45.0000,0
2025-05-14,08:50:00,BTE,S,1340,1.8600,0
2025-05-14,15:00:00,BTE,B,1340,1.8100,0
2025-05-14,08:51:00,AMDL,S,404,6.1800,0
2025-05-14,15:00:00,AMDL,B,404,6.0700,0
2025-05-15,09:14:00,NFE,S,506,3.0650,0
2025-05-15,09:50:00,NFE,B,253,2.9424,0
2025-05-15,09:50:00,NFE,B,253,2.6811,0
2025-05-15,08:53:00,UNH,S,9,256.3300,0
2025-05-15,15:00:00,UNH,B,9,274.1900,0
2025-05-16,08:56:00,VOR,B,8695,0.2373,0
2025-05-16,08:57:00,VOR,S,4347,0.2468,0
2025-05-16,08:57:00,VOR,S,4348,0.2560,0
2025-05-16,09:57:00,BMEA,B,1736,1.4500,0
2025-05-16,10:19:00,BMEA,S,1736,1.4100,0
2025-05-16,09:18:00,SPIR,B,208,12.0300,0
2025-05-16,10:29:00,SPIR,S,208,11.6600,0
2025-05-16,09:45:00,NN,S,182,13.5800,0
2025-05-16,13:57:00,NN,B,182,13.8600,0
2025-05-16,14:05:00,NN,B,179,13.9400,0
2025-05-16,14:12:00,NN,S,179,13.8750,0
2025-05-16,13:30:00,CADL,B,462,5.4400,0
2025-05-16,14:20:00,CADL,S,462,5.3500,0
2025-05-16,08:50:00,PARR,S,122,20.4000,0
2025-05-16,14:47:00,PARR,B,122,20.6300,0
2025-05-16,08:49:00,RPAY,S,605,4.1300,0
2025-05-16,15:00:00,RPAY,B,605,4.1000,0
2025-05-16,08:59:00,GPRE,B,490,5.1500,0
2025-05-16,15:00:00,GPRE,S,490,5.2400,0
2025-05-16,09:11:00,GRPN,S,96,25.8950,0
2025-05-16,15:00:00,GRPN,B,96,26.0000,0
2025-05-16,09:20:00,CAR,B,23,106.4900,0
2025-05-16,15:00:00,CAR,S,23,108.7500,0
2025-05-16,13:10:00,ACHV,B,822,3.0400,0
2025-05-16,15:00:00,ACHV,S,822,3.0900,0
2025-05-16,13:56:00,NNBR,B,1077,2.3300,0
2025-05-16,15:00:00,NNBR,S,1077,2.3250,0
2025-05-16,14:20:00,MYSE,B,968,2.6400,0
2025-05-16,15:00:00,MYSE,S,968,2.6000,0
2025-05-19,09:27:00,LCID,S,932,2.6600,0
2025-05-19,15:00:00,LCID,B,932,2.6900,0
2025-05-20,08:41:00,QBTS,B,149,16.0500,0
2025-05-20,09:17:00,QBTS,S,74,16.6920,0
2025-05-20,09:17:00,QBTS,S,75,16.6195,0
2025-05-20,08:57:00,LCID,B,907,2.7700,0
2025-05-20,11:28:00,LCID,S,453,2.8808,0
2025-05-20,11:28:00,LCID,S,454,2.8973,0
2025-05-21,09:10:00,WOLF,S,900,0.9128,0
2025-05-21,09:23:00,WOLF,B,450,0.8763,0
2025-05-21,09:23:00,WOLF,B,450,0.8834,0
2025-05-21,09:55:00,WOLF,S,2534,0.8500,0
2025-05-21,10:22:00,WOLF,B,2534,0.9289,0
2025-05-21,08:43:00,SOXS,S,209,11.9400,0
2025-05-21,12:24:00,SOXS,B,209,12.1800,0
2025-05-21,09:14:00,QBTS,S,142,16.3900,0
2025-05-21,12:28:00,QBTS,B,71,15.7344,0
2025-05-21,12:28:00,QBTS,B,71,15.6109,0
2025-05-21,08:42:00,LCID,S,859,2.8750,0
2025-05-21,14:38:00,LCID,B,429,2.7600,0
2025-05-21,14:38:00,LCID,B,430,2.7788,0
2025-05-21,14:06:00,SOXS,B,200,12.4500,0
2025-05-21,14:50:00,SOXS,S,200,12.3800,0
2025-05-21,08:55:00,CCC,B,285,8.7500,0
2025-05-21,15:00:00,CCC,S,285,8.6600,0
2025-05-21,09:00:00,IQ,S,1428,1.7500,0
2025-05-21,15:00:00,IQ,B,714,1.6800,0
2025-05-21,15:00:00,IQ,B,714,1.7050,0
2025-05-21,09:34:00,NU,S,201,12.4000,0
2025-05-21,15:00:00,NU,B,201,11.9900,0
2025-05-22,08:53:00,WOLF,B,869,1.2950,0
2025-05-22,08:56:00,WOLF,S,434,1.3468,0
2025-05-22,08:56:00,WOLF,S,435,1.3188,0
2025-05-22,08:43:00,NVTS,S,465,4.5700,0
2025-05-22,08:58:00,NVTS,B,232,4.3872,0
2025-05-22,08:58:00,NVTS,B,233,4.1157,0
2025-05-22,08:51:00,RGTI,B,222,11.2400,0
2025-05-22,09:04:00,RGTI,S,111,11.6896,0
2025-05-22,09:04:00,RGTI,S,111,11.9376,0
2025-05-22,08:53:00,QBTS,B,159,15.7100,0
2025-05-22,09:05:00,QBTS,S,79,16.3384,0
2025-05-22,09:05:00,QBTS,S,80,16.6748,0
2025-05-22,09:08:00,WOLF,B,1838,1.3650,0
2025-05-22,09:08:00,WOLF,S,919,1.4196,0
2025-05-22,09:08:00,WOLF,S,919,1.3862,0
2025-05-22,09:16:00,QBTS,B,143,17.4100,0
2025-05-22,09:53:00,QBTS,S,71,18.1064,0
2025-05-22,09:53:00,QBTS,S,72,17.8389,0
2025-05-22,09:30:00,RGTI,B,201,12.4150,0
2025-05-22,10:38:00,RGTI,S,100,12.9116,0
2025-05-22,10:38:00,RGTI,S,101,12.9658,0
2025-05-23,09:08:00,IMNN,S,800,1.0950,0
2025-05-23,09:08:00,IMNN,B,400,1.0512,0
2025-05-23,09:08:00,IMNN,B,400,1.0950,0
2025-05-23,08:41:00,DNN,B,1529,1.6450,0
2025-05-23,15:00:00,DNN,S,1529,1.6750,0
2025-05-27,09:52:00,IMSR,S,216,11.5300,0
2025-05-27,10:55:00,IMSR,B,216,11.7200,0
2025-05-27,10:20:00,CADL,B,438,5.7500,0
2025-05-27,12:19:00,CADL,S,438,5.5700,0
2025-05-27,10:22:00,NKTX,B,1404,1.8050,0
2025-05-27,12:31:00,NKTX,S,1404,1.7450,0
2025-05-27,10:10:00,ELDN,B,803,3.1350,0
2025-05-27,13:18:00,ELDN,S,401,3.2604,0
2025-05-27,13:18:00,ELDN,S,402,3.2386,0
2025-05-27,09:51:00,BMEA,S,1724,1.4450,0
2025-05-27,13:21:00,BMEA,B,862,1.3872,0
2025-05-27,13:21:00,BMEA,B,862,1.3944,0
2025-05-27,09:47:00,BZAI,S,1111,2.1300,0
2025-05-27,14:26:00,BZAI,B,555,2.0448,0
2025-05-27,14:26:00,BZAI,B,556,2.0463,0
2025-05-27,08:50:00,GRPN,B,91,27.5750,0
2025-05-27,15:00:00,GRPN,S,91,28.4000,0
2025-05-27,09:04:00,IMAX,B,91,27.4900,0
2025-05-27,15:00:00,IMAX,S,91,28.0700,0
2025-05-27,09:20:00,GPRE,B,589,4.2650,0
2025-05-27,15:00:00,GPRE,S,589,4.3600,0
2025-05-27,09:21:00,NN,B,193,12.9150,0
2025-05-27,15:00:00,NN,S,193,13.2000,0
2025-05-27,09:28:00,PARR,B,113,22.0500,0
2025-05-27,15:00:00,PARR,S,113,22.4700,0
2025-05-27,09:39:00,CAR,B,20,122.5700,0
2025-05-27,15:00:00,CAR,S,20,122.6100,0
2025-05-27,10:15:00,CRML,S,1639,1.5000,0
2025-05-27,15:00:00,CRML,B,1639,1.4900,0
2025-05-27,10:20:00,MXL,B,211,11.8100,0
2025-05-27,15:00:00,MXL,S,211,11.9000,0
2025-05-27,10:42:00,RPAY,B,555,4.5300,0
2025-05-27,15:00:00,RPAY,S,555,4.5500,0
2025-05-27,14:37:00,ACHV,B,791,3.1600,0
2025-05-27,15:00:00,ACHV,S,791,3.1600,0
2025-05-27,14:47:00,BMI,B,10,249.7050,0
2025-05-27,15:00:00,BMI,S,10,249.7400,0
2025-05-27,14:54:00,NNBR,B,1199,2.1150,0
2025-05-27,15:00:00,NNBR,S,1199,2.1300,0
2025-05-28,08:42:00,BBAI,S,593,4.2150,0
2025-05-28,09:31:00,BBAI,B,296,4.0464,0
2025-05-28,09:31:00,BBAI,B,297,4.0872,0
2025-05-29,08:49:00,EOSE,B,490,5.2950,0
2025-05-29,09:31:00,EOSE,S,490,4.7850,0
2025-05-29,08:44:00,LCID,S,972,2.5500,0
2025-05-29,11:58:00,LCID,B,486,2.4480,0
2025-05-29,11:58:00,LCID,B,486,2.4005,0
2025-05-29,08:42:00,DNN,S,1479,1.6850,0
2025-05-29,12:41:00,DNN,B,739,1.6176,0
2025-05-29,12:41:00,DNN,B,740,1.6119,0
2025-05-29,08:49:00,NVDQ,B,1461,1.7300,0
2025-05-29,13:14:00,NVDQ,S,730,1.7992,0
2025-05-29,13:14:00,NVDQ,S,731,1.7827,0
2025-05-30,08:39:00,SOXL,S,153,16.2750,0
2025-05-30,08:40:00,SOXL,B,153,16.3800,0
2025-05-30,08:39:00,SOXS,B,194,12.8900,0
2025-05-30,08:40:00,SOXS,S,194,12.8200,0
2025-05-30,08:57:00,PLTR,S,20,123.0950,0
2025-05-30,09:12:00,PLTR,B,20,125.6900,0
2025-05-30,09:15:00,BBAI,B,628,4.0000,0
2025-05-30,09:23:00,BBAI,S,314,4.1600,0
2025-05-30,09:23:00,BBAI,S,314,4.1300,0
2025-05-30,09:29:00,BBAI,B,596,4.1900,0
2025-05-30,10:45:00,BBAI,S,596,4.1400,0
2025-05-30,09:17:00,TSLZ,S,1712,1.4500,0
2025-05-30,11:28:00,TSLZ,B,1712,1.4900,0
2025-05-30,09:37:00,PLTR,B,19,128.5500,0
2025-05-30,11:29:00,PLTR,S,19,127.0500,0
2025-05-30,08:47:00,TSLL,B,157,15.9300,0
2025-05-30,11:29:00,TSLL,S,157,15.6300,0
2025-05-30,08:43:00,SOXS,B,193,12.9250,0
2025-05-30,11:36:00,SOXS,S,96,13.4420,0
2025-05-30,11:36:00,SOXS,S,97,13.4507,0
2025-05-30,08:43:00,SOXL,S,153,16.2150,0
2025-05-30,11:37:00,SOXL,B,76,15.5664,0
2025-05-30,11:37:00,SOXL,B,77,15.4822,0
2025-05-30,08:53:00,NVDQ,B,1344,1.8600,0
2025-05-30,12:02:00,NVDQ,S,672,1.9344,0
2025-05-30,12:02:00,NVDQ,S,672,1.9214,0
2025-05-30,08:45:00,LCID,S,1077,2.3200,0
2025-05-30,14:04:00,LCID,B,538,2.2272,0
2025-05-30,14:04:00,LCID,B,539,2.2332,0
2025-05-30,08:50:00,GAP,S,112,22.3100,0
2025-05-30,15:00:00,GAP,B,112,22.3300,0
2025-05-30,09:01:00,EOSE,S,615,4.0600,0
2025-05-30,15:00:00,EOSE,B,615,4.1600,0
2025-06-02,08:41:00,APLD,B,110,9.8800,0
2025-06-02,10:44:00,APLD,S,55,10.2752,0
2025-06-02,10:44:00,APLD,S,55,10.2812,0
2025-06-02,08:51:00,BBAI,S,626,3.9800,0
2025-06-02,10:52:00,BBAI,B,626,4.1000,0
2025-06-02,08:41:00,CLF,B,343,7.2850,0
2025-06-02,12:18:00,CLF,S,343,7.0000,0
2025-06-02,08:41:00,GDX,B,47,53.1200,0
2025-06-02,15:00:00,GDX,S,47,53.7500,0
2025-06-03,08:56:00,DNN,S,1592,1.5700,0
2025-06-03,09:10:00,DNN,B,1592,1.6050,0
2025-06-03,08:42:00,SOXL,B,147,16.9900,0
2025-06-03,12:09:00,SOXL,S,73,17.6696,0
2025-06-03,12:09:00,SOXL,S,74,18.1301,0
2025-06-03,08:42:00,SOXS,S,202,12.2800,0
2025-06-03,12:09:00,SOXS,B,101,11.7888,0
2025-06-03,12:09:00,SOXS,B,101,11.4728,0
2025-06-03,09:12:00,KVUE,S,110,22.5550,0
2025-06-03,15:00:00,KVUE,B,110,22.2000,0
2025-06-03,09:20:00,DNN,B,1529,1.6350,0
2025-06-03,15:00:00,DNN,S,1529,1.6850,0
2025-06-04,08:42:00,APLD,B,136,12.1350,0
2025-06-04,08:45:00,APLD,S,68,12.6204,0
2025-06-04,08:45:00,APLD,S,68,12.5037,0
2025-06-04,09:10:00,NIO,B,683,3.6550,0
2025-06-04,09:53:00,NIO,S,341,3.8012,0
2025-06-04,09:53:00,NIO,S,342,3.8184,0
2025-06-04,09:45:00,BBAI,B,638,3.9350,0
2025-06-04,11:45:00,BBAI,S,319,4.0924,0
2025-06-04,11:45:00,BBAI,S,319,4.0707,0
2025-06-05,08:42:00,PLTR,B,19,132.1600,0
2025-06-05,11:39:00,PLTR,S,19,128.9200,0
2025-06-05,08:45:00,TSLL,S,203,12.3000,0
2025-06-05,11:54:00,TSLL,B,101,11.8080,0
2025-06-05,11:54:00,TSLL,B,102,11.4611,0
2025-06-05,08:45:00,TSLA,S,7,314.8000,0
2025-06-05,12:07:00,TSLA,B,3,302.2080,0
2025-06-05,12:07:00,TSLA,B,4,304.8080,0
2025-06-05,13:25:00,TSLL,S,228,10.9200,0
2025-06-05,13:52:00,TSLL,B,114,10.4832,0
2025-06-05,13:52:00,TSLL,B,114,10.4092,0
2025-06-05,13:25:00,TSLA,S,8,298.3250,0
2025-06-05,14:10:00,TSLA,B,4,286.3920,0
2025-06-05,14:10:00,TSLA,B,4,286.8682,0
2025-06-05,08:42:00,HL,B,367,6.8050,0
2025-06-05,14:16:00,HL,S,367,6.4550,0
2025-06-05,08:46:00,AMDL,S,416,5.9600,0
2025-06-05,14:27:00,AMDL,B,208,5.7216,0
2025-06-05,14:27:00,AMDL,B,208,5.7596,0
2025-06-05,08:47:00,BBAI,S,634,3.9200,0
2025-06-05,14:27:00,BBAI,B,317,3.7632,0
2025-06-05,14:27:00,BBAI,B,317,3.7077,0
2025-06-05,08:41:00,AG,B,306,8.1700,0
2025-06-05,15:00:00,AG,S,306,8.4000,0
2025-06-06,08:52:00,TSLL,S,236,10.5200,0
2025-06-06,09:56:00,TSLL,B,236,11.0100,0
2025-06-06,08:55:00,TSLZ,B,1237,2.0400,0
2025-06-06,09:56:00,TSLZ,S,1237,1.9100,0
2025-06-06,08:42:00,TGB,B,856,2.9300,0
2025-06-06,10:12:00,TGB,S,428,3.0472,0
2025-06-06,10:12:00,TGB,S,428,3.0357,0
2025-06-09,08:41:00,TSLL,B,251,10.0100,0
2025-06-09,09:00:00,TSLL,S,125,10.4104,0
2025-06-09,09:00:00,TSLL,S,126,10.3199,0
2025-06-09,10:10:00,TSLL,B,234,10.6700,0
2025-06-09,10:13:00,TSLL,S,234,10.5800,0
2025-06-09,09:34:00,PCG,S,163,15.2800,0
2025-06-09,12:02:00,PCG,B,81,14.6688,0
2025-06-09,12:02:00,PCG,B,82,14.7228,0
2025-06-09,08:52:00,PLUG,B,2427,1.0500,0
2025-06-09,13:13:00,PLUG,S,1213,1.0920,0
2025-06-09,13:13:00,PLUG,S,1214,1.1887,0
2025-06-09,11:13:00,AMDL,S,405,6.1600,0
2025-06-09,13:26:00,AMDL,B,405,6.3700,0
2025-06-09,13:29:00,PLUG,B,2083,1.2000,0
2025-06-09,14:14:00,PLUG,S,1041,1.2480,0
2025-06-09,14:14:00,PLUG,S,1042,1.2411,0
2025-06-09,09:01:00,SOXL,B,122,20.4600,0
2025-06-09,15:00:00,SOXL,S,122,20.5700,0
2025-06-09,09:01:00,SOXS,S,247,10.1000,0
2025-06-09,15:00:00,SOXS,B,247,10.0200,0
2025-06-09,09:03:00,TSLZ,S,1219,2.0400,0
2025-06-09,15:00:00,TSLZ,B,609,1.9584,0
2025-06-09,15:00:00,TSLZ,B,610,1.8400,0
2025-06-10,08:47:00,TSLL,S,214,11.6450,0
2025-06-10,08:56:00,TSLL,B,214,11.9800,0
2025-06-10,08:47:00,WBD,S,273,9.1200,0
2025-06-10,09:05:00,WBD,B,273,9.5350,0
2025-06-10,08:41:00,INTC,S,122,20.3800,0
2025-06-10,09:16:00,INTC,B,122,20.6350,0
2025-06-10,09:01:00,TSLL,B,207,12.0500,0
2025-06-10,09:19:00,TSLL,S,207,11.9400,0
2025-06-10,08:41:00,PLUG,B,1379,1.5150,0
2025-06-10,09:35:00,PLUG,S,1379,1.3650,0
2025-06-10,08:51:00,RIG,B,848,2.9450,0
2025-06-10,09:55:00,RIG,S,424,3.0628,0
2025-06-10,09:55:00,RIG,S,424,3.0555,0
2025-06-10,08:56:00,BTE,B,1340,1.8800,0
2025-06-10,10:38:00,BTE,S,670,1.9552,0
2025-06-10,10:38:00,BTE,S,670,1.9662,0
2025-06-10,08:45:00,DNN,S,1470,1.6750,0
2025-06-10,10:38:00,DNN,B,735,1.6080,0
2025-06-10,10:38:00,DNN,B,735,1.6118,0
2025-06-10,09:26:00,WBD,B,259,9.6400,0
2025-06-10,11:37:00,WBD,S,129,10.0256,0
2025-06-10,11:37:00,WBD,S,130,9.9436,0
2025-06-10,08:50:00,SOXL,B,118,21.0800,0
2025-06-10,12:28:00,SOXL,S,59,21.9232,0
2025-06-10,12:28:00,SOXL,S,59,21.8892,0
2025-06-10,08:50:00,SOXS,S,255,9.7900,0
2025-06-10,12:28:00,SOXS,B,127,9.3984,0
2025-06-10,12:28:00,SOXS,B,128,9.3929,0
2025-06-10,09:02:00,TSLZ,S,1428,1.7300,0
2025-06-10,14:43:00,TSLZ,B,714,1.6608,0
2025-06-10,14:43:00,TSLZ,B,714,1.6273,0
2025-06-10,08:44:00,GRAB,S,523,4.7750,0
2025-06-10,15:00:00,GRAB,B,523,4.6550,0
2025-06-11,09:11:00,RGTI,B,197,12.6700,0
2025-06-11,09:18:00,RGTI,S,98,13.1768,0
2025-06-11,09:18:00,RGTI,S,99,13.3611,0
2025-06-11,09:29:00,RGTI,B,184,13.5400,0
2025-06-11,09:49:00,RGTI,S,184,13.1500,0
2025-06-11,09:35:00,PLUG,S,1937,1.2900,0
2025-06-11,10:29:00,PLUG,B,1937,1.3500,0
2025-06-11,08:41:00,NU,B,204,12.2700,0
2025-06-11,12:15:00,NU,S,102,12.7608,0
2025-06-11,12:15:00,NU,S,102,12.6523,0
2025-06-11,08:40:00,INTC,S,117,21.2500,0
2025-06-11,14:23:00,INTC,B,58,20.4000,0
2025-06-11,14:23:00,INTC,B,59,20.5925,0
2025-06-11,08:48:00,AAL,S,211,11.7900,0
2025-06-11,15:00:00,AAL,B,105,11.3184,0
2025-06-11,15:00:00,AAL,B,106,11.0550,0
2025-06-12,08:48:00,EQX,S,391,6.3900,0
2025-06-12,09:33:00,EQX,B,391,6.4400,0
2025-06-12,08:44:00,GME,B,105,23.7050,0
2025-06-12,10:22:00,GME,S,105,22.8200,0
2025-06-12,08:44:00,HPP,S,922,2.7000,0
2025-06-12,15:00:00,HPP,B,922,2.6900,0
2025-06-12,08:45:00,NU,S,201,12.4100,0
2025-06-12,15:00:00,NU,B,201,12.0100,0
2025-06-13,08:45:00,SOXL,B,119,20.8800,0
2025-06-13,09:20:00,SOXL,S,119,20.2400,0
2025-06-13,08:45:00,SOXS,S,254,9.8300,0
2025-06-13,09:20:00,SOXS,B,254,10.1100,0
2025-06-13,08:50:00,FAZ,B,490,5.1100,0
2025-06-13,10:47:00,FAZ,S,490,5.0200,0
2025-06-13,08:52:00,RUN,B,297,8.4350,0
2025-06-13,12:44:00,RUN,S,148,8.7724,0
2025-06-13,12:44:00,RUN,S,149,8.7157,0
2025-06-13,09:08:00,ACHR,B,247,10.1300,0
2025-06-13,15:00:00,ACHR,S,247,9.9800,0
2025-06-16,08:42:00,BBAI,B,650,3.8550,0
2025-06-16,09:20:00,BBAI,S,325,4.0092,0
2025-06-16,09:20:00,BBAI,S,325,4.0015,0
2025-06-16,08:43:00,AMDL,B,400,6.2500,0
2025-06-16,09:56:00,AMDL,S,200,6.5000,0
2025-06-16,09:56:00,AMDL,S,200,6.8675,0
2025-06-16,08:46:00,SOXL,B,118,21.1900,0
2025-06-16,10:23:00,SOXL,S,59,22.0376,0
2025-06-16,10:23:00,SOXL,S,59,21.9981,0
2025-06-16,08:46:00,SOXS,S,259,9.6100,0
2025-06-16,10:23:00,SOXS,B,129,9.2256,0
2025-06-16,10:23:00,SOXS,B,130,9.1961,0
2025-06-16,10:04:00,AMDL,B,360,6.9300,0
2025-06-16,10:28:00,AMDL,S,360,6.8100,0
2025-06-16,08:48:00,DNN,B,1340,1.8700,0
2025-06-16,14:07:00,DNN,S,1340,1.8200,0
2025-06-16,08:55:00,AAL,B,234,10.6700,0
2025-06-16,15:00:00,AAL,S,234,10.9200,0
2025-06-17,08:42:00,PLUG,S,2092,1.1900,0
2025-06-17,12:51:00,PLUG,B,1046,1.1424,0
2025-06-17,12:51:00,PLUG,B,1046,1.1419,0
2025-06-18,08:43:00,BMEA,B,1196,2.1100,0
2025-06-18,08:43:00,BMEA,S,598,2.1944,0
2025-06-18,08:43:00,BMEA,S,598,2.1789,0
2025-06-18,08:59:00,GRPN,S,70,35.6000,0
2025-06-18,09:57:00,GRPN,B,70,36.4500,0
2025-06-18,08:49:00,CRML,B,754,2.9400,0
2025-06-18,10:05:00,CRML,S,754,2.6350,0
2025-06-18,09:01:00,GPRE,B,425,5.8900,0
2025-06-18,10:33:00,GPRE,S,425,5.7300,0
2025-06-18,09:36:00,RPAY,B,528,4.7350,0
2025-06-18,12:12:00,RPAY,S,528,4.6450,0
2025-06-18,09:22:00,CAR,B,19,130.1000,0
2025-06-18,15:00:00,CAR,S,19,129.6900,0
2025-06-18,09:26:00,NN,B,171,14.5500,0
2025-06-18,15:00:00,NN,S,171,14.3850,0
2025-06-18,09:30:00,IMAX,B,85,29.2700,0
2025-06-18,15:00:00,IMAX,S,85,29.1900,0
2025-06-18,09:36:00,EVTL,B,426,5.9350,0
2025-06-18,15:00:00,EVTL,S,426,5.8600,0
2025-06-18,09:38:00,MXL,B,190,13.1500,0
2025-06-18,15:00:00,MXL,S,190,13.1150,0
2025-06-18,09:43:00,PARR,S,90,27.4200,0
2025-06-18,15:00:00,PARR,B,90,27.3800,0
2025-06-18,10:03:00,SPIR,B,247,10.1200,0
2025-06-18,15:00:00,SPIR,S,247,10.1400,0
2025-06-18,14:22:00,ELDN,S,897,2.7800,0
2025-06-18,15:00:00,ELDN,B,897,2.7800,0
2025-06-20,08:54:00,GRPN,B,60,41.0950,0
2025-06-20,09:59:00,GRPN,S,60,38.3800,0
2025-06-20,09:47:00,MXL,S,190,12.9700,0
2025-06-20,11:13:00,MXL,B,190,13.3700,0
2025-06-20,10:31:00,SPIR,B,246,10.1650,0
2025-06-20,12:41:00,SPIR,S,246,10.0700,0
2025-06-20,09:35:00,CRML,S,1079,2.2900,0
2025-06-20,13:24:00,CRML,B,1079,2.4900,0
2025-06-20,09:22:00,PARR,B,88,28.1400,0
2025-06-20,13:51:00,PARR,S,88,27.4800,0
2025-06-20,08:49:00,BMEA,S,1315,1.8550,0
2025-06-20,15:00:00,BMEA,B,1315,1.8100,0
2025-06-20,09:23:00,IMAX,S,85,29.0300,0
2025-06-20,15:00:00,IMAX,B,85,28.4500,0
2025-06-20,09:32:00,GPRE,S,442,5.6450,0
2025-06-20,15:00:00,GPRE,B,442,5.6900,0
2025-06-20,09:55:00,EVTL,S,436,5.5900,0
2025-06-20,15:00:00,EVTL,B,218,5.3664,0
2025-06-20,15:00:00,EVTL,B,218,5.2200,0
2025-06-20,10:00:00,RPAY,S,541,4.5850,0
2025-06-20,15:00:00,RPAY,B,541,4.6300,0
2025-06-20,10:18:00,CADL,S,518,4.8200,0
2025-06-20,15:00:00,CADL,B,518,4.7550,0
2025-06-20,10:38:00,CAR,B,18,133.0950,0
2025-06-20,15:00:00,CAR,S,18,134.3200,0
2025-06-20,14:06:00,IMSR,S,219,11.3700,0
2025-06-20,15:00:00,IMSR,B,219,11.6300,0
2025-06-20,14:47:00,SPIR,S,252,9.9100,0
2025-06-20,15:00:00,SPIR,B,252,9.9200,0
2025-06-20,14:54:00,BMI,B,10,243.7800,0
2025-06-20,15:00:00,BMI,S,10,243.6600,0
2025-06-23,08:45:00,IBO,B,1061,1.2200,0
2025-06-23,08:46:00,IBO,S,530,1.2688,0
2025-06-23,08:46:00,IBO,S,531,1.3478,0
2025-06-23,09:03:00,IBO,B,1052,1.4200,0
2025-06-23,09:10:00,IBO,S,1052,1.2300,0
2025-06-23,08:48:00,TSLL,B,185,13.5300,0
2025-06-23,09:12:00,TSLL,S,92,14.0712,0
2025-06-23,09:12:00,TSLL,S,93,14.0273,0
2025-06-23,08:49:00,TSLZ,S,1644,1.4900,0
2025-06-23,09:13:00,TSLZ,B,822,1.4304,0
2025-06-23,09:13:00,TSLZ,B,822,1.4349,0
2025-06-23,09:40:00,TSLZ,S,1865,1.3400,0
2025-06-23,11:18:00,TSLZ,B,1865,1.3600,0
2025-06-23,09:42:00,TSLL,B,169,14.7600,0
2025-06-23,11:22:00,TSLL,S,169,14.5000,0
2025-06-23,09:27:00,HIMS,S,49,44.0400,0
2025-06-23,11:39:00,HIMS,B,24,42.2784,0
2025-06-23,11:39:00,HIMS,B,25,42.6227,0
2025-06-23,09:08:00,BTE,S,1201,2.0800,0
2025-06-23,13:30:00,BTE,B,600,1.9968,0
2025-06-23,13:30:00,BTE,B,601,1.8908,0
2025-06-24,08:41:00,BBAI,B,543,4.6200,0
2025-06-24,08:45:00,BBAI,S,271,4.8048,0
2025-06-24,08:45:00,BBAI,S,272,4.8038,0
2025-06-24,08:59:00,BBAI,B,511,4.8850,0
2025-06-24,09:19:00,BBAI,S,511,4.7500,0
2025-06-24,08:41:00,NU,B,194,12.8500,0
2025-06-24,11:54:00,NU,S,97,13.3640,0
2025-06-24,11:54:00,NU,S,97,13.3365,0
2025-06-24,08:42:00,INTC,B,115,21.7100,0
2025-06-24,12:23:00,INTC,S,57,22.5784,0
2025-06-24,12:23:00,INTC,S,58,22.4629,0
2025-06-24,08:41:00,SOXS,S,290,8.6100,0
2025-06-24,15:00:00,SOXS,B,145,8.2656,0
2025-06-24,15:00:00,SOXS,B,145,8.2500,0
2025-06-24,08:41:00,TSLL,S,176,14.0400,0
2025-06-24,15:00:00,TSLL,B,176,13.6400,0
2025-06-24,08:42:00,SOXL,B,107,23.1800,0
2025-06-24,15:00:00,SOXL,S,107,23.9200,0
2025-06-25,08:42:00,BBAI,S,396,5.3800,0
2025-06-25,09:01:00,BBAI,B,198,5.1648,0
2025-06-25,09:01:00,BBAI,B,198,5.2138,0
2025-06-25,08:45:00,TSLL,S,188,13.2800,0
2025-06-25,09:02:00,TSLL,B,94,12.7488,0
2025-06-25,09:02:00,TSLL,B,94,12.8436,0
2025-06-25,08:42:00,QS,B,408,6.1700,0
2025-06-25,09:42:00,QS,S,408,5.6850,0
2025-06-25,09:14:00,BBAI,S,496,5.0400,0
2025-06-25,09:52:00,BBAI,B,248,4.8384,0
2025-06-25,09:52:00,BBAI,B,248,4.8161,0
2025-06-26,08:41:00,BBAI,B,490,5.1500,0
2025-06-26,08:48:00,BBAI,S,245,5.3560,0
2025-06-26,08:48:00,BBAI,S,245,5.3385,0
2025-06-26,08:51:00,QS,B,404,6.2000,0
2025-06-26,09:10:00,QS,S,202,6.4480,0
2025-06-26,09:10:00,QS,S,202,6.3859,0
2025-06-26,08:58:00,BBAI,B,458,5.4650,0
2025-06-26,09:14:00,BBAI,S,458,5.2500,0
2025-06-26,09:21:00,QS,B,383,6.5150,0
2025-06-26,09:31:00,QS,S,191,6.7756,0
2025-06-26,09:31:00,QS,S,192,6.7046,0
2025-06-26,08:49:00,PLUG,B,2192,1.1400,0
2025-06-26,09:38:00,PLUG,S,1096,1.1856,0
2025-06-26,09:38:00,PLUG,S,1096,1.1886,0
2025-06-26,09:51:00,PLUG,B,2083,1.2000,0
2025-06-26,10:32:00,PLUG,S,1041,1.2480,0
2025-06-26,10:32:00,PLUG,S,1042,1.2380,0
2025-06-26,09:12:00,CORZ,S,208,12.0050,0
2025-06-26,11:27:00,CORZ,B,208,12.2500,0
2025-06-26,09:07:00,BTBT,S,1315,1.9000,0
2025-06-26,14:35:00,BTBT,B,1315,1.9950,0
2025-06-26,14:36:00,CORZ,B,149,16.7250,0
2025-06-26,14:47:00,CORZ,S,149,16.5650,0
2025-06-27,10:05:00,QS,S,298,7.0150,0
2025-06-27,12:05:00,QS,B,149,6.7344,0
2025-06-27,12:05:00,QS,B,149,6.6601,0
2025-06-27,08:49:00,PLTR,S,17,139.2000,0
2025-06-27,14:54:00,PLTR,B,8,133.6320,0
2025-06-27,14:54:00,PLTR,B,9,134.3970,0
2025-06-27,08:44:00,NKE,B,34,72.5100,0
2025-06-27,15:00:00,NKE,S,34,72.0700,0
2025-06-30,08:41:00,SOFI,B,139,17.9100,0
2025-06-30,09:06:00,SOFI,S,69,18.6264,0
2025-06-30,09:06:00,SOFI,S,70,18.5109,0
2025-06-30,08:41:00,HPE,S,122,20.3500,0
2025-06-30,09:09:00,HPE,B,122,20.9050,0
2025-06-30,08:44:00,BBAI,B,373,6.7050,0
2025-06-30,09:26:00,BBAI,S,186,6.9732,0
2025-06-30,09:26:00,BBAI,S,187,6.9929,0
2025-06-30,10:00:00,BBAI,B,350,7.1300,0
2025-06-30,10:10:00,BBAI,S,350,7.0100,0
2025-06-30,08:59:00,PLUG,S,1666,1.2600,0
2025-06-30,11:07:00,PLUG,B,1666,1.4000,0
2025-06-30,09:23:00,SOFI,B,133,18.6900,0
2025-06-30,13:12:00,SOFI,S,133,18.3500,0
2025-07-01,08:44:00,BTBT,S,1128,2.2150,0
2025-07-01,09:06:00,BTBT,B,1128,2.2700,0
2025-07-01,08:48:00,TSLL,B,240,10.3750,0
2025-07-01,09:08:00,TSLL,S,120,10.7900,0
2025-07-01,09:08:00,TSLL,S,120,10.7330,0
2025-07-01,08:43:00,PLUG,S,1798,1.3900,0
2025-07-01,11:19:00,PLUG,B,1798,1.4450,0
2025-07-01,08:50:00,SNAP,B,273,9.1500,0
2025-07-01,13:40:00,SNAP,S,136,9.5160,0
2025-07-01,13:40:00,SNAP,S,137,9.4385,0
2025-07-01,08:51:00,TSLY,B,324,7.7200,0
2025-07-01,15:00:00,TSLY,S,324,7.7500,0
2025-07-01,08:51:00,TSLZ,S,1347,1.8300,0
2025-07-01,15:00:00,TSLZ,B,1347,1.8300,0
2025-07-02,08:49:00,BBAI,B,366,6.8750,0
2025-07-02,09:20:00,BBAI,S,183,7.1500,0
2025-07-02,09:20:00,BBAI,S,183,7.1916,0
2025-07-02,08:56:00,TSLL,S,227,10.9200,0
2025-07-02,09:24:00,TSLL,B,227,11.3700,0
2025-07-02,08:58:00,TSLZ,B,1445,1.7600,0
2025-07-02,09:25:00,TSLZ,S,1445,1.6850,0
2025-07-02,08:49:00,CNC,S,68,36.3100,0
2025-07-02,09:41:00,CNC,B,34,34.8576,0
2025-07-02,09:41:00,CNC,B,34,34.4829,0
2025-07-02,09:31:00,BBAI,B,338,7.3800,0
2025-07-02,09:42:00,BBAI,S,169,7.6752,0
2025-07-02,09:42:00,BBAI,S,169,7.6062,0
2025-07-02,09:38:00,TSLL,B,217,11.4900,0
2025-07-02,09:59:00,TSLL,S,217,11.2900,0
2025-07-02,09:07:00,SOXL,B,100,24.8800,0
2025-07-02,10:13:00,SOXL,S,50,25.8752,0
2025-07-02,10:13:00,SOXL,S,50,25.9212,0
2025-07-02,09:08:00,SOXS,S,314,7.9400,0
2025-07-02,10:13:00,SOXS,B,157,7.6224,0
2025-07-02,10:13:00,SOXS,B,157,7.6194,0
2025-07-02,08:42:00,CIFR,S,479,5.1750,0
2025-07-02,14:02:00,CIFR,B,479,5.4800,0
2025-07-02,14:28:00,CIFR,B,441,5.6650,0
2025-07-02,14:30:00,CIFR,S,441,5.6300,0
2025-07-03,08:46:00,LCID,B,1157,2.1600,0
2025-07-03,15:00:00,LCID,S,1157,2.1650,0
2025-07-07,08:45:00,VOR,B,634,2.4000,0
2025-07-07,09:01:00,VOR,S,317,2.4960,0
2025-07-07,09:01:00,VOR,S,317,2.4582,0
2025-07-07,10:22:00,VOR,B,936,2.6700,0
2025-07-07,10:24:00,VOR,S,936,2.6100,0
2025-07-07,11:05:00,MXL,B,171,14.5900,0
2025-07-07,11:22:00,MXL,S,171,14.4300,0
2025-07-07,13:11:00,NN,B,156,16.0100,0
2025-07-07,13:18:00,NN,S,156,15.9700,0
2025-07-07,08:58:00,GPRE,B,359,6.9850,0
2025-07-07,15:00:00,GPRE,S,359,7.0100,0
2025-07-07,09:17:00,GRPN,B,68,36.6600,0
2025-07-07,15:00:00,GRPN,S,68,36.7250,0
2025-07-07,09:25:00,IMAX,S,92,26.9600,0
2025-07-07,15:00:00,IMAX,B,92,26.5700,0
2025-07-07,09:34:00,ACHV,S,1216,2.0400,0
2025-07-07,15:00:00,ACHV,B,1216,2.0700,0
2025-07-07,09:36:00,CRML,S,769,3.2200,0
2025-07-07,15:00:00,CRML,B,769,3.2150,0
2025-07-07,09:37:00,RPAY,S,506,4.8800,0
2025-07-07,15:00:00,RPAY,B,506,4.8800,0
2025-07-07,10:00:00,BMEA,B,1506,1.6600,0
2025-07-07,15:00:00,BMEA,S,1506,1.6900,0
2025-07-07,10:20:00,EVTL,S,368,6.7650,0
2025-07-07,15:00:00,EVTL,B,368,6.8500,0
2025-07-07,10:39:00,NKTX,S,1453,1.7150,0
2025-07-07,15:00:00,NKTX,B,1453,1.6900,0
2025-07-07,14:04:00,ELDN,B,814,3.0750,0
2025-07-07,15:00:00,ELDN,S,814,3.1200,0
2025-07-07,14:28:00,BMI,S,10,237.6700,0
2025-07-07,15:00:00,BMI,B,10,239.1400,0
2025-07-08,08:41:00,PROK,S,930,1.1750,0
2025-07-08,08:45:00,PROK,B,465,1.1280,0
2025-07-08,08:45:00,PROK,B,465,1.1267,0
2025-07-08,08:44:00,BTBT,B,590,4.2350,0
2025-07-08,08:48:00,BTBT,S,590,4.0800,0
2025-07-08,08:41:00,WOLF,S,555,2.9650,0
2025-07-08,09:16:00,WOLF,B,277,2.8464,0
2025-07-08,09:16:00,WOLF,B,278,2.8697,0
2025-07-08,09:30:00,PROK,B,784,1.7750,0
2025-07-08,09:35:00,PROK,S,392,1.8460,0
2025-07-08,09:35:00,PROK,S,392,1.8709,0
2025-07-08,09:05:00,BTE,B,1333,1.8750,0
2025-07-08,09:37:00,BTE,S,666,1.9500,0
2025-07-08,09:37:00,BTE,S,667,1.9363,0
2025-07-08,08:42:00,SOXL,B,97,25.7500,0
2025-07-08,10:19:00,SOXL,S,48,26.7800,0
2025-07-08,10:19:00,SOXL,S,49,26.7625,0
2025-07-08,08:43:00,SOXS,S,327,7.5750,0
2025-07-08,10:19:00,SOXS,B,163,7.2720,0
2025-07-08,10:19:00,SOXS,B,164,7.3058,0
2025-07-08,08:41:00,INTC,B,111,22.4700,0
2025-07-08,10:23:00,INTC,S,55,23.3688,0
2025-07-08,10:23:00,INTC,S,56,23.2753,0
2025-07-08,08:53:00,LCID,B,1157,2.1700,0
2025-07-08,11:12:00,LCID,S,578,2.2568,0
2025-07-08,11:12:00,LCID,S,579,2.2383,0
2025-07-08,08:45:00,SOUN,B,193,12.9150,0
2025-07-08,15:00:00,SOUN,S,193,12.7000,0
2025-07-09,08:48:00,PLUG,B,1612,1.5550,0
2025-07-09,08:59:00,PLUG,S,806,1.6172,0
2025-07-09,08:59:00,PLUG,S,806,1.6296,0
2025-07-09,09:30:00,PLUG,B,1445,1.7300,0
2025-07-09,09:44:00,PLUG,S,1445,1.6800,0
2025-07-09,09:21:00,AES,B,192,12.9750,0
2025-07-09,15:00:00,AES,S,192,13.2650,0
2025-07-10,08:43:00,AAL,S,205,12.1450,0
2025-07-10,08:52:00,AAL,B,205,12.3600,0
2025-07-10,08:57:00,NIO,S,714,3.5000,0
2025-07-10,09:03:00,NIO,B,714,3.5400,0
2025-07-10,09:18:00,NIO,B,700,3.5700,0
2025-07-10,09:18:00,NIO,S,700,3.5450,0
2025-07-10,09:16:00,AAL,B,198,12.6200,0
2025-07-10,13:02:00,AAL,S,99,13.1248,0
2025-07-10,13:02:00,AAL,S,99,13.0538,0
2025-07-11,08:46:00,NIO,B,664,3.7950,0
2025-07-11,09:09:00,NIO,S,332,3.9468,0
2025-07-11,09:09:00,NIO,S,332,3.9121,0
2025-07-11,08:44:00,AAL,S,198,12.5700,0
2025-07-11,15:00:00,AAL,B,198,12.2300,0
2025-07-14,08:50:00,NIO,B,597,4.1900,0
2025-07-14,09:10:00,NIO,S,597,4.1000,0
2025-07-15,08:53:00,KAPA,S,400,1.3200,0
2025-07-15,08:53:00,KAPA,B,200,1.2672,0
2025-07-15,08:53:00,KAPA,B,200,1.3200,0
2025-07-15,08:41:00,ERIC,S,332,7.5100,0
2025-07-15,15:00:00,ERIC,B,166,7.2096,0
2025-07-15,15:00:00,ERIC,B,166,7.2300,0
2025-07-16,08:54:00,OPEN,B,1379,1.2900,0
2025-07-16,09:54:00,OPEN,S,689,1.3416,0
2025-07-16,09:54:00,OPEN,S,690,1.3312,0
2025-07-16,10:04:00,RGTI,B,166,15.1450,0
2025-07-16,11:11:00,RGTI,S,83,15.7508,0
2025-07-16,11:11:00,RGTI,S,83,15.7435,0
2025-07-16,08:48:00,ETHA,B,103,24.1500,0
2025-07-16,13:49:00,ETHA,S,51,25.1160,0
2025-07-16,13:49:00,ETHA,S,52,25.2985,0
2025-07-16,13:22:00,OPEN,B,1736,1.4400,0
2025-07-16,14:07:00,OPEN,S,1736,1.4050,0
2025-07-16,09:48:00,DNN,B,1282,1.9600,0
2025-07-16,14:50:00,DNN,S,641,2.0384,0
2025-07-16,14:50:00,DNN,S,641,2.0204,0
2025-07-16,09:01:00,TSLZ,S,1572,1.5900,0
2025-07-16,15:00:00,TSLZ,B,1572,1.5450,0
2025-07-17,08:41:00,GAME,B,1592,1.5750,0
2025-07-17,08:42:00,GAME,S,796,1.6380,0
2025-07-17,08:42:00,GAME,S,796,1.6342,0
2025-07-17,08:46:00,BBAI,B,326,7.6650,0
2025-07-17,09:23:00,BBAI,S,163,7.9716,0
2025-07-17,09:23:00,BBAI,S,163,8.1770,0
2025-07-17,08:45:00,NIO,B,592,4.2250,0
2025-07-17,09:26:00,NIO,S,296,4.3940,0
2025-07-17,09:26:00,NIO,S,296,4.3877,0
2025-07-17,08:41:00,OPEN,S,869,1.7500,0
2025-07-17,09:27:00,OPEN,B,434,1.6800,0
2025-07-17,09:27:00,OPEN,B,435,1.6775,0
2025-07-17,08:46:00,LCID,B,810,3.0850,0
2025-07-17,10:26:00,LCID,S,405,3.2084,0
2025-07-17,10:26:00,LCID,S,405,3.2370,0
2025-07-17,08:45:00,QS,B,191,13.0700,0
2025-07-17,14:11:00,QS,S,95,13.5928,0
2025-07-17,14:11:00,QS,S,96,13.3500,0
2025-07-18,08:51:00,OPEN,B,1176,1.9850,0
2025-07-18,08:55:00,OPEN,S,588,2.0644,0
2025-07-18,08:55:00,OPEN,S,588,2.0296,0
2025-07-18,08:47:00,QS,B,177,14.3000,0
2025-07-18,09:06:00,QS,S,88,14.8720,0
2025-07-18,09:06:00,QS,S,89,14.5473,0
2025-07-18,08:41:00,SRPT,B,133,18.7400,0
2025-07-18,11:09:00,SRPT,S,133,16.8750,0
2025-07-18,10:11:00,TSLZ,S,1689,1.4800,0
2025-07-18,11:36:00,TSLZ,B,1689,1.5000,0
2025-07-18,08:41:00,NU,S,181,13.7300,0
2025-07-18,15:00:00,NU,B,90,13.1808,0
2025-07-18,15:00:00,NU,B,91,13.0300,0
2025-07-18,13:09:00,TSLZ,S,1689,1.4600,0
2025-07-18,15:00:00,TSLZ,B,1689,1.4700,0
2025-07-21,08:41:00,OPEN,B,878,2.8550,0
2025-07-21,08:50:00,OPEN,S,439,2.9692,0
2025-07-21,08:50:00,OPEN,S,439,2.9415,0
2025-07-21,08:50:00,PMN,S,555,0.9979,0
2025-07-21,08:50:00,PMN,B,277,0.9580,0
2025-07-21,08:50:00,PMN,B,278,0.9979,0
2025-07-21,08:44:00,QS,S,109,12.1700,0
2025-07-21,08:50:00,QS,B,54,11.6832,0
2025-07-21,08:50:00,QS,B,55,11.6817,0
2025-07-21,08:41:00,BTBT,S,652,3.8300,0
2025-07-21,09:05:00,BTBT,B,326,3.6768,0
2025-07-21,09:05:00,BTBT,B,326,3.6983,0
2025-07-21,08:57:00,OPEN,B,811,3.0800,0
2025-07-21,09:06:00,OPEN,S,405,3.2032,0
2025-07-21,09:06:00,OPEN,S,406,3.1355,0
2025-07-21,08:44:00,LCID,S,838,2.9500,0
2025-07-21,10:06:00,LCID,B,419,2.8320,0
2025-07-21,10:06:00,LCID,B,419,2.8295,0
2025-07-21,08:41:00,ETHA,B,86,28.8800,0
2025-07-21,11:12:00,ETHA,S,86,28.6900,0
2025-07-21,08:43:00,RKT,B,172,14.5450,0
2025-07-21,13:06:00,RKT,S,86,15.1268,0
2025-07-21,13:06:00,RKT,S,86,15.0795,0
2025-07-21,13:25:00,RKT,B,163,15.2650,0
2025-07-21,13:30:00,RKT,S,163,15.2150,0
2025-07-21,08:50:00,XYZ,B,31,78.9450,0
2025-07-21,15:00:00,XYZ,S,31,78.0650,0
2025-07-22,08:41:00,REPL,B,430,3.1450,0
2025-07-22,08:41:00,REPL,S,215,3.2708,0
2025-07-22,08:41:00,REPL,S,215,3.3186,0
2025-07-22,08:42:00,OPEN,S,434,3.3400,0
2025-07-22,08:42:00,OPEN,B,217,3.2064,0
2025-07-22,08:42:00,OPEN,B,217,3.2034,0
2025-07-22,08:45:00,KSS,S,32,15.0600,0
2025-07-22,08:47:00,KSS,B,16,14.4576,0
2025-07-22,08:47:00,KSS,B,16,14.2306,0
2025-07-22,08:44:00,LCID,B,856,2.9300,0
2025-07-22,08:52:00,LCID,S,856,2.8800,0
2025-07-22,08:39:00,OSCR,B,185,13.5000,0
2025-07-22,08:56:00,OSCR,S,185,13.2700,0
2025-07-22,09:07:00,NOK,B,522,4.7950,0
2025-07-22,11:00:00,NOK,S,522,4.7600,0
2025-07-22,08:47:00,RIG,B,922,2.7150,0
2025-07-22,11:40:00,RIG,S,461,2.8236,0
2025-07-22,11:40:00,RIG,S,461,2.8179,0
2025-07-22,08:43:00,NIO,B,519,4.8250,0
2025-07-22,12:25:00,NIO,S,259,5.0180,0
2025-07-22,12:25:00,NIO,S,260,5.0417,0
2025-07-22,13:00:00,OPEN,S,236,2.8350,0
2025-07-22,13:04:00,OPEN,B,118,2.7216,0
2025-07-22,13:04:00,OPEN,B,118,2.7229,0
2025-07-22,08:41:00,RKT,B,154,16.3350,0
2025-07-22,15:00:00,RKT,S,154,16.0050,0
2025-07-22,13:24:00,RIG,B,869,2.8750,0
2025-07-22,15:00:00,RIG,S,869,2.9050,0
2025-07-23,08:42:00,IOVA,B,653,3.8250,0
2025-07-23,08:44:00,IOVA,S,326,3.9780,0
2025-07-23,08:44:00,IOVA,S,327,3.9417,0
2025-07-23,08:50:00,MARA,S,143,17.4700,0
2025-07-23,09:02:00,MARA,B,143,17.8050,0
2025-07-23,08:41:00,STLA,S,253,9.8200,0
2025-07-23,09:08:00,STLA,B,253,9.9450,0
2025-07-23,08:56:00,IOVA,B,625,4.0000,0
2025-07-23,09:14:00,IOVA,S,312,4.1600,0
2025-07-23,09:14:00,IOVA,S,313,4.1091,0
2025-07-23,09:51:00,OPEN,S,625,2.2700,0
2025-07-23,09:57:00,OPEN,B,312,2.1792,0
2025-07-23,09:57:00,OPEN,B,313,2.1711,0
2025-07-23,10:03:00,GPRO,S,481,1.9550,0
2025-07-23,10:08:00,GPRO,B,240,1.8768,0
2025-07-23,10:08:00,GPRO,B,241,1.8857,0
2025-07-23,09:35:00,STLA,B,248,10.0650,0
2025-07-23,15:00:00,STLA,S,248,10.3500,0
2025-07-24,08:41:00,OPEN,B,998,2.5900,0
2025-07-24,08:47:00,OPEN,S,499,2.6936,0
2025-07-24,08:47:00,OPEN,S,499,2.6941,0
2025-07-24,08:59:00,LIDR,S,199,3.7350,0
2025-07-24,08:59:00,LIDR,B,99,3.5856,0
2025-07-24,08:59:00,LIDR,B,100,3.7350,0
2025-07-24,08:45:00,AAL,S,219,11.3900,0
2025-07-24,09:51:00,AAL,B,219,11.7900,0
2025-07-24,08:43:00,CMG,B,54,46.1600,0
2025-07-24,12:11:00,CMG,S,54,45.3300,0
2025-07-24,13:44:00,CMG,S,55,45.1300,0
2025-07-24,13:48:00,CMG,B,55,45.2100,0
2025-07-24,08:44:00,DOW,S,93,26.6650,0
2025-07-24,14:42:00,DOW,B,46,25.5984,0
2025-07-24,14:42:00,DOW,B,47,24.6416,0
2025-07-25,09:01:00,TSLL,B,226,11.0600,0
2025-07-25,11:40:00,TSLL,S,113,11.5024,0
2025-07-25,11:40:00,TSLL,S,113,11.6894,0
2025-07-25,09:02:00,TSLZ,S,1552,1.6000,0
2025-07-25,11:52:00,TSLZ,B,776,1.5360,0
2025-07-25,11:52:00,TSLZ,B,776,1.5060,0
2025-07-25,08:47:00,INTC,S,121,20.5400,0
2025-07-25,15:00:00,INTC,B,121,20.7000,0
2025-07-25,09:21:00,CNC,B,89,28.1800,0
2025-07-25,15:00:00,CNC,S,89,28.4000,0
2025-07-28,08:46:00,TSLL,B,217,11.5200,0
2025-07-28,09:22:00,TSLL,S,108,11.9808,0
2025-07-28,09:22:00,TSLL,S,109,11.8948,0
2025-07-28,09:12:00,TSLZ,S,1661,1.4900,0
2025-07-28,11:10:00,TSLZ,B,830,1.4304,0
2025-07-28,11:10:00,TSLZ,B,831,1.4449,0
2025-07-28,08:45:00,OPEN,S,976,2.5600,0
2025-07-28,15:00:00,OPEN,B,488,2.4576,0
2025-07-28,15:00:00,OPEN,B,488,2.3350,0
2025-07-28,08:45:00,SOXL,B,93,26.7300,0
2025-07-28,15:00:00,SOXL,S,93,26.9400,0
2025-07-28,08:45:00,SOXS,S,341,7.3000,0
2025-07-28,15:00:00,SOXS,B,341,7.2300,0
2025-07-29,08:41:00,QS,S,239,10.3850,0
2025-07-29,08:56:00,QS,B,119,9.9696,0
2025-07-29,08:56:00,QS,B,120,10.0588,0
2025-07-29,08:41:00,OPEN,B,1111,2.2900,0
2025-07-29,09:01:00,OPEN,S,1111,2.1400,0
2025-07-29,09:07:00,QS,S,257,9.7000,0
2025-07-29,11:58:00,QS,B,128,9.3120,0
2025-07-29,11:58:00,QS,B,129,9.3852,0
2025-07-29,08:49:00,LCID,S,939,2.6450,0
2025-07-29,15:00:00,LCID,B,939,2.5650,0
2025-07-29,13:19:00,SOFI,S,98,23.0000,0
2025-07-29,15:00:00,SOFI,B,98,22.4150,0
2025-07-30,08:42:00,REPL,S,338,5.9800,0
2025-07-30,08:45:00,REPL,B,169,5.7408,0
2025-07-30,08:45:00,REPL,B,169,5.7798,0
2025-07-30,09:00:00,FCX,S,58,42.7300,0
2025-07-30,12:44:00,FCX,B,58,43.1550,0
2025-07-30,13:07:00,FCX,S,61,40.8300,0
2025-07-30,13:49:00,FCX,B,30,39.1968,0
2025-07-30,13:49:00,FCX,B,31,39.3659,0
2025-07-30,08:41:00,QS,S,286,8.6600,0
2025-07-30,15:00:00,QS,B,286,8.7900,0
2025-07-31,08:42:00,TSLL,B,216,11.6000,0
2025-07-31,08:48:00,TSLL,S,216,11.4500,0
2025-07-31,08:52:00,GRAB,S,518,4.8200,0
2025-07-31,09:09:00,GRAB,B,518,5.1050,0
2025-07-31,09:15:00,BAX,S,110,22.5500,0
2025-07-31,10:02:00,BAX,B,55,21.6480,0
2025-07-31,10:02:00,BAX,B,55,21.8305,0
2025-07-31,10:01:00,NIO,B,537,4.6500,0
2025-07-31,10:50:00,NIO,S,268,4.8360,0
2025-07-31,10:50:00,NIO,S,269,4.8635,0
2025-07-31,09:21:00,TSLL,S,220,11.3300,0
2025-07-31,12:36:00,TSLL,B,110,10.8768,0
2025-07-31,12:36:00,TSLL,B,110,10.8733,0
2025-07-31,08:45:00,SOXS,B,336,7.4200,0
2025-07-31,13:01:00,SOXS,S,168,7.7168,0
2025-07-31,13:01:00,SOXS,S,168,7.7208,0
2025-07-31,09:27:00,TSLZ,B,1623,1.5550,0
2025-07-31,13:34:00,TSLZ,S,811,1.6172,0
2025-07-31,13:34:00,TSLZ,S,812,1.6244,0
2025-07-31,13:06:00,SOXS,B,320,7.7950,0
2025-07-31,13:36:00,SOXS,S,320,7.7100,0
2025-07-31,08:56:00,ABEV,B,1141,2.1950,0
2025-07-31,15:00:00,ABEV,S,1141,2.1900,0
2025-08-01,08:46:00,TNON,B,615,1.8050,0
2025-08-01,08:48:00,TNON,S,307,1.8772,0
2025-08-01,08:48:00,TNON,S,308,1.8050,0
2025-08-01,08:41:00,ETHA,S,90,27.5000,0
2025-08-01,09:34:00,ETHA,B,90,27.6300,0
2025-08-01,08:54:00,OPEN,S,1305,1.8950,0
2025-08-01,09:45:00,OPEN,B,1305,2.0500,0
2025-08-01,08:57:00,AVTR,S,222,11.2450,0
2025-08-01,10:13:00,AVTR,B,222,11.4300,0
2025-08-01,08:42:00,AMZN,B,11,218.9400,0
2025-08-01,10:29:00,AMZN,S,11,215.2600,0
2025-08-01,13:16:00,ETHA,S,93,26.7700,0
2025-08-01,13:27:00,ETHA,B,93,26.9500,0
2025-08-01,08:41:00,SQQQ,B,129,19.3200,0
2025-08-01,15:00:00,SQQQ,S,129,19.5200,0
2025-08-01,08:42:00,RKT,B,149,16.7550,0
2025-08-01,15:00:00,RKT,S,149,16.5300,0
2025-08-04,08:43:00,VISN,S,181,13.7800,0
2025-08-04,09:23:00,VISN,B,90,13.2288,0
2025-08-04,09:23:00,VISN,B,91,13.2978,0
2025-08-04,08:50:00,OPEN,S,1142,2.1700,0
2025-08-04,11:25:00,OPEN,B,1142,2.3450,0
2025-08-04,08:43:00,SQQQ,S,133,18.7600,0
2025-08-04,15:00:00,SQQQ,B,133,18.4600,0
2025-08-04,08:45:00,PCG,B,172,14.4700,0
2025-08-04,15:00:00,PCG,S,86,15.0488,0
2025-08-04,15:00:00,PCG,S,86,15.0600,0
2025-08-04,09:07:00,NIO,S,525,4.7400,0
2025-08-04,15:00:00,NIO,B,525,4.6000,0
2025-08-05,08:42:00,SMXT,B,526,1.9700,0
2025-08-05,08:42:00,SMXT,S,263,2.0488,0
2025-08-05,08:42:00,SMXT,S,263,2.0703,0
2025-08-05,09:01:00,PFE,S,102,24.3300,0
2025-08-05,09:41:00,PFE,B,102,24.6800,0
2025-08-05,09:53:00,PFE,B,101,24.7400,0
2025-08-05,10:00:00,PFE,S,101,24.6650,0
2025-08-06,08:42:00,OPEN,B,930,2.1000,0
2025-08-06,08:46:00,OPEN,S,465,2.1840,0
2025-08-06,08:46:00,OPEN,S,465,2.1690,0
2025-08-06,08:45:00,LPSN,S,1052,1.2450,0
2025-08-06,09:00:00,LPSN,B,526,1.1952,0
2025-08-06,09:00:00,LPSN,B,526,1.2334,0
2025-08-06,08:43:00,LCID,B,1118,2.2350,0
2025-08-06,10:55:00,LCID,S,1118,2.1700,0
2025-08-06,08:57:00,SNAP,B,332,7.5350,0
2025-08-06,13:15:00,SNAP,S,166,7.8364,0
2025-08-06,13:15:00,SNAP,S,166,7.7696,0
2025-08-06,08:45:00,TSLL,B,228,11.0200,0
2025-08-06,14:34:00,TSLL,S,114,11.4608,0
2025-08-06,14:34:00,TSLL,S,114,11.3898,0
2025-08-06,08:43:00,AAPL,B,11,209.4500,0
2025-08-06,15:00:00,AAPL,S,11,213.2750,0
2025-08-06,09:47:00,TSLZ,S,1623,1.5300,0
2025-08-06,15:00:00,TSLZ,B,1623,1.5000,0
2025-08-07,08:41:00,YHC,S,689,1.4600,0
2025-08-07,08:41:00,YHC,B,344,1.4016,0
2025-08-07,08:41:00,YHC,B,345,1.3846,0
2025-08-07,08:51:00,SABR,S,740,1.9550,0
2025-08-07,08:57:00,SABR,B,370,1.8768,0
2025-08-07,08:57:00,SABR,B,370,1.9243,0
2025-08-07,08:51:00,YHC,S,1824,1.3700,0
2025-08-07,09:09:00,YHC,B,912,1.3152,0
2025-08-07,09:09:00,YHC,B,912,1.3288,0
2025-08-07,09:11:00,BTBT,S,747,3.3400,0
2025-08-07,10:21:00,BTBT,B,747,3.5900,0
2025-08-07,09:07:00,SABR,S,1351,1.8500,0
2025-08-07,11:53:00,SABR,B,675,1.7760,0
2025-08-07,11:53:00,SABR,B,676,1.7864,0
2025-08-07,08:41:00,WBD,S,176,12.0400,0
2025-08-07,15:00:00,WBD,B,176,11.8600,0
2025-08-07,13:01:00,HL,B,340,7.3600,0
2025-08-07,15:00:00,HL,S,340,7.2200,0
2025-08-08,08:59:00,UAA,B,452,5.5250,0
2025-08-08,09:36:00,UAA,S,452,5.2700,0
2025-08-08,08:49:00,WBD,S,212,11.7850,0
2025-08-08,09:49:00,WBD,B,106,11.3136,0
2025-08-08,09:49:00,WBD,B,106,11.3529,0
2025-08-08,08:45:00,TTD,B,44,56.4500,0
2025-08-08,09:52:00,TTD,S,44,54.0000,0
2025-08-08,08:46:00,SOUN,B,186,13.5600,0
2025-08-08,10:07:00,SOUN,S,93,14.1024,0
2025-08-08,10:07:00,SOUN,S,93,13.9304,0
2025-08-08,10:01:00,TTD,S,46,53.8300,0
2025-08-08,10:10:00,TTD,B,46,54.1500,0
2025-08-08,08:58:00,PBR,S,197,12.6500,0
2025-08-08,11:42:00,PBR,B,98,12.1440,0
2025-08-08,11:42:00,PBR,B,99,12.2415,0
2025-08-08,09:05:00,PSKY,B,218,11.4500,0
2025-08-08,12:04:00,PSKY,S,218,11.0850,0
2025-08-08,13:04:00,PSKY,S,236,10.5850,0
2025-08-08,13:19:00,PSKY,B,236,10.6400,0
2025-08-08,13:51:00,PBR,S,206,12.1050,0
2025-08-08,14:11:00,PBR,B,206,12.1150,0
2025-08-11,08:46:00,BMNR,B,39,63.1100,0
2025-08-11,09:04:00,BMNR,S,19,65.6344,0
2025-08-11,09:04:00,BMNR,S,20,64.2502,0
2025-08-11,08:44:00,CGC,B,1677,1.5200,0
2025-08-11,09:55:00,CGC,S,1677,1.4000,0
2025-08-11,08:43:00,OPEN,B,1219,2.0800,0
2025-08-11,10:56:00,OPEN,S,609,2.1632,0
2025-08-11,10:56:00,OPEN,S,610,2.1492,0
2025-08-11,08:47:00,TSLL,B,192,13.1000,0
2025-08-11,15:00:00,TSLL,S,192,12.8400,0
2025-08-11,10:02:00,TSLZ,S,1908,1.3000,0
2025-08-11,15:00:00,TSLZ,B,1908,1.3200,0
2025-08-12,08:44:00,ETHA,S,75,33.2100,0
2025-08-12,10:04:00,ETHA,B,75,33.5500,0
2025-08-12,08:47:00,OPEN,S,1068,2.3400,0
2025-08-12,10:11:00,OPEN,B,534,2.2464,0
2025-08-12,10:11:00,OPEN,B,534,2.2657,0
2025-08-12,08:41:00,BBAI,B,347,5.3950,0
2025-08-12,11:42:00,BBAI,S,173,5.6108,0
2025-08-12,11:42:00,BBAI,S,174,5.6310,0
2025-08-12,08:54:00,AAL,B,203,12.2950,0
2025-08-12,11:58:00,AAL,S,101,12.7868,0
2025-08-12,11:58:00,AAL,S,102,12.7771,0
2025-08-12,08:43:00,NIO,S,537,4.6400,0
2025-08-12,13:10:00,NIO,B,268,4.4544,0
2025-08-12,13:10:00,NIO,B,269,4.4964,0
2025-08-12,08:41:00,SOXL,B,95,26.3300,0
2025-08-12,15:00:00,SOXL,S,47,27.3832,0
2025-08-12,15:00:00,SOXL,S,48,28.0300,0
2025-08-12,08:41:00,SOXS,S,341,7.3000,0
2025-08-12,15:00:00,SOXS,B,170,7.0080,0
2025-08-12,15:00:00,SOXS,B,171,6.7800,0
2025-08-12,08:46:00,BTG,B,681,3.6700,0
2025-08-12,15:00:00,BTG,S,681,3.7750,0
2025-08-12,09:22:00,INTC,B,118,21.1750,0
2025-08-12,15:00:00,INTC,S,118,21.8000,0
2025-08-12,10:33:00,ETHA,B,74,33.6300,0
2025-08-12,15:00:00,ETHA,S,74,34.2400,0
2025-08-12,14:50:00,AAL,B,192,12.9800,0
2025-08-12,15:00:00,AAL,S,192,13.0000,0
2025-08-13,08:42:00,MNTS,B,740,2.1700,0
2025-08-13,08:43:00,MNTS,S,370,2.2568,0
2025-08-13,08:43:00,MNTS,S,370,2.2483,0
2025-08-13,08:41:00,PSKY,B,212,11.9900,0
2025-08-13,08:44:00,PSKY,S,106,12.4696,0
2025-08-13,08:44:00,PSKY,S,106,12.3701,0
2025-08-13,08:41:00,PLUG,B,1562,1.6200,0
2025-08-13,08:51:00,PLUG,S,781,1.6848,0
2025-08-13,08:51:00,PLUG,S,781,1.7038,0
2025-08-13,09:05:00,PSKY,B,184,13.5800,0
2025-08-13,09:05:00,PSKY,S,92,14.1232,0
2025-08-13,09:05:00,PSKY,S,92,13.7000,0
2025-08-13,08:41:00,WBD,B,214,11.7000,0
2025-08-13,11:58:00,WBD,S,107,12.1680,0
2025-08-13,11:58:00,WBD,S,107,12.0880,0
2025-08-13,08:41:00,RKT,B,132,18.8700,0
2025-08-13,14:42:00,RKT,S,66,19.6248,0
2025-08-13,14:42:00,RKT,S,66,19.4713,0
2025-08-14,09:00:00,XPON,B,203,4.4400,0
2025-08-14,09:00:00,XPON,S,101,4.6176,0
2025-08-14,09:00:00,XPON,S,102,4.4689,0
2025-08-14,08:44:00,OPEN,B,1030,2.4250,0
2025-08-14,09:03:00,OPEN,S,515,2.5220,0
2025-08-14,09:03:00,OPEN,S,515,2.5158,0
2025-08-14,08:48:00,WULF,B,322,7.3700,0
2025-08-14,09:49:00,WULF,S,161,7.6648,0
2025-08-14,09:49:00,WULF,S,161,7.8318,0
2025-08-14,09:51:00,OPEN,B,907,2.7550,0
2025-08-14,10:06:00,OPEN,S,453,2.8652,0
2025-08-14,10:06:00,OPEN,S,454,2.8218,0
2025-08-14,10:07:00,WULF,B,310,8.0600,0
2025-08-14,10:25:00,WULF,S,310,7.7600,0
2025-08-14,08:43:00,AMCR,S,282,8.8650,0
2025-08-14,11:26:00,AMCR,B,141,8.5104,0
2025-08-14,11:26:00,AMCR,B,141,8.5886,0
2025-08-14,09:24:00,INTC,B,112,22.1900,0
2025-08-14,14:41:00,INTC,S,56,23.0776,0
2025-08-14,14:41:00,INTC,S,56,23.9681,0
2025-08-15,09:02:00,PGEN,B,615,2.8450,0
2025-08-15,09:24:00,PGEN,S,307,2.9588,0
2025-08-15,09:24:00,PGEN,S,308,2.9200,0
2025-08-15,08:44:00,NU,B,181,13.8500,0
2025-08-15,09:29:00,NU,S,181,13.3450,0
2025-08-15,09:51:00,PGEN,B,788,3.1700,0
2025-08-15,09:54:00,PGEN,S,394,3.2968,0
2025-08-15,09:54:00,PGEN,S,394,3.2513,0
2025-08-15,08:40:00,SOXS,B,368,6.7900,0
2025-08-15,15:00:00,SOXS,S,368,6.9200,0
2025-08-15,08:43:00,NIO,B,531,4.7050,0
2025-08-15,15:00:00,NIO,S,531,4.8050,0
2025-08-18,08:42:00,OPEN,B,540,3.7000,0
2025-08-18,09:06:00,OPEN,S,270,3.8480,0
2025-08-18,09:06:00,OPEN,S,270,3.8630,0
2025-08-19,08:41:00,GXAI,B,615,1.9200,0
2025-08-19,08:42:00,GXAI,S,307,1.9968,0
2025-08-19,08:42:00,GXAI,S,308,2.0308,0
2025-08-19,09:18:00,GXAI,B,555,2.0500,0
2025-08-19,09:19:00,GXAI,S,277,2.1320,0
2025-08-19,09:19:00,GXAI,S,278,2.0891,0
2025-08-19,08:46:00,PRFX,S,250,2.5700,0
2025-08-19,09:27:00,PRFX,B,125,2.4672,0
2025-08-19,09:27:00,PRFX,B,125,2.4657,0
2025-08-19,08:42:00,ETHA,S,76,32.4700,0
2025-08-19,14:21:00,ETHA,B,38,31.1712,0
2025-08-19,14:21:00,ETHA,B,38,31.4147,0
2025-08-19,08:41:00,WULF,S,277,8.9800,0
2025-08-19,15:00:00,WULF,B,277,8.7750,0
2025-08-19,08:42:00,INTC,B,97,25.7650,0
2025-08-19,15:00:00,INTC,S,97,25.3400,0
2025-08-19,08:45:00,AUR,S,417,5.9500,0
2025-08-19,15:00:00,AUR,B,417,5.9900,0
2025-08-20,08:48:00,OPEN,S,689,3.3300,0
2025-08-20,08:54:00,OPEN,B,344,3.1968,0
2025-08-20,08:54:00,OPEN,B,345,3.2255,0
2025-08-20,08:43:00,CNTN,B,1111,1.5300,0
2025-08-20,08:55:00,CNTN,S,555,1.5912,0
2025-08-20,08:55:00,CNTN,S,556,1.6547,0
2025-08-20,09:11:00,CNTN,B,833,1.9600,0
2025-08-20,09:11:00,CNTN,S,416,2.0384,0
2025-08-20,09:11:00,CNTN,S,417,1.9600,0
2025-08-20,08:47:00,ETHA,S,79,31.4350,0
2025-08-20,09:39:00,ETHA,B,79,31.8900,0
2025-08-20,10:16:00,ETHA,B,77,32.3600,0
2025-08-20,10:53:00,ETHA,S,77,32.2500,0
2025-08-20,08:41:00,INTC,S,105,23.7950,0
2025-08-20,15:00:00,INTC,B,105,23.5300,0
2025-08-20,08:49:00,JHX,S,102,18.4100,0
2025-08-20,15:00:00,JHX,B,102,18.6500,0
2025-08-21,08:43:00,APM,S,645,2.4650,0
2025-08-21,08:54:00,APM,B,645,2.9500,0
2025-08-21,09:05:00,OPEN,B,756,3.3050,0
2025-08-21,09:43:00,OPEN,S,378,3.4372,0
2025-08-21,09:43:00,OPEN,S,378,3.4070,0
2025-08-21,10:02:00,OPEN,B,694,3.6000,0
2025-08-21,10:09:00,OPEN,S,694,3.5500,0
2025-08-21,08:42:00,NIO,B,466,5.3900,0
2025-08-21,11:00:00,NIO,S,233,5.6056,0
2025-08-21,11:00:00,NIO,S,233,5.6211,0
2025-08-22,08:44:00,OPEN,B,696,3.6200,0
2025-08-22,08:49:00,OPEN,S,348,3.7648,0
2025-08-22,08:49:00,OPEN,S,348,3.7338,0
2025-08-22,08:41:00,SOXS,S,342,7.2700,0
2025-08-22,09:00:00,SOXS,B,171,6.9792,0
2025-08-22,09:00:00,SOXS,B,171,7.0227,0
2025-08-22,08:41:00,TSLL,B,215,11.6700,0
2025-08-22,09:01:00,TSLL,S,107,12.1368,0
2025-08-22,09:01:00,TSLL,S,108,12.1433,0
2025-08-22,08:43:00,SOFI,B,107,23.3150,0
2025-08-22,09:17:00,SOFI,S,53,24.2476,0
2025-08-22,09:17:00,SOFI,S,54,24.3869,0
2025-08-22,08:41:00,ETHA,B,77,32.3500,0
2025-08-22,09:17:00,ETHA,S,38,33.6440,0
2025-08-22,09:17:00,ETHA,S,39,34.9065,0
2025-08-22,08:42:00,NIO,B,418,5.9750,0
2025-08-22,09:20:00,NIO,S,209,6.2140,0
2025-08-22,09:20:00,NIO,S,209,6.1952,0
2025-08-22,09:14:00,SOXS,S,373,6.7000,0
2025-08-22,09:21:00,SOXS,B,373,6.7700,0
2025-08-22,08:54:00,EEIQ,B,833,1.6400,0
2025-08-22,09:30:00,EEIQ,S,833,1.3500,0
2025-08-22,09:42:00,OPEN,B,556,4.4900,0
2025-08-22,09:45:00,OPEN,S,556,4.4200,0
2025-08-22,08:41:00,INTC,B,103,24.1050,0
2025-08-22,14:10:00,INTC,S,51,25.0692,0
2025-08-22,14:10:00,INTC,S,52,24.9889,0
2025-08-22,09:08:00,TSLL,B,202,12.3700,0
2025-08-22,15:00:00,TSLL,S,202,12.7900,0
2025-08-22,09:44:00,SOFI,B,101,24.6200,0
2025-08-22,15:00:00,SOFI,S,101,24.9950,0
2025-08-25,08:41:00,IBIT,S,39,63.0500,0
2025-08-25,09:05:00,IBIT,B,39,63.4550,0
2025-08-25,08:46:00,ETHA,S,71,34.8550,0
2025-08-25,09:07:00,ETHA,B,71,35.2600,0
2025-08-25,08:41:00,TLRY,B,1879,1.3300,0
2025-08-25,09:14:00,TLRY,S,939,1.3832,0
2025-08-25,09:14:00,TLRY,S,940,1.3817,0
2025-08-25,09:07:00,CAPS,S,625,1.7100,0
2025-08-25,09:18:00,CAPS,B,312,1.6416,0
2025-08-25,09:18:00,CAPS,B,313,1.6955,0
2025-08-25,08:41:00,OPEN,B,474,5.2700,0
2025-08-25,09:42:00,OPEN,S,237,5.4808,0
2025-08-25,09:42:00,OPEN,S,237,5.4373,0
2025-08-25,08:45:00,CSX,S,72,34.4000,0
2025-08-25,12:09:00,CSX,B,36,33.0240,0
2025-08-25,12:09:00,CSX,B,36,32.7140,0
2025-08-25,09:25:00,KDP,B,76,32.5300,0
2025-08-25,12:16:00,KDP,S,76,32.0100,0
2025-08-25,13:01:00,KDP,S,78,31.6950,0
2025-08-25,13:05:00,KDP,B,78,31.7450,0
2025-08-25,14:13:00,ETHA,S,72,34.5300,0
2025-08-25,15:00:00,ETHA,B,72,33.4600,0
2025-08-26,08:41:00,IVVD,S,1962,0.8587,0
2025-08-26,08:52:00,IVVD,B,981,0.8244,0
2025-08-26,08:52:00,IVVD,B,981,0.8258,0
2025-08-26,08:42:00,ALLR,B,645,2.2500,0
2025-08-26,09:01:00,ALLR,S,645,1.9200,0
2025-08-26,08:47:00,KDP,S,81,30.5000,0
2025-08-26,12:24:00,KDP,B,40,29.2800,0
2025-08-26,12:24:00,KDP,B,41,29.5400,0
2025-08-26,13:25:00,KDP,S,85,29.0700,0
2025-08-26,13:57:00,KDP,B,85,29.2200,0
2025-08-26,08:41:00,NIO,B,372,6.7400,0
2025-08-26,15:00:00,NIO,S,372,6.7000,0
2025-08-26,08:58:00,DNN,B,1154,2.1900,0
2025-08-26,15:00:00,DNN,S,1154,2.2100,0
2025-08-27,08:44:00,SDEV,S,1000,1.7000,0
2025-08-27,09:00:00,SDEV,B,500,1.6320,0
2025-08-27,09:00:00,SDEV,B,500,1.6470,0
2025-08-27,08:44:00,AZTR,S,1025,1.1350,0
2025-08-27,09:19:00,AZTR,B,512,1.0896,0
2025-08-27,09:19:00,AZTR,B,513,1.0814,0
2025-08-27,09:14:00,NIO,B,379,6.6150,0
2025-08-27,09:32:00,NIO,S,379,6.4500,0
2025-08-27,08:46:00,OPEN,S,539,4.6000,0
2025-08-27,09:41:00,OPEN,B,269,4.4160,0
2025-08-27,09:41:00,OPEN,B,270,4.4887,0
2025-08-27,10:13:00,NIO,S,387,6.4500,0
2025-08-27,15:00:00,NIO,B,387,6.3400,0
2025-08-27,14:26:00,OPEN,S,621,4.0200,0
2025-08-27,15:00:00,OPEN,B,621,4.0200,0
2025-08-28,08:47:00,OPEN,S,606,4.0950,0
2025-08-28,09:09:00,OPEN,B,606,4.3700,0
2025-08-28,08:55:00,CWD,S,392,2.8200,0
2025-08-28,09:30:00,CWD,B,196,2.7072,0
2025-08-28,09:30:00,CWD,B,196,2.7921,0
2025-08-29,08:45:00,TSLL,S,190,13.1300,0
2025-08-29,09:29:00,TSLL,B,95,12.6048,0
2025-08-29,09:29:00,TSLL,B,95,12.6963,0
2025-08-29,09:00:00,MRVL,B,38,64.9600,0
2025-08-29,12:33:00,MRVL,S,38,63.3200,0
2025-08-29,13:25:00,MRVL,S,39,62.9650,0
2025-08-29,13:30:00,MRVL,B,39,63.0550,0
2025-08-29,08:45:00,SOXS,B,359,6.9600,0
2025-08-29,15:00:00,SOXS,S,359,7.1500,0
2025-09-02,08:48:00,GPRE,S,232,10.7700,0
2025-09-02,09:00:00,GPRE,B,232,11.0200,0
2025-09-02,08:52:00,IFRX,B,1436,1.7800,0
2025-09-02,09:32:00,IFRX,S,1436,1.6500,0
2025-09-02,08:49:00,FRMM,B,853,2.9300,0
2025-09-02,09:47:00,FRMM,S,853,2.7900,0
2025-09-02,09:28:00,NN,B,138,18.0750,0
2025-09-02,09:48:00,NN,S,138,17.8400,0
2025-09-02,09:02:00,EVTL,B,501,5.0200,0
2025-09-02,10:30:00,EVTL,S,501,4.8000,0
2025-09-02,08:46:00,CRML,B,416,6.0400,0
2025-09-02,10:52:00,CRML,S,416,5.6500,0
2025-09-02,10:02:00,BZAI,B,712,3.5100,0
2025-09-02,11:45:00,BZAI,S,712,3.4100,0
2025-09-02,08:52:00,ACHV,B,853,2.9500,0
2025-09-02,12:18:00,ACHV,S,853,2.8800,0
2025-09-02,08:55:00,VOR,B,1207,2.0700,0
2025-09-02,15:00:00,VOR,S,1207,2.0300,0
2025-09-02,08:57:00,IMAX,B,85,29.3650,0
2025-09-02,15:00:00,IMAX,S,85,29.2950,0
2025-09-02,09:58:00,GRPN,S,97,25.6450,0
2025-09-02,15:00:00,GRPN,B,97,25.8500,0
2025-09-02,10:01:00,CAR,B,15,159.3500,0
2025-09-02,15:00:00,CAR,S,15,161.0750,0
2025-09-02,10:06:00,RPAY,S,430,5.7950,0
2025-09-02,15:00:00,RPAY,B,430,5.6600,0
2025-09-02,10:18:00,ELDN,S,968,2.5700,0
2025-09-02,15:00:00,ELDN,B,968,2.5500,0
2025-09-02,14:51:00,PARR,B,71,35.2500,0
2025-09-02,15:00:00,PARR,S,71,35.3600,0
2025-09-03,08:41:00,GOOGL,B,10,228.0100,0
2025-09-03,15:00:00,GOOGL,S,10,230.6450,0
2025-09-04,08:41:00,OPEN,S,490,5.1000,0
2025-09-04,08:53:00,OPEN,B,490,5.2800,0
2025-09-04,09:00:00,OPEN,B,458,5.4500,0
2025-09-04,09:02:00,OPEN,S,229,5.6680,0
2025-09-04,09:02:00,OPEN,S,229,5.5709,0
2025-09-04,08:41:00,RIVN,S,176,14.1050,0
2025-09-04,11:19:00,RIVN,B,88,13.5408,0
2025-09-04,11:19:00,RIVN,B,88,13.5211,0
2025-09-04,08:44:00,AEO,S,144,17.2700,0
2025-09-04,11:25:00,AEO,B,144,18.3000,0
2025-09-04,13:57:00,AEO,B,134,18.5450,0
2025-09-04,14:01:00,AEO,S,134,18.4450,0
2025-09-05,08:45:00,PRSO,S,769,1.3350,0
2025-09-05,09:01:00,PRSO,B,384,1.2816,0
2025-09-05,09:01:00,PRSO,B,385,1.3350,0
2025-09-05,08:44:00,TSLL,B,183,13.7500,0
2025-09-05,09:17:00,TSLL,S,183,13.2750,0
2025-09-05,08:45:00,KVUE,B,121,20.6200,0
2025-09-05,09:24:00,KVUE,S,121,20.4300,0
2025-09-05,09:16:00,OPEN,S,396,6.2400,0
2025-09-05,09:49:00,OPEN,B,198,5.9904,0
2025-09-05,09:49:00,OPEN,B,198,6.0061,0
2025-09-05,08:42:00,EQX,B,271,9.2350,0
2025-09-05,10:50:00,EQX,S,135,9.6044,0
2025-09-05,10:50:00,EQX,S,136,9.6426,0
2025-09-05,13:07:00,KVUE,S,137,18.1200,0
2025-09-05,13:10:00,KVUE,B,137,18.3500,0
2025-09-05,13:13:00,OPEN,B,365,6.8350,0
2025-09-05,13:19:00,OPEN,S,365,6.7700,0
2025-09-05,09:01:00,AMD,S,16,152.9550,0
2025-09-05,15:00:00,AMD,B,16,151.1300,0
2025-09-05,09:21:00,TSLZ,B,2024,1.2400,0
2025-09-05,15:00:00,TSLZ,S,2024,1.2100,0
2025-09-08,08:47:00,NFE,S,1488,1.6600,0
2025-09-08,08:52:00,NFE,B,744,1.5936,0
2025-09-08,08:52:00,NFE,B,744,1.5863,0
2025-09-08,08:47:00,OPEN,B,344,7.3000,0
2025-09-08,09:25:00,OPEN,S,344,6.8650,0
2025-09-08,08:46:00,SOUN,S,176,14.1900,0
2025-09-08,10:25:00,SOUN,B,176,14.6150,0
2025-09-08,08:42:00,HL,B,254,9.8250,0
2025-09-08,11:17:00,HL,S,127,10.2180,0
2025-09-08,11:17:00,HL,S,127,10.1817,0
2025-09-08,13:12:00,SOUN,B,163,15.2900,0
2025-09-08,13:20:00,SOUN,S,163,15.1700,0
2025-09-08,08:42:00,CPNG,B,81,30.6150,0
2025-09-08,15:00:00,CPNG,S,81,31.4900,0
2025-09-08,08:45:00,HOOD,B,22,113.4900,0
2025-09-08,15:00:00,HOOD,S,22,117.2600,0
2025-09-09,08:41:00,WULF,S,270,9.2350,0
2025-09-09,09:00:00,WULF,B,270,9.5950,0
2025-09-09,08:41:00,CIFR,S,314,7.9400,0
2025-09-09,09:00:00,CIFR,B,314,8.2600,0
2025-09-09,09:15:00,WULF,B,257,9.7000,0
2025-09-09,09:24:00,WULF,S,257,9.6000,0
2025-09-09,09:11:00,CIFR,B,297,8.4100,0
2025-09-09,09:32:00,CIFR,S,297,8.2500,0
2025-09-09,08:45:00,ONDS,B,454,5.5400,0
2025-09-09,10:34:00,ONDS,S,454,5.2500,0
2025-09-09,08:42:00,KEEL,B,1824,1.3950,0
2025-09-09,11:17:00,KEEL,S,912,1.4508,0
2025-09-09,11:17:00,KEEL,S,912,1.4411,0
2025-09-09,08:41:00,TECK,S,61,40.4000,0
2025-09-09,14:57:00,TECK,B,30,38.7840,0
2025-09-09,14:57:00,TECK,B,31,38.9690,0
2025-09-10,09:36:00,SOXS,S,387,6.4500,0
2025-09-10,09:52:00,SOXS,B,387,6.4850,0
2025-09-10,08:41:00,ORCL,B,7,331.5600,0
2025-09-10,10:31:00,ORCL,S,3,344.8224,0
2025-09-10,10:31:00,ORCL,S,4,342.3944,0
2025-09-10,08:46:00,CORZ,B,161,15.4950,0
2025-09-10,12:31:00,CORZ,S,80,16.1148,0
2025-09-10,12:31:00,CORZ,S,81,15.9750,0
2025-09-10,10:12:00,SOXS,S,387,6.4300,0
2025-09-10,13:19:00,SOXS,B,387,6.5800,0
2025-09-11,08:43:00,TSLL,S,187,13.2700,0
2025-09-11,08:53:00,TSLL,B,187,13.5300,0
2025-09-11,08:42:00,OPEN,B,277,8.1900,0
2025-09-11,08:55:00,OPEN,S,138,8.5176,0
2025-09-11,08:55:00,OPEN,S,139,8.5481,0
2025-09-11,08:47:00,KEEL,B,1269,1.9800,0
2025-09-11,09:39:00,KEEL,S,634,2.0592,0
2025-09-11,09:39:00,KEEL,S,635,2.0741,0
2025-09-11,09:45:00,OPEN,B,265,9.4250,0
2025-09-11,09:49:00,OPEN,S,265,9.2000,0
2025-09-11,09:21:00,TSLL,B,180,13.8500,0
2025-09-11,10:30:00,TSLL,S,90,14.4040,0
2025-09-11,10:30:00,TSLL,S,90,14.2915,0
2025-09-11,08:43:00,AG,B,260,9.6050,0
2025-09-11,12:21:00,AG,S,130,9.9892,0
2025-09-11,12:21:00,AG,S,130,10.2439,0
2025-09-11,08:41:00,WBD,B,189,13.1950,0
2025-09-11,12:31:00,WBD,S,94,13.7228,0
2025-09-11,12:31:00,WBD,S,95,14.0480,0
2025-09-11,08:44:00,NIO,B,423,5.9050,0
2025-09-11,15:00:00,NIO,S,423,6.0650,0
2025-09-11,09:15:00,TSLZ,S,2092,1.1900,0
2025-09-11,15:00:00,TSLZ,B,1046,1.1424,0
2025-09-11,15:00:00,TSLZ,B,1046,1.1050,0
2025-09-12,08:41:00,RGTI,B,145,17.1900,0
2025-09-12,08:46:00,RGTI,S,72,17.8776,0
2025-09-12,08:46:00,RGTI,S,73,17.8681,0
2025-09-12,08:41:00,TSLL,B,160,15.5800,0
2025-09-12,08:58:00,TSLL,S,80,16.2032,0
2025-09-12,08:58:00,TSLL,S,80,16.1442,0
2025-09-12,08:41:00,OPEN,B,245,10.3500,0
2025-09-12,09:41:00,OPEN,S,245,9.6100,0
2025-09-12,08:42:00,WBD,B,140,17.7900,0
2025-09-12,09:58:00,WBD,S,70,18.5016,0
2025-09-12,09:58:00,WBD,S,70,18.4121,0
2025-09-12,09:06:00,RGTI,B,129,19.3700,0
2025-09-12,10:17:00,RGTI,S,129,18.6600,0
2025-09-12,08:44:00,GRAB,B,446,5.6050,0
2025-09-12,10:22:00,GRAB,S,223,5.8292,0
2025-09-12,10:22:00,GRAB,S,223,5.9189,0
2025-09-12,10:15:00,WBD,B,134,18.5900,0
2025-09-12,11:05:00,WBD,S,134,18.1850,0
2025-09-12,08:55:00,KEEL,S,1199,2.0850,0
2025-09-12,11:18:00,KEEL,B,1199,2.1600,0
2025-09-12,14:48:00,KEEL,B,1128,2.2150,0
2025-09-12,14:52:00,KEEL,S,1128,2.2000,0
2025-09-12,08:55:00,ETHA,B,72,34.3000,0
2025-09-12,15:00:00,ETHA,S,72,35.3600,0
2025-09-12,09:25:00,TSLL,B,152,16.4200,0
2025-09-12,15:00:00,TSLL,S,152,17.0000,0
2025-09-15,08:43:00,ATYR,S,1081,1.1500,0
2025-09-15,08:45:00,ATYR,B,540,1.1040,0
2025-09-15,08:45:00,ATYR,B,541,1.1115,0
2025-09-15,08:52:00,ATYR,S,2304,1.0850,0
2025-09-15,09:08:00,ATYR,B,1152,1.0416,0
2025-09-15,09:08:00,ATYR,B,1152,1.0418,0
2025-09-15,08:42:00,KEEL,S,996,2.5050,0
2025-09-15,11:42:00,KEEL,B,498,2.4048,0
2025-09-15,11:42:00,KEEL,B,498,2.3850,0
2025-09-15,10:04:00,DNN,B,1046,2.3950,0
2025-09-15,13:00:00,DNN,S,523,2.4908,0
2025-09-15,13:00:00,DNN,S,523,2.4710,0
2025-09-15,08:44:00,TSLL,S,132,18.8700,0
2025-09-15,13:41:00,TSLL,B,66,18.1152,0
2025-09-15,13:41:00,TSLL,B,66,17.7687,0
2025-09-15,10:01:00,OPEN,S,207,9.5050,0
2025-09-15,15:00:00,OPEN,B,207,9.5000,0
2025-09-15,13:29:00,DNN,B,980,2.5500,0
2025-09-15,15:00:00,DNN,S,980,2.5650,0
2025-09-16,08:43:00,NIO,S,384,6.5000,0
2025-09-16,09:01:00,NIO,B,384,6.6400,0
2025-09-16,08:41:00,KEEL,S,1059,2.3400,0
2025-09-16,09:21:00,KEEL,B,1059,2.5100,0
2025-09-16,08:52:00,RIVN,B,178,14.0350,0
2025-09-16,09:32:00,RIVN,S,178,13.7600,0
2025-09-16,09:13:00,MARA,S,154,16.1900,0
2025-09-16,09:37:00,MARA,B,154,16.5150,0
2025-09-16,09:10:00,WOLF,B,526,3.4800,0
2025-09-16,10:55:00,WOLF,S,526,3.0900,0
2025-09-16,09:58:00,BBAI,B,443,5.6350,0
2025-09-16,11:33:00,BBAI,S,221,5.8604,0
2025-09-16,11:33:00,BBAI,S,222,5.8336,0
2025-09-16,09:16:00,NIO,B,376,6.6400,0
2025-09-16,12:28:00,NIO,S,188,6.9056,0
2025-09-16,12:28:00,NIO,S,188,6.9236,0
2025-09-16,13:46:00,RIVN,B,171,14.6100,0
2025-09-16,13:53:00,RIVN,S,171,14.5700,0
2025-09-16,08:41:00,WBD,S,137,18.1150,0
2025-09-16,15:00:00,WBD,B,137,18.2400,0
2025-09-16,08:41:00,OPEN,S,266,9.0050,0
2025-09-16,15:00:00,OPEN,B,266,8.9100,0
2025-09-17,08:47:00,QBTS,B,129,19.4300,0
2025-09-17,09:02:00,QBTS,S,64,20.2072,0
2025-09-17,09:02:00,QBTS,S,65,20.6814,0
2025-09-17,08:45:00,OPEN,B,262,9.5400,0
2025-09-17,09:08:00,OPEN,S,131,9.9216,0
2025-09-17,09:08:00,OPEN,S,131,9.8438,0
2025-09-17,08:43:00,KEEL,B,868,2.8900,0
2025-09-17,09:30:00,KEEL,S,868,2.7750,0
2025-09-17,08:44:00,PLUG,B,1428,1.7700,0
2025-09-17,10:35:00,PLUG,S,714,1.8408,0
2025-09-17,10:35:00,PLUG,S,714,1.8673,0
2025-09-17,13:41:00,QBTS,B,114,21.8200,0
2025-09-17,13:46:00,QBTS,S,114,21.3900,0
2025-09-17,08:41:00,LYFT,S,113,21.9500,0
2025-09-17,15:00:00,LYFT,B,113,22.8700,0
2025-09-17,08:51:00,NIO,B,344,7.2650,0
2025-09-17,15:00:00,NIO,S,344,7.4400,0
2025-09-18,08:41:00,SOXS,B,442,5.6700,0
2025-09-18,08:49:00,SOXS,S,442,5.6000,0
2025-09-18,08:41:00,SOXL,S,76,32.5700,0
2025-09-18,08:50:00,SOXL,B,76,32.8900,0
2025-09-18,08:45:00,MARA,S,142,17.5050,0
2025-09-18,09:06:00,MARA,B,142,17.8600,0
2025-09-18,08:58:00,RGTI,B,106,23.7200,0
2025-09-18,09:12:00,RGTI,S,53,24.6688,0
2025-09-18,09:12:00,RGTI,S,53,24.5695,0
2025-09-18,09:22:00,SOXS,S,459,5.4400,0
2025-09-18,09:58:00,SOXS,B,459,5.4800,0
2025-09-18,08:42:00,INTC,S,81,30.6000,0
2025-09-18,10:19:00,INTC,B,81,31.7900,0
2025-09-18,10:39:00,INTC,B,77,32.0800,0
2025-09-18,11:56:00,INTC,S,77,31.7900,0
2025-09-18,09:18:00,MARA,B,139,17.9750,0
2025-09-18,12:03:00,MARA,S,69,18.6940,0
2025-09-18,12:03:00,MARA,S,70,18.8553,0
2025-09-18,09:01:00,QBTS,B,106,23.4750,0
2025-09-18,12:29:00,QBTS,S,53,24.4140,0
2025-09-18,12:29:00,QBTS,S,53,24.2052,0
2025-09-18,13:30:00,QBTS,B,101,24.6900,0
2025-09-18,13:42:00,QBTS,S,101,24.5600,0
2025-09-18,08:43:00,SNAP,B,298,8.3650,0
2025-09-18,15:00:00,SNAP,S,298,8.4450,0
2025-09-18,09:00:00,SOXL,B,75,33.1200,0
2025-09-18,15:00:00,SOXL,S,75,33.6100,0
2025-09-19,08:43:00,QBTS,B,101,24.6500,0
2025-09-19,10:00:00,QBTS,S,50,25.6360,0
2025-09-19,10:00:00,QBTS,S,51,25.4135,0
2025-09-19,08:47:00,ACHR,B,265,9.4600,0
2025-09-19,11:40:00,ACHR,S,132,9.8384,0
2025-09-19,11:40:00,ACHR,S,133,9.8054,0
2025-09-19,08:42:00,BBAI,B,390,6.4600,0
2025-09-19,11:50:00,BBAI,S,195,6.7184,0
2025-09-19,11:50:00,BBAI,S,195,6.7654,0
2025-09-19,08:41:00,B,B,79,31.6000,0
2025-09-19,15:00:00,B,S,39,32.8640,0
2025-09-19,15:00:00,B,S,40,33.0100,0
2025-09-19,09:03:00,DNN,B,956,2.6300,0
2025-09-19,15:00:00,DNN,S,956,2.7000,0
2025-09-22,08:41:00,PLUG,S,1184,2.1000,0
2025-09-22,08:51:00,PLUG,B,1184,2.1850,0
2025-09-22,09:06:00,PLUG,B,1079,2.3150,0
2025-09-22,09:11:00,PLUG,S,539,2.4076,0
2025-09-22,09:11:00,PLUG,S,540,2.4043,0
2025-09-22,08:42:00,IAG,S,220,11.3600,0
2025-09-22,10:27:00,IAG,B,220,11.6200,0
2025-09-22,08:42:00,NIO,S,344,7.2350,0
2025-09-22,11:50:00,NIO,B,172,6.9456,0
2025-09-22,11:50:00,NIO,B,172,6.9623,0
2025-09-22,09:18:00,COMP,S,293,8.5000,0
2025-09-22,11:54:00,COMP,B,146,8.1600,0
2025-09-22,11:54:00,COMP,B,147,7.9700,0
2025-09-22,13:11:00,NIO,S,364,6.8500,0
2025-09-22,13:18:00,NIO,B,364,6.8700,0
2025-09-22,08:57:00,OPEN,B,269,9.3250,0
2025-09-22,14:22:00,OPEN,S,269,8.7100,0
2025-09-22,08:42:00,KVUE,S,142,17.5600,0
2025-09-22,15:00:00,KVUE,B,142,16.9650,0
2025-09-22,09:45:00,B,S,73,34.0550,0
2025-09-22,15:00:00,B,B,73,35.3800,0
2025-09-23,08:42:00,BBAI,S,342,7.2200,0
2025-09-23,08:51:00,BBAI,B,342,7.6000,0
2025-09-23,08:42:00,ONDS,S,341,7.2800,0
2025-09-23,08:57:00,ONDS,B,341,7.5950,0
2025-09-23,08:42:00,KEEL,S,841,2.9600,0
2025-09-23,09:33:00,KEEL,B,420,2.8416,0
2025-09-23,09:33:00,KEEL,B,421,2.8296,0
2025-09-23,08:42:00,RGTI,S,85,29.0400,0
2025-09-23,10:13:00,RGTI,B,85,31.3200,0
2025-09-23,09:17:00,BBAI,B,309,8.0800,0
2025-09-23,12:16:00,BBAI,S,154,8.4032,0
2025-09-23,12:16:00,BBAI,S,155,8.3814,0
2025-09-23,08:48:00,OPEN,S,329,7.5600,0
2025-09-23,14:37:00,OPEN,B,164,7.2576,0
2025-09-23,14:37:00,OPEN,B,165,7.0680,0
2025-09-24,08:59:00,OPEN,B,324,7.7150,0
2025-09-24,09:10:00,OPEN,S,162,8.0236,0
2025-09-24,09:10:00,OPEN,S,162,7.9264,0
2025-09-24,08:54:00,LAC,B,412,5.8650,0
2025-09-24,09:42:00,LAC,S,206,6.0996,0
2025-09-24,09:42:00,LAC,S,206,6.0543,0
2025-09-24,08:47:00,FCX,S,61,40.8350,0
2025-09-24,12:26:00,FCX,B,30,39.2016,0
2025-09-24,12:26:00,FCX,B,31,38.8334,0
2025-09-24,13:11:00,FCX,S,66,37.8150,0
2025-09-24,13:16:00,FCX,B,66,37.9900,0
2025-09-24,14:27:00,OPEN,B,296,8.4450,0
2025-09-24,14:32:00,OPEN,S,296,8.3700,0
2025-09-24,08:41:00,INTC,B,82,30.1700,0
2025-09-24,14:48:00,INTC,S,41,31.3768,0
2025-09-24,14:48:00,INTC,S,41,31.3633,0
2025-09-25,08:42:00,LAC,S,371,6.6600,0
2025-09-25,08:45:00,LAC,B,185,6.3936,0
2025-09-25,08:45:00,LAC,B,186,6.4416,0
2025-09-25,08:42:00,OPEN,S,316,7.9000,0
2025-09-25,08:49:00,OPEN,B,316,8.3700,0
2025-09-25,08:44:00,INTC,S,79,31.3450,0
2025-09-25,09:01:00,INTC,B,79,32.2000,0
2025-09-25,08:41:00,ETHA,S,83,29.9300,0
2025-09-25,09:14:00,ETHA,B,83,30.2700,0
2025-09-25,08:48:00,NAKA,B,2100,1.1900,0
2025-09-25,09:16:00,NAKA,S,1050,1.2376,0
2025-09-25,09:16:00,NAKA,S,1050,1.2381,0
2025-09-25,08:48:00,RIG,S,814,3.0650,0
2025-09-25,09:23:00,RIG,B,814,3.1700,0
2025-09-25,09:26:00,OPEN,B,285,8.7600,0
2025-09-25,09:31:00,OPEN,S,285,8.6400,0
2025-09-25,09:07:00,CIFR,S,169,12.3900,0
2025-09-25,13:06:00,CIFR,B,84,11.8944,0
2025-09-25,13:06:00,CIFR,B,85,11.6057,0
2025-09-25,13:04:00,ETHA,S,86,28.9000,0
2025-09-25,13:06:00,ETHA,B,86,29.0200,0
2025-09-25,13:56:00,INTC,B,73,33.9650,0
2025-09-25,13:57:00,INTC,S,73,33.8600,0
2025-09-25,08:43:00,FCX,S,68,36.2000,0
2025-09-25,15:00:00,FCX,B,68,35.2600,0
2025-09-26,08:42:00,WOLF,S,1333,1.4950,0
2025-09-26,09:21:00,WOLF,B,666,1.4352,0
2025-09-26,09:21:00,WOLF,B,667,1.4349,0
2025-09-26,10:08:00,DVLT,B,1052,1.3400,0
2025-09-26,11:29:00,DVLT,S,1052,1.1450,0
2025-09-26,08:45:00,NIO,S,345,7.2150,0
2025-09-26,15:00:00,NIO,B,345,7.0200,0
2025-09-29,08:41:00,DVLT,S,1968,1.2700,0
2025-09-29,08:44:00,DVLT,B,984,1.2192,0
2025-09-29,08:44:00,DVLT,B,984,1.2227,0
2025-09-29,08:41:00,TLRY,B,1142,1.5300,0
2025-09-29,08:51:00,TLRY,S,571,1.5912,0
2025-09-29,08:51:00,TLRY,S,571,1.5847,0
2025-09-29,08:45:00,CSX,S,71,34.9000,0
2025-09-29,09:00:00,CSX,B,71,35.3600,0
2025-09-29,08:46:00,MARA,B,150,16.6700,0
2025-09-29,09:45:00,MARA,S,75,17.3368,0
2025-09-29,09:45:00,MARA,S,75,17.3633,0
2025-09-29,09:51:00,MARA,B,142,17.5300,0
2025-09-29,10:00:00,MARA,S,142,17.3450,0
2025-09-29,08:52:00,CGC,B,1587,1.5750,0
2025-09-29,11:03:00,CGC,S,1587,1.5000,0
2025-09-29,13:51:00,CSX,B,70,35.5400,0
2025-09-29,13:53:00,CSX,S,70,35.5200,0
2025-09-29,13:37:00,TLRY,B,1445,1.7300,0
2025-09-29,14:55:00,TLRY,S,722,1.7992,0
2025-09-29,14:55:00,TLRY,S,723,1.8127,0
2025-09-29,08:42:00,OPEN,S,297,8.3850,0
2025-09-29,15:00:00,OPEN,B,297,8.1900,0
2025-09-30,08:41:00,DKNG,S,61,40.7000,0
2025-09-30,09:43:00,DKNG,B,30,39.0720,0
2025-09-30,09:43:00,DKNG,B,31,38.6820,0
2025-09-30,08:49:00,TLRY,S,1249,1.6300,0
2025-09-30,10:17:00,TLRY,B,1249,1.8100,0
2025-09-30,08:41:00,PFE,B,104,24.0200,0
2025-09-30,11:52:00,PFE,S,52,24.9808,0
2025-09-30,11:52:00,PFE,S,52,24.9448,0
2025-09-30,08:51:00,SNAP,S,303,8.2500,0
2025-09-30,12:34:00,SNAP,B,151,7.9200,0
2025-09-30,12:34:00,SNAP,B,152,7.7675,0
2025-09-30,09:25:00,PATH,S,176,14.1800,0
2025-09-30,13:13:00,PATH,B,88,13.6128,0
2025-09-30,13:13:00,PATH,B,88,13.5118,0
2025-09-30,08:41:00,NIO,B,325,7.7300,0
2025-09-30,15:00:00,NIO,S,325,7.6200,0
2025-09-30,10:23:00,DKNG,S,65,38.2750,0
2025-09-30,15:00:00,DKNG,B,65,37.3900,0
2025-10-01,08:44:00,PLUG,B,1010,2.5300,0
2025-10-01,08:47:00,PLUG,S,505,2.6312,0
2025-10-01,08:47:00,PLUG,S,505,2.6147,0
2025-10-01,08:58:00,PALI,B,844,1.2250,0
2025-10-01,08:58:00,PALI,S,422,1.2740,0
2025-10-01,08:58:00,PALI,S,422,1.3032,0
2025-10-01,09:08:00,PALI,B,1176,1.4050,0
2025-10-01,09:17:00,PALI,S,1176,1.2350,0
2025-10-01,08:58:00,BBAI,B,377,6.6250,0
2025-10-01,09:57:00,BBAI,S,188,6.8900,0
2025-10-01,09:57:00,BBAI,S,189,6.8287,0
2025-10-01,09:27:00,PLUG,B,929,2.6900,0
2025-10-01,11:13:00,PLUG,S,464,2.7976,0
2025-10-01,11:13:00,PLUG,S,465,2.8081,0
2025-10-01,09:14:00,INTC,B,73,34.1550,0
2025-10-01,13:00:00,INTC,S,36,35.5212,0
2025-10-01,13:00:00,INTC,S,37,35.2234,0
2025-10-01,08:52:00,PFE,B,95,26.1250,0
2025-10-01,13:03:00,PFE,S,47,27.1700,0
2025-10-01,13:03:00,PFE,S,48,27.1887,0
2025-10-01,08:41:00,NU,S,159,15.6850,0
2025-10-01,15:00:00,NU,B,159,15.2000,0
2025-10-01,08:41:00,LAC,S,296,6.7800,0
2025-10-01,15:00:00,LAC,B,296,7.0300,0
2025-10-01,08:43:00,NKE,S,34,72.5100,0
2025-10-01,15:00:00,NKE,B,34,74.2400,0
2025-10-01,08:45:00,SOXS,S,477,5.2250,0
2025-10-01,15:00:00,SOXS,B,238,5.0160,0
2025-10-01,15:00:00,SOXS,B,239,4.8900,0
2025-10-01,09:52:00,AES,B,162,15.3600,0
2025-10-01,15:00:00,AES,S,162,15.3600,0
2025-10-02,08:45:00,ONDS,B,314,7.9650,0
2025-10-02,08:46:00,ONDS,S,157,8.2836,0
2025-10-02,08:46:00,ONDS,S,157,8.2118,0
2025-10-02,08:48:00,TSHA,B,425,4.4550,0
2025-10-02,09:02:00,TSHA,S,212,4.6332,0
2025-10-02,09:02:00,TSHA,S,213,4.5166,0
2025-10-02,08:54:00,ONDS,B,299,8.3550,0
2025-10-02,09:03:00,ONDS,S,149,8.6892,0
2025-10-02,09:03:00,ONDS,S,150,8.5920,0
2025-10-02,08:41:00,RGTI,B,80,31.2000,0
2025-10-02,09:05:00,RGTI,S,40,32.4480,0
2025-10-02,09:05:00,RGTI,S,40,32.4430,0
2025-10-02,08:46:00,RKT,B,133,18.8200,0
2025-10-02,09:08:00,RKT,S,133,18.1400,0
2025-10-02,09:17:00,RGTI,B,74,33.6800,0
2025-10-02,09:25:00,RGTI,S,37,35.0272,0
2025-10-02,09:25:00,RGTI,S,37,34.6975,0
2025-10-02,09:15:00,RKT,S,138,18.0650,0
2025-10-02,10:05:00,RKT,B,138,18.1950,0
2025-10-02,08:42:00,TSLL,S,110,22.5850,0
2025-10-02,10:07:00,TSLL,B,55,21.6816,0
2025-10-02,10:07:00,TSLL,B,55,21.7559,0
2025-10-02,08:42:00,SOXS,B,535,4.7100,0
2025-10-02,11:19:00,SOXS,S,535,4.6000,0
2025-10-02,08:42:00,QUBT,B,127,19.6600,0
2025-10-02,12:54:00,QUBT,S,63,20.4464,0
2025-10-02,12:54:00,QUBT,S,64,20.2584,0
2025-10-02,13:36:00,TSLL,S,121,20.5400,0
2025-10-02,14:01:00,TSLL,B,121,20.7550,0
2025-10-02,08:42:00,RXRX,B,469,5.3450,0
2025-10-02,14:38:00,RXRX,S,234,5.5588,0
2025-10-02,14:38:00,RXRX,S,235,5.5516,0
2025-10-02,08:44:00,SNAP,B,319,7.8200,0
2025-10-02,15:00:00,SNAP,S,159,8.1328,0
2025-10-02,15:00:00,SNAP,S,160,8.2200,0
2025-10-03,08:41:00,QUBT,B,112,22.3000,0
2025-10-03,08:42:00,QUBT,S,56,23.1920,0
2025-10-03,08:42:00,QUBT,S,56,23.0470,0
2025-10-03,08:41:00,ACHR,B,236,10.5800,0
2025-10-03,08:49:00,ACHR,S,118,11.0032,0
2025-10-03,08:49:00,ACHR,S,118,10.9192,0
2025-10-03,08:46:00,LAC,B,243,7.7700,0
2025-10-03,08:58:00,LAC,S,121,8.0808,0
2025-10-03,08:58:00,LAC,S,122,8.2059,0
2025-10-03,08:42:00,PLTR,S,13,184.6700,0
2025-10-03,09:14:00,PLTR,B,6,177.2832,0
2025-10-03,09:14:00,PLTR,B,7,178.0967,0
2025-10-03,09:07:00,LAC,B,296,8.4250,0
2025-10-03,09:15:00,LAC,S,148,8.7620,0
2025-10-03,09:15:00,LAC,S,148,8.6845,0
2025-10-03,08:57:00,RGTI,S,69,36.0200,0
2025-10-03,09:18:00,RGTI,B,69,37.5550,0
2025-10-03,08:47:00,DFLI,S,784,1.4050,0
2025-10-03,09:31:00,DFLI,B,392,1.3488,0
2025-10-03,09:31:00,DFLI,B,392,1.4050,0
2025-10-03,08:57:00,RR,S,483,5.1500,0
2025-10-03,09:56:00,RR,B,483,5.4700,0
2025-10-03,09:00:00,PLUG,B,506,3.6100,0
2025-10-03,10:11:00,PLUG,S,253,3.7544,0
2025-10-03,10:11:00,PLUG,S,253,3.7382,0
2025-10-03,10:26:00,RGTI,B,63,39.4000,0
2025-10-03,10:27:00,RGTI,S,63,39.1500,0
2025-10-03,14:07:00,ACHR,B,217,11.5000,0
2025-10-03,15:00:00,ACHR,S,217,11.5700,0
2025-10-06,08:42:00,PLUG,S,540,4.1400,0
2025-10-06,08:47:00,PLUG,B,270,3.9744,0
2025-10-06,08:47:00,PLUG,B,270,4.0114,0
2025-10-06,08:46:00,SOXS,S,609,4.1000,0
2025-10-06,08:56:00,SOXS,B,609,4.1500,0
2025-10-06,08:47:00,QUBT,S,118,21.1100,0
2025-10-06,09:11:00,QUBT,B,118,21.7500,0
2025-10-06,08:51:00,NAKA,S,2232,1.1200,0
2025-10-06,09:16:00,NAKA,B,1116,1.0752,0
2025-10-06,09:16:00,NAKA,B,1116,1.0862,0
2025-10-06,08:43:00,MARA,S,128,19.5250,0
2025-10-06,09:31:00,MARA,B,128,19.9800,0
2025-10-06,08:47:00,ACHR,B,204,12.2700,0
2025-10-06,09:33:00,ACHR,S,102,12.7608,0
2025-10-06,09:33:00,ACHR,S,102,12.6768,0
2025-10-06,09:54:00,PATH,B,172,14.6100,0
2025-10-06,12:58:00,PATH,S,86,15.1944,0
2025-10-06,12:58:00,PATH,S,86,15.0739,0
2025-10-06,08:44:00,OPEN,S,302,8.2400,0
2025-10-06,13:42:00,OPEN,B,302,8.6850,0
2025-10-06,08:44:00,AMD,S,11,213.5700,0
2025-10-06,14:55:00,AMD,B,5,205.0272,0
2025-10-06,14:55:00,AMD,B,6,205.3057,0
2025-10-06,08:42:00,BBAI,B,328,7.6400,0
2025-10-06,15:00:00,BBAI,S,328,7.6950,0
2025-10-06,08:49:00,KEEL,B,736,3.3950,0
2025-10-06,15:00:00,KEEL,S,736,3.4550,0
2025-10-06,08:57:00,ETHD,S,850,2.9300,0
2025-10-06,15:00:00,ETHD,B,425,2.8128,0
2025-10-06,15:00:00,ETHD,B,425,2.8100,0
2025-10-06,08:59:00,VZ,S,58,42.6200,0
2025-10-06,15:00:00,VZ,B,58,41.4400,0
2025-10-06,13:35:00,LAC,S,263,8.6800,0
2025-10-06,15:00:00,LAC,B,263,8.4700,0
2025-10-06,14:10:00,ACHR,B,184,13.5700,0
2025-10-06,15:00:00,ACHR,S,184,13.6300,0
2025-10-07,08:43:00,TMQ,S,188,6.7750,0
2025-10-07,08:46:00,TMQ,B,94,6.5040,0
2025-10-07,08:46:00,TMQ,B,94,6.5377,0
2025-10-07,09:20:00,RGTI,B,55,45.0400,0
2025-10-07,09:50:00,RGTI,S,55,41.9400,0
2025-10-07,08:41:00,ACHR,S,197,12.6000,0
2025-10-07,09:55:00,ACHR,B,197,13.5800,0
2025-10-07,09:02:00,PLUG,S,519,3.9200,0
2025-10-07,10:07:00,PLUG,B,259,3.7632,0
2025-10-07,10:07:00,PLUG,B,260,3.7792,0
2025-10-07,08:51:00,SOXS,B,598,4.1800,0
2025-10-07,10:11:00,SOXS,S,299,4.3472,0
2025-10-07,10:11:00,SOXS,S,299,4.4232,0
2025-10-07,08:41:00,SOFI,B,90,27.7750,0
2025-10-07,10:36:00,SOFI,S,90,27.0550,0
2025-10-07,08:43:00,ETHA,S,70,35.5900,0
2025-10-07,11:35:00,ETHA,B,35,34.1664,0
2025-10-07,11:35:00,ETHA,B,35,34.0659,0
2025-10-07,08:59:00,HIVE,S,437,5.7000,0
2025-10-07,11:43:00,HIVE,B,437,6.0400,0
2025-10-07,08:43:00,F,S,206,12.1100,0
2025-10-07,15:00:00,F,B,206,11.9250,0
2025-10-07,08:47:00,TLRY,B,1492,1.6900,0
2025-10-07,15:00:00,TLRY,S,1492,1.7250,0
2025-10-08,08:49:00,KEEL,S,708,3.5200,0
2025-10-08,09:01:00,KEEL,B,708,3.6000,0
2025-10-08,08:46:00,RXRX,B,475,5.3150,0
2025-10-08,09:28:00,RXRX,S,237,5.5276,0
2025-10-08,09:28:00,RXRX,S,238,5.7469,0
2025-10-08,09:28:00,NXL,S,476,1.5400,0
2025-10-08,09:39:00,NXL,B,238,1.4784,0
2025-10-08,09:39:00,NXL,B,238,1.5300,0
2025-10-08,09:17:00,PLUG,B,663,3.7850,0
2025-10-08,10:06:00,PLUG,S,663,3.6200,0
2025-10-08,08:57:00,OPEN,S,274,9.1000,0
2025-10-08,10:22:00,OPEN,B,274,9.4350,0
2025-10-08,08:44:00,AMD,B,11,215.9550,0
2025-10-08,10:59:00,AMD,S,5,224.5932,0
2025-10-08,10:59:00,AMD,S,6,222.8305,0
2025-10-08,09:08:00,JOBY,S,149,16.6550,0
2025-10-08,11:12:00,JOBY,B,149,17.1000,0
2025-10-08,09:11:00,KEEL,B,684,3.6500,0
2025-10-08,12:26:00,KEEL,S,342,3.7960,0
2025-10-08,12:26:00,KEEL,S,342,3.9335,0
2025-10-08,08:41:00,SOXS,S,558,4.4800,0
2025-10-08,15:00:00,SOXS,B,279,4.3008,0
2025-10-08,15:00:00,SOXS,B,279,4.1000,0
2025-10-08,14:14:00,OPEN,S,292,8.5500,0
2025-10-08,15:00:00,OPEN,B,292,8.4800,0
2025-10-09,08:42:00,RGTI,B,55,45.0050,0
2025-10-09,08:51:00,RGTI,S,27,46.8052,0
2025-10-09,08:51:00,RGTI,S,28,46.5150,0
2025-10-09,08:57:00,TLRY,B,1000,2.1600,0
2025-10-09,09:00:00,TLRY,S,500,2.2464,0
2025-10-09,09:00:00,TLRY,S,500,2.2061,0
2025-10-09,09:17:00,RGTI,B,52,47.4350,0
2025-10-09,09:30:00,RGTI,S,52,46.5800,0
2025-10-09,08:52:00,ONDS,B,224,11.1450,0
2025-10-09,09:45:00,ONDS,S,224,10.8600,0
2025-10-09,08:52:00,PATH,B,145,17.3400,0
2025-10-09,11:57:00,PATH,S,72,18.0336,0
2025-10-09,11:57:00,PATH,S,73,17.8616,0
2025-10-09,08:42:00,BTG,S,476,5.2350,0
2025-10-09,14:14:00,BTG,B,238,5.0256,0
2025-10-09,14:14:00,BTG,B,238,5.0523,0
2025-10-09,08:55:00,ETHD,B,766,3.2700,0
2025-10-09,15:00:00,ETHD,S,766,3.3150,0
2025-10-10,08:45:00,UVXY,S,238,10.5000,0
2025-10-10,08:46:00,UVXY,B,238,10.5300,0
2025-10-10,08:48:00,TZA,S,321,7.7700,0
2025-10-10,08:56:00,TZA,B,321,7.8300,0
2025-10-10,08:43:00,AMZN,B,10,227.5650,0
2025-10-10,09:17:00,AMZN,S,10,226.0800,0
2025-10-10,08:48:00,CAN,B,1879,1.3300,0
2025-10-10,09:29:00,CAN,S,1879,1.2650,0
2025-10-10,08:46:00,SQQQ,S,173,14.3600,0
2025-10-10,09:57:00,SQQQ,B,173,14.5000,0
2025-10-10,08:46:00,FXI,B,61,40.5800,0
2025-10-10,09:58:00,FXI,S,61,40.4300,0
2025-10-10,08:46:00,KWEB,B,60,41.1500,0
2025-10-10,09:58:00,KWEB,S,60,40.8350,0
2025-10-10,08:44:00,SOFI,B,85,29.5300,0
2025-10-10,09:59:00,SOFI,S,85,28.5350,0
2025-10-10,08:45:00,SOXS,B,603,4.1600,0
2025-10-10,10:00:00,SOXS,S,301,4.3264,0
2025-10-10,10:00:00,SOXS,S,302,4.3084,0
2025-10-10,08:45:00,SOXL,S,59,42.2000,0
2025-10-10,10:00:00,SOXL,B,29,40.5120,0
2025-10-10,10:00:00,SOXL,B,30,40.6820,0
2025-10-10,09:31:00,TLRY,S,1315,1.9000,0
2025-10-10,10:02:00,TLRY,B,657,1.8240,0
2025-10-10,10:02:00,TLRY,B,658,1.8390,0
2025-10-10,08:52:00,BTBT,B,584,4.2950,0
2025-10-10,10:08:00,BTBT,S,584,4.0500,0
2025-10-10,10:08:00,UVXY,B,223,11.1900,0
2025-10-10,10:10:00,UVXY,S,223,11.0400,0
2025-10-10,10:09:00,SOXS,B,563,4.4400,0
2025-10-10,10:11:00,SOXS,S,563,4.3600,0
2025-10-10,10:09:00,SQQQ,B,166,15.0300,0
2025-10-10,10:11:00,SQQQ,S,166,14.8500,0
2025-10-10,08:41:00,QUBT,S,118,21.0400,0
2025-10-10,10:23:00,QUBT,B,59,20.1984,0
2025-10-10,10:23:00,QUBT,B,59,20.2304,0
2025-10-10,09:01:00,OPEN,S,315,7.8800,0
2025-10-10,10:24:00,OPEN,B,157,7.5648,0
2025-10-10,10:24:00,OPEN,B,158,7.6388,0
2025-10-10,09:15:00,NIO,S,346,7.2100,0
2025-10-10,10:27:00,NIO,B,173,6.9216,0
2025-10-10,10:27:00,NIO,B,173,6.9371,0
2025-10-10,08:50:00,ETHA,S,75,32.9900,0
2025-10-10,10:31:00,ETHA,B,37,31.6704,0
2025-10-10,10:31:00,ETHA,B,38,31.1299,0
2025-10-10,10:17:00,TSLL,S,129,19.3500,0
2025-10-10,10:32:00,TSLL,B,64,18.5760,0
2025-10-10,10:32:00,TSLL,B,65,18.5848,0
2025-10-10,08:43:00,AMD,S,10,230.1000,0
2025-10-10,10:36:00,AMD,B,5,220.8960,0
2025-10-10,10:36:00,AMD,B,5,215.5610,0
2025-10-10,08:47:00,HPE,S,96,25.9300,0
2025-10-10,10:42:00,HPE,B,48,24.8928,0
2025-10-10,10:42:00,HPE,B,48,24.9393,0
2025-10-10,10:31:00,AMZN,S,11,219.4500,0
2025-10-10,10:44:00,AMZN,B,11,220.8100,0
2025-10-10,10:41:00,NIO,S,364,6.8650,0
2025-10-10,10:44:00,NIO,B,364,6.9800,0
2025-10-10,10:30:00,PLUG,S,706,3.5400,0
2025-10-10,10:44:00,PLUG,B,706,3.5900,0
2025-10-10,10:29:00,FXI,S,64,38.9600,0
2025-10-10,10:45:00,FXI,B,64,39.3200,0
2025-10-10,10:30:00,QUBT,S,125,19.8500,0
2025-10-10,10:50:00,QUBT,B,125,20.2350,0
2025-10-10,10:30:00,SOXL,S,66,37.5400,0
2025-10-10,12:17:00,SOXL,B,33,36.0384,0
2025-10-10,12:17:00,SOXL,B,33,36.6098,0
2025-10-10,10:30:00,CAN,S,2118,1.1800,0
2025-10-10,12:20:00,CAN,B,1059,1.1328,0
2025-10-10,12:20:00,CAN,B,1059,1.1218,0
2025-10-10,09:59:00,RIG,S,768,3.2500,0
2025-10-10,13:10:00,RIG,B,384,3.1200,0
2025-10-10,13:10:00,RIG,B,384,3.1375,0
2025-10-10,14:54:00,TLRY,S,1453,1.7200,0
2025-10-10,14:54:00,TLRY,B,1453,1.7350,0
2025-10-10,10:16:00,GRAB,S,417,5.9900,0
2025-10-10,15:00:00,GRAB,B,417,5.8400,0
2025-10-10,10:18:00,KWEB,S,63,39.6200,0
2025-10-10,15:00:00,KWEB,B,63,38.4350,0
2025-10-10,10:30:00,SOFI,S,90,27.7700,0
2025-10-10,15:00:00,SOFI,B,45,26.6592,0
2025-10-10,15:00:00,SOFI,B,45,26.1900,0
2025-10-10,14:05:00,ETHA,S,81,30.5850,0
2025-10-10,15:00:00,ETHA,B,81,30.2100,0
2025-10-10,14:22:00,TZA,B,293,8.5100,0
2025-10-10,15:00:00,TZA,S,293,8.6300,0
2025-10-13,08:41:00,LAC,B,316,8.0050,0
2025-10-13,08:48:00,LAC,S,158,8.3252,0
2025-10-13,08:48:00,LAC,S,158,8.2650,0
2025-10-13,08:41:00,SOXS,B,560,4.4600,0
2025-10-13,08:51:00,SOXS,S,560,4.3300,0
2025-10-13,08:57:00,ASST,S,2002,0.9500,0
2025-10-13,09:09:00,ASST,B,2002,1.0500,0
2025-10-13,08:41:00,PLUG,B,653,3.8750,0
2025-10-13,09:12:00,PLUG,S,326,4.0300,0
2025-10-13,09:12:00,PLUG,S,327,4.0112,0
2025-10-13,08:46:00,BBAI,B,306,8.1500,0
2025-10-13,09:13:00,BBAI,S,153,8.4760,0
2025-10-13,09:13:00,BBAI,S,153,8.5477,0
2025-10-13,08:55:00,LAC,B,297,8.4000,0
2025-10-13,09:13:00,LAC,S,297,8.2150,0
2025-10-13,09:05:00,SOXS,S,584,4.2800,0
2025-10-13,09:17:00,SOXS,B,584,4.3150,0
2025-10-13,08:58:00,TZA,S,308,8.0950,0
2025-10-13,09:27:00,TZA,B,308,8.2100,0
2025-10-13,09:23:00,ETHA,S,80,31.0300,0
2025-10-13,12:06:00,ETHA,B,80,31.6000,0
2025-10-13,14:45:00,ETHA,B,77,32.2900,0
2025-10-13,14:46:00,ETHA,S,77,32.2400,0
2025-10-13,08:51:00,SQQQ,S,164,15.1600,0
2025-10-13,15:00:00,SQQQ,B,164,15.0100,0
2025-10-14,08:41:00,CAN,B,1333,1.5600,0
2025-10-14,08:45:00,CAN,S,666,1.6224,0
2025-10-14,08:45:00,CAN,S,667,1.6444,0
2025-10-14,09:19:00,KEEL,B,287,5.4250,0
2025-10-14,09:27:00,KEEL,S,143,5.6420,0
2025-10-14,09:27:00,KEEL,S,144,5.6037,0
2025-10-14,08:41:00,BCRX,S,376,6.6000,0
2025-10-14,09:28:00,BCRX,B,188,6.3360,0
2025-10-14,09:28:00,BCRX,B,188,6.3960,0
2025-10-14,08:49:00,WULF,B,176,14.1900,0
2025-10-14,09:31:00,WULF,S,88,14.7576,0
2025-10-14,09:31:00,WULF,S,88,15.0525,0
2025-10-14,09:05:00,LAC,B,305,8.1950,0
2025-10-14,09:34:00,LAC,S,152,8.5228,0
2025-10-14,09:34:00,LAC,S,153,8.9380,0
2025-10-14,09:25:00,CAN,B,1501,1.6650,0
2025-10-14,09:43:00,CAN,S,750,1.7316,0
2025-10-14,09:43:00,CAN,S,751,1.7168,0
2025-10-14,09:38:00,LAC,B,277,9.0200,0
2025-10-14,09:48:00,LAC,S,277,8.8600,0
2025-10-14,09:38:00,WULF,B,164,15.2400,0
2025-10-14,09:52:00,WULF,S,164,14.9550,0
2025-10-14,08:44:00,OPEN,B,348,7.2000,0
2025-10-14,11:23:00,OPEN,S,174,7.4880,0
2025-10-14,11:23:00,OPEN,S,174,7.4980,0
2025-10-14,09:21:00,SOXS,S,561,4.4450,0
2025-10-14,11:57:00,SOXS,B,280,4.2672,0
2025-10-14,11:57:00,SOXS,B,281,4.2845,0
2025-10-14,13:05:00,KEEL,B,409,6.1050,0
2025-10-14,13:52:00,KEEL,S,409,6.0400,0
2025-10-14,08:53:00,NIO,B,360,6.9400,0
2025-10-14,14:50:00,NIO,S,360,6.8250,0
2025-10-14,09:13:00,ERIC,B,261,9.5850,0
2025-10-14,15:00:00,ERIC,S,261,9.8600,0
2025-10-15,08:42:00,NVTS,B,182,13.6750,0
2025-10-15,08:47:00,NVTS,S,91,14.2220,0
2025-10-15,08:47:00,NVTS,S,91,14.1833,0
2025-10-15,08:47:00,FHN,S,109,22.7500,0
2025-10-15,08:53:00,FHN,B,54,21.8400,0
2025-10-15,08:53:00,FHN,B,55,21.8575,0
2025-10-15,08:43:00,RXRX,B,399,6.3700,0
2025-10-15,09:07:00,RXRX,S,199,6.6248,0
2025-10-15,09:07:00,RXRX,S,200,6.6563,0
2025-10-15,08:51:00,NVTS,B,174,14.3200,0
2025-10-15,09:12:00,NVTS,S,87,14.8928,0
2025-10-15,09:12:00,NVTS,S,87,14.7030,0
2025-10-15,09:00:00,FHN,S,122,20.3800,0
2025-10-15,09:24:00,FHN,B,122,21.0600,0
2025-10-15,09:50:00,RXRX,B,370,6.7500,0
2025-10-15,10:03:00,RXRX,S,370,6.5850,0
2025-10-15,08:44:00,CAN,S,1295,1.8850,0
2025-10-15,10:36:00,CAN,B,647,1.8096,0
2025-10-15,10:36:00,CAN,B,648,1.8089,0
2025-10-15,08:45:00,KEEL,S,406,6.1350,0
2025-10-15,10:55:00,KEEL,B,203,5.8896,0
2025-10-15,10:55:00,KEEL,B,203,5.9152,0
2025-10-15,10:14:00,TLRY,S,1562,1.6000,0
2025-10-15,11:47:00,TLRY,B,1562,1.6600,0
2025-10-15,12:10:00,SOXS,B,583,4.2850,0
2025-10-15,12:50:00,SOXS,S,583,4.1450,0
2025-10-15,08:47:00,LAC,S,253,9.8800,0
2025-10-15,13:01:00,LAC,B,126,9.4848,0
2025-10-15,13:01:00,LAC,B,127,9.3454,0
2025-10-15,14:31:00,KEEL,B,380,6.5700,0
2025-10-15,14:36:00,KEEL,S,380,6.4650,0
2025-10-15,08:47:00,RIG,B,770,3.2500,0
2025-10-15,15:00:00,RIG,S,770,3.3050,0
2025-10-16,08:40:00,LAC,S,294,8.4800,0
2025-10-16,08:49:00,LAC,B,147,8.1408,0
2025-10-16,08:49:00,LAC,B,147,8.1848,0
2025-10-16,08:41:00,KEEL,S,435,5.6700,0
2025-10-16,08:53:00,KEEL,B,217,5.4432,0
2025-10-16,08:53:00,KEEL,B,218,5.4717,0
2025-10-16,08:57:00,TLRY,S,1538,1.6200,0
2025-10-16,09:30:00,TLRY,B,1538,1.6800,0
2025-10-16,08:47:00,PLUG,B,533,4.2350,0
2025-10-16,09:50:00,PLUG,S,533,3.8600,0
2025-10-16,08:41:00,RGTI,S,47,52.7100,0
2025-10-16,09:56:00,RGTI,B,23,50.6016,0
2025-10-16,09:56:00,RGTI,B,24,50.7771,0
2025-10-16,08:42:00,KVUE,B,153,16.3450,0
2025-10-16,10:08:00,KVUE,S,153,16.2050,0
2025-10-16,08:42:00,HPE,B,108,23.0250,0
2025-10-16,11:01:00,HPE,S,108,22.3900,0
2025-10-16,10:36:00,RGTI,S,52,47.8900,0
2025-10-16,11:06:00,RGTI,B,52,49.3000,0
2025-10-16,10:28:00,KVUE,S,154,16.1600,0
2025-10-16,11:13:00,KVUE,B,77,15.5136,0
2025-10-16,11:13:00,KVUE,B,77,15.3966,0
2025-10-16,14:27:00,KEEL,S,475,5.2600,0
2025-10-16,14:42:00,KEEL,B,475,5.3100,0
2025-10-16,13:16:00,KEY,S,149,16.6700,0
2025-10-16,14:48:00,KEY,B,149,16.7000,0
2025-10-16,08:40:00,HBAN,S,155,16.0450,0
2025-10-16,15:00:00,HBAN,B,77,15.4032,0
2025-10-16,15:00:00,HBAN,B,78,15.3600,0
2025-10-16,08:40:00,KRE,S,41,60.6400,0
2025-10-16,15:00:00,KRE,B,20,58.2144,0
2025-10-16,15:00:00,KRE,B,21,58.1000,0
2025-10-17,08:46:00,SLI,S,586,4.2250,0
2025-10-17,09:06:00,SLI,B,293,4.0560,0
2025-10-17,09:06:00,SLI,B,293,4.1104,0
2025-10-17,08:45:00,RANI,S,1025,1.2500,0
2025-10-17,09:10:00,RANI,B,512,1.2000,0
2025-10-17,09:10:00,RANI,B,513,1.2500,0
2025-10-17,10:22:00,SLI,S,629,3.9700,0
2025-10-17,10:52:00,SLI,B,629,4.0300,0
2025-10-17,08:43:00,GDX,S,30,81.0400,0
2025-10-17,12:41:00,GDX,B,15,77.7984,0
2025-10-17,12:41:00,GDX,B,15,77.9904,0
2025-10-17,08:43:00,BTG,S,434,5.7400,0
2025-10-17,12:52:00,BTG,B,217,5.5104,0
2025-10-17,12:52:00,BTG,B,217,5.5224,0
2025-10-17,08:43:00,KVUE,B,167,14.9800,0
2025-10-17,15:00:00,KVUE,S,167,15.3000,0
2025-10-17,08:56:00,KEEL,B,495,5.0850,0
2025-10-17,15:00:00,KEEL,S,495,5.0100,0
2025-10-17,10:09:00,DNN,S,865,2.8850,0
2025-10-17,15:00:00,DNN,B,865,2.9200,0
2025-10-20,08:45:00,CAN,B,1308,1.9100,0
2025-10-20,08:47:00,CAN,S,654,1.9864,0
2025-10-20,08:47:00,CAN,S,654,1.9825,0
2025-10-20,08:41:00,BTBT,B,618,4.0550,0
2025-10-20,08:47:00,BTBT,S,309,4.2172,0
2025-10-20,08:47:00,BTBT,S,309,4.1895,0
2025-10-20,08:51:00,BTBT,B,591,4.2300,0
2025-10-20,09:00:00,BTBT,S,295,4.3992,0
2025-10-20,09:00:00,BTBT,S,296,4.4025,0
2025-10-20,08:47:00,BYND,S,1790,0.9000,0
2025-10-20,10:04:00,BYND,B,1790,1.0250,0
2025-10-20,08:51:00,SOXS,S,651,3.8400,0
2025-10-20,15:00:00,SOXS,B,651,3.8600,0
2025-10-21,08:41:00,KEEL,S,544,4.5900,0
2025-10-21,08:56:00,KEEL,B,272,4.4064,0
2025-10-21,08:56:00,KEEL,B,272,4.4359,0
2025-10-21,08:51:00,BYND,S,481,2.0650,0
2025-10-21,09:34:00,BYND,B,240,1.9824,0
2025-10-21,09:34:00,BYND,B,241,2.0516,0
2025-10-21,08:45:00,OPEN,S,350,7.0900,0
2025-10-21,09:51:00,OPEN,B,350,7.2700,0
2025-10-21,09:03:00,HAL,S,103,24.1700,0
2025-10-21,11:38:00,HAL,B,103,24.8700,0
2025-10-21,13:35:00,BYND,B,853,2.9300,0
2025-10-21,13:40:00,BYND,S,853,2.7950,0
2025-10-21,08:41:00,PLUG,S,786,3.1800,0
2025-10-21,15:00:00,PLUG,B,786,3.1100,0
2025-10-21,08:41:00,WBD,B,122,20.5000,0
2025-10-21,15:00:00,WBD,S,122,20.3450,0
2025-10-21,08:44:00,BTG,S,479,5.1800,0
2025-10-21,15:00:00,BTG,B,479,5.1800,0
2025-10-21,08:44:00,DNN,S,899,2.7500,0
2025-10-21,15:00:00,DNN,B,899,2.7200,0
2025-10-21,08:46:00,GDX,S,33,73.8200,0
2025-10-21,15:00:00,GDX,B,33,72.7900,0
2025-10-21,08:47:00,SLV,S,55,44.6900,0
2025-10-21,15:00:00,SLV,B,55,43.7600,0
2025-10-21,14:07:00,HAL,B,98,25.2600,0
2025-10-21,15:00:00,HAL,S,98,25.2300,0
2025-10-21,14:39:00,OPEN,S,357,6.9900,0
2025-10-21,15:00:00,OPEN,B,357,6.9700,0
2025-10-22,08:43:00,SOXS,S,616,4.0500,0
2025-10-22,09:24:00,SOXS,B,616,4.1000,0
2025-10-22,08:45:00,CIFR,B,141,17.7250,0
2025-10-22,09:26:00,CIFR,S,141,16.9600,0
2025-10-22,08:47:00,ONDS,B,352,7.1600,0
2025-10-22,09:35:00,ONDS,S,352,6.7900,0
2025-10-22,09:08:00,QBTS,S,84,29.4900,0
2025-10-22,09:38:00,QBTS,B,42,28.3104,0
2025-10-22,09:38:00,QBTS,B,42,28.4245,0
2025-10-22,09:13:00,QS,S,170,14.6900,0
2025-10-22,09:40:00,QS,B,85,14.1024,0
2025-10-22,09:40:00,QS,B,85,14.1119,0
2025-10-22,08:57:00,BBAI,B,359,6.9600,0
2025-10-22,09:46:00,BBAI,S,359,6.7150,0
2025-10-22,09:27:00,KEEL,S,540,4.0500,0
2025-10-22,10:24:00,KEEL,B,270,3.8880,0
2025-10-22,10:24:00,KEEL,B,270,3.8861,0
2025-10-22,09:39:00,CIFR,S,151,16.5500,0
2025-10-22,10:32:00,CIFR,B,75,15.8880,0
2025-10-22,10:32:00,CIFR,B,76,16.0355,0
2025-10-22,09:04:00,RGTI,S,66,37.6100,0
2025-10-22,10:36:00,RGTI,B,33,36.1056,0
2025-10-22,10:36:00,RGTI,B,33,36.4561,0
2025-10-22,10:30:00,KEEL,S,651,3.8400,0
2025-10-22,10:38:00,KEEL,B,651,3.8900,0
2025-10-22,10:30:00,SOXS,B,582,4.2900,0
2025-10-22,10:40:00,SOXS,S,582,4.2600,0
2025-10-22,09:30:00,PLUG,S,862,2.8900,0
2025-10-22,15:00:00,PLUG,B,862,2.9000,0
2025-10-23,08:41:00,BYND,B,555,3.2200,0
2025-10-23,08:43:00,BYND,S,277,3.3488,0
2025-10-23,08:43:00,BYND,S,278,3.3778,0
2025-10-23,08:55:00,SCNX,B,1176,1.0600,0
2025-10-23,09:06:00,SCNX,S,588,1.1024,0
2025-10-23,09:06:00,SCNX,S,588,1.0600,0
2025-10-23,08:49:00,RGTI,S,64,38.4400,0
2025-10-23,09:23:00,RGTI,B,64,40.5400,0
2025-10-23,09:56:00,RGTI,B,59,41.9350,0
2025-10-23,09:57:00,RGTI,S,59,41.3900,0
2025-10-23,08:41:00,SOXS,S,607,4.0900,0
2025-10-23,12:08:00,SOXS,B,303,3.9264,0
2025-10-23,12:08:00,SOXS,B,304,3.9509,0
2025-10-23,13:04:00,AAL,B,193,12.9000,0
2025-10-23,13:35:00,AAL,S,193,12.8750,0
2025-10-23,08:54:00,RIG,B,698,3.5800,0
2025-10-23,14:07:00,RIG,S,349,3.7232,0
2025-10-23,14:07:00,RIG,S,349,3.8842,0
2025-10-23,14:07:00,SOXS,S,641,3.8950,0
2025-10-23,14:08:00,SOXS,B,641,3.9050,0
2025-10-23,14:17:00,SCNX,B,754,1.7400,0
2025-10-23,14:19:00,SCNX,S,377,1.8096,0
2025-10-23,14:19:00,SCNX,S,377,1.7523,0
2025-10-23,08:42:00,NOK,B,415,6.0150,0
2025-10-23,15:00:00,NOK,S,415,6.1750,0
2025-10-24,08:42:00,OPEN,B,328,7.6200,0
2025-10-24,08:44:00,OPEN,S,164,7.9248,0
2025-10-24,08:44:00,OPEN,S,164,7.9338,0
2025-10-24,08:51:00,WGRX,B,1020,1.0800,0
2025-10-24,08:52:00,WGRX,S,510,1.1232,0
2025-10-24,08:52:00,WGRX,S,510,1.1157,0
2025-10-24,08:42:00,KEEL,S,550,4.5350,0
2025-10-24,08:56:00,KEEL,B,550,4.7000,0
2025-10-24,08:49:00,OPEN,B,312,8.0100,0
2025-10-24,08:59:00,OPEN,S,156,8.3304,0
2025-10-24,08:59:00,OPEN,S,156,8.2263,0
2025-10-24,08:44:00,ASST,B,2593,0.9641,0
2025-10-24,09:02:00,ASST,S,2593,0.9424,0
2025-10-24,08:59:00,BYND,S,487,2.9400,0
2025-10-24,09:30:00,BYND,B,243,2.8224,0
2025-10-24,09:30:00,BYND,B,244,2.8779,0
2025-10-24,10:00:00,BYND,S,936,2.6700,0
2025-10-24,10:06:00,BYND,B,468,2.5632,0
2025-10-24,10:06:00,BYND,B,468,2.6025,0
2025-10-24,08:41:00,AAL,B,187,13.3400,0
2025-10-24,11:02:00,AAL,S,93,13.8736,0
2025-10-24,11:02:00,AAL,S,94,13.7416,0
2025-10-24,08:45:00,F,B,187,13.3100,0
2025-10-24,14:51:00,F,S,93,13.8424,0
2025-10-24,14:51:00,F,S,94,13.8238,0
2025-10-24,08:42:00,ONDS,S,326,7.6500,0
2025-10-24,15:00:00,ONDS,B,326,7.4550,0
2025-10-27,08:46:00,CODX,B,1067,0.7769,0
2025-10-27,08:46:00,CODX,S,533,0.8080,0
2025-10-27,08:46:00,CODX,S,534,0.7769,0
2025-10-27,08:46:00,BKYI,S,800,1.6600,0
2025-10-27,08:53:00,BKYI,B,400,1.5936,0
2025-10-27,08:53:00,BKYI,B,400,1.6600,0
2025-10-27,08:53:00,BYND,B,1052,2.0950,0
2025-10-27,09:01:00,BYND,S,526,2.1788,0
2025-10-27,09:01:00,BYND,S,526,2.1700,0
2025-10-27,09:15:00,ASST,B,1052,1.5700,0
2025-10-27,09:20:00,ASST,S,526,1.6328,0
2025-10-27,09:20:00,ASST,S,526,1.6102,0
2025-10-27,09:25:00,ASST,B,1519,1.6450,0
2025-10-27,09:32:00,ASST,S,1519,1.5800,0
2025-10-27,08:41:00,TSLL,B,121,20.7400,0
2025-10-27,10:44:00,TSLL,S,60,21.5696,0
2025-10-27,10:44:00,TSLL,S,61,21.4876,0
2025-10-27,10:19:00,NAKA,B,2711,0.9230,0
2025-10-27,11:20:00,NAKA,S,1355,0.9599,0
2025-10-27,11:20:00,NAKA,S,1356,0.9500,0
2025-10-27,14:10:00,BYND,S,1329,1.8800,0
2025-10-27,14:11:00,BYND,B,1329,1.8900,0
2025-10-27,08:43:00,RNA,S,35,70.1200,0
2025-10-27,15:00:00,RNA,B,35,69.9000,0
2025-10-27,09:01:00,SOXS,S,714,3.5000,0
2025-10-27,15:00:00,SOXS,B,714,3.4100,0
2025-10-27,09:02:00,SQQQ,S,186,13.3950,0
2025-10-27,15:00:00,SQQQ,B,186,13.2250,0
2025-10-28,08:46:00,BYND,B,1275,1.9900,0
2025-10-28,08:46:00,BYND,S,637,2.0696,0
2025-10-28,08:46:00,BYND,S,638,2.0159,0
2025-10-28,08:47:00,WULF,B,159,15.8850,0
2025-10-28,08:57:00,WULF,S,79,16.5204,0
2025-10-28,08:57:00,WULF,S,80,16.2282,0
2025-10-28,08:41:00,KEEL,S,563,4.4300,0
2025-10-28,09:18:00,KEEL,B,563,4.6000,0
2025-10-28,08:41:00,DNN,S,846,2.9550,0
2025-10-28,09:23:00,DNN,B,846,3.1000,0
2025-10-28,08:43:00,CAN,S,1538,1.5400,0
2025-10-28,09:26:00,CAN,B,769,1.4784,0
2025-10-28,09:26:00,CAN,B,769,1.4504,0
2025-10-28,09:46:00,BYND,B,1131,2.2100,0
2025-10-28,09:58:00,BYND,S,1131,2.1400,0
2025-10-28,08:45:00,ASST,B,909,1.4700,0
2025-10-28,10:19:00,ASST,S,454,1.5288,0
2025-10-28,10:19:00,ASST,S,455,1.5320,0
2025-10-28,08:46:00,NOK,B,386,6.4900,0
2025-10-28,10:45:00,NOK,S,193,6.7496,0
2025-10-28,10:45:00,NOK,S,193,7.6551,0
2025-10-28,09:30:00,NVDA,S,12,192.6750,0
2025-10-28,11:49:00,NVDA,B,12,195.4550,0
2025-10-28,08:59:00,INTC,B,61,40.5900,0
2025-10-28,12:39:00,INTC,S,30,42.2136,0
2025-10-28,12:39:00,INTC,S,31,42.0741,0
2025-10-28,08:43:00,SOFI,S,83,29.7900,0
2025-10-28,13:18:00,SOFI,B,83,31.3600,0
2025-10-28,13:37:00,SOFI,B,78,31.7750,0
2025-10-28,13:49:00,SOFI,S,78,31.4500,0
2025-10-28,08:46:00,CCL,B,87,28.4500,0
2025-10-28,14:37:00,CCL,S,87,27.8200,0
2025-10-28,14:46:00,CCL,S,89,27.7800,0
2025-10-28,14:47:00,CCL,B,89,27.8300,0
2025-10-28,09:03:00,WULF,B,151,16.5550,0
2025-10-28,14:54:00,WULF,S,151,16.0900,0
2025-10-28,08:42:00,PLUG,S,865,2.8800,0
2025-10-28,15:00:00,PLUG,B,865,2.8000,0
2025-10-28,08:53:00,CX,B,249,10.0400,0
2025-10-28,15:00:00,CX,S,249,10.3050,0
2025-10-28,13:17:00,NVDA,B,12,198.4650,0
2025-10-28,15:00:00,NVDA,S,12,201.2900,0
2025-10-28,13:42:00,KEEL,S,570,4.3800,0
2025-10-28,15:00:00,KEEL,B,570,4.2800,0
2025-10-29,08:47:00,PPBT,B,952,1.2100,0
2025-10-29,08:47:00,PPBT,S,476,1.2584,0
2025-10-29,08:47:00,PPBT,S,476,1.2100,0
2025-10-29,08:41:00,LUMN,B,239,10.4500,0
2025-10-29,09:20:00,LUMN,S,119,10.8680,0
2025-10-29,09:20:00,LUMN,S,120,10.7955,0
2025-10-29,08:57:00,BYND,S,1269,1.9700,0
2025-10-29,09:24:00,BYND,B,634,1.8912,0
2025-10-29,09:24:00,BYND,B,635,1.8854,0
2025-10-29,08:49:00,ERNA,S,512,1.8700,0
2025-10-29,09:24:00,ERNA,B,512,2.3000,0
2025-10-29,08:44:00,ASST,S,1805,1.3800,0
2025-10-29,09:26:00,ASST,B,902,1.3248,0
2025-10-29,09:26:00,ASST,B,903,1.3238,0
2025-10-29,08:45:00,FISV,B,35,71.5600,0
2025-10-29,10:12:00,FISV,S,17,74.4224,0
2025-10-29,10:12:00,FISV,S,18,73.2546,0
2025-10-29,09:52:00,ASST,S,1923,1.3000,0
2025-10-29,10:44:00,ASST,B,1923,1.3400,0
2025-10-29,08:52:00,SOXS,S,788,3.1650,0
2025-10-29,11:04:00,SOXS,B,788,3.2100,0
2025-10-29,08:50:00,RKT,B,142,17.5950,0
2025-10-29,12:11:00,RKT,S,142,17.2900,0
2025-10-29,08:44:00,WULF,B,158,15.8100,0
2025-10-29,12:19:00,WULF,S,158,15.0500,0
2025-10-29,13:32:00,RKT,S,147,16.9350,0
2025-10-29,13:33:00,RKT,B,147,16.9750,0
2025-10-29,09:15:00,AVTR,S,195,12.3500,0
2025-10-29,14:05:00,AVTR,B,97,11.8560,0
2025-10-29,14:05:00,AVTR,B,98,11.9311,0
2025-10-29,14:17:00,AVTR,S,211,11.7950,0
2025-10-29,15:00:00,AVTR,B,211,11.5800,0
2025-10-30,08:43:00,TSLL,S,119,20.9200,0
2025-10-30,08:48:00,TSLL,B,119,21.4200,0
2025-10-30,08:53:00,CLF,B,199,12.5500,0
2025-10-30,09:05:00,CLF,S,199,12.3000,0
2025-10-30,09:04:00,FISV,B,36,69.1250,0
2025-10-30,10:36:00,FISV,S,36,66.0700,0
2025-10-30,08:50:00,CMG,B,76,32.5950,0
2025-10-30,10:51:00,CMG,S,38,33.8988,0
2025-10-30,10:51:00,CMG,S,38,33.5954,0
2025-10-30,13:06:00,FISV,S,38,65.3600,0
2025-10-30,13:11:00,FISV,B,38,65.6100,0
2025-10-30,08:42:00,BMY,B,56,44.1800,0
2025-10-30,15:00:00,BMY,S,56,45.6400,0
2025-10-30,08:43:00,ETHA,S,87,28.5300,0
2025-10-30,15:00:00,ETHA,B,87,27.8800,0
2025-10-30,08:50:00,META,B,3,669.3400,0
2025-10-30,15:00:00,META,S,3,665.8900,0
2025-10-30,08:57:00,ABEV,S,1098,2.2650,0
2025-10-30,15:00:00,ABEV,B,1098,2.2950,0
2025-10-30,08:58:00,BYND,S,1497,1.6550,0
2025-10-30,15:00:00,BYND,B,1497,1.6700,0
2025-10-30,09:05:00,CAN,S,1984,1.2600,0
2025-10-30,15:00:00,CAN,B,1984,1.2400,0
2025-10-30,09:09:00,TSLL,S,120,20.8250,0
2025-10-30,15:00:00,TSLL,B,120,20.0700,0
2025-10-31,08:48:00,HKD,B,408,2.9300,0
2025-10-31,08:48:00,HKD,S,204,3.0472,0
2025-10-31,08:48:00,HKD,S,204,2.9300,0
2025-10-31,08:42:00,ETHA,S,86,29.0100,0
2025-10-31,08:54:00,ETHA,B,86,29.1300,0
2025-10-31,08:43:00,BTG,S,520,4.7900,0
2025-10-31,08:59:00,BTG,B,520,4.8400,0
2025-10-31,08:50:00,TSLL,S,121,20.6550,0
2025-10-31,09:03:00,TSLL,B,121,20.9850,0
2025-10-31,09:04:00,HKD,B,606,3.1600,0
2025-10-31,09:04:00,HKD,S,303,3.2864,0
2025-10-31,09:04:00,HKD,S,303,3.1600,0
2025-10-31,08:45:00,NWL,S,666,3.4700,0
2025-10-31,09:44:00,NWL,B,333,3.3312,0
2025-10-31,09:44:00,NWL,B,333,3.1700,0
2025-10-31,08:47:00,OPEN,B,331,7.5800,0
2025-10-31,10:02:00,OPEN,S,165,7.8832,0
2025-10-31,10:02:00,OPEN,S,166,7.9142,0
2025-10-31,10:07:00,TSLL,B,115,21.5800,0
2025-10-31,10:21:00,TSLL,S,115,21.4800,0
2025-10-31,10:16:00,ETHA,B,85,29.3200,0
2025-10-31,10:22:00,ETHA,S,85,29.2400,0
2025-10-31,08:50:00,ASST,B,1984,1.2650,0
2025-10-31,11:10:00,ASST,S,1984,1.2150,0
2025-10-31,09:09:00,AMZN,S,10,246.6700,0
2025-10-31,15:00:00,AMZN,B,10,244.2900,0
2025-10-31,14:13:00,ASST,B,1851,1.3500,0
2025-10-31,15:00:00,ASST,S,1851,1.3350,0
2025-11-03,08:44:00,BBAI,S,374,6.6700,0
2025-11-03,08:45:00,BBAI,B,374,6.7350,0
2025-11-03,08:45:00,TSLL,B,112,22.2500,0
2025-11-03,09:01:00,TSLL,S,56,23.1400,0
2025-11-03,09:01:00,TSLL,S,56,22.9375,0
2025-11-03,08:50:00,ETHA,B,88,28.1700,0
2025-11-03,09:11:00,ETHA,S,88,28.0200,0
2025-11-03,08:44:00,BYND,S,1748,1.4250,0
2025-11-03,09:31:00,BYND,B,874,1.3680,0
2025-11-03,09:31:00,BYND,B,874,1.3793,0
2025-11-03,08:51:00,CIFR,B,103,24.1400,0
2025-11-03,09:33:00,CIFR,S,103,22.5700,0
2025-11-03,08:54:00,BBAI,S,374,6.6600,0
2025-11-03,09:40:00,BBAI,B,187,6.3936,0
2025-11-03,09:40:00,BBAI,B,187,6.3816,0
2025-11-03,09:43:00,BYND,S,1851,1.3500,0
2025-11-03,09:44:00,BYND,B,1851,1.3700,0
2025-11-03,09:35:00,DNN,S,814,3.0650,0
2025-11-03,11:51:00,DNN,B,407,2.9424,0
2025-11-03,11:51:00,DNN,B,407,2.9657,0
2025-11-03,14:47:00,KVUE,S,153,16.2600,0
2025-11-03,15:00:00,KVUE,B,153,16.1600,0
2025-11-04,08:42:00,HTZ,B,419,5.9600,0
2025-11-04,08:46:00,HTZ,S,209,6.1984,0
2025-11-04,08:46:00,HTZ,S,210,6.1454,0
2025-11-04,08:42:00,PLUG,B,939,2.6850,0
2025-11-04,08:50:00,PLUG,S,469,2.7924,0
2025-11-04,08:50:00,PLUG,S,470,2.7731,0
2025-11-04,08:43:00,KEEL,B,636,3.9450,0
2025-11-04,09:02:00,KEEL,S,318,4.1028,0
2025-11-04,09:02:00,KEEL,S,318,4.0855,0
2025-11-04,08:57:00,DNN,B,886,2.8200,0
2025-11-04,09:10:00,DNN,S,886,2.7550,0
2025-11-04,08:54:00,MSTU,B,922,2.7300,0
2025-11-04,09:52:00,MSTU,S,922,2.6150,0
2025-11-04,09:59:00,MSTU,S,961,2.6000,0
2025-11-04,10:00:00,MSTU,B,961,2.6100,0
2025-11-04,08:43:00,IBIT,B,42,58.9200,0
2025-11-04,10:18:00,IBIT,S,42,58.3300,0
2025-11-04,08:42:00,ETHA,B,94,26.5300,0
2025-11-04,10:20:00,ETHA,S,94,26.2300,0
2025-11-04,08:46:00,NCLH,S,124,20.0700,0
2025-11-04,10:21:00,NCLH,B,62,19.2672,0
2025-11-04,10:21:00,NCLH,B,62,19.4179,0
2025-11-04,09:11:00,HTZ,B,371,6.7300,0
2025-11-04,10:44:00,HTZ,S,185,6.9992,0
2025-11-04,10:44:00,HTZ,S,186,6.9709,0
2025-11-04,08:58:00,OPEN,B,340,7.3500,0
2025-11-04,10:51:00,OPEN,S,340,7.1100,0
2025-11-04,08:42:00,SQQQ,S,184,13.5000,0
2025-11-04,11:19:00,SQQQ,B,184,13.6500,0
2025-11-04,08:41:00,SOXS,S,714,3.4800,0
2025-11-04,12:40:00,SOXS,B,714,3.5700,0
2025-11-04,13:50:00,SQQQ,B,181,13.7800,0
2025-11-04,13:52:00,SQQQ,S,181,13.7500,0
2025-11-04,14:18:00,OPEN,S,363,6.8800,0
2025-11-04,14:26:00,OPEN,B,363,6.9200,0
2025-11-04,08:43:00,TZA,S,308,8.0900,0
2025-11-04,14:56:00,TZA,B,308,8.2150,0
2025-11-04,08:41:00,CDE,S,177,14.0100,0
2025-11-04,15:00:00,CDE,B,177,13.7900,0
2025-11-04,08:48:00,BTG,S,616,4.0550,0
2025-11-04,15:00:00,BTG,B,616,3.9850,0
2025-11-04,08:53:00,CCL,S,93,26.6250,0
2025-11-04,15:00:00,CCL,B,93,26.1300,0
2025-11-04,09:05:00,UBER,B,26,93.1500,0
2025-11-04,15:00:00,UBER,S,26,94.7300,0
2025-11-04,09:26:00,PLTD,S,398,6.2300,0
2025-11-04,15:00:00,PLTD,B,398,6.3500,0
2025-11-04,09:56:00,INTC,S,66,37.5200,0
2025-11-04,15:00:00,INTC,B,66,37.0500,0
2025-11-04,13:56:00,ETHA,S,102,24.5000,0
2025-11-04,15:00:00,ETHA,B,102,24.2600,0
2025-11-05,08:46:00,BYND,S,1937,1.2900,0
2025-11-05,08:49:00,BYND,B,1937,1.3100,0
2025-11-05,08:51:00,MTC,B,913,0.5450,0
2025-11-05,08:51:00,MTC,S,456,0.5668,0
2025-11-05,08:51:00,MTC,S,457,0.5788,0
2025-11-05,08:44:00,ASST,B,1851,1.3550,0
2025-11-05,09:21:00,ASST,S,925,1.4092,0
2025-11-05,09:21:00,ASST,S,926,1.4064,0
2025-11-05,08:47:00,RIVN,B,183,13.6100,0
2025-11-05,09:51:00,RIVN,S,91,14.1544,0
2025-11-05,09:51:00,RIVN,S,92,14.3214,0
2025-11-05,08:41:00,SOXS,S,708,3.5200,0
2025-11-05,10:08:00,SOXS,B,354,3.3792,0
2025-11-05,10:08:00,SOXS,B,354,3.4052,0
2025-11-05,10:10:00,MTC,B,2109,0.6448,0
2025-11-05,10:11:00,MTC,S,1054,0.6706,0
2025-11-05,10:11:00,MTC,S,1055,0.6529,0
2025-11-05,09:56:00,ASST,B,1760,1.4200,0
2025-11-05,10:55:00,ASST,S,880,1.4768,0
2025-11-05,10:55:00,ASST,S,880,1.4708,0
2025-11-05,08:42:00,TSLL,S,122,20.4200,0
2025-11-05,12:11:00,TSLL,B,122,21.3000,0
2025-11-05,13:56:00,RIVN,B,158,15.7550,0
2025-11-05,14:07:00,RIVN,S,158,15.5900,0
2025-11-05,08:52:00,AAL,B,193,12.9850,0
2025-11-05,14:55:00,AAL,S,96,13.5044,0
2025-11-05,14:55:00,AAL,S,97,13.4052,0
2025-11-05,08:48:00,ETHA,B,98,25.3000,0
2025-11-05,14:57:00,ETHA,S,49,26.3120,0
2025-11-05,14:57:00,ETHA,S,49,26.0770,0
2025-11-05,08:41:00,TEVA,B,103,24.3500,0
2025-11-05,15:00:00,TEVA,S,103,24.5900,0
2025-11-05,09:32:00,PINS,S,96,25.9550,0
2025-11-05,15:00:00,PINS,B,96,25.7500,0
2025-11-06,08:42:00,SOFI,S,83,29.8000,0
2025-11-06,08:49:00,SOFI,B,83,30.6200,0
2025-11-06,08:48:00,SOXS,S,753,3.3200,0
2025-11-06,08:51:00,SOXS,B,753,3.3600,0
2025-11-06,08:44:00,BTG,S,666,3.7300,0
2025-11-06,08:54:00,BTG,B,666,3.8600,0
2025-11-06,08:46:00,TSLL,B,112,22.3550,0
2025-11-06,08:58:00,TSLL,S,112,21.5400,0
2025-11-06,09:15:00,SOXS,B,716,3.4900,0
2025-11-06,09:21:00,SOXS,S,716,3.4350,0
2025-11-06,08:50:00,BYND,B,1052,1.5100,0
2025-11-06,09:54:00,BYND,S,1052,1.2900,0
2025-11-06,08:54:00,SOFI,S,84,29.7500,0
2025-11-06,10:02:00,SOFI,B,42,28.5600,0
2025-11-06,10:02:00,SOFI,B,42,28.5275,0
2025-11-06,08:50:00,PLUG,S,976,2.5600,0
2025-11-06,10:05:00,PLUG,B,488,2.4576,0
2025-11-06,10:05:00,PLUG,B,488,2.4806,0
2025-11-06,08:42:00,BBAI,S,420,5.9400,0
2025-11-06,10:05:00,BBAI,B,210,5.7024,0
2025-11-06,10:05:00,BBAI,B,210,5.7394,0
2025-11-06,09:09:00,TSLL,S,117,21.1900,0
2025-11-06,10:05:00,TSLL,B,58,20.3424,0
2025-11-06,10:05:00,TSLL,B,59,20.3219,0
2025-11-06,09:36:00,ONDS,S,438,5.7000,0
2025-11-06,11:00:00,ONDS,B,219,5.4720,0
2025-11-06,11:00:00,ONDS,B,219,5.4070,0
2025-11-06,08:42:00,SQQQ,B,182,13.7400,0
2025-11-06,11:11:00,SQQQ,S,91,14.2896,0
2025-11-06,11:11:00,SQQQ,S,91,14.2126,0
2025-11-06,08:55:00,OPEN,S,354,7.0550,0
2025-11-06,11:35:00,OPEN,B,177,6.7728,0
2025-11-06,11:35:00,OPEN,B,177,6.8305,0
2025-11-06,13:49:00,ONDS,S,468,5.3300,0
2025-11-06,13:50:00,ONDS,B,468,5.3550,0
2025-11-06,14:41:00,BBAI,S,447,5.5850,0
2025-11-06,14:47:00,BBAI,B,447,5.6100,0
2025-11-06,08:42:00,SNAP,S,307,8.1350,0
2025-11-06,15:00:00,SNAP,B,307,8.0200,0
2025-11-06,13:20:00,LYFT,B,95,22.0800,0
2025-11-06,15:00:00,LYFT,S,95,21.2500,0
2025-11-06,14:39:00,OPEN,S,371,6.7350,0
2025-11-06,15:00:00,OPEN,B,371,6.5450,0
2025-11-07,08:47:00,PLUG,S,1057,2.3650,0
2025-11-07,09:15:00,PLUG,B,1057,2.4500,0
2025-11-07,09:22:00,PLUG,B,1020,2.4500,0
2025-11-07,09:23:00,PLUG,S,1020,2.4350,0
2025-11-07,08:52:00,PBR,B,202,12.3250,0
2025-11-07,09:59:00,PBR,S,101,12.8180,0
2025-11-07,09:59:00,PBR,S,101,12.6967,0
2025-11-07,08:41:00,BYND,B,2109,1.2000,0
2025-11-07,10:03:00,BYND,S,2109,1.1500,0
2025-11-07,08:59:00,PRMB,S,149,16.7300,0
2025-11-07,10:05:00,PRMB,B,74,16.0608,0
2025-11-07,10:05:00,PRMB,B,75,16.1623,0
2025-11-07,09:03:00,ACHR,S,323,7.7350,0
2025-11-07,10:27:00,ACHR,B,161,7.4256,0
2025-11-07,10:27:00,ACHR,B,162,7.4774,0
2025-11-07,08:56:00,ONDS,B,479,5.2250,0
2025-11-07,11:28:00,ONDS,S,239,5.4340,0
2025-11-07,11:28:00,ONDS,S,240,5.3878,0
2025-11-07,10:28:00,PRMB,S,157,15.8400,0
2025-11-07,11:39:00,PRMB,B,78,15.2064,0
2025-11-07,11:39:00,PRMB,B,79,14.9234,0
2025-11-07,13:34:00,ONDS,B,434,5.7500,0
2025-11-07,14:20:00,ONDS,S,434,5.6850,0
2025-11-07,14:24:00,BYND,B,1937,1.2900,0
2025-11-07,14:30:00,BYND,S,968,1.3416,0
2025-11-07,14:30:00,BYND,S,969,1.3321,0
2025-11-07,08:52:00,TSLL,S,135,18.4450,0
2025-11-07,15:00:00,TSLL,B,135,18.8800,0
2025-11-10,08:51:00,NVDA,S,12,194.0700,0
2025-11-10,08:59:00,NVDA,B,12,195.4000,0
2025-11-10,08:53:00,RIG,S,628,3.9700,0
2025-11-10,08:59:00,RIG,B,628,4.0400,0
2025-11-10,08:43:00,OPEN,B,344,7.2600,0
2025-11-10,09:11:00,OPEN,S,172,7.5504,0
2025-11-10,09:11:00,OPEN,S,172,7.4924,0
2025-11-10,08:41:00,RIVN,S,164,15.1350,0
2025-11-10,09:38:00,RIVN,B,164,15.6150,0
2025-11-10,09:05:00,NVDA,B,12,195.5650,0
2025-11-10,09:58:00,NVDA,S,12,194.7600,0
2025-11-10,08:41:00,SQQQ,S,183,13.6600,0
2025-11-10,09:59:00,SQQQ,B,183,13.8100,0
2025-11-10,10:28:00,RIVN,B,159,15.6400,0
2025-11-10,12:09:00,RIVN,S,79,16.2656,0
2025-11-10,12:09:00,RIVN,S,80,16.5786,0
2025-11-10,14:11:00,OPEN,B,308,8.0950,0
2025-11-10,14:15:00,OPEN,S,308,7.9700,0
2025-11-10,08:44:00,OSCR,S,163,15.2550,0
2025-11-10,14:54:00,OSCR,B,81,14.6448,0
2025-11-10,14:54:00,OSCR,B,82,14.6525,0
2025-11-10,09:53:00,RIG,B,615,4.0650,0
2025-11-10,14:58:00,RIG,S,307,4.2276,0
2025-11-10,14:58:00,RIG,S,308,4.2093,0
2025-11-10,08:41:00,PLTR,B,13,188.5750,0
2025-11-10,15:00:00,PLTR,S,13,193.6300,0
2025-11-10,08:41:00,SOFI,B,83,30.0100,0
2025-11-10,15:00:00,SOFI,S,83,30.5500,0
2025-11-10,08:42:00,GRAB,B,423,5.9100,0
2025-11-10,15:00:00,GRAB,S,423,5.8900,0
2025-11-10,08:43:00,PLTD,S,391,6.3700,0
2025-11-10,15:00:00,PLTD,B,391,6.1800,0
2025-11-10,08:50:00,SNAP,B,297,8.4200,0
2025-11-10,15:00:00,SNAP,S,297,8.7000,0
2025-11-10,08:51:00,SOXS,B,735,3.4300,0
2025-11-10,15:00:00,SOXS,S,735,3.4000,0
2025-11-10,13:39:00,SQQQ,S,184,13.5250,0
2025-11-10,15:00:00,SQQQ,B,184,13.4900,0
2025-11-11,08:43:00,BYND,S,2049,1.2100,0
2025-11-11,08:47:00,BYND,B,2049,1.2800,0
2025-11-11,08:48:00,RIVN,B,147,16.9000,0
2025-11-11,09:34:00,RIVN,S,73,17.5760,0
2025-11-11,09:34:00,RIVN,S,74,17.4552,0
2025-11-11,09:52:00,ACHR,S,303,8.2350,0
2025-11-11,11:05:00,ACHR,B,303,8.4950,0
2025-11-11,09:14:00,BBAI,S,344,6.3400,0
2025-11-11,11:37:00,BBAI,B,172,6.0864,0
2025-11-11,11:37:00,BBAI,B,172,6.1532,0
2025-11-11,08:57:00,OPEN,B,305,8.2800,0
2025-11-11,14:54:00,OPEN,S,152,8.6112,0
2025-11-11,14:54:00,OPEN,S,153,8.4886,0
2025-11-11,08:41:00,SOXS,B,714,3.5200,0
2025-11-11,15:00:00,SOXS,S,714,3.6350,0
2025-11-11,08:42:00,ASST,S,1798,1.3850,0
2025-11-11,15:00:00,ASST,B,1798,1.3550,0
2025-11-11,14:45:00,ACHR,B,280,8.9250,0
2025-11-11,15:00:00,ACHR,S,280,8.9400,0
2025-11-12,08:45:00,CYPH,B,3472,0.7200,0
2025-11-12,08:45:00,CYPH,S,1736,0.7488,0
2025-11-12,08:45:00,CYPH,S,1736,0.7200,0
2025-11-12,08:42:00,PLUG,B,976,2.5700,0
2025-11-12,08:47:00,PLUG,S,488,2.6728,0
2025-11-12,08:47:00,PLUG,S,488,2.6543,0
2025-11-12,08:46:00,CYPH,B,1482,0.7401,0
2025-11-12,08:48:00,CYPH,S,741,0.7697,0
2025-11-12,08:48:00,CYPH,S,741,0.7401,0
2025-11-12,08:47:00,AMD,S,9,252.1600,0
2025-11-12,09:10:00,AMD,B,9,258.5700,0
2025-11-12,08:41:00,BYND,B,2032,1.2500,0
2025-11-12,09:35:00,BYND,S,2032,1.2000,0
2025-11-12,08:42:00,OPEN,S,297,8.3800,0
2025-11-12,09:46:00,OPEN,B,297,8.6950,0
2025-11-12,09:47:00,BYND,S,2100,1.1900,0
2025-11-12,09:49:00,BYND,B,2100,1.1950,0
2025-11-12,09:44:00,AMD,B,9,263.2800,0
2025-11-12,09:51:00,AMD,S,9,260.4800,0
2025-11-12,08:43:00,MSTU,S,1136,2.1900,0
2025-11-12,09:57:00,MSTU,B,568,2.1024,0
2025-11-12,09:57:00,MSTU,B,568,2.0919,0
2025-11-12,08:49:00,KEEL,S,757,3.3000,0
2025-11-12,10:17:00,KEEL,B,378,3.1680,0
2025-11-12,10:17:00,KEEL,B,379,3.1230,0
2025-11-12,10:09:00,MSTU,S,1207,2.0700,0
2025-11-12,14:27:00,MSTU,B,603,1.9872,0
2025-11-12,14:27:00,MSTU,B,604,1.9907,0
2025-11-12,14:26:00,OPEN,B,276,9.0350,0
2025-11-12,14:50:00,OPEN,S,138,9.3964,0
2025-11-12,14:50:00,OPEN,S,138,9.3096,0
2025-11-12,14:50:00,PLUG,B,922,2.7100,0
2025-11-12,15:00:00,PLUG,S,922,2.7400,0
2025-11-13,08:42:00,OPEN,S,284,8.7900,0
2025-11-13,08:46:00,OPEN,B,284,9.0900,0
2025-11-13,08:44:00,SOFI,S,82,30.4500,0
2025-11-13,08:57:00,SOFI,B,82,30.8700,0
2025-11-13,08:48:00,RIVN,B,142,17.5350,0
2025-11-13,09:04:00,RIVN,S,142,17.1200,0
2025-11-13,09:03:00,QBTS,S,104,24.0100,0
2025-11-13,09:09:00,QBTS,B,104,24.7000,0
2025-11-13,08:44:00,INTC,S,68,36.7500,0
2025-11-13,09:14:00,INTC,B,68,36.9900,0
2025-11-13,08:42:00,SOXS,B,684,3.6950,0
2025-11-13,09:16:00,SOXS,S,684,3.5900,0
2025-11-13,08:41:00,SQQQ,B,177,14.0600,0
2025-11-13,09:16:00,SQQQ,S,177,13.8350,0
2025-11-13,08:42:00,TSLL,S,139,17.8750,0
2025-11-13,09:23:00,TSLL,B,69,17.1600,0
2025-11-13,09:23:00,TSLL,B,70,17.2387,0
2025-11-13,08:52:00,ETHA,B,96,26.0600,0
2025-11-13,09:33:00,ETHA,S,96,25.6400,0
2025-11-13,08:51:00,KEEL,B,851,2.9600,0
2025-11-13,10:18:00,KEEL,S,851,2.7250,0
2025-11-13,09:27:00,RGTI,S,96,26.0200,0
2025-11-13,10:22:00,RGTI,B,48,24.9792,0
2025-11-13,10:22:00,RGTI,B,48,25.0152,0
2025-11-13,09:26:00,PLUG,S,959,2.6050,0
2025-11-13,10:23:00,PLUG,B,479,2.5008,0
2025-11-13,10:23:00,PLUG,B,480,2.4861,0
2025-11-13,08:41:00,BBAI,S,375,6.6450,0
2025-11-13,10:27:00,BBAI,B,187,6.3792,0
2025-11-13,10:27:00,BBAI,B,188,6.3314,0
2025-11-13,09:00:00,ASST,B,2000,1.2600,0
2025-11-13,11:44:00,ASST,S,2000,1.1800,0
2025-11-13,13:13:00,BBAI,S,406,6.1450,0
2025-11-13,13:14:00,BBAI,B,406,6.1900,0
2025-11-13,08:43:00,MARA,S,179,13.8900,0
2025-11-13,13:24:00,MARA,B,89,13.3344,0
2025-11-13,13:24:00,MARA,B,90,12.9739,0
2025-11-13,09:25:00,RIVN,S,146,17.0400,0
2025-11-13,13:25:00,RIVN,B,73,16.3584,0
2025-11-13,13:25:00,RIVN,B,73,16.3854,0
2025-11-13,13:54:00,WULF,S,217,11.4900,0
2025-11-13,14:01:00,WULF,B,217,11.5800,0
2025-11-13,14:05:00,ETHA,S,104,23.9650,0
2025-11-13,14:38:00,ETHA,B,104,24.1500,0
2025-11-13,08:44:00,SNAP,S,279,8.8600,0
2025-11-13,15:00:00,SNAP,B,279,8.6000,0
2025-11-13,09:07:00,TSLS,B,443,5.6400,0
2025-11-13,15:00:00,TSLS,S,443,5.7800,0
2025-11-13,09:08:00,ONDS,B,254,7.0950,0
2025-11-13,15:00:00,ONDS,S,254,6.6000,0
2025-11-13,10:06:00,SOXS,B,657,3.8050,0
2025-11-13,15:00:00,SOXS,S,657,3.8300,0
2025-11-13,10:06:00,SQQQ,B,174,14.3100,0
2025-11-13,15:00:00,SQQQ,S,174,14.4200,0
2025-11-14,08:44:00,ONDS,B,349,7.1600,0
2025-11-14,08:46:00,ONDS,S,174,7.4464,0
2025-11-14,08:46:00,ONDS,S,175,7.4184,0
2025-11-14,08:41:00,OPEN,B,296,8.4500,0
2025-11-14,08:57:00,OPEN,S,148,8.7880,0
2025-11-14,08:57:00,OPEN,S,148,8.7655,0
2025-11-14,09:01:00,MSTU,B,1533,1.6300,0
2025-11-14,09:09:00,MSTU,S,1533,1.5500,0
2025-11-14,09:23:00,IVVD,B,481,2.5800,0
2025-11-14,10:04:00,IVVD,S,240,2.6832,0
2025-11-14,10:04:00,IVVD,S,241,2.6355,0
2025-11-14,08:45:00,PLUG,B,1041,2.4000,0
2025-11-14,14:20:00,PLUG,S,1041,2.3000,0
2025-11-14,08:46:00,WULF,B,215,11.6850,0
2025-11-14,14:56:00,WULF,S,215,10.9700,0
2025-11-14,14:37:00,PLUG,S,1096,2.2800,0
2025-11-14,15:00:00,PLUG,B,1096,2.2600,0
2025-11-17,08:51:00,ONDS,S,358,6.9800,0
2025-11-17,09:07:00,ONDS,B,179,6.7008,0
2025-11-17,09:07:00,ONDS,B,179,6.6827,0
2025-11-17,09:19:00,ONDS,S,384,6.5100,0
2025-11-17,10:03:00,ONDS,B,192,6.2496,0
2025-11-17,10:03:00,ONDS,B,192,6.2755,0
2025-11-17,08:44:00,HPE,B,114,21.9550,0
2025-11-17,10:15:00,HPE,S,114,21.2600,0
2025-11-17,08:41:00,SOXS,S,656,3.8000,0
2025-11-17,12:02:00,SOXS,B,656,4.0050,0
2025-11-17,08:49:00,PLUG,B,1157,2.1600,0
2025-11-17,15:00:00,PLUG,S,1157,2.0800,0
2025-11-17,13:16:00,SOXS,B,611,4.0900,0
2025-11-17,15:00:00,SOXS,S,611,4.0700,0
2025-11-18,08:43:00,SOXL,S,71,34.9600,0
2025-11-18,09:05:00,SOXL,B,35,33.5616,0
2025-11-18,09:05:00,SOXL,B,36,33.5246,0
2025-11-18,08:43:00,SOXS,B,585,4.2800,0
2025-11-18,09:06:00,SOXS,S,292,4.4512,0
2025-11-18,09:06:00,SOXS,S,293,4.4272,0
2025-11-18,09:17:00,SOXL,S,75,33.1750,0
2025-11-18,09:21:00,SOXL,B,75,34.1800,0
2025-11-18,09:16:00,SOXS,B,559,4.4700,0
2025-11-18,09:21:00,SOXS,S,559,4.3700,0
2025-11-18,08:48:00,UVXY,B,203,12.3600,0
2025-11-18,10:45:00,UVXY,S,203,12.0400,0
2025-11-18,08:41:00,ONDS,B,353,6.7500,0
2025-11-18,11:59:00,ONDS,S,176,7.0200,0
2025-11-18,11:59:00,ONDS,S,177,7.3325,0
2025-11-18,08:41:00,WULF,B,213,11.7300,0
2025-11-18,12:25:00,WULF,S,106,12.1992,0
2025-11-18,12:25:00,WULF,S,107,12.2677,0
2025-11-18,13:58:00,ONDS,B,316,7.8900,0
2025-11-18,14:31:00,ONDS,S,316,7.7200,0
2025-11-19,08:41:00,EOSE,B,195,12.7850,0
2025-11-19,09:16:00,EOSE,S,97,13.2964,0
2025-11-19,09:16:00,EOSE,S,98,13.3821,0
2025-11-19,08:53:00,PLUG,B,1385,1.8300,0
2025-11-19,09:21:00,PLUG,S,692,1.9032,0
2025-11-19,09:21:00,PLUG,S,693,1.8936,0
2025-11-19,08:45:00,ETHA,B,108,23.1350,0
2025-11-19,09:30:00,ETHA,S,108,22.8500,0
2025-11-19,09:47:00,OPEN,S,361,6.8950,0
2025-11-19,11:17:00,OPEN,B,180,6.6192,0
2025-11-19,11:17:00,OPEN,B,181,6.6239,0
2025-11-19,13:25:00,EOSE,S,203,12.2600,0
2025-11-19,13:45:00,EOSE,B,203,12.4000,0
2025-11-19,08:41:00,NOK,S,412,6.0600,0
2025-11-19,15:00:00,NOK,B,412,6.0350,0
2025-11-19,10:12:00,ETHA,S,111,22.4000,0
2025-11-19,15:00:00,ETHA,B,111,22.2500,0
2025-11-20,08:54:00,DVLT,B,1420,1.7750,0
2025-11-20,09:02:00,DVLT,S,710,1.8460,0
2025-11-20,09:02:00,DVLT,S,710,1.8436,0
2025-11-20,08:45:00,ACHR,S,323,7.7200,0
2025-11-20,09:03:00,ACHR,B,323,7.8600,0
2025-11-20,08:57:00,WULF,B,182,13.7400,0
2025-11-20,09:04:00,WULF,S,91,14.2896,0
2025-11-20,09:04:00,WULF,S,91,14.2916,0
2025-11-20,09:24:00,DVLT,B,1288,1.9400,0
2025-11-20,09:32:00,DVLT,S,1288,1.8600,0
2025-11-20,08:59:00,TZA,S,296,8.4400,0
2025-11-20,10:05:00,TZA,B,296,8.5950,0
2025-11-20,08:48:00,BBAI,B,400,6.2650,0
2025-11-20,10:10:00,BBAI,S,400,6.1000,0
2025-11-20,09:00:00,SOFI,B,88,28.1350,0
2025-11-20,10:11:00,SOFI,S,88,27.6100,0
2025-11-20,08:41:00,SOXL,S,65,38.3300,0
2025-11-20,10:18:00,SOXL,B,32,36.7968,0
2025-11-20,10:18:00,SOXL,B,33,37.1333,0
2025-11-20,08:48:00,MSTU,S,1798,1.3900,0
2025-11-20,10:20:00,MSTU,B,899,1.3344,0
2025-11-20,10:20:00,MSTU,B,899,1.2589,0
2025-11-20,08:42:00,SOXS,B,649,3.8600,0
2025-11-20,10:27:00,SOXS,S,324,4.0144,0
2025-11-20,10:27:00,SOXS,S,325,4.0414,0
2025-11-20,09:14:00,ONDS,S,338,7.3650,0
2025-11-20,10:28:00,ONDS,B,169,7.0704,0
2025-11-20,10:28:00,ONDS,B,169,6.9436,0
2025-11-20,10:22:00,SOXL,S,68,36.7500,0
2025-11-20,10:43:00,SOXL,B,34,35.2800,0
2025-11-20,10:43:00,SOXL,B,34,35.6275,0
2025-11-20,10:30:00,SOXS,B,612,4.0800,0
2025-11-20,10:54:00,SOXS,S,306,4.2432,0
2025-11-20,10:54:00,SOXS,S,306,4.2692,0
2025-11-20,10:08:00,ACHR,S,336,7.4200,0
2025-11-20,11:00:00,ACHR,B,168,7.1232,0
2025-11-20,11:00:00,ACHR,B,168,7.1392,0
2025-11-20,10:16:00,BBAI,S,411,6.0550,0
2025-11-20,11:14:00,BBAI,B,205,5.8128,0
2025-11-20,11:14:00,BBAI,B,206,5.8255,0
2025-11-20,10:30:00,SOFI,S,92,26.9900,0
2025-11-20,11:20:00,SOFI,B,46,25.9104,0
2025-11-20,11:20:00,SOFI,B,46,25.7099,0
2025-11-20,08:41:00,OPEN,S,370,6.7050,0
2025-11-20,11:21:00,OPEN,B,185,6.4368,0
2025-11-20,11:21:00,OPEN,B,185,6.4271,0
2025-11-20,10:30:00,TZA,B,284,8.7800,0
2025-11-20,11:30:00,TZA,S,142,9.1312,0
2025-11-20,11:30:00,TZA,S,142,9.1322,0
2025-11-20,09:06:00,GRAB,S,470,5.3000,0
2025-11-20,11:39:00,GRAB,B,235,5.0880,0
2025-11-20,11:39:00,GRAB,B,235,5.1130,0
2025-11-20,13:06:00,MSTU,S,2173,1.1500,0
2025-11-20,13:07:00,MSTU,B,2173,1.1600,0
2025-11-20,13:03:00,ONDS,S,389,6.4250,0
2025-11-20,13:11:00,ONDS,B,389,6.4900,0
2025-11-20,13:04:00,OPEN,S,397,6.2700,0
2025-11-20,13:18:00,OPEN,B,397,6.3350,0
2025-11-20,08:41:00,UBER,S,28,88.9700,0
2025-11-20,13:55:00,UBER,B,14,85.4112,0
2025-11-20,13:55:00,UBER,B,14,83.8297,0
2025-11-20,14:24:00,WULF,S,209,11.9200,0
2025-11-20,14:29:00,WULF,B,209,12.0550,0
2025-11-20,09:16:00,BBWI,S,159,15.6750,0
2025-11-20,15:00:00,BBWI,B,159,15.8500,0
2025-11-21,08:41:00,PLUG,B,1298,1.9300,0
2025-11-21,08:45:00,PLUG,S,1298,1.9100,0
2025-11-21,08:42:00,DVLT,B,1000,1.9500,0
2025-11-21,08:51:00,DVLT,S,500,2.0280,0
2025-11-21,08:51:00,DVLT,S,500,2.0155,0
2025-11-21,08:51:00,OPEN,B,371,6.7300,0
2025-11-21,09:21:00,OPEN,S,371,6.5500,0
2025-11-21,09:02:00,ONDS,S,399,6.2600,0
2025-11-21,09:32:00,ONDS,B,199,6.0096,0
2025-11-21,09:32:00,ONDS,B,200,6.0482,0
2025-11-21,08:42:00,MSTU,B,2008,1.2600,0
2025-11-21,09:35:00,MSTU,S,2008,1.1550,0
2025-11-21,08:46:00,KEEL,S,982,2.5300,0
2025-11-21,09:44:00,KEEL,B,491,2.4288,0
2025-11-21,09:44:00,KEEL,B,491,2.4059,0
2025-11-21,13:56:00,ONDS,B,368,6.7900,0
2025-11-21,14:28:00,ONDS,S,368,6.6850,0
2025-11-24,08:42:00,BBAI,B,421,5.9250,0
2025-11-24,08:44:00,BBAI,S,421,5.8200,0
2025-11-24,08:42:00,SOXS,S,588,4.2500,0
2025-11-24,08:44:00,SOXS,B,588,4.3000,0
2025-11-24,08:40:00,OPEN,B,346,7.2100,0
2025-11-24,08:44:00,OPEN,S,346,7.0700,0
2025-11-24,08:41:00,ENLV,S,1052,1.4700,0
2025-11-24,08:45:00,ENLV,B,526,1.4112,0
2025-11-24,08:45:00,ENLV,B,526,1.4097,0
2025-11-24,08:42:00,ONDS,B,346,7.2800,0
2025-11-24,08:59:00,ONDS,S,173,7.5712,0
2025-11-24,08:59:00,ONDS,S,173,7.5472,0
2025-11-24,08:51:00,CCL,S,94,26.5250,0
2025-11-24,09:00:00,CCL,B,94,26.7850,0
2025-11-24,08:41:00,IBIT,S,51,48.6400,0
2025-11-24,09:07:00,IBIT,B,51,49.1400,0
2025-11-24,08:45:00,NVO,S,57,43.4300,0
2025-11-24,09:21:00,NVO,B,57,44.0800,0
2025-11-24,09:13:00,ONDS,B,309,8.0700,0
2025-11-24,09:21:00,ONDS,S,309,7.8450,0
2025-11-24,08:51:00,ETHA,S,118,21.1300,0
2025-11-24,09:42:00,ETHA,B,118,21.5300,0
2025-11-24,08:42:00,GOOGL,B,7,316.5250,0
2025-11-24,10:43:00,GOOGL,S,7,313.2700,0
2025-11-24,08:54:00,TSLL,B,147,17.0150,0
2025-11-24,13:27:00,TSLL,S,73,17.6956,0
2025-11-24,13:27:00,TSLL,S,74,17.6259,0
2025-11-24,08:43:00,TZA,S,291,8.5900,0
2025-11-24,15:00:00,TZA,B,145,8.2464,0
2025-11-24,15:00:00,TZA,B,146,8.2500,0
2025-11-24,08:55:00,TSLS,S,441,5.6600,0
2025-11-24,15:00:00,TSLS,B,441,5.5450,0
2025-11-24,09:25:00,GRAB,B,470,5.3100,0
2025-11-24,15:00:00,GRAB,S,470,5.2600,0
2025-11-24,10:19:00,IBIT,B,50,49.4800,0
2025-11-24,15:00:00,IBIT,S,50,50.5800,0
2025-11-24,14:31:00,CCL,S,99,25.0500,0
2025-11-24,15:00:00,CCL,B,99,24.7500,0
2025-11-25,08:42:00,CETY,B,500,2.1200,0
2025-11-25,08:42:00,CETY,S,250,2.2048,0
2025-11-25,08:42:00,CETY,S,250,2.2188,0
2025-11-25,08:41:00,WULF,S,204,12.0700,0
2025-11-25,08:57:00,WULF,B,204,12.5450,0
2025-11-25,08:46:00,RKT,B,134,18.6000,0
2025-11-25,09:48:00,RKT,S,67,19.3440,0
2025-11-25,09:48:00,RKT,S,67,19.2040,0
2025-11-25,09:45:00,WULF,B,196,12.7500,0
2025-11-25,10:57:00,WULF,S,98,13.2600,0
2025-11-25,10:57:00,WULF,S,98,13.2875,0
2025-11-25,08:43:00,CMG,B,78,32.0300,0
2025-11-25,15:00:00,CMG,S,39,33.3112,0
2025-11-25,15:00:00,CMG,S,39,33.4050,0
2025-11-26,08:50:00,SOXL,B,65,38.0800,0
2025-11-26,08:59:00,SOXL,S,65,37.5500,0
2025-11-26,09:43:00,KEEL,S,899,2.7700,0
2025-11-26,11:47:00,KEEL,B,899,2.8600,0
2025-11-26,08:51:00,SOXS,S,664,3.7300,0
2025-11-26,14:48:00,SOXS,B,332,3.5808,0
2025-11-26,14:48:00,SOXS,B,332,3.5773,0
2025-11-26,13:23:00,KEEL,B,827,3.0250,0
2025-11-26,15:00:00,KEEL,S,827,3.0900,0
2025-11-28,08:46:00,CRML,B,313,8.0350,0
2025-11-28,09:28:00,CRML,S,156,8.3564,0
2025-11-28,09:28:00,CRML,S,157,8.2654,0
2025-11-28,08:51:00,IMSR,B,262,9.5700,0
2025-11-28,09:32:00,IMSR,S,262,9.3850,0
2025-11-28,09:21:00,RPAY,B,755,3.3200,0
2025-11-28,10:27:00,RPAY,S,755,3.2800,0
2025-11-28,09:15:00,GPRE,S,252,9.8600,0
2025-11-28,10:28:00,GPRE,B,252,10.1750,0
2025-11-28,09:42:00,IMAX,B,66,37.5700,0
2025-11-28,10:30:00,IMAX,S,66,37.0950,0
2025-11-28,09:29:00,FRMM,B,224,11.1800,0
2025-11-28,11:30:00,FRMM,S,224,10.8000,0
2025-11-28,09:09:00,ELDN,B,1515,1.6550,0
2025-11-28,15:00:00,ELDN,S,1515,1.6300,0
2025-11-28,09:13:00,BZAI,B,1012,2.4800,0
2025-11-28,15:00:00,BZAI,S,1012,2.4950,0
2025-11-28,09:18:00,NN,B,173,14.5950,0
2025-11-28,15:00:00,NN,S,173,14.2650,0
2025-11-28,09:40:00,BMEA,B,2293,1.1050,0
2025-11-28,15:00:00,BMEA,S,2293,1.1100,0
2025-11-28,09:57:00,MXL,S,159,15.6600,0
2025-11-28,15:00:00,MXL,B,159,15.5800,0
2025-11-28,09:58:00,ACHV,B,516,4.8750,0
2025-11-28,15:00:00,ACHV,S,516,4.8900,0
2025-11-28,09:58:00,VOR,S,301,8.2400,0
2025-11-28,15:00:00,VOR,B,301,8.3100,0
2025-11-28,10:23:00,LGN,S,54,46.0000,0
2025-11-28,15:00:00,LGN,B,54,45.8800,0
2025-11-28,10:42:00,GRPN,S,148,16.8200,0
2025-11-28,15:00:00,GRPN,B,148,16.9100,0
2025-12-01,08:49:00,BYND,B,2539,0.9844,0
2025-12-01,09:25:00,BYND,S,2539,0.9711,0
2025-12-01,09:20:00,MSTU,S,2427,1.0100,0
2025-12-01,09:34:00,MSTU,B,1213,0.9696,0
2025-12-01,09:34:00,MSTU,B,1214,0.9457,0
2025-12-01,09:39:00,MSTU,S,2672,0.9351,0
2025-12-01,09:53:00,MSTU,B,2672,0.9540,0
2025-12-01,08:44:00,NIO,S,472,5.2650,0
2025-12-01,15:00:00,NIO,B,472,5.1850,0
2025-12-01,08:47:00,KEEL,B,753,3.3500,0
2025-12-01,15:00:00,KEEL,S,753,3.2900,0
2025-12-01,09:03:00,IBIT,S,51,48.7500,0
2025-12-01,15:00:00,IBIT,B,51,48.5200,0
2025-12-02,08:41:00,IBIT,S,49,50.2100,0
2025-12-02,08:45:00,IBIT,B,49,50.4500,0
2025-12-02,08:53:00,KEEL,S,753,3.2900,0
2025-12-02,09:05:00,KEEL,B,753,3.4200,0
2025-12-02,08:50:00,INTC,B,60,41.1500,0
2025-12-02,10:00:00,INTC,S,30,42.7960,0
2025-12-02,10:00:00,INTC,S,30,42.9285,0
2025-12-02,08:45:00,ONDS,S,328,7.5050,0
2025-12-02,10:05:00,ONDS,B,328,8.0300,0
2025-12-02,08:41:00,SOXS,S,781,3.1900,0
2025-12-02,10:24:00,SOXS,B,781,3.3400,0
2025-12-02,09:13:00,MSTU,B,1968,1.2700,0
2025-12-02,10:24:00,MSTU,S,1968,1.2100,0
2025-12-02,08:41:00,SOXL,B,56,44.2400,0
2025-12-02,10:24:00,SOXL,S,56,42.3450,0
2025-12-02,08:43:00,PLUG,B,1262,2.0000,0
2025-12-02,11:51:00,PLUG,S,631,2.0800,0
2025-12-02,11:51:00,PLUG,S,631,2.0750,0
2025-12-02,08:42:00,IREN,B,54,46.0800,0
2025-12-02,12:10:00,IREN,S,54,44.6000,0
2025-12-02,14:09:00,INTC,B,57,43.4200,0
2025-12-02,14:14:00,INTC,S,57,43.3200,0
2025-12-02,14:22:00,PLUG,B,1146,2.1800,0
2025-12-02,14:28:00,PLUG,S,1146,2.1650,0
2025-12-02,14:33:00,IREN,S,58,42.7150,0
2025-12-02,14:59:00,IREN,B,29,41.0064,0
2025-12-02,14:59:00,IREN,B,29,41.2571,0
2025-12-02,09:12:00,IBIT,B,48,51.1900,0
2025-12-02,15:00:00,IBIT,S,48,51.6500,0
2025-12-02,14:36:00,KEEL,S,787,3.1750,0
2025-12-02,15:00:00,KEEL,B,787,3.1050,0
2025-12-03,08:44:00,NIO,B,503,4.9750,0
2025-12-03,09:02:00,NIO,S,503,4.8750,0
2025-12-03,09:04:00,RR,B,665,3.7550,0
2025-12-03,12:01:00,RR,S,332,3.9052,0
2025-12-03,12:01:00,RR,S,333,3.9266,0
2025-12-03,09:10:00,ONDS,S,291,7.5900,0
2025-12-03,13:55:00,ONDS,B,291,8.3650,0
2025-12-03,13:55:00,RR,B,598,4.1750,0
2025-12-03,14:04:00,RR,S,598,4.1200,0
2025-12-03,08:43:00,PLUG,B,1157,2.1600,0
2025-12-03,15:00:00,PLUG,S,1157,2.2100,0
2025-12-03,09:04:00,SOXS,S,786,3.1750,0
2025-12-03,15:00:00,SOXS,B,393,3.0480,0
2025-12-03,15:00:00,SOXS,B,393,3.0200,0
2025-12-03,09:06:00,TZA,S,331,7.5400,0
2025-12-03,15:00:00,TZA,B,331,7.3000,0
2025-12-03,09:11:00,NIO,S,513,4.8600,0
2025-12-03,15:00:00,NIO,B,513,4.7700,0
2025-12-04,08:48:00,BBAI,B,400,6.2500,0
2025-12-04,09:20:00,BBAI,S,200,6.5000,0
2025-12-04,09:20:00,BBAI,S,200,6.5075,0
2025-12-04,08:41:00,RGTI,B,95,26.2400,0
2025-12-04,09:24:00,RGTI,S,47,27.2896,0
2025-12-04,09:24:00,RGTI,S,48,27.5176,0
2025-12-04,09:42:00,RGTI,B,89,27.9300,0
2025-12-04,11:32:00,RGTI,S,44,29.0472,0
2025-12-04,11:32:00,RGTI,S,45,28.8307,0
2025-12-04,09:28:00,BBAI,B,376,6.6400,0
2025-12-04,12:40:00,BBAI,S,188,6.9056,0
2025-12-04,12:40:00,BBAI,S,188,6.9236,0
2025-12-04,08:50:00,OPEN,B,352,7.1100,0
2025-12-04,12:51:00,OPEN,S,176,7.3944,0
2025-12-04,12:51:00,OPEN,S,176,7.4089,0
2025-12-04,08:43:00,INTC,S,58,42.6500,0
2025-12-04,15:00:00,INTC,B,29,40.9440,0
2025-12-04,15:00:00,INTC,B,29,40.5300,0
2025-12-04,08:45:00,PATH,B,147,17.0000,0
2025-12-04,15:00:00,PATH,S,73,17.6800,0
2025-12-04,15:00:00,PATH,S,74,18.4800,0
2025-12-04,13:26:00,OPEN,B,333,7.5050,0
2025-12-04,15:00:00,OPEN,S,333,7.5750,0
2025-12-05,09:14:00,DBRG,B,254,12.0700,0
2025-12-05,09:14:00,DBRG,S,127,12.5528,0
2025-12-05,09:14:00,DBRG,S,127,12.4393,0
2025-12-05,09:11:00,BBD,B,687,3.6400,0
2025-12-05,09:54:00,BBD,S,687,3.6100,0
2025-12-05,09:01:00,ITUB,B,309,8.0750,0
2025-12-05,09:54:00,ITUB,S,309,8.0400,0
2025-12-05,08:49:00,EWZ,B,72,34.6150,0
2025-12-05,09:54:00,EWZ,S,72,34.5100,0
2025-12-05,09:14:00,GGB,B,681,3.6750,0
2025-12-05,09:54:00,GGB,S,681,3.6500,0
2025-12-05,10:04:00,WBD,B,98,25.4500,0
2025-12-05,11:41:00,WBD,S,98,25.0000,0
2025-12-05,10:04:00,BBD,S,702,3.5600,0
2025-12-05,13:38:00,BBD,B,351,3.4176,0
2025-12-05,13:38:00,BBD,B,351,3.3506,0
2025-12-05,10:04:00,EWZ,S,73,34.0050,0
2025-12-05,13:44:00,EWZ,B,36,32.6448,0
2025-12-05,13:44:00,EWZ,B,37,32.7700,0
2025-12-05,09:55:00,NU,S,142,17.5100,0
2025-12-05,14:17:00,NU,B,71,16.8096,0
2025-12-05,14:17:00,NU,B,71,16.7751,0
2025-12-05,08:44:00,SOFI,B,91,27.4350,0
2025-12-05,15:00:00,SOFI,S,91,27.7900,0
2025-12-05,13:08:00,GGB,S,712,3.5100,0
2025-12-05,15:00:00,GGB,B,712,3.4800,0
2025-12-08,08:43:00,WVE,B,147,14.3450,0
2025-12-08,09:10:00,WVE,S,73,14.9188,0
2025-12-08,09:10:00,WVE,S,74,14.8065,0
2025-12-08,09:23:00,WVE,B,158,15.8200,0
2025-12-08,09:30:00,WVE,S,79,16.4528,0
2025-12-08,09:30:00,WVE,S,79,16.2061,0
2025-12-09,09:00:00,ETHA,B,105,23.5950,0
2025-12-09,11:24:00,ETHA,S,52,24.5388,0
2025-12-09,11:24:00,ETHA,S,53,25.4541,0
2025-12-10,08:46:00,BEAT,S,909,1.3800,0
2025-12-10,08:58:00,BEAT,B,454,1.3248,0
2025-12-10,08:58:00,BEAT,B,455,1.3454,0
2025-12-10,08:44:00,OPEN,S,346,7.1900,0
2025-12-10,09:50:00,OPEN,B,346,7.2650,0
2025-12-11,08:48:00,RZLT,B,1000,1.4100,0
2025-12-11,09:17:00,RZLT,S,1000,1.2000,0
2025-12-11,09:07:00,CDE,B,150,16.7650,0
2025-12-11,11:57:00,CDE,S,75,17.4356,0
2025-12-11,11:57:00,CDE,S,75,17.5574,0
2025-12-11,08:44:00,RIVN,S,149,16.7350,0
2025-12-11,12:22:00,RIVN,B,74,16.0656,0
2025-12-11,12:22:00,RIVN,B,75,15.8974,0
2025-12-11,09:19:00,PLUG,B,1118,2.2500,0
2025-12-11,13:55:00,PLUG,S,559,2.3400,0
2025-12-11,13:55:00,PLUG,S,559,2.3575,0
2025-12-12,08:48:00,BBAI,S,375,6.6500,0
2025-12-12,08:53:00,BBAI,B,375,6.7600,0
2025-12-12,08:42:00,MSOS,S,520,4.7750,0
2025-12-12,08:56:00,MSOS,B,520,5.1300,0
2025-12-12,08:41:00,RIVN,B,123,18.4900,0
2025-12-12,09:00:00,RIVN,S,61,19.2296,0
2025-12-12,09:00:00,RIVN,S,62,19.0451,0
2025-12-12,09:01:00,SOXS,B,826,3.0350,0
2025-12-12,09:32:00,SOXS,S,413,3.1564,0
2025-12-12,09:32:00,SOXS,S,413,3.1497,0
2025-12-12,09:40:00,SOXS,B,786,3.1800,0
2025-12-12,09:45:00,SOXS,S,786,3.1400,0
2025-12-12,09:05:00,YCBD,S,975,1.0950,0
2025-12-12,09:46:00,YCBD,B,487,1.0512,0
2025-12-12,09:46:00,YCBD,B,488,1.0236,0
2025-12-12,09:11:00,RIVN,B,130,19.2300,0
2025-12-12,10:09:00,RIVN,S,130,18.8650,0
2025-12-12,08:55:00,CGC,B,1730,1.4500,0
2025-12-12,10:11:00,CGC,S,865,1.5080,0
2025-12-12,10:11:00,CGC,S,865,1.4959,0
2025-12-12,08:49:00,TQQQ,S,45,54.8900,0
2025-12-12,10:29:00,TQQQ,B,22,52.6944,0
2025-12-12,10:29:00,TQQQ,B,23,52.8989,0
2025-12-12,10:04:00,BBAI,S,390,6.3900,0
2025-12-12,11:24:00,BBAI,B,390,6.4500,0
2025-12-12,13:31:00,CGC,B,1445,1.7300,0
2025-12-12,14:00:00,CGC,S,1445,1.6850,0
2025-12-12,08:43:00,AVGO,S,6,372.2850,0
2025-12-12,14:54:00,AVGO,B,3,357.3936,0
2025-12-12,14:54:00,AVGO,B,3,358.8929,0
2025-12-15,08:42:00,ONDS,S,301,8.2850,0
2025-12-15,08:47:00,ONDS,B,150,7.9536,0
2025-12-15,08:47:00,ONDS,B,151,7.7828,0
2025-12-15,08:41:00,CLSK,S,190,13.1400,0
2025-12-15,08:51:00,CLSK,B,95,12.6144,0
2025-12-15,08:51:00,CLSK,B,95,12.4664,0
2025-12-15,08:41:00,BBAI,S,407,6.1300,0
2025-12-15,09:05:00,BBAI,B,203,5.8848,0
2025-12-15,09:05:00,BBAI,B,204,5.8913,0
2025-12-15,08:44:00,CGC,S,1111,1.6800,0
2025-12-15,09:14:00,CGC,B,1111,1.8650,0
2025-12-15,09:24:00,CLSK,S,212,11.7700,0
2025-12-15,09:29:00,CLSK,B,212,11.9100,0
2025-12-15,09:16:00,BBAI,S,428,5.8200,0
2025-12-15,09:32:00,BBAI,B,428,5.9400,0
2025-12-15,09:17:00,ONDS,S,324,7.7000,0
2025-12-15,09:44:00,ONDS,B,324,8.0000,0
2025-12-15,10:29:00,TSDD,S,333,7.4800,0
2025-12-15,15:00:00,TSDD,B,333,7.6900,0
2025-12-16,08:42:00,CGC,B,851,1.8000,0
2025-12-16,09:52:00,CGC,S,425,1.8720,0
2025-12-16,09:52:00,CGC,S,426,1.8620,0
2025-12-16,08:46:00,CMCSA,B,88,28.2750,0
2025-12-16,11:26:00,CMCSA,S,44,29.4060,0
2025-12-16,11:26:00,CMCSA,S,44,29.2772,0
2025-12-16,08:41:00,EWZ,S,78,31.9000,0
2025-12-16,15:00:00,EWZ,B,78,31.6000,0
2025-12-16,14:52:00,CMCSA,B,83,29.8300,0
2025-12-16,15:00:00,CMCSA,S,83,29.7400,0
2025-12-17,08:44:00,PLUG,B,1041,2.4150,0
2025-12-17,09:33:00,PLUG,S,1041,2.2900,0
2025-12-17,08:47:00,SOXS,B,730,3.4200,0
2025-12-17,09:52:00,SOXS,S,365,3.5568,0
2025-12-17,09:52:00,SOXS,S,365,3.6208,0
2025-12-17,08:41:00,TQQQ,S,47,52.0900,0
2025-12-17,11:24:00,TQQQ,B,23,50.0064,0
2025-12-17,11:24:00,TQQQ,B,24,50.5209,0
2025-12-17,09:48:00,PLUG,S,1098,2.2750,0
2025-12-17,15:00:00,PLUG,B,549,2.1840,0
2025-12-17,15:00:00,PLUG,B,549,2.1627,0
2025-12-17,08:44:00,PLTD,B,391,6.4000,0
2025-12-17,15:00:00,PLTD,S,195,6.6560,0
2025-12-17,15:00:00,PLTD,S,196,6.6700,0
2025-12-17,08:46:00,OPEN,S,375,6.6400,0
2025-12-17,15:00:00,OPEN,B,187,6.3744,0
2025-12-17,15:00:00,OPEN,B,188,6.1200,0
2025-12-17,08:48:00,BBAI,S,429,5.8100,0
2025-12-17,15:00:00,BBAI,B,214,5.5776,0
2025-12-17,15:00:00,BBAI,B,215,5.4600,0
2025-12-17,09:18:00,RXRX,B,514,4.9000,0
2025-12-17,15:00:00,RXRX,S,514,4.6850,0
2025-12-17,10:15:00,SOXS,B,679,3.6800,0
2025-12-17,15:00:00,SOXS,S,679,3.7700,0
2025-12-18,08:41:00,MSOS,B,346,7.2200,0
2025-12-18,08:46:00,MSOS,S,346,7.0200,0
2025-12-18,08:44:00,SOXS,B,737,3.3900,0
2025-12-18,09:22:00,SOXS,S,368,3.5256,0
2025-12-18,09:22:00,SOXS,S,369,3.5061,0
2025-12-18,09:10:00,MSOS,S,364,6.8600,0
2025-12-18,10:07:00,MSOS,B,364,7.0800,0
2025-12-18,08:42:00,CGC,B,869,2.3450,0
2025-12-18,12:00:00,CGC,S,869,2.0500,0
2025-12-18,08:59:00,RIVN,B,131,19.1100,0
2025-12-18,14:50:00,RIVN,S,65,19.8744,0
2025-12-18,14:50:00,RIVN,S,66,20.1389,0
2025-12-18,09:05:00,INFY,B,135,18.5300,0
2025-12-18,15:00:00,INFY,S,135,19.2700,0
2025-12-19,08:41:00,ETHA,S,112,22.2550,0
2025-12-19,08:44:00,ETHA,B,112,22.4400,0
2025-12-19,08:41:00,INFY,B,124,20.2750,0
2025-12-19,08:52:00,INFY,S,62,21.0860,0
2025-12-19,08:52:00,INFY,S,62,20.9522,0
2025-12-19,08:56:00,INFY,B,118,21.1550,0
2025-12-19,09:03:00,INFY,S,59,22.0012,0
2025-12-19,09:03:00,INFY,S,59,21.8254,0
2025-12-19,08:41:00,CCL,B,85,29.5700,0
2025-12-19,09:32:00,CCL,S,42,30.7528,0
2025-12-19,09:32:00,CCL,S,43,30.8443,0
2025-12-19,09:59:00,BBAI,B,422,5.9700,0
2025-12-19,10:30:00,BBAI,S,211,6.2088,0
2025-12-19,10:30:00,BBAI,S,211,6.2303,0
2025-12-19,08:47:00,RIVN,B,117,21.2350,0
2025-12-19,11:33:00,RIVN,S,58,22.0844,0
2025-12-19,11:33:00,RIVN,S,59,22.3371,0
2025-12-19,09:22:00,NKE,B,41,60.0250,0
2025-12-19,12:39:00,NKE,S,41,58.7500,0
2025-12-19,14:28:00,CCL,B,79,31.4150,0
2025-12-19,14:34:00,CCL,S,79,31.3300,0
2025-12-19,08:41:00,FOLD,B,175,14.2700,0
2025-12-19,15:00:00,FOLD,S,175,14.2100,0
2025-12-19,08:44:00,SOXS,S,769,3.2300,0
2025-12-19,15:00:00,SOXS,B,769,3.2050,0
2025-12-19,09:05:00,WIT,B,836,3.0150,0
2025-12-19,15:00:00,WIT,S,836,3.0650,0
2025-12-19,09:21:00,DNN,B,925,2.7100,0
2025-12-19,15:00:00,DNN,S,925,2.7500,0
2025-12-22,08:42:00,QBTS,B,88,28.8300,0
2025-12-22,08:49:00,QBTS,S,44,29.9832,0
2025-12-22,08:49:00,QBTS,S,44,29.8517,0
2025-12-22,08:42:00,SIDU,S,689,1.8300,0
2025-12-22,09:11:00,SIDU,B,689,2.1900,0
2025-12-22,09:15:00,QBTS,B,82,30.4300,0
2025-12-22,11:03:00,QBTS,S,41,31.6472,0
2025-12-22,11:03:00,QBTS,S,41,31.7957,0
2025-12-23,08:54:00,HIHO,B,666,1.5400,0
2025-12-23,09:00:00,HIHO,S,333,1.6016,0
2025-12-23,09:00:00,HIHO,S,333,1.5632,0
2025-12-23,08:51:00,TRIB,S,666,1.4100,0
2025-12-23,09:01:00,TRIB,B,333,1.3536,0
2025-12-23,09:01:00,TRIB,B,333,1.4100,0
2025-12-23,08:47:00,NVO,B,47,52.9950,0
2025-12-23,12:41:00,NVO,S,47,51.7600,0
2025-12-24,08:41:00,CRML,B,305,8.1900,0
2025-12-24,10:45:00,CRML,S,305,8.0300,0
2025-12-24,08:46:00,BZAI,S,1176,2.1250,0
2025-12-24,15:00:00,BZAI,B,1176,2.1400,0
2025-12-24,09:03:00,GRPN,S,136,18.3650,0
2025-12-24,15:00:00,GRPN,B,136,18.1800,0
2025-12-24,09:13:00,IMAX,B,66,37.6600,0
2025-12-24,15:00:00,IMAX,S,66,37.7600,0
2025-12-24,09:30:00,MXL,S,142,17.4800,0
2025-12-24,15:00:00,MXL,B,142,17.5300,0
2025-12-24,09:33:00,ACHV,B,577,4.3400,0
2025-12-24,15:00:00,ACHV,S,577,4.4500,0
2025-12-24,09:37:00,LZM,S,564,4.3950,0
2025-12-24,15:00:00,LZM,B,564,4.4350,0
2025-12-24,09:37:00,IMSR,B,357,7.0600,0
2025-12-24,15:00:00,IMSR,S,357,7.0200,0
2025-12-24,09:39:00,VOR,B,139,15.2150,0
2025-12-24,15:00:00,VOR,S,139,14.5600,0
2025-12-24,09:41:00,FRMM,S,484,5.1500,0
2025-12-24,15:00:00,FRMM,B,484,5.1600,0
2025-12-24,10:01:00,LGN,S,56,44.4500,0
2025-12-24,15:00:00,LGN,B,56,44.3400,0
2025-12-24,10:02:00,NEXA,S,283,8.8100,0
2025-12-24,15:00:00,NEXA,B,283,8.8700,0
2025-12-24,10:03:00,RPAY,S,672,3.7150,0
2025-12-24,15:00:00,RPAY,B,672,3.7100,0
2025-12-24,10:20:00,CADL,B,409,6.1300,0
2025-12-24,15:00:00,CADL,S,409,6.0850,0
2025-12-24,11:00:00,PARR,B,70,35.3200,0
2025-12-24,15:00:00,PARR,S,70,35.5000,0
2025-12-26,09:31:00,RPAY,B,679,3.6850,0
2025-12-26,10:18:00,RPAY,S,679,3.6450,0
2025-12-26,09:24:00,EVTL,S,469,5.3100,0
2025-12-26,10:25:00,EVTL,B,469,5.5000,0
2025-12-26,09:42:00,LZM,S,571,4.3700,0
2025-12-26,12:10:00,LZM,B,571,4.4300,0
2025-12-26,13:51:00,BMEA,B,1879,1.3300,0
2025-12-26,14:11:00,BMEA,S,1879,1.3200,0
2025-12-26,14:26:00,MXL,B,140,17.8300,0
2025-12-26,14:45:00,MXL,S,140,17.7900,0
2025-12-26,08:43:00,CRML,S,320,7.8000,0
2025-12-26,15:00:00,CRML,B,320,7.7400,0
2025-12-26,08:49:00,IMSR,S,377,6.6200,0
2025-12-26,15:00:00,IMSR,B,377,6.8400,0
2025-12-26,08:52:00,BZAI,S,1207,2.0700,0
2025-12-26,15:00:00,BZAI,B,1207,2.0000,0
2025-12-26,09:25:00,LGN,B,56,44.1850,0
2025-12-26,15:00:00,LGN,S,56,44.6050,0
2025-12-26,09:29:00,CADL,B,416,6.0100,0
2025-12-26,15:00:00,CADL,S,416,6.0100,0
2025-12-26,09:36:00,NEXA,B,270,9.2450,0
2025-12-26,15:00:00,NEXA,S,270,9.3900,0
2025-12-26,09:55:00,VOR,B,177,14.1800,0
2025-12-26,15:00:00,VOR,S,177,14.7400,0
2025-12-26,09:59:00,IMAX,B,66,38.0100,0
2025-12-26,15:00:00,IMAX,S,66,37.6800,0
2025-12-26,10:05:00,NN,B,148,16.8850,0
2025-12-26,15:00:00,NN,S,148,17.0700,0
2025-12-26,10:06:00,GRPN,B,137,18.2000,0
2025-12-26,15:00:00,GRPN,S,137,18.0650,0
2025-12-26,10:11:00,FRMM,B,483,5.2000,0
2025-12-26,15:00:00,FRMM,S,483,5.1800,0
2025-12-26,10:11:00,GPRE,B,249,10.0500,0
2025-12-26,15:00:00,GPRE,S,249,9.8700,0
2025-12-26,14:00:00,PARR,S,71,35.0400,0
2025-12-26,15:00:00,PARR,B,71,35.0000,0
2025-12-26,14:22:00,XNDU,S,229,10.8900,0
2025-12-26,15:00:00,XNDU,B,229,10.8800,0
2025-12-26,14:57:00,ACHV,B,556,4.4900,0
2025-12-26,15:00:00,ACHV,S,556,4.4700,0
2025-12-29,08:47:00,SLV,B,37,66.2950,0
2025-12-29,09:07:00,SLV,S,37,65.1500,0
2025-12-29,09:31:00,SLV,S,38,64.2850,0
2025-12-29,09:36:00,SLV,B,38,64.7000,0
2025-12-30,09:08:00,VOR,S,192,12.9800,0
2025-12-30,10:24:00,VOR,B,192,13.5700,0
2025-12-30,09:33:00,IMAX,S,67,37.2750,0
2025-12-30,10:25:00,IMAX,B,67,37.5450,0
2025-12-30,09:03:00,FRMM,B,472,5.2900,0
2025-12-30,12:42:00,FRMM,S,472,5.1400,0
2025-12-30,09:59:00,SPIR,B,319,7.8800,0
2025-12-30,12:53:00,SPIR,S,319,7.7000,0
2025-12-30,09:09:00,RPAY,B,680,3.6850,0
2025-12-30,14:06:00,RPAY,S,680,3.6300,0
2025-12-30,09:09:00,BZAI,B,1256,1.9900,0
2025-12-30,14:49:00,BZAI,S,1256,1.9400,0
2025-12-30,08:44:00,CRML,S,346,7.2000,0
2025-12-30,15:00:00,CRML,B,173,6.9120,0
2025-12-30,15:00:00,CRML,B,173,6.9000,0
2025-12-30,09:02:00,GRPN,B,141,17.7650,0
2025-12-30,15:00:00,GRPN,S,141,17.8450,0
2025-12-30,09:04:00,IMSR,S,405,6.1200,0
2025-12-30,15:00:00,IMSR,B,405,6.1050,0
2025-12-30,09:22:00,IFRX,B,2427,1.0500,0
2025-12-30,15:00:00,IFRX,S,2427,1.0250,0
2025-12-30,09:30:00,LGN,B,57,43.7300,0
2025-12-30,15:00:00,LGN,S,57,43.5200,0
2025-12-30,09:34:00,GPRE,S,257,9.7050,0
2025-12-30,15:00:00,GPRE,B,257,9.7300,0
2025-12-30,09:54:00,NEXA,B,277,9.0250,0
2025-12-30,15:00:00,NEXA,S,277,9.0650,0
2025-12-30,10:03:00,PARR,S,70,35.5000,0
2025-12-30,15:00:00,PARR,B,70,35.5400,0
2025-12-30,10:05:00,ACHV,B,512,4.8500,0
2025-12-30,15:00:00,ACHV,S,512,4.7150,0
2025-12-30,10:31:00,CADL,S,434,5.7450,0
2025-12-30,15:00:00,CADL,B,434,5.7150,0
2025-12-30,14:46:00,SPIR,S,328,7.6150,0
2025-12-30,15:00:00,SPIR,B,328,7.6400,0
2025-12-30,14:48:00,LZM,B,575,4.3800,0
2025-12-30,15:00:00,LZM,S,575,4.3100,0
2025-12-31,09:26:00,ONDS,B,261,9.5600,0
2025-12-31,09:30:00,ONDS,S,130,9.9424,0
2025-12-31,09:30:00,ONDS,S,131,9.9244,0
2025-12-31,09:39:00,ONDS,B,245,10.1750,0
2025-12-31,09:54:00,ONDS,S,245,9.9800,0
2025-12-31,08:48:00,SLV,B,37,66.4600,0
2025-12-31,10:04:00,SLV,S,37,65.3500,0
2025-12-31,13:42:00,SLV,S,39,64.0300,0
2025-12-31,14:18:00,SLV,B,39,64.2200,0
2025-12-31,08:41:00,NIO,S,492,5.0750,0
2025-12-31,15:00:00,NIO,B,492,5.1000,0
2026-01-02,08:44:00,CRML,B,335,7.5400,0
2026-01-02,08:54:00,CRML,S,167,7.8416,0
2026-01-02,08:54:00,CRML,S,168,7.7946,0
2026-01-02,09:02:00,CRML,B,316,7.8900,0
2026-01-02,09:13:00,CRML,S,316,7.6700,0
2026-01-02,09:15:00,IMAX,S,69,35.7650,0
2026-01-02,09:24:00,IMAX,B,69,36.0300,0
2026-01-02,08:44:00,BZAI,B,1262,1.9950,0
2026-01-02,09:32:00,BZAI,S,631,2.0748,0
2026-01-02,09:32:00,BZAI,S,631,2.0551,0
2026-01-02,10:01:00,GRPN,S,144,17.3050,0
2026-01-02,10:02:00,GRPN,B,144,17.3450,0
2026-01-02,09:13:00,RPAY,S,685,3.6450,0
2026-01-02,10:35:00,RPAY,B,685,3.6800,0
2026-01-02,09:40:00,FRMM,B,487,5.1400,0
2026-01-02,10:45:00,FRMM,S,487,5.1000,0
2026-01-02,10:18:00,NN,B,150,16.6600,0
2026-01-02,10:58:00,NN,S,150,16.2000,0
2026-01-02,09:21:00,VOR,S,185,12.3300,0
2026-01-02,11:42:00,VOR,B,92,11.8368,0
2026-01-02,11:42:00,VOR,B,93,11.8833,0
2026-01-02,10:05:00,NKTX,B,1326,1.8950,0
2026-01-02,12:16:00,NKTX,S,1326,1.8500,0
2026-01-02,10:11:00,MXL,S,139,17.9800,0
2026-01-02,14:14:00,MXL,B,139,18.3600,0
2026-01-02,09:42:00,EVTL,B,452,5.5650,0
2026-01-02,14:57:00,EVTL,S,226,5.7876,0
2026-01-02,14:57:00,EVTL,S,226,5.8293,0
2026-01-02,09:21:00,NEXA,S,277,8.9700,0
2026-01-02,15:00:00,NEXA,B,277,8.8050,0
2026-01-02,09:25:00,IMSR,B,395,6.3400,0
2026-01-02,15:00:00,IMSR,S,395,6.5150,0
2026-01-02,09:35:00,PARR,B,69,35.7900,0
2026-01-02,15:00:00,PARR,S,69,35.7950,0
2026-01-02,10:01:00,SPIR,B,326,7.6600,0
2026-01-02,15:00:00,SPIR,S,326,7.8050,0
2026-01-02,10:43:00,ELDN,B,1582,1.5850,0
2026-01-02,15:00:00,ELDN,S,1582,1.6200,0
2026-01-02,14:44:00,IFRX,B,2293,1.1150,0
2026-01-02,15:00:00,IFRX,S,2293,1.0950,0
2026-01-05,08:41:00,SLV,S,36,68.7100,0
2026-01-05,08:52:00,SLV,B,36,69.4500,0
2026-01-05,09:06:00,SLB,S,58,42.9300,0
2026-01-05,09:24:00,SLB,B,58,43.8050,0
2026-01-05,08:43:00,HAL,S,79,31.5950,0
2026-01-05,09:25:00,HAL,B,79,32.2000,0
2026-01-05,09:35:00,HAL,B,77,32.4500,0
2026-01-05,09:37:00,HAL,S,77,32.2900,0
2026-01-05,08:59:00,PLUG,S,1108,2.2500,0
2026-01-05,09:52:00,PLUG,B,1108,2.3050,0
2026-01-05,09:35:00,SLB,B,56,44.3600,0
2026-01-05,09:57:00,SLB,S,56,44.1450,0
2026-01-05,09:58:00,SLV,B,35,69.9900,0
2026-01-05,10:07:00,SLV,S,35,69.4800,0
2026-01-05,08:53:00,CVE,S,154,16.1600,0
2026-01-05,12:28:00,CVE,B,154,16.4100,0
2026-01-05,08:46:00,ONDS,B,219,11.4500,0
2026-01-05,12:57:00,ONDS,S,109,11.9080,0
2026-01-05,12:57:00,ONDS,S,110,12.1107,0
2026-01-05,08:44:00,ASST,B,2551,0.9840,0
2026-01-05,13:00:00,ASST,S,1275,1.0234,0
2026-01-05,13:00:00,ASST,S,1276,1.0150,0
2026-01-05,08:48:00,NU,B,143,17.3850,0
2026-01-05,13:57:00,NU,S,71,18.0804,0
2026-01-05,13:57:00,NU,S,72,17.9611,0
2026-01-05,13:55:00,ONDS,B,203,12.3150,0
2026-01-05,14:06:00,ONDS,S,203,12.2200,0
2026-01-05,08:41:00,ACHR,B,300,8.3300,0
2026-01-05,14:07:00,ACHR,S,150,8.6632,0
2026-01-05,14:07:00,ACHR,S,150,8.7367,0
2026-01-05,08:41:00,RKT,B,122,20.4800,0
2026-01-05,14:30:00,RKT,S,61,21.2992,0
2026-01-05,14:30:00,RKT,S,61,21.2202,0
2026-01-05,13:50:00,PLUG,B,1043,2.3950,0
2026-01-05,14:36:00,PLUG,S,1043,2.3700,0
2026-01-05,08:41:00,NIO,S,506,4.9350,0
2026-01-05,15:00:00,NIO,B,506,4.8650,0
2026-01-05,09:05:00,BTCZ,S,683,3.6600,0
2026-01-05,15:00:00,BTCZ,B,683,3.5950,0
2026-01-06,08:43:00,CDE,S,133,18.6900,0
2026-01-06,08:54:00,CDE,B,133,18.9900,0
2026-01-06,08:45:00,SOXS,S,1000,2.4900,0
2026-01-06,09:08:00,SOXS,B,500,2.3904,0
2026-01-06,09:08:00,SOXS,B,500,2.4149,0
2026-01-06,08:41:00,SOFI,S,88,28.1850,0
2026-01-06,09:17:00,SOFI,B,44,27.0576,0
2026-01-06,09:17:00,SOFI,B,44,27.3218,0
2026-01-06,08:41:00,SNAP,B,297,8.4500,0
2026-01-06,10:33:00,SNAP,S,148,8.7880,0
2026-01-06,10:33:00,SNAP,S,149,8.7155,0
2026-01-06,08:41:00,ZSL,S,612,4.0800,0
2026-01-06,12:26:00,ZSL,B,306,3.9168,0
2026-01-06,12:26:00,ZSL,B,306,3.9208,0
2026-01-06,08:41:00,TSLL,S,138,18.0950,0
2026-01-06,12:45:00,TSLL,B,69,17.3712,0
2026-01-06,12:45:00,TSLL,B,69,17.4760,0
2026-01-06,08:45:00,SLV,B,34,72.2900,0
2026-01-06,15:00:00,SLV,S,34,73.7150,0
2026-01-06,09:23:00,BBAI,B,410,6.1200,0
2026-01-06,15:00:00,BBAI,S,205,6.3648,0
2026-01-06,15:00:00,BBAI,S,205,6.4100,0
2026-01-06,09:24:00,SOFI,S,92,27.0400,0
2026-01-06,15:00:00,SOFI,B,92,26.9900,0
2026-01-06,09:41:00,CDE,B,130,19.1650,0
2026-01-06,15:00:00,CDE,S,130,19.6300,0
2026-01-07,08:41:00,LUCY,S,952,1.7300,0
2026-01-07,08:49:00,LUCY,B,952,1.9400,0
2026-01-07,08:39:00,INTC,B,60,41.5500,0
2026-01-07,09:33:00,INTC,S,30,43.2120,0
2026-01-07,09:33:00,INTC,S,30,44.1545,0
2026-01-07,08:45:00,COMP,S,218,11.4300,0
2026-01-07,10:03:00,COMP,B,218,12.0100,0
2026-01-07,09:00:00,OPEN,S,374,6.6750,0
2026-01-07,11:50:00,OPEN,B,187,6.4080,0
2026-01-07,11:50:00,OPEN,B,187,6.3967,0
2026-01-07,13:07:00,OPEN,S,413,6.0500,0
2026-01-07,13:08:00,OPEN,B,413,6.0950,0
2026-01-08,08:42:00,ONDS,B,137,14.6600,0
2026-01-08,15:00:00,ONDS,S,137,14.0000,0
2026-01-08,08:43:00,SOXS,B,986,2.5600,0
2026-01-08,15:00:00,SOXS,S,986,2.5800,0
2026-01-09,08:43:00,INTC,B,58,42.9400,0
2026-01-09,08:52:00,INTC,S,29,44.6576,0
2026-01-09,08:52:00,INTC,S,29,44.2506,0
2026-01-09,08:55:00,INTC,B,55,44.6800,0
2026-01-09,09:08:00,INTC,S,55,44.2200,0
2026-01-09,09:19:00,OPEN,B,332,7.5200,0
2026-01-09,10:35:00,OPEN,S,166,7.8208,0
2026-01-09,10:35:00,OPEN,S,166,7.7379,0
2026-01-09,08:45:00,UWMC,B,483,5.1700,0
2026-01-09,11:42:00,UWMC,S,241,5.3768,0
2026-01-09,11:42:00,UWMC,S,242,5.3866,0
2026-01-09,08:44:00,SOXS,S,1016,2.4550,0
2026-01-09,14:51:00,SOXS,B,508,2.3568,0
2026-01-09,14:51:00,SOXS,B,508,2.3396,0
2026-01-09,08:49:00,PLUG,S,1121,2.2300,0
2026-01-09,15:00:00,PLUG,B,1121,2.1900,0
2026-01-12,09:19:00,EVTV,B,909,1.2700,0
2026-01-12,09:19:00,EVTV,S,454,1.3208,0
2026-01-12,09:19:00,EVTV,S,455,1.2986,0
2026-01-12,09:33:00,EVTV,B,1628,1.5350,0
2026-01-12,09:35:00,EVTV,S,814,1.5964,0
2026-01-12,09:35:00,EVTV,S,814,1.5584,0
2026-01-12,08:50:00,ASST,B,2475,1.0100,0
2026-01-12,10:11:00,ASST,S,1237,1.0504,0
2026-01-12,10:11:00,ASST,S,1238,1.0499,0
2026-01-12,09:07:00,ZSL,S,732,3.4150,0
2026-01-12,15:00:00,ZSL,B,732,3.4350,0
2026-01-12,09:12:00,SLV,B,32,77.3950,0
2026-01-12,15:00:00,SLV,S,32,77.2150,0
2026-01-12,09:21:00,KWEB,B,67,37.1400,0
2026-01-12,15:00:00,KWEB,S,67,37.6300,0
2026-01-13,08:41:00,XAIR,B,634,1.7100,0
2026-01-13,08:53:00,XAIR,S,317,1.7784,0
2026-01-13,08:53:00,XAIR,S,317,1.8679,0
2026-01-13,09:01:00,INTC,B,53,46.6800,0
2026-01-13,15:00:00,INTC,S,53,47.2800,0
2026-01-13,11:20:00,ONDS,B,178,14.0000,0
2026-01-13,15:00:00,ONDS,S,178,13.9000,0
2026-01-14,08:42:00,INFY,B,135,18.4700,0
2026-01-14,08:55:00,INFY,S,67,19.2088,0
2026-01-14,08:55:00,INFY,S,68,19.1703,0
2026-01-14,08:44:00,UVIX,B,416,6.0550,0
2026-01-14,09:12:00,UVIX,S,416,5.9000,0
2026-01-14,09:05:00,INFY,B,129,19.3550,0
2026-01-14,09:16:00,INFY,S,129,18.9800,0
2026-01-14,08:42:00,SLV,S,30,82.3100,0
2026-01-14,09:42:00,SLV,B,30,83.2900,0
2026-01-14,08:43:00,ZSL,B,834,3.0100,0
2026-01-14,10:19:00,ZSL,S,834,2.9050,0
2026-01-14,10:18:00,SLV,B,29,83.3600,0
2026-01-14,10:35:00,SLV,S,29,82.9100,0
2026-01-14,08:47:00,ETHA,B,99,25.2300,0
2026-01-14,15:00:00,ETHA,S,99,25.5900,0
2026-01-14,08:58:00,FNGD,B,458,5.4800,0
2026-01-14,15:00:00,FNGD,S,458,5.5150,0
2026-01-14,09:12:00,BTCZ,S,736,3.3800,0
2026-01-14,15:00:00,BTCZ,B,736,3.3200,0
2026-01-14,13:58:00,ZSL,S,872,2.8650,0
2026-01-14,15:00:00,ZSL,B,872,2.8250,0
2026-01-15,08:41:00,AUID,S,606,1.7900,0
2026-01-15,09:19:00,AUID,B,606,2.1200,0
2026-01-15,08:45:00,SOXS,S,1216,2.0500,0
2026-01-15,09:29:00,SOXS,B,1216,2.1050,0
2026-01-15,08:46:00,IBRX,B,512,3.4700,0
2026-01-15,10:54:00,IBRX,S,256,3.6088,0
2026-01-15,10:54:00,IBRX,S,256,3.6555,0
2026-01-15,08:45:00,ONDS,S,187,13.3500,0
2026-01-15,12:41:00,ONDS,B,187,13.7450,0
2026-01-16,08:44:00,NEXR,B,1142,1.4050,0
2026-01-16,08:44:00,NEXR,S,571,1.4612,0
2026-01-16,08:44:00,NEXR,S,571,1.4610,0
2026-01-16,08:41:00,SMCI,B,81,30.5750,0
2026-01-16,08:55:00,SMCI,S,40,31.7980,0
2026-01-16,08:55:00,SMCI,S,41,31.6442,0
2026-01-16,09:05:00,IBRX,B,370,4.9400,0
2026-01-16,09:17:00,IBRX,S,185,5.1376,0
2026-01-16,09:17:00,IBRX,S,185,5.1164,0
2026-01-16,09:20:00,NEXR,B,689,1.8400,0
2026-01-16,09:23:00,NEXR,S,344,1.9136,0
2026-01-16,09:23:00,NEXR,S,345,1.8504,0
2026-01-16,08:49:00,ZSL,S,814,3.0600,0
2026-01-16,09:24:00,ZSL,B,814,3.1400,0
2026-01-16,09:02:00,SMCI,B,78,31.9500,0
2026-01-16,09:30:00,SMCI,S,78,31.5500,0
2026-01-16,08:51:00,ONDS,S,187,13.3550,0
2026-01-16,10:17:00,ONDS,B,93,12.8208,0
2026-01-16,10:17:00,ONDS,B,94,12.6516,0
2026-01-16,08:41:00,RIOT,B,138,18.2400,0
2026-01-16,12:41:00,RIOT,S,69,18.9696,0
2026-01-16,12:41:00,RIOT,S,69,18.8576,0
2026-01-16,14:55:00,RIOT,B,129,19.2350,0
2026-01-16,15:00:00,RIOT,S,129,19.2250,0
2026-01-20,08:46:00,VOR,B,157,16.0100,0
2026-01-20,08:51:00,VOR,S,78,16.6504,0
2026-01-20,08:51:00,VOR,S,79,16.5299,0
2026-01-20,08:47:00,CRML,S,120,17.3100,0
2026-01-20,08:52:00,CRML,B,60,16.6176,0
2026-01-20,08:52:00,CRML,B,60,17.0248,0
2026-01-20,09:30:00,VOR,B,145,17.2800,0
2026-01-20,09:42:00,VOR,S,72,17.9712,0
2026-01-20,09:42:00,VOR,S,73,18.0022,0
2026-01-20,09:05:00,FRMM,S,482,5.1500,0
2026-01-20,09:44:00,FRMM,B,482,5.2300,0
2026-01-20,09:57:00,ACHV,B,440,5.6800,0
2026-01-20,10:07:00,ACHV,S,440,5.6600,0
2026-01-20,09:05:00,IFRX,S,2604,0.9401,0
2026-01-20,10:36:00,IFRX,B,2604,0.9950,0
2026-01-20,09:31:00,IMSR,S,229,10.8750,0
2026-01-20,11:07:00,IMSR,B,229,11.1900,0
2026-01-20,10:00:00,IMAX,B,66,37.6900,0
2026-01-20,11:33:00,IMAX,S,66,37.3950,0
2026-01-20,09:39:00,CADL,B,393,6.3500,0
2026-01-20,13:15:00,CADL,S,393,6.0850,0
2026-01-20,12:58:00,SHMD,B,285,8.7550,0
2026-01-20,13:22:00,SHMD,S,142,9.1052,0
2026-01-20,13:22:00,SHMD,S,143,9.4011,0
2026-01-20,09:22:00,LGN,B,51,48.7500,0
2026-01-20,13:30:00,LGN,S,51,47.7050,0
2026-01-20,09:04:00,MXL,B,129,19.3100,0
2026-01-20,13:31:00,MXL,S,129,18.9950,0
2026-01-20,08:52:00,NEXA,B,206,12.1700,0
2026-01-20,15:00:00,NEXA,S,103,12.6568,0
2026-01-20,15:00:00,NEXA,S,103,12.6300,0
2026-01-20,08:54:00,BMEA,B,1838,1.3850,0
2026-01-20,15:00:00,BMEA,S,1838,1.3850,0
2026-01-20,08:56:00,BZAI,S,1165,2.1250,0
2026-01-20,15:00:00,BZAI,B,1165,2.0700,0
2026-01-20,08:56:00,ELDN,B,1136,2.2100,0
2026-01-20,15:00:00,ELDN,S,1136,2.2000,0
2026-01-20,09:02:00,PARR,S,68,36.5500,0
2026-01-20,15:00:00,PARR,B,68,36.8600,0
2026-01-20,09:39:00,GRPN,B,156,16.1650,0
2026-01-20,15:00:00,GRPN,S,156,16.2050,0
2026-01-20,09:49:00,GPRE,S,230,10.8300,0
2026-01-20,15:00:00,GPRE,B,230,11.1350,0
2026-01-20,10:41:00,LZM,B,425,5.9100,0
2026-01-20,15:00:00,LZM,S,425,5.6850,0
2026-01-20,12:55:00,EVTL,S,435,5.7400,0
2026-01-20,15:00:00,EVTL,B,435,5.7400,0
2026-01-20,14:39:00,XNDU,S,224,11.1100,0
2026-01-20,15:00:00,XNDU,B,224,11.1200,0
2026-01-20,14:59:00,NNBR,B,1666,1.5000,0
2026-01-20,15:00:00,NNBR,S,1666,1.5000,0
2026-01-21,08:43:00,TE,S,303,8.2500,0
2026-01-21,08:49:00,TE,B,303,8.4650,0
2026-01-21,08:48:00,UVIX,S,400,6.1800,0
2026-01-21,09:16:00,UVIX,B,200,5.9328,0
2026-01-21,09:16:00,UVIX,B,200,5.9775,0
2026-01-21,08:45:00,IBRX,B,384,6.2400,0
2026-01-21,09:24:00,IBRX,S,192,6.4896,0
2026-01-21,09:24:00,IBRX,S,192,6.4004,0
2026-01-21,09:51:00,UVIX,S,426,5.8650,0
2026-01-21,10:23:00,UVIX,B,426,5.9700,0
2026-01-21,08:46:00,NVD,S,326,7.6500,0
2026-01-21,10:28:00,NVD,B,163,7.3440,0
2026-01-21,10:28:00,NVD,B,163,7.3865,0
2026-01-21,08:44:00,SOXS,S,1207,2.0650,0
2026-01-21,10:33:00,SOXS,B,603,1.9824,0
2026-01-21,10:33:00,SOXS,B,604,1.9607,0
2026-01-21,08:48:00,TZA,S,415,6.0000,0
2026-01-21,10:52:00,TZA,B,415,6.0600,0
2026-01-21,08:52:00,TSDD,S,290,8.6000,0
2026-01-21,11:13:00,TSDD,B,290,8.7000,0
2026-01-21,13:43:00,TSDD,S,311,8.0100,0
2026-01-21,14:05:00,TSDD,B,311,8.0700,0
2026-01-21,08:53:00,TSLG,B,307,8.1700,0
2026-01-21,14:06:00,TSLG,S,153,8.4968,0
2026-01-21,14:06:00,TSLG,S,154,8.6283,0
2026-01-21,14:00:00,NVD,S,348,7.1700,0
2026-01-21,14:07:00,NVD,B,348,7.2300,0
2026-01-21,14:09:00,SOXS,S,1302,1.9200,0
2026-01-21,14:21:00,SOXS,B,1302,1.9350,0
2026-01-21,08:41:00,PBR,B,189,13.1850,0
2026-01-21,15:00:00,PBR,S,189,13.5200,0
2026-01-21,08:44:00,INTC,B,47,52.2500,0
2026-01-21,15:00:00,INTC,S,23,54.3400,0
2026-01-21,15:00:00,INTC,S,24,54.2500,0
2026-01-22,08:44:00,PLUG,B,1052,2.3900,0
2026-01-22,08:58:00,PLUG,S,526,2.4856,0
2026-01-22,08:58:00,PLUG,S,526,2.4811,0
2026-01-22,08:42:00,CDE,B,102,24.4100,0
2026-01-22,09:25:00,CDE,S,51,25.3864,0
2026-01-22,09:25:00,CDE,S,51,25.1809,0
2026-01-22,09:09:00,ZSL,B,909,2.7500,0
2026-01-22,09:26:00,ZSL,S,909,2.7100,0
2026-01-22,09:09:00,PLUG,B,998,2.5050,0
2026-01-22,09:36:00,PLUG,S,998,2.4500,0
2026-01-22,08:56:00,JDST,S,1420,1.7500,0
2026-01-22,10:31:00,JDST,B,710,1.6800,0
2026-01-22,10:31:00,JDST,B,710,1.6475,0
2026-01-22,08:55:00,DUST,S,489,5.0900,0
2026-01-22,10:32:00,DUST,B,244,4.8864,0
2026-01-22,10:32:00,DUST,B,245,4.8809,0
2026-01-22,09:21:00,TSLG,B,290,8.6400,0
2026-01-22,12:26:00,TSLG,S,145,8.9856,0
2026-01-22,12:26:00,TSLG,S,145,9.0236,0
2026-01-22,08:55:00,TSDD,S,308,8.0900,0
2026-01-22,12:28:00,TSDD,B,154,7.7664,0
2026-01-22,12:28:00,TSDD,B,154,7.6959,0
2026-01-22,08:42:00,HBAN,S,139,17.9000,0
2026-01-22,15:00:00,HBAN,B,139,17.6600,0
2026-01-22,09:23:00,BTG,B,480,5.2100,0
2026-01-22,15:00:00,BTG,S,480,5.2000,0
2026-01-23,08:44:00,SLV,B,27,90.3700,0
2026-01-23,08:59:00,SLV,S,27,89.9300,0
2026-01-23,08:50:00,TZA,B,428,5.8500,0
2026-01-23,15:00:00,TZA,S,428,6.0300,0
2026-01-23,08:52:00,INTC,S,54,45.9200,0
2026-01-23,15:00:00,INTC,B,54,45.0650,0
2026-01-23,09:11:00,ZSL,S,1043,2.3950,0
2026-01-23,15:00:00,ZSL,B,521,2.2992,0
2026-01-23,15:00:00,ZSL,B,522,2.2500,0
2026-01-26,08:41:00,USAR,S,83,29.9200,0
2026-01-26,08:49:00,USAR,B,41,28.7232,0
2026-01-26,08:49:00,USAR,B,42,28.8492,0
2026-01-26,08:42:00,DNN,B,621,4.0250,0
2026-01-26,09:10:00,DNN,S,621,3.9050,0
2026-01-26,08:53:00,ZSL,S,1302,1.9000,0
2026-01-26,10:01:00,ZSL,B,651,1.8240,0
2026-01-26,10:01:00,ZSL,B,651,1.8340,0
2026-01-26,10:17:00,DNN,S,657,3.8000,0
2026-01-26,10:52:00,DNN,B,657,3.8350,0
2026-01-26,08:50:00,SLV,B,24,100.2450,0
2026-01-26,11:24:00,SLV,S,12,104.2548,0
2026-01-26,11:24:00,SLV,S,12,103.8175,0
2026-01-26,08:49:00,PSLV,B,69,36.0300,0
2026-01-26,11:25:00,PSLV,S,34,37.4712,0
2026-01-26,11:25:00,PSLV,S,35,37.2147,0
2026-01-26,10:17:00,PLUG,S,1057,2.3650,0
2026-01-26,14:24:00,PLUG,B,528,2.2704,0
2026-01-26,14:24:00,PLUG,B,529,2.2936,0
2026-01-26,08:41:00,INTC,S,57,43.1550,0
2026-01-26,15:00:00,INTC,B,57,42.4850,0
2026-01-26,08:42:00,TSLG,S,285,8.7300,0
2026-01-26,15:00:00,TSLG,B,285,8.5800,0
2026-01-27,08:40:00,AAL,S,179,13.9450,0
2026-01-27,08:50:00,AAL,B,179,14.1600,0
2026-01-27,08:44:00,ZSL,S,1362,1.8250,0
2026-01-27,08:50:00,ZSL,B,1362,1.8850,0
2026-01-27,08:45:00,CVS,S,33,75.0000,0
2026-01-27,08:58:00,CVS,B,33,75.6000,0
2026-01-27,09:06:00,RR,B,570,4.4650,0
2026-01-27,09:36:00,RR,S,285,4.6436,0
2026-01-27,09:36:00,RR,S,285,4.5830,0
2026-01-27,09:57:00,RR,B,524,4.7750,0
2026-01-27,10:24:00,RR,S,262,4.9660,0
2026-01-27,10:24:00,RR,S,262,5.0175,0
2026-01-27,08:43:00,WULF,B,174,14.3300,0
2026-01-27,10:35:00,WULF,S,87,14.9032,0
2026-01-27,10:35:00,WULF,S,87,14.8717,0
2026-01-27,09:10:00,BBAI,B,430,5.8200,0
2026-01-27,12:07:00,BBAI,S,215,6.0528,0
2026-01-27,12:07:00,BBAI,S,215,6.0368,0
2026-01-27,14:12:00,WULF,B,162,15.3900,0
2026-01-27,14:26:00,WULF,S,162,15.2750,0
2026-01-27,14:59:00,ZSL,S,1461,1.7100,0
2026-01-27,15:00:00,ZSL,B,1461,1.7250,0
2026-01-27,08:41:00,PINS,S,102,24.1850,0
2026-01-27,15:00:00,PINS,B,102,23.4000,0
2026-01-27,08:48:00,SOXS,S,1275,1.9600,0
2026-01-27,15:00:00,SOXS,B,1275,1.9100,0
2026-01-27,13:20:00,BBAI,B,407,6.1300,0
2026-01-27,15:00:00,BBAI,S,407,6.1600,0
2026-01-28,08:51:00,FEED,S,645,1.6300,0
2026-01-28,08:54:00,FEED,B,322,1.5648,0
2026-01-28,08:54:00,FEED,B,323,1.6300,0
2026-01-28,08:41:00,SOXS,S,1420,1.7550,0
2026-01-28,08:59:00,SOXS,B,1420,1.8000,0
2026-01-28,09:01:00,ZSL,S,1562,1.6000,0
2026-01-28,09:07:00,ZSL,B,1562,1.6300,0
2026-01-28,10:01:00,FEED,B,1141,2.2000,0
2026-01-28,10:01:00,FEED,S,570,2.2880,0
2026-01-28,10:01:00,FEED,S,571,2.2000,0
2026-01-28,08:43:00,DNN,B,618,4.0450,0
2026-01-28,12:52:00,DNN,S,309,4.2068,0
2026-01-28,12:52:00,DNN,S,309,4.1795,0
2026-01-28,08:42:00,DUST,S,577,4.3300,0
2026-01-28,12:54:00,DUST,B,577,4.4850,0
2026-01-28,08:41:00,RR,S,506,4.6750,0
2026-01-28,13:12:00,RR,B,506,5.1400,0
2026-01-28,13:26:00,DNN,B,591,4.2300,0
2026-01-28,13:29:00,DNN,S,591,4.2200,0
2026-01-28,08:42:00,INTC,B,51,48.7000,0
2026-01-28,15:00:00,INTC,S,51,48.7500,0
2026-01-28,09:41:00,PLTD,B,348,7.1800,0
2026-01-28,15:00:00,PLTD,S,348,7.3900,0
2026-01-29,08:41:00,NOK,B,389,6.4350,0
2026-01-29,09:01:00,NOK,S,389,6.1800,0
2026-01-29,08:53:00,JOBY,B,220,11.3500,0
2026-01-29,09:08:00,JOBY,S,220,11.1050,0
2026-01-29,08:42:00,RR,S,465,4.6100,0
2026-01-29,09:15:00,RR,B,232,4.4256,0
2026-01-29,09:15:00,RR,B,233,4.4711,0
2026-01-29,08:46:00,MSTX,S,684,3.6500,0
2026-01-29,09:18:00,MSTX,B,342,3.5040,0
2026-01-29,09:18:00,MSTX,B,342,3.3934,0
2026-01-29,08:46:00,DUST,B,586,4.2850,0
2026-01-29,09:21:00,DUST,S,293,4.4564,0
2026-01-29,09:21:00,DUST,S,293,4.5222,0
2026-01-29,08:49:00,JDST,B,1677,1.4900,0
2026-01-29,09:21:00,JDST,S,838,1.5496,0
2026-01-29,09:21:00,JDST,S,839,1.5851,0
2026-01-29,09:13:00,NOK,S,406,6.1500,0
2026-01-29,09:24:00,NOK,B,406,6.1850,0
2026-01-29,09:26:00,MSTX,S,746,3.3500,0
2026-01-29,09:55:00,MSTX,B,373,3.2160,0
2026-01-29,09:55:00,MSTX,B,373,3.1798,0
2026-01-29,09:08:00,BTCZ,B,598,4.1900,0
2026-01-29,09:55:00,BTCZ,S,299,4.3576,0
2026-01-29,09:55:00,BTCZ,S,299,4.3181,0
2026-01-29,08:54:00,ONDS,S,210,11.8500,0
2026-01-29,09:56:00,ONDS,B,105,11.3760,0
2026-01-29,09:56:00,ONDS,B,105,11.2859,0
2026-01-29,08:41:00,TSLG,S,304,8.2000,0
2026-01-29,09:58:00,TSLG,B,152,7.8720,0
2026-01-29,09:58:00,TSLG,B,152,7.8520,0
2026-01-29,10:02:00,RR,S,588,4.2500,0
2026-01-29,10:11:00,RR,B,588,4.3100,0
2026-01-29,09:36:00,JDST,B,1506,1.6600,0
2026-01-29,10:11:00,JDST,S,1506,1.6300,0
2026-01-29,10:32:00,BTCZ,B,573,4.3600,0
2026-01-29,10:55:00,BTCZ,S,573,4.3200,0
2026-01-29,08:41:00,ETHA,S,113,21.9300,0
2026-01-29,12:40:00,ETHA,B,56,21.0528,0
2026-01-29,12:40:00,ETHA,B,57,21.1393,0
2026-01-29,08:52:00,IBIT,S,50,49.5400,0
2026-01-29,13:33:00,IBIT,B,25,47.5584,0
2026-01-29,13:33:00,IBIT,B,25,47.6154,0
2026-01-29,14:29:00,ONDS,S,224,11.1400,0
2026-01-29,14:39:00,ONDS,B,224,11.1900,0
2026-01-29,08:53:00,BITO,S,206,12.0900,0
2026-01-29,14:50:00,BITO,B,103,11.6064,0
2026-01-29,14:50:00,BITO,B,103,11.6459,0
2026-01-29,08:41:00,NCLH,B,111,22.4600,0
2026-01-29,15:00:00,NCLH,S,111,22.9300,0
2026-01-29,08:41:00,CCL,B,80,31.0500,0
2026-01-29,15:00:00,CCL,S,80,31.1300,0
2026-01-29,08:42:00,SNAP,S,336,7.4350,0
2026-01-29,15:00:00,SNAP,B,336,7.2350,0
2026-01-29,08:53:00,MSFT,S,5,429.2000,0
2026-01-29,15:00:00,MSFT,B,5,433.1200,0
2026-01-30,08:46:00,ZSL,S,1228,2.0350,0
2026-01-30,09:01:00,ZSL,B,1228,2.1050,0
2026-01-30,08:46:00,SLV,B,27,91.4800,0
2026-01-30,09:04:00,SLV,S,27,88.6000,0
2026-01-30,08:48:00,TSLG,S,308,8.1000,0
2026-01-30,09:07:00,TSLG,B,308,8.3100,0
2026-01-30,08:41:00,U,S,66,37.3200,0
2026-01-30,09:09:00,U,B,33,35.8272,0
2026-01-30,09:09:00,U,B,33,34.5032,0
2026-01-30,08:46:00,UWMC,S,495,5.0500,0
2026-01-30,09:30:00,UWMC,B,247,4.8480,0
2026-01-30,09:30:00,UWMC,B,248,4.9034,0
2026-01-30,08:45:00,RKT,S,139,17.9100,0
2026-01-30,10:02:00,RKT,B,69,17.1936,0
2026-01-30,10:02:00,RKT,B,70,17.3984,0
2026-01-30,09:18:00,BTG,B,479,5.2300,0
2026-01-30,10:02:00,BTG,S,479,5.1100,0
2026-01-30,08:51:00,JDST,S,1388,1.7900,0
2026-01-30,10:23:00,JDST,B,1388,1.9000,0
2026-01-30,08:46:00,PSLV,B,78,31.7300,0
2026-01-30,10:23:00,PSLV,S,78,30.1900,0
2026-01-30,09:17:00,PLUG,S,1096,2.2750,0
2026-01-30,10:33:00,PLUG,B,548,2.1840,0
2026-01-30,10:33:00,PLUG,B,548,2.1877,0
2026-01-30,08:51:00,AG,B,106,23.4200,0
2026-01-30,10:33:00,AG,S,106,22.3250,0
2026-01-30,09:16:00,TSLG,B,298,8.3700,0
2026-01-30,10:47:00,TSLG,S,149,8.7048,0
2026-01-30,10:47:00,TSLG,S,149,8.6263,0
2026-01-30,08:43:00,VALE,B,150,16.6500,0
2026-01-30,10:53:00,VALE,S,150,16.4250,0
2026-01-30,08:41:00,SOFI,S,104,23.8750,0
2026-01-30,11:11:00,SOFI,B,52,22.9200,0
2026-01-30,11:11:00,SOFI,B,52,23.0487,0
2026-01-30,08:42:00,DNN,B,598,4.1800,0
2026-01-30,11:17:00,DNN,S,598,4.0850,0
2026-01-30,10:27:00,VZ,B,57,43.5950,0
2026-01-30,11:47:00,VZ,S,57,43.4300,0
2026-01-30,10:19:00,DUST,B,463,5.4100,0
2026-01-30,11:47:00,DUST,S,231,5.6264,0
2026-01-30,11:47:00,DUST,S,232,5.5859,0
2026-01-30,08:55:00,PHYS,S,65,38.2100,0
2026-01-30,12:01:00,PHYS,B,32,36.6816,0
2026-01-30,12:01:00,PHYS,B,33,36.4721,0
2026-01-30,10:22:00,CDE,S,115,21.6350,0
2026-01-30,12:33:00,CDE,B,57,20.7696,0
2026-01-30,12:33:00,CDE,B,58,20.2563,0
2026-01-30,10:31:00,GDX,S,25,97.7150,0
2026-01-30,12:45:00,GDX,B,12,93.8064,0
2026-01-30,12:45:00,GDX,B,13,94.0971,0
2026-01-30,10:09:00,BTG,S,491,5.0850,0
2026-01-30,12:46:00,BTG,B,245,4.8816,0
2026-01-30,12:46:00,BTG,B,246,4.8659,0
2026-01-30,08:41:00,FCX,S,40,61.2800,0
2026-01-30,12:47:00,FCX,B,20,58.8288,0
2026-01-30,12:47:00,FCX,B,20,59.2928,0
2026-01-30,09:27:00,SOXS,B,1355,1.8450,0
2026-01-30,12:50:00,SOXS,S,677,1.9188,0
2026-01-30,12:50:00,SOXS,S,678,1.9315,0
2026-01-30,08:42:00,BBAI,S,463,5.3850,0
2026-01-30,12:51:00,BBAI,B,231,5.1696,0
2026-01-30,12:51:00,BBAI,B,232,5.1538,0
2026-01-30,08:49:00,DKNG,S,86,28.8150,0
2026-01-30,12:54:00,DKNG,B,43,27.6624,0
2026-01-30,12:54:00,DKNG,B,43,27.8182,0
2026-01-30,14:10:00,PLUG,S,1182,2.1150,0
2026-01-30,14:16:00,PLUG,B,1182,2.1450,0
2026-01-30,13:37:00,SOFI,S,110,22.5850,0
2026-01-30,14:55:00,SOFI,B,110,22.6950,0
2026-01-30,14:28:00,VALE,S,156,15.9900,0
2026-01-30,14:59:00,VALE,B,156,16.0600,0
2026-01-30,13:59:00,BBAI,S,497,5.0300,0
2026-01-30,15:00:00,BBAI,B,497,5.0350,0
2026-02-02,08:41:00,BITO,B,228,10.9300,0
2026-02-02,08:56:00,BITO,S,228,10.8300,0
2026-02-02,08:41:00,IBIT,B,55,44.7400,0
2026-02-02,08:56:00,IBIT,S,55,44.2100,0
2026-02-02,08:46:00,ZSL,B,996,2.5200,0
2026-02-02,09:03:00,ZSL,S,498,2.6208,0
2026-02-02,09:03:00,ZSL,S,498,2.6464,0
2026-02-02,08:47:00,NVD,B,354,7.0500,0
2026-02-02,09:11:00,NVD,S,354,6.9800,0
2026-02-02,08:57:00,BTCZ,B,499,5.0200,0
2026-02-02,09:23:00,BTCZ,S,499,4.9300,0
2026-02-02,08:42:00,INTC,B,52,47.6100,0
2026-02-02,13:08:00,INTC,S,26,49.5144,0
2026-02-02,13:08:00,INTC,S,26,49.3639,0
2026-02-02,09:10:00,SOXS,S,1315,1.8900,0
2026-02-02,13:35:00,SOXS,B,657,1.8144,0
2026-02-02,13:35:00,SOXS,B,658,1.8289,0
2026-02-02,08:41:00,ETHA,B,140,17.8750,0
2026-02-02,14:35:00,ETHA,S,140,17.4900,0
2026-02-02,14:55:00,ETHA,S,143,17.4800,0
2026-02-02,14:57:00,ETHA,B,143,17.5500,0
2026-02-02,08:41:00,HOOD,S,27,91.9800,0
2026-02-02,15:00:00,HOOD,B,27,89.9400,0
2026-02-02,14:41:00,NVD,B,351,7.1300,0
2026-02-02,15:00:00,NVD,S,351,7.1450,0
2026-02-03,08:41:00,WULF,S,169,14.7450,0
2026-02-03,08:48:00,WULF,B,169,15.4500,0
2026-02-03,08:50:00,SAN,B,190,13.1100,0
2026-02-03,08:56:00,SAN,S,190,13.0500,0
2026-02-03,08:41:00,SOXS,B,1351,1.8600,0
2026-02-03,09:03:00,SOXS,S,675,1.9344,0
2026-02-03,09:03:00,SOXS,S,676,1.9614,0
2026-02-03,08:49:00,OPEN,B,512,4.9100,0
2026-02-03,09:21:00,OPEN,S,256,5.1064,0
2026-02-03,09:21:00,OPEN,S,256,5.0809,0
2026-02-03,09:20:00,SAN,S,192,12.9850,0
2026-02-03,09:42:00,SAN,B,192,13.0050,0
2026-02-03,09:24:00,SOXS,B,1256,1.9900,0
2026-02-03,09:48:00,SOXS,S,1256,1.9450,0
2026-02-03,08:47:00,FUBO,B,1428,1.7250,0
2026-02-03,10:34:00,FUBO,S,714,1.7940,0
2026-02-03,10:34:00,FUBO,S,714,1.8125,0
2026-02-03,08:49:00,NVO,S,42,58.0200,0
2026-02-03,10:56:00,NVO,B,21,55.6992,0
2026-02-03,10:56:00,NVO,B,21,54.1152,0
2026-02-03,08:42:00,ZSL,S,1269,1.9600,0
2026-02-03,11:00:00,ZSL,B,1269,2.0900,0
2026-02-03,08:41:00,SLV,B,31,79.8600,0
2026-02-03,11:00:00,SLV,S,31,78.2700,0
2026-02-03,08:49:00,VALE,B,148,16.8700,0
2026-02-03,12:17:00,VALE,S,148,16.7200,0
2026-02-03,08:45:00,SNAP,S,390,6.4100,0
2026-02-03,13:41:00,SNAP,B,195,6.1536,0
2026-02-03,13:41:00,SNAP,B,195,6.0641,0
2026-02-03,08:58:00,NVD,B,339,7.4500,0
2026-02-03,13:56:00,NVD,S,169,7.7480,0
2026-02-03,13:56:00,NVD,S,170,7.7855,0
2026-02-03,13:30:00,OWL,S,212,11.7500,0
2026-02-03,14:00:00,OWL,B,212,11.8250,0
2026-02-03,08:41:00,RKT,B,122,20.4600,0
2026-02-03,14:28:00,RKT,S,122,20.0200,0
2026-02-03,08:43:00,ONDS,S,231,10.7900,0
2026-02-03,14:36:00,ONDS,B,231,11.1600,0
2026-02-03,08:43:00,PLTD,B,340,7.3900,0
2026-02-03,15:00:00,PLTD,S,340,7.3300,0
2026-02-03,08:43:00,PLTR,S,15,157.1000,0
2026-02-03,15:00:00,PLTR,B,15,157.8900,0
2026-02-03,08:45:00,INFY,S,139,17.8750,0
2026-02-03,15:00:00,INFY,B,139,17.3300,0
2026-02-03,08:57:00,DNN,B,609,4.1050,0
2026-02-03,15:00:00,DNN,S,609,4.0800,0
2026-02-03,10:14:00,PYPL,S,59,42.3200,0
2026-02-03,15:00:00,PYPL,B,59,41.5400,0
2026-02-03,14:45:00,ONDS,B,222,11.2450,0
2026-02-03,15:00:00,ONDS,S,222,11.3900,0
2026-02-04,08:41:00,SOXS,S,1231,2.0300,0
2026-02-04,09:01:00,SOXS,B,1231,2.0950,0
2026-02-04,08:42:00,TSLG,B,310,8.0550,0
2026-02-04,09:01:00,TSLG,S,310,7.8500,0
2026-02-04,08:41:00,SOXL,B,41,59.6600,0
2026-02-04,09:01:00,SOXL,S,41,57.5100,0
2026-02-04,08:54:00,ONDS,S,233,10.6800,0
2026-02-04,09:07:00,ONDS,B,116,10.2528,0
2026-02-04,09:07:00,ONDS,B,117,10.3598,0
2026-02-04,09:07:00,SOXS,B,1187,2.1050,0
2026-02-04,09:08:00,SOXS,S,1187,2.0650,0
2026-02-04,08:45:00,PLTD,B,323,7.7700,0
2026-02-04,09:13:00,PLTD,S,161,8.0808,0
2026-02-04,09:13:00,PLTD,S,162,8.0223,0
2026-02-04,08:45:00,MUD,S,639,3.9000,0
2026-02-04,09:14:00,MUD,B,639,3.9800,0
2026-02-04,09:18:00,PLTD,B,308,8.1000,0
2026-02-04,09:23:00,PLTD,S,308,8.0100,0
2026-02-04,09:07:00,HPE,B,111,22.4700,0
2026-02-04,09:34:00,HPE,S,111,22.3350,0
2026-02-04,08:41:00,ZSL,B,1250,2.0150,0
2026-02-04,09:36:00,ZSL,S,625,2.0956,0
2026-02-04,09:36:00,ZSL,S,625,2.1448,0
2026-02-04,08:52:00,WULF,S,186,13.3700,0
2026-02-04,09:38:00,WULF,B,93,12.8352,0
2026-02-04,09:38:00,WULF,B,93,12.8764,0
2026-02-04,08:41:00,BSX,S,31,78.3900,0
2026-02-04,09:45:00,BSX,B,15,75.2544,0
2026-02-04,09:45:00,BSX,B,16,75.7839,0
2026-02-04,09:11:00,ONDS,S,243,10.2500,0
2026-02-04,10:12:00,ONDS,B,121,9.8400,0
2026-02-04,10:12:00,ONDS,B,122,9.9025,0
2026-02-04,09:31:00,SOXL,S,44,56.2300,0
2026-02-04,10:12:00,SOXL,B,22,53.9808,0
2026-02-04,10:12:00,SOXL,B,22,53.9041,0
2026-02-04,09:32:00,TSLG,S,321,7.7600,0
2026-02-04,10:59:00,TSLG,B,160,7.4496,0
2026-02-04,10:59:00,TSLG,B,161,7.4176,0
2026-02-04,10:36:00,WULF,S,200,12.4900,0
2026-02-04,11:14:00,WULF,B,200,12.7950,0
2026-02-04,09:32:00,NVD,B,318,7.8500,0
2026-02-04,11:57:00,NVD,S,159,8.1640,0
2026-02-04,11:57:00,NVD,S,159,8.1715,0
2026-02-04,10:10:00,ETHA,S,155,16.1200,0
2026-02-04,12:40:00,ETHA,B,155,16.3900,0
2026-02-04,08:41:00,NU,S,142,17.5800,0
2026-02-04,15:00:00,NU,B,142,17.0000,0
2026-02-04,08:42:00,UBER,S,33,73.8700,0
2026-02-04,15:00:00,UBER,B,33,73.8750,0
2026-02-04,08:42:00,SMCI,B,72,34.7000,0
2026-02-04,15:00:00,SMCI,S,72,33.7500,0
2026-02-04,08:49:00,RIG,B,482,5.1850,0
2026-02-04,15:00:00,RIG,S,482,5.3500,0
2026-02-04,08:51:00,CCC,S,367,6.7950,0
2026-02-04,15:00:00,CCC,B,183,6.5232,0
2026-02-04,15:00:00,CCC,B,184,6.5000,0
2026-02-04,08:54:00,PCG,B,159,15.6450,0
2026-02-04,15:00:00,PCG,S,159,16.2200,0
2026-02-04,10:05:00,BBAI,S,545,4.5800,0
2026-02-04,15:00:00,BBAI,B,545,4.5000,0
2026-02-04,10:19:00,SQQQ,B,35,71.1100,0
2026-02-04,15:00:00,SQQQ,S,35,71.3100,0
2026-02-05,08:41:00,SOFI,S,125,19.8500,0
2026-02-05,08:42:00,SOFI,B,125,20.0300,0
2026-02-05,08:43:00,NVO,B,55,45.3600,0
2026-02-05,08:51:00,NVO,S,55,44.6700,0
2026-02-05,08:43:00,MARA,B,315,7.9400,0
2026-02-05,08:51:00,MARA,S,315,7.7300,0
2026-02-05,08:44:00,BMNU,B,1121,2.2500,0
2026-02-05,09:01:00,BMNU,S,1121,2.0750,0
2026-02-05,08:41:00,DNN,B,683,3.6600,0
2026-02-05,09:07:00,DNN,S,683,3.5350,0
2026-02-05,08:44:00,UVIX,S,398,6.2700,0
2026-02-05,09:07:00,UVIX,B,398,6.6100,0
2026-02-05,08:45:00,TZA,S,392,6.3250,0
2026-02-05,09:11:00,TZA,B,392,6.4500,0
2026-02-05,08:41:00,WULF,B,183,13.6200,0
2026-02-05,09:13:00,WULF,S,183,12.8200,0
2026-02-05,08:52:00,MSTX,S,1152,2.1300,0
2026-02-05,09:16:00,MSTX,B,576,2.0448,0
2026-02-05,09:16:00,MSTX,B,576,1.9613,0
2026-02-05,08:55:00,MARA,S,323,7.7300,0
2026-02-05,09:16:00,MARA,B,161,7.4208,0
2026-02-05,09:16:00,MARA,B,162,7.3809,0
2026-02-05,08:55:00,ETHA,S,160,15.5800,0
2026-02-05,09:23:00,ETHA,B,80,14.9568,0
2026-02-05,09:23:00,ETHA,B,80,14.8658,0
2026-02-05,08:43:00,SNAP,S,448,5.5700,0
2026-02-05,09:25:00,SNAP,B,224,5.3472,0
2026-02-05,09:25:00,SNAP,B,224,5.2407,0
2026-02-05,08:55:00,IBIT,S,63,39.5500,0
2026-02-05,09:25:00,IBIT,B,31,37.9680,0
2026-02-05,09:25:00,IBIT,B,32,38.2955,0
2026-02-05,08:41:00,ZSL,S,909,2.7350,0
2026-02-05,09:27:00,ZSL,B,909,2.8650,0
2026-02-05,09:01:00,ONDS,S,276,8.9800,0
2026-02-05,09:34:00,ONDS,B,138,8.6208,0
2026-02-05,09:34:00,ONDS,B,138,8.6520,0
2026-02-05,08:56:00,BITO,S,258,9.6200,0
2026-02-05,09:39:00,BITO,B,129,9.2352,0
2026-02-05,09:39:00,BITO,B,129,9.3162,0
2026-02-05,09:27:00,PLUG,S,1340,1.8650,0
2026-02-05,09:41:00,PLUG,B,1340,1.8900,0
2026-02-05,09:19:00,WULF,S,195,12.7700,0
2026-02-05,09:42:00,WULF,B,195,12.9600,0
2026-02-05,08:41:00,SLV,B,36,68.9500,0
2026-02-05,09:43:00,SLV,S,36,66.6000,0
2026-02-05,09:29:00,IBIT,S,65,37.9000,0
2026-02-05,09:50:00,IBIT,B,65,38.4300,0
2026-02-05,09:28:00,ETHA,S,169,14.7100,0
2026-02-05,09:50:00,ETHA,B,169,14.9450,0
2026-02-05,09:22:00,MSTX,S,1288,1.9400,0
2026-02-05,10:17:00,MSTX,B,644,1.8624,0
2026-02-05,10:17:00,MSTX,B,644,1.8720,0
2026-02-05,09:48:00,UVIX,B,365,6.8350,0
2026-02-05,10:17:00,UVIX,S,365,6.6000,0
2026-02-05,09:13:00,DNN,S,709,3.5150,0
2026-02-05,10:25:00,DNN,B,709,3.5500,0
2026-02-05,08:42:00,NIO,S,527,4.7300,0
2026-02-05,10:33:00,NIO,B,527,4.8300,0
2026-02-05,09:03:00,OPEN,S,509,4.9050,0
2026-02-05,10:35:00,OPEN,B,509,5.0650,0
2026-02-05,08:48:00,CCC,S,387,6.4450,0
2026-02-05,10:51:00,CCC,B,193,6.1872,0
2026-02-05,10:51:00,CCC,B,194,6.2444,0
2026-02-05,09:26:00,TZA,B,383,6.5250,0
2026-02-05,10:51:00,TZA,S,383,6.4600,0
2026-02-05,14:27:00,NVO,S,57,43.2600,0
2026-02-05,14:32:00,NVO,B,57,43.3400,0
2026-02-05,14:39:00,ONDS,S,295,8.4500,0
2026-02-05,14:40:00,ONDS,B,295,8.4800,0
2026-02-05,14:42:00,PTON,S,601,4.1550,0
2026-02-05,14:54:00,PTON,B,601,4.2050,0
2026-02-05,09:14:00,JDST,B,1237,2.0300,0
2026-02-05,15:00:00,JDST,S,1237,2.0850,0
2026-02-05,13:41:00,CPNG,S,146,17.0750,0
2026-02-05,15:00:00,CPNG,B,146,16.7950,0
2026-02-05,14:22:00,BITO,S,282,8.8500,0
2026-02-05,15:00:00,BITO,B,282,8.8900,0
2026-02-06,08:41:00,ONDS,S,292,8.5150,0
2026-02-06,08:52:00,ONDS,B,292,8.9700,0
2026-02-06,08:46:00,TZA,S,401,6.2200,0
2026-02-06,09:07:00,TZA,B,401,6.2800,0
2026-02-06,08:41:00,STLA,S,353,7.0600,0
2026-02-06,09:07:00,STLA,B,353,7.2000,0
2026-02-06,08:43:00,WULF,B,190,13.1200,0
2026-02-06,09:12:00,WULF,S,95,13.6448,0
2026-02-06,09:12:00,WULF,S,95,13.5138,0
2026-02-06,09:24:00,COTY,S,939,2.6600,0
2026-02-06,09:34:00,COTY,B,469,2.5536,0
2026-02-06,09:34:00,COTY,B,470,2.5766,0
2026-02-06,08:45:00,NIO,B,482,5.1850,0
2026-02-06,09:35:00,NIO,S,482,5.0600,0
2026-02-06,09:27:00,DUST,S,480,5.2000,0
2026-02-06,09:39:00,DUST,B,480,5.2800,0
2026-02-06,08:41:00,NVD,S,325,7.6200,0
2026-02-06,09:53:00,NVD,B,162,7.3152,0
2026-02-06,09:53:00,NVD,B,163,7.3162,0
2026-02-06,09:45:00,TSLG,B,329,7.5900,0
2026-02-06,09:53:00,TSLG,S,329,7.5300,0
2026-02-06,08:45:00,MARA,B,335,7.4600,0
2026-02-06,09:54:00,MARA,S,167,7.7584,0
2026-02-06,09:54:00,MARA,S,168,7.7148,0
2026-02-06,08:41:00,CPNG,S,145,17.0450,0
2026-02-06,10:11:00,CPNG,B,145,17.4450,0
2026-02-06,09:11:00,RIG,B,491,5.0850,0
2026-02-06,10:17:00,RIG,S,245,5.2884,0
2026-02-06,10:17:00,RIG,S,246,5.2492,0
2026-02-06,08:45:00,BMNU,B,1237,2.0300,0
2026-02-06,11:35:00,BMNU,S,618,2.1112,0
2026-02-06,11:35:00,BMNU,S,619,2.1920,0
2026-02-06,10:20:00,ETHA,B,164,15.1650,0
2026-02-06,11:36:00,ETHA,S,82,15.7716,0
2026-02-06,11:36:00,ETHA,S,82,15.6383,0
2026-02-06,09:39:00,BITO,B,263,9.4900,0
2026-02-06,11:54:00,BITO,S,131,9.8696,0
2026-02-06,11:54:00,BITO,S,132,9.7901,0
2026-02-06,10:44:00,IBIT,B,63,39.6050,0
2026-02-06,12:24:00,IBIT,S,63,39.3800,0
2026-02-06,14:24:00,NVD,S,358,6.9800,0
2026-02-06,14:30:00,NVD,B,358,7.0000,0
2026-02-06,08:41:00,AAL,B,168,14.8900,0
2026-02-06,15:00:00,AAL,S,168,15.2300,0
2026-02-06,08:41:00,NVDA,B,14,178.8200,0
2026-02-06,15:00:00,NVDA,S,7,185.9728,0
2026-02-06,15:00:00,NVDA,S,7,185.3300,0
2026-02-06,08:41:00,SQQQ,S,34,72.0900,0
2026-02-06,15:00:00,SQQQ,B,34,70.1000,0
2026-02-06,08:42:00,OWL,B,205,12.1700,0
2026-02-06,15:00:00,OWL,S,205,12.5300,0
2026-02-06,08:43:00,SOFI,B,122,20.5150,0
2026-02-06,15:00:00,SOFI,S,122,20.8600,0
2026-02-06,08:44:00,TQQQ,B,50,49.2700,0
2026-02-06,15:00:00,TQQQ,S,50,50.5300,0
2026-02-06,08:44:00,NVO,B,53,46.5900,0
2026-02-06,15:00:00,NVO,S,53,47.6800,0
2026-02-06,09:56:00,PLUG,B,1234,2.0250,0
2026-02-06,15:00:00,PLUG,S,1234,2.0700,0
2026-02-06,10:20:00,ONDS,B,267,9.3550,0
2026-02-06,15:00:00,ONDS,S,133,9.7292,0
2026-02-06,15:00:00,ONDS,S,134,9.6900,0
2026-02-06,11:01:00,CPNG,B,143,17.4700,0
2026-02-06,15:00:00,CPNG,S,143,17.7000,0
2026-02-09,08:47:00,PLTD,S,308,8.0950,0
2026-02-09,08:55:00,PLTD,B,308,8.1500,0
2026-02-09,08:43:00,MSTX,B,1072,2.3500,0
2026-02-09,09:12:00,MSTX,S,536,2.4440,0
2026-02-09,09:12:00,MSTX,S,536,2.4365,0
2026-02-09,09:15:00,MSTX,B,1016,2.4600,0
2026-02-09,09:17:00,MSTX,S,1016,2.4200,0
2026-02-09,08:43:00,ONDS,B,248,10.1650,0
2026-02-09,09:18:00,ONDS,S,124,10.5716,0
2026-02-09,09:18:00,ONDS,S,124,10.5334,0
2026-02-09,08:41:00,CIFR,B,159,15.6700,0
2026-02-09,09:22:00,CIFR,S,79,16.2968,0
2026-02-09,09:22:00,CIFR,S,80,16.2283,0
2026-02-09,08:47:00,BMNU,B,816,2.2500,0
2026-02-09,11:07:00,BMNU,S,408,2.3400,0
2026-02-09,11:07:00,BMNU,S,408,2.3325,0
2026-02-09,08:45:00,ZSL,S,1046,2.3500,0
2026-02-09,11:09:00,ZSL,B,523,2.2560,0
2026-02-09,11:09:00,ZSL,B,523,2.2435,0
2026-02-09,09:49:00,RIG,B,460,5.4250,0
2026-02-09,12:05:00,RIG,S,230,5.6420,0
2026-02-09,12:05:00,RIG,S,230,5.6307,0
2026-02-09,10:03:00,HIMS,B,130,17.9000,0
2026-02-09,12:20:00,HIMS,S,65,18.6160,0
2026-02-09,12:20:00,HIMS,S,65,18.5171,0
2026-02-09,09:33:00,KD,B,175,11.2800,0
2026-02-09,13:50:00,KD,S,175,10.1150,0
2026-02-09,09:07:00,WULF,B,155,16.0550,0
2026-02-09,14:30:00,WULF,S,77,16.6972,0
2026-02-09,14:30:00,WULF,S,78,16.6195,0
2026-02-09,08:41:00,CLF,S,114,11.3900,0
2026-02-09,15:00:00,CLF,B,114,12.3050,0
2026-02-09,08:44:00,DUST,S,501,4.9550,0
2026-02-09,15:00:00,DUST,B,250,4.7568,0
2026-02-09,15:00:00,DUST,B,251,4.6550,0
2026-02-09,08:44:00,BTG,B,478,5.2250,0
2026-02-09,15:00:00,BTG,S,239,5.4340,0
2026-02-09,15:00:00,BTG,S,239,5.4450,0
2026-02-09,09:40:00,JDST,S,1470,1.6600,0
2026-02-09,15:00:00,JDST,B,735,1.5936,0
2026-02-09,15:00:00,JDST,B,735,1.5900,0
2026-02-09,13:26:00,BMNU,B,1026,2.4400,0
2026-02-09,15:00:00,BMNU,S,1026,2.4350,0
2026-02-10,08:46:00,ZSL,B,1082,2.3200,0
2026-02-10,10:07:00,ZSL,S,541,2.4128,0
2026-02-10,10:07:00,ZSL,S,541,2.3918,0
2026-02-10,10:40:00,ZSL,B,1030,2.4250,0
2026-02-10,10:44:00,ZSL,S,1030,2.4100,0
2026-02-10,09:36:00,BMNU,B,1063,2.3600,0
2026-02-10,12:28:00,BMNU,S,1063,2.2300,0
2026-02-10,08:46:00,GTM,B,393,6.4600,0
2026-02-10,13:25:00,GTM,S,196,6.7184,0
2026-02-10,13:25:00,GTM,S,197,6.7704,0
2026-02-10,13:05:00,BMNU,S,1146,2.1800,0
2026-02-10,13:36:00,BMNU,B,1146,2.2200,0
2026-02-10,08:41:00,INTC,S,50,49.2950,0
2026-02-10,15:00:00,INTC,B,25,47.3232,0
2026-02-10,15:00:00,INTC,B,25,47.1300,0
2026-02-10,09:34:00,CCO,S,1057,2.3650,0
2026-02-10,15:00:00,CCO,B,1057,2.3700,0
2026-02-10,12:53:00,MSTX,S,1002,2.4950,0
2026-02-10,15:00:00,MSTX,B,1002,2.4650,0
2026-02-11,08:41:00,U,S,120,20.2650,0
2026-02-11,08:55:00,U,B,60,19.4544,0
2026-02-11,08:55:00,U,B,60,19.6376,0
2026-02-11,08:42:00,SOXS,S,1474,1.6950,0
2026-02-11,09:02:00,SOXS,B,1474,1.7200,0
2026-02-11,08:41:00,RIG,B,437,5.7100,0
2026-02-11,09:13:00,RIG,S,437,5.6100,0
2026-02-11,08:57:00,MSTX,S,1075,2.3100,0
2026-02-11,09:14:00,MSTX,B,537,2.2176,0
2026-02-11,09:14:00,MSTX,B,538,2.2131,0
2026-02-11,08:59:00,BMNU,S,1225,2.0000,0
2026-02-11,09:23:00,BMNU,B,612,1.9200,0
2026-02-11,09:23:00,BMNU,B,613,1.9300,0
2026-02-11,08:52:00,COMP,S,203,12.2600,0
2026-02-11,09:28:00,COMP,B,101,11.7696,0
2026-02-11,09:28:00,COMP,B,102,11.6776,0
2026-02-11,09:06:00,U,S,129,19.3200,0
2026-02-11,09:44:00,U,B,129,19.7700,0
2026-02-11,09:42:00,COMP,S,216,11.5550,0
2026-02-11,10:59:00,COMP,B,216,11.7100,0
2026-02-11,08:46:00,SHOP,S,20,122.3600,0
2026-02-11,11:15:00,SHOP,B,10,117.4656,0
2026-02-11,11:15:00,SHOP,B,10,111.9675,0
2026-02-11,08:51:00,RKT,S,129,19.2900,0
2026-02-11,12:38:00,RKT,B,64,18.5184,0
2026-02-11,12:38:00,RKT,B,65,18.4479,0
2026-02-11,08:41:00,ZSL,B,1138,2.2050,0
2026-02-11,15:00:00,ZSL,S,1138,2.1550,0
2026-02-11,08:41:00,AVTR,B,260,9.7400,0
2026-02-11,15:00:00,AVTR,S,260,9.6350,0
2026-02-11,08:42:00,DUST,B,551,4.6150,0
2026-02-11,15:00:00,DUST,S,551,4.3800,0
2026-02-11,09:17:00,LYFT,S,175,14.2150,0
2026-02-11,15:00:00,LYFT,B,175,14.0000,0
2026-02-11,09:22:00,JDST,B,1572,1.5900,0
2026-02-11,15:00:00,JDST,S,1572,1.5000,0
2026-02-11,10:02:00,MAT,B,155,16.1300,0
2026-02-11,15:00:00,MAT,S,155,15.8050,0
2026-02-12,08:42:00,SOXS,S,1533,1.6300,0
2026-02-12,08:45:00,SOXS,B,1533,1.6500,0
2026-02-12,08:59:00,SOXS,B,1492,1.6800,0
2026-02-12,09:06:00,SOXS,S,1492,1.6450,0
2026-02-12,08:56:00,GDX,S,23,104.2800,0
2026-02-12,09:30:00,GDX,B,23,105.4400,0
2026-02-12,08:42:00,COMP,S,224,11.0750,0
2026-02-12,09:39:00,COMP,B,112,10.6320,0
2026-02-12,09:39:00,COMP,B,112,9.9507,0
2026-02-12,08:54:00,ICLR,B,15,79.4900,0
2026-02-12,09:57:00,ICLR,S,7,82.6696,0
2026-02-12,09:57:00,ICLR,S,8,84.6111,0
2026-02-12,08:45:00,UVIX,B,452,5.5300,0
2026-02-12,10:05:00,UVIX,S,226,5.7512,0
2026-02-12,10:05:00,UVIX,S,226,5.9347,0
2026-02-12,08:56:00,ZSL,B,1118,2.2450,0
2026-02-12,10:10:00,ZSL,S,559,2.3348,0
2026-02-12,10:10:00,ZSL,S,559,2.3175,0
2026-02-12,10:27:00,UVIX,B,401,6.2300,0
2026-02-12,10:35:00,UVIX,S,401,6.1000,0
2026-02-12,08:44:00,SOFI,S,123,20.2750,0
2026-02-12,10:36:00,SOFI,B,61,19.4640,0
2026-02-12,10:36:00,SOFI,B,62,19.3877,0
2026-02-12,08:45:00,TQQQ,S,48,51.5600,0
2026-02-12,10:36:00,TQQQ,B,24,49.4976,0
2026-02-12,10:36:00,TQQQ,B,24,49.0156,0
2026-02-12,08:50:00,TZA,B,420,5.9700,0
2026-02-12,10:37:00,TZA,S,210,6.2088,0
2026-02-12,10:37:00,TZA,S,210,6.3103,0
2026-02-12,08:48:00,CLF,S,217,11.4900,0
2026-02-12,10:38:00,CLF,B,108,11.0304,0
2026-02-12,10:38:00,CLF,B,109,10.8349,0
2026-02-12,08:43:00,BBAI,S,584,4.2750,0
2026-02-12,10:43:00,BBAI,B,292,4.1040,0
2026-02-12,10:43:00,BBAI,B,292,4.0377,0
2026-02-12,08:48:00,BTG,S,452,5.4900,0
2026-02-12,10:43:00,BTG,B,226,5.2704,0
2026-02-12,10:43:00,BTG,B,226,5.2699,0
2026-02-12,08:42:00,CSCO,S,31,78.7450,0
2026-02-12,11:50:00,CSCO,B,15,75.5952,0
2026-02-12,11:50:00,CSCO,B,16,75.8725,0
2026-02-12,09:40:00,INFY,S,167,14.9100,0
2026-02-12,13:21:00,INFY,B,83,14.3136,0
2026-02-12,13:21:00,INFY,B,84,14.4191,0
2026-02-12,08:45:00,PLUG,S,1305,1.9150,0
2026-02-12,14:59:00,PLUG,B,652,1.8384,0
2026-02-12,14:59:00,PLUG,B,653,1.8292,0
2026-02-12,08:54:00,HPE,S,110,22.5300,0
2026-02-12,15:00:00,HPE,B,110,22.2200,0
2026-02-12,14:23:00,BTG,S,488,5.1200,0
2026-02-12,15:00:00,BTG,B,488,5.0100,0
2026-02-12,14:46:00,ZSL,B,938,2.6650,0
2026-02-12,15:00:00,ZSL,S,938,2.6650,0
2026-02-13,08:41:00,BITO,S,268,9.2700,0
2026-02-13,08:45:00,BITO,B,268,9.3400,0
2026-02-13,08:42:00,ETHA,S,167,14.8700,0
2026-02-13,08:45:00,ETHA,B,167,15.0200,0
2026-02-13,08:41:00,IBIT,S,65,38.0400,0
2026-02-13,08:45:00,IBIT,B,65,38.3200,0
2026-02-13,09:13:00,MSTX,B,1054,2.3700,0
2026-02-13,09:35:00,MSTX,S,527,2.4648,0
2026-02-13,09:35:00,MSTX,S,527,2.4411,0
2026-02-13,09:11:00,RIG,B,412,6.0550,0
2026-02-13,11:23:00,RIG,S,206,6.2972,0
2026-02-13,11:23:00,RIG,S,206,6.3395,0
2026-02-13,08:44:00,PINS,B,172,14.6200,0
2026-02-13,11:28:00,PINS,S,86,15.2048,0
2026-02-13,11:28:00,PINS,S,86,15.1288,0
2026-02-13,08:55:00,DUST,S,537,4.6450,0
2026-02-13,12:29:00,DUST,B,268,4.4592,0
2026-02-13,12:29:00,DUST,B,269,4.4871,0
2026-02-13,08:41:00,RIVN,S,147,16.8700,0
2026-02-13,12:46:00,RIVN,B,147,17.9350,0
2026-02-13,08:46:00,DKNG,B,114,21.9100,0
2026-02-13,15:00:00,DKNG,S,114,21.7600,0
2026-02-13,09:02:00,BITO,B,265,9.4000,0
2026-02-13,15:00:00,BITO,S,265,9.5100,0
2026-02-13,09:02:00,IBIT,B,64,38.5650,0
2026-02-13,15:00:00,IBIT,S,64,39.0000,0
2026-02-13,09:03:00,JDST,S,1562,1.5900,0
2026-02-13,15:00:00,JDST,B,1562,1.5500,0
2026-02-13,09:09:00,ETHA,B,165,15.1200,0
2026-02-13,15:00:00,ETHA,S,165,15.4600,0
2026-02-17,09:40:00,IMSR,S,365,6.7800,0
2026-02-17,09:49:00,IMSR,B,365,6.9000,0
2026-02-17,09:09:00,BZAI,B,2049,1.2250,0
2026-02-17,10:05:00,BZAI,S,1024,1.2740,0
2026-02-17,10:05:00,BZAI,S,1025,1.2977,0
2026-02-17,08:58:00,GPRE,S,188,13.2600,0
2026-02-17,10:22:00,GPRE,B,188,13.5050,0
2026-02-17,09:40:00,LGN,S,53,46.0600,0
2026-02-17,10:43:00,LGN,B,53,47.2300,0
2026-02-17,09:26:00,FRMM,S,755,3.2550,0
2026-02-17,11:40:00,FRMM,B,755,3.4500,0
2026-02-17,08:43:00,CRML,S,284,8.7800,0
2026-02-17,12:34:00,CRML,B,284,9.1400,0
2026-02-17,13:06:00,CRML,B,266,9.3900,0
2026-02-17,13:28:00,CRML,S,266,9.2800,0
2026-02-17,09:20:00,MXL,B,131,19.0000,0
2026-02-17,13:48:00,MXL,S,65,19.7600,0
2026-02-17,13:48:00,MXL,S,66,19.9400,0
2026-02-17,09:32:00,NKTX,B,1243,2.0100,0
2026-02-17,14:09:00,NKTX,S,621,2.0904,0
2026-02-17,14:09:00,NKTX,S,622,2.0799,0
2026-02-17,13:54:00,GPRE,S,189,13.1900,0
2026-02-17,14:18:00,GPRE,B,189,13.2800,0
2026-02-17,09:50:00,BMEA,B,1968,1.2850,0
2026-02-17,14:56:00,BMEA,S,984,1.3364,0
2026-02-17,14:56:00,BMEA,S,984,1.3372,0
2026-02-17,09:08:00,RPAY,B,813,3.0750,0
2026-02-17,15:00:00,RPAY,S,813,3.0550,0
2026-02-17,09:09:00,IMAX,B,67,37.2300,0
2026-02-17,15:00:00,IMAX,S,67,37.8700,0
2026-02-17,09:26:00,PARR,S,58,42.5000,0
2026-02-17,15:00:00,PARR,B,58,42.9800,0
2026-02-17,09:36:00,VOR,S,191,12.9300,0
2026-02-17,15:00:00,VOR,B,191,12.9900,0
2026-02-17,09:57:00,NEXA,S,226,10.9900,0
2026-02-17,15:00:00,NEXA,B,226,11.1300,0
2026-02-17,09:59:00,EVTL,B,573,4.4100,0
2026-02-17,15:00:00,EVTL,S,573,4.4650,0
2026-02-17,10:03:00,ACHV,B,591,4.2400,0
2026-02-17,15:00:00,ACHV,S,591,4.2400,0
2026-02-17,10:06:00,SPIR,B,272,9.1800,0
2026-02-17,15:00:00,SPIR,S,272,9.1200,0
2026-02-17,10:08:00,CADL,B,438,5.7000,0
2026-02-17,15:00:00,CADL,S,438,5.6300,0
2026-02-18,08:44:00,RXT,B,848,1.2000,0
2026-02-18,08:50:00,RXT,S,424,1.2480,0
2026-02-18,08:50:00,RXT,S,424,1.2780,0
2026-02-18,08:44:00,PINS,B,158,15.8100,0
2026-02-18,09:18:00,PINS,S,79,16.4424,0
2026-02-18,09:18:00,PINS,S,79,16.3069,0
2026-02-18,08:57:00,MSTX,B,1116,2.2500,0
2026-02-18,09:48:00,MSTX,S,558,2.3400,0
2026-02-18,09:48:00,MSTX,S,558,2.3564,0
2026-02-18,10:01:00,PINS,B,151,16.4950,0
2026-02-18,10:07:00,PINS,S,151,16.4500,0
2026-02-18,08:41:00,SLV,B,35,70.2600,0
2026-02-18,13:30:00,SLV,S,35,69.4200,0
2026-02-18,09:00:00,ZSL,S,1030,2.4250,0
2026-02-18,13:30:00,ZSL,B,1030,2.4900,0
2026-02-18,14:15:00,MSTX,S,1187,2.1000,0
2026-02-18,14:39:00,MSTX,B,1187,2.1450,0
2026-02-19,08:41:00,FIG,S,88,23.5800,0
2026-02-19,11:10:00,FIG,B,88,26.0050,0
2026-02-19,08:52:00,MSTX,B,1184,2.1400,0
2026-02-19,13:10:00,MSTX,S,592,2.2256,0
2026-02-19,13:10:00,MSTX,S,592,2.2086,0
2026-02-19,08:41:00,AAL,S,182,13.6150,0
2026-02-19,15:00:00,AAL,B,182,13.3550,0
2026-02-19,08:41:00,OWL,S,219,11.3750,0
2026-02-19,15:00:00,OWL,B,219,11.5750,0
2026-02-19,08:56:00,JDST,S,1602,1.5400,0
2026-02-19,15:00:00,JDST,B,1602,1.5050,0
2026-02-20,08:41:00,SLV,B,33,73.6000,0
2026-02-20,09:03:00,SLV,S,33,72.9800,0
2026-02-20,08:41:00,ZSL,S,1136,2.2000,0
2026-02-20,09:03:00,ZSL,B,1136,2.2400,0
2026-02-20,08:56:00,JDST,S,1712,1.4500,0
2026-02-20,09:07:00,JDST,B,1712,1.5000,0
2026-02-20,08:41:00,PINS,B,147,16.9400,0
2026-02-20,09:14:00,PINS,S,73,17.6176,0
2026-02-20,09:14:00,PINS,S,74,17.5306,0
2026-02-20,09:21:00,OPEN,B,452,5.5200,0
2026-02-20,10:17:00,OPEN,S,452,5.1500,0
2026-02-20,08:43:00,ONDS,B,223,11.2500,0
2026-02-20,10:20:00,ONDS,S,223,10.8700,0
2026-02-20,08:58:00,OWL,B,228,10.9200,0
2026-02-20,13:07:00,OWL,S,114,11.3568,0
2026-02-20,13:07:00,OWL,S,114,11.4158,0
2026-02-20,13:51:00,SLV,B,33,75.4650,0
2026-02-20,15:00:00,SLV,S,33,76.6200,0
2026-02-23,08:42:00,COMP,S,249,9.9400,0
2026-02-23,09:38:00,COMP,B,124,9.5424,0
2026-02-23,09:38:00,COMP,B,125,9.5694,0
2026-02-23,08:41:00,NVO,B,61,40.9800,0
2026-02-23,09:45:00,NVO,S,61,39.9800,0
2026-02-23,08:54:00,MSTX,B,1111,2.2700,0
2026-02-23,09:52:00,MSTX,S,1111,2.1900,0
2026-02-23,08:56:00,BMNU,B,1288,1.9750,0
2026-02-23,09:56:00,BMNU,S,1288,1.8900,0
2026-02-23,08:41:00,SLV,B,31,79.3900,0
2026-02-23,09:56:00,SLV,S,31,78.3500,0
2026-02-23,08:46:00,ZSL,S,1344,1.8500,0
2026-02-23,09:56:00,ZSL,B,1344,1.9250,0
2026-02-23,09:59:00,NVO,S,62,39.8600,0
2026-02-23,10:00:00,NVO,B,62,39.9900,0
2026-02-23,08:57:00,JDST,S,1893,1.3200,0
2026-02-23,10:06:00,JDST,B,1893,1.3700,0
2026-02-23,08:41:00,PYPL,S,61,40.7850,0
2026-02-23,10:27:00,PYPL,B,61,41.2300,0
2026-02-23,10:13:00,MSTX,S,1173,2.1300,0
2026-02-23,10:28:00,MSTX,B,1173,2.1500,0
2026-02-23,09:45:00,COMP,S,265,9.4150,0
2026-02-23,11:48:00,COMP,B,132,9.0384,0
2026-02-23,11:48:00,COMP,B,133,9.1292,0
2026-02-23,08:43:00,NU,S,144,17.2350,0
2026-02-23,11:57:00,NU,B,72,16.5456,0
2026-02-23,11:57:00,NU,B,72,16.3874,0
2026-02-23,08:41:00,TSLL,S,167,14.8300,0
2026-02-23,12:03:00,TSLL,B,83,14.2368,0
2026-02-23,12:03:00,TSLL,B,84,14.2983,0
2026-02-23,13:24:00,NU,S,154,16.1700,0
2026-02-23,13:56:00,NU,B,154,16.2000,0
2026-02-23,14:41:00,SLV,B,31,80.5000,0
2026-02-23,14:44:00,SLV,S,31,80.3200,0
2026-02-23,08:41:00,PATH,S,243,10.2500,0
2026-02-23,15:00:00,PATH,B,243,10.1700,0
2026-02-23,08:41:00,BTG,B,443,5.6550,0
2026-02-23,15:00:00,BTG,S,443,5.7350,0
2026-02-23,08:46:00,DUST,S,634,3.9000,0
2026-02-23,15:00:00,DUST,B,634,3.9250,0
2026-02-23,08:55:00,TSDD,B,271,9.2200,0
2026-02-23,15:00:00,TSDD,S,271,9.3600,0
2026-02-23,10:04:00,BITO,S,275,9.0350,0
2026-02-23,15:00:00,BITO,B,275,8.9100,0
2026-02-24,08:45:00,BTG,B,437,5.7200,0
2026-02-24,08:46:00,BTG,S,437,5.6950,0
2026-02-24,08:41:00,IOVA,B,533,3.6300,0
2026-02-24,08:46:00,IOVA,S,266,3.7752,0
2026-02-24,08:46:00,IOVA,S,267,3.7937,0
2026-02-24,08:44:00,WULF,B,155,16.1200,0
2026-02-24,08:51:00,WULF,S,77,16.7648,0
2026-02-24,08:51:00,WULF,S,78,16.6288,0
2026-02-24,09:16:00,WULF,B,147,17.0000,0
2026-02-24,09:21:00,WULF,S,147,16.8800,0
2026-02-24,08:44:00,PYPL,B,57,43.7900,0
2026-02-24,14:32:00,PYPL,S,28,45.5416,0
2026-02-24,14:32:00,PYPL,S,29,45.7121,0
2026-02-24,13:13:00,CLVT,B,1101,2.2800,0
2026-02-24,14:52:00,CLVT,S,550,2.3712,0
2026-02-24,14:52:00,CLVT,S,551,2.3672,0
2026-02-24,09:29:00,INTC,B,55,45.1000,0
2026-02-24,15:00:00,INTC,S,55,46.1200,0
2026-02-25,08:41:00,XWEL,B,1398,0.9292,0
2026-02-25,08:42:00,XWEL,S,699,0.9664,0
2026-02-25,08:42:00,XWEL,S,699,1.0600,0
2026-02-25,08:42:00,IBIT,S,66,37.5600,0
2026-02-25,08:47:00,IBIT,B,66,37.8600,0
2026-02-25,09:00:00,BMNG,B,1612,1.5500,0
2026-02-25,09:09:00,BMNG,S,1612,1.5300,0
2026-02-25,08:46:00,UWMC,S,570,4.3700,0
2026-02-25,09:10:00,UWMC,B,285,4.1952,0
2026-02-25,09:10:00,UWMC,B,285,4.2309,0
2026-02-25,08:41:00,OWL,S,236,10.5800,0
2026-02-25,09:14:00,OWL,B,236,10.8500,0
2026-02-25,09:16:00,UWMC,S,598,4.1800,0
2026-02-25,09:44:00,UWMC,B,299,4.0128,0
2026-02-25,09:44:00,UWMC,B,299,4.0468,0
2026-02-25,08:48:00,BMNU,B,1121,2.2300,0
2026-02-25,09:56:00,BMNU,S,560,2.3192,0
2026-02-25,09:56:00,BMNU,S,561,2.3521,0
2026-02-25,09:42:00,IBIT,B,65,38.2700,0
2026-02-25,09:57:00,IBIT,S,65,38.1700,0
2026-02-25,08:54:00,MSTX,B,1072,2.3500,0
2026-02-25,11:05:00,MSTX,S,536,2.4440,0
2026-02-25,11:05:00,MSTX,S,536,2.4365,0
2026-02-25,08:50:00,BITO,B,271,9.2300,0
2026-02-25,13:32:00,BITO,S,135,9.5992,0
2026-02-25,13:32:00,BITO,S,136,9.5177,0
2026-02-25,09:44:00,OWL,B,228,10.9400,0
2026-02-25,14:22:00,OWL,S,114,11.3776,0
2026-02-25,14:22:00,OWL,S,114,11.3506,0
2026-02-25,08:41:00,NFLX,B,30,80.9900,0
2026-02-25,15:00:00,NFLX,S,30,82.7000,0
2026-02-26,08:41:00,OPEN,B,488,5.1450,0
2026-02-26,09:01:00,OPEN,S,244,5.3508,0
2026-02-26,09:01:00,OPEN,S,244,5.3086,0
2026-02-26,08:41:00,SOXS,B,1533,1.6450,0
2026-02-26,09:03:00,SOXS,S,766,1.7108,0
2026-02-26,09:03:00,SOXS,S,767,1.7186,0
2026-02-26,08:46:00,EOSE,S,362,6.9050,0
2026-02-26,09:06:00,EOSE,B,181,6.6288,0
2026-02-26,09:06:00,EOSE,B,181,6.7566,0
2026-02-26,08:45:00,ARRY,S,324,7.6200,0
2026-02-26,09:06:00,ARRY,B,162,7.3152,0
2026-02-26,09:06:00,ARRY,B,162,7.0723,0
2026-02-26,08:45:00,NVD,B,376,6.6400,0
2026-02-26,09:38:00,NVD,S,188,6.9056,0
2026-02-26,09:38:00,NVD,S,188,6.8886,0
2026-02-26,08:46:00,BMNU,S,1091,2.2700,0
2026-02-26,09:39:00,BMNU,B,545,2.1792,0
2026-02-26,09:39:00,BMNU,B,546,2.1827,0
2026-02-26,09:16:00,BMNG,S,1623,1.5200,0
2026-02-26,11:04:00,BMNG,B,811,1.4592,0
2026-02-26,11:04:00,BMNG,B,812,1.4152,0
2026-02-26,08:57:00,ALBT,S,1000,0.9660,0
2026-02-26,11:54:00,ALBT,B,500,0.9274,0
2026-02-26,11:54:00,ALBT,B,500,0.9214,0
2026-02-26,08:46:00,NVDA,S,13,188.8600,0
2026-02-26,15:00:00,NVDA,B,13,184.8600,0
2026-02-26,08:48:00,COMP,B,253,9.8600,0
2026-02-26,15:00:00,COMP,S,253,10.0050,0
2026-02-26,09:17:00,NU,S,162,15.4300,0
2026-02-26,15:00:00,NU,B,162,15.0600,0
2026-02-26,09:46:00,JDST,S,1908,1.3000,0
2026-02-26,15:00:00,JDST,B,954,1.2480,0
2026-02-26,15:00:00,JDST,B,954,1.2100,0
2026-02-27,08:42:00,RUN,S,79,16.0900,0
2026-02-27,08:46:00,RUN,B,39,15.4464,0
2026-02-27,08:46:00,RUN,B,40,15.5709,0
2026-02-27,08:42:00,PSKY,B,218,11.4500,0
2026-02-27,08:49:00,PSKY,S,109,11.9080,0
2026-02-27,08:49:00,PSKY,S,109,11.8005,0
2026-02-27,08:42:00,SLV,S,30,82.5200,0
2026-02-27,08:53:00,SLV,B,30,83.2750,0
2026-02-27,08:56:00,NVD,B,341,7.3300,0
2026-02-27,09:06:00,NVD,S,341,7.1900,0
2026-02-27,08:42:00,UVIX,B,390,6.4400,0
2026-02-27,09:08:00,UVIX,S,390,6.2900,0
2026-02-27,10:11:00,SLV,B,29,85.0000,0
2026-02-27,10:24:00,SLV,S,29,84.4700,0
2026-02-27,10:17:00,PSKY,B,197,12.6900,0
2026-02-27,10:35:00,PSKY,S,98,13.1976,0
2026-02-27,10:35:00,PSKY,S,99,13.0981,0
2026-02-27,09:42:00,EOSE,B,303,6.1800,0
2026-02-27,11:07:00,EOSE,S,151,6.4272,0
2026-02-27,11:07:00,EOSE,S,152,6.3882,0
2026-02-27,08:53:00,BMNU,S,1305,1.9100,0
2026-02-27,11:53:00,BMNU,B,652,1.8336,0
2026-02-27,11:53:00,BMNU,B,653,1.8391,0
2026-02-27,14:36:00,NFLX,B,25,96.7100,0
2026-02-27,14:46:00,NFLX,S,25,96.1400,0
2026-02-27,08:41:00,KEY,S,117,21.1350,0
2026-02-27,15:00:00,KEY,B,117,20.7400,0
2026-02-27,08:41:00,KRE,S,36,68.1900,0
2026-02-27,15:00:00,KRE,B,36,66.7400,0
2026-02-27,08:42:00,TZA,B,402,6.2400,0
2026-02-27,15:00:00,TZA,S,402,6.2200,0
2026-02-27,08:42:00,SOFI,S,141,17.7150,0
2026-02-27,15:00:00,SOFI,B,141,17.7600,0
2026-02-27,08:47:00,AAL,S,191,13.0600,0
2026-02-27,15:00:00,AAL,B,191,13.0850,0
2026-02-27,08:52:00,PLUG,S,1373,1.8200,0
2026-02-27,15:00:00,PLUG,B,1373,1.8000,0
2026-02-27,10:05:00,MARA,S,268,9.3100,0
2026-02-27,15:00:00,MARA,B,134,8.9376,0
2026-02-27,15:00:00,MARA,B,134,8.9300,0
2026-02-27,10:09:00,MSTX,S,1126,2.2200,0
2026-02-27,15:00:00,MSTX,B,1126,2.2500,0
2026-02-27,11:21:00,NVD,B,340,7.3400,0
2026-02-27,15:00:00,NVD,S,340,7.5000,0
2026-03-02,08:43:00,ONDS,B,215,11.5800,0
2026-03-02,08:46:00,ONDS,S,107,12.0432,0
2026-03-02,08:46:00,ONDS,S,108,11.9642,0
2026-03-02,08:43:00,BMNR,B,128,19.5700,0
2026-03-02,09:11:00,BMNR,S,64,20.3528,0
2026-03-02,09:11:00,BMNR,S,64,20.4143,0
2026-03-02,08:43:00,BMNU,B,1322,1.9200,0
2026-03-02,09:11:00,BMNU,S,661,1.9968,0
2026-03-02,09:11:00,BMNU,S,661,2.0808,0
2026-03-02,08:44:00,MSTX,B,1057,2.4100,0
2026-03-02,09:29:00,MSTX,S,528,2.5064,0
2026-03-02,09:29:00,MSTX,S,529,2.4959,0
2026-03-02,08:43:00,ETHA,B,169,14.7750,0
2026-03-02,09:32:00,ETHA,S,84,15.3660,0
2026-03-02,09:32:00,ETHA,S,85,15.3123,0
2026-03-02,08:43:00,BITO,B,272,9.1700,0
2026-03-02,09:54:00,BITO,S,136,9.5368,0
2026-03-02,09:54:00,BITO,S,136,9.5083,0
2026-03-02,08:43:00,IBIT,B,66,37.7050,0
2026-03-02,09:54:00,IBIT,S,33,39.2132,0
2026-03-02,09:54:00,IBIT,S,33,39.1230,0
2026-03-02,09:33:00,AES,B,174,14.3300,0
2026-03-02,10:14:00,AES,S,174,14.2500,0
2026-03-02,08:55:00,SABR,B,1212,1.4850,0
2026-03-02,11:20:00,SABR,S,606,1.5444,0
2026-03-02,11:20:00,SABR,S,606,1.5475,0
2026-03-02,08:43:00,NVD,S,342,7.3000,0
2026-03-02,11:35:00,NVD,B,171,7.0080,0
2026-03-02,11:35:00,NVD,B,171,7.0730,0
2026-03-02,10:09:00,ETHA,B,160,15.6100,0
2026-03-02,11:43:00,ETHA,S,160,15.4100,0
2026-03-02,10:08:00,BITO,B,260,9.6000,0
2026-03-02,11:45:00,BITO,S,260,9.5000,0
2026-03-02,08:41:00,NOK,B,319,7.8500,0
2026-03-02,12:47:00,NOK,S,159,8.1640,0
2026-03-02,12:47:00,NOK,S,160,8.2915,0
2026-03-02,08:44:00,F,S,185,13.4550,0
2026-03-02,15:00:00,F,B,185,13.3700,0
2026-03-02,08:56:00,NCLH,S,114,21.8200,0
2026-03-02,15:00:00,NCLH,B,114,22.1750,0
2026-03-02,09:26:00,PLTD,S,321,7.7800,0
2026-03-02,15:00:00,PLTD,B,321,7.7500,0
2026-03-02,12:09:00,VG,S,227,11.0100,0
2026-03-02,15:00:00,VG,B,227,11.3700,0
2026-03-03,08:41:00,UVIX,B,332,7.5300,0
2026-03-03,09:01:00,UVIX,S,166,7.8312,0
2026-03-03,09:01:00,UVIX,S,166,7.7647,0
2026-03-03,09:08:00,TPET,B,506,1.9950,0
2026-03-03,09:08:00,TPET,S,253,2.0748,0
2026-03-03,09:08:00,TPET,S,253,2.0186,0
2026-03-03,08:45:00,MSTX,S,1096,2.2550,0
2026-03-03,09:31:00,MSTX,B,548,2.1648,0
2026-03-03,09:31:00,MSTX,B,548,2.1825,0
2026-03-03,08:45:00,BMNU,S,1326,1.8800,0
2026-03-03,09:32:00,BMNU,B,663,1.8048,0
2026-03-03,09:32:00,BMNU,B,663,1.8063,0
2026-03-03,08:44:00,EWY,S,19,129.1300,0
2026-03-03,10:17:00,EWY,B,19,131.8800,0
2026-03-03,08:45:00,TZA,B,378,6.6700,0
2026-03-03,10:18:00,TZA,S,378,6.5250,0
2026-03-03,10:19:00,MOBX,B,4485,0.5573,0
2026-03-03,10:20:00,MOBX,S,2242,0.5796,0
2026-03-03,10:20:00,MOBX,S,2243,0.5610,0
2026-03-03,08:42:00,BTG,S,459,5.4300,0
2026-03-03,10:24:00,BTG,B,459,5.5350,0
2026-03-03,08:43:00,BBD,S,662,3.7600,0
2026-03-03,10:25:00,BBD,B,662,3.8050,0
2026-03-03,08:41:00,VALE,S,158,15.7400,0
2026-03-03,10:53:00,VALE,B,158,15.9000,0
2026-03-03,08:43:00,ITUB,S,301,8.2600,0
2026-03-03,12:08:00,ITUB,B,301,8.3900,0
2026-03-03,13:59:00,PINS,B,129,19.3200,0
2026-03-03,14:06:00,PINS,S,129,19.2700,0
2026-03-03,13:21:00,PLUG,B,1068,2.3400,0
2026-03-03,14:14:00,PLUG,S,1068,2.2950,0
2026-03-03,08:41:00,TSLL,S,179,13.9650,0
2026-03-03,15:00:00,TSLL,B,179,13.9600,0
2026-03-03,08:41:00,NTLA,S,175,14.2500,0
2026-03-03,15:00:00,NTLA,B,87,13.6800,0
2026-03-03,15:00:00,NTLA,B,88,13.6000,0
2026-03-03,08:42:00,GDX,S,23,104.8700,0
2026-03-03,15:00:00,GDX,B,23,105.1450,0
2026-03-03,08:44:00,TSDD,B,259,9.6600,0
2026-03-03,15:00:00,TSDD,S,259,9.6300,0
2026-03-03,08:45:00,JDST,B,1785,1.4200,0
2026-03-03,15:00:00,JDST,S,1785,1.3900,0
2026-03-03,08:45:00,SOXL,S,46,53.5150,0
2026-03-03,15:00:00,SOXL,B,46,53.4150,0
2026-03-03,08:45:00,SOXS,B,1213,2.0600,0
2026-03-03,15:00:00,SOXS,S,1213,2.0600,0
2026-03-03,10:07:00,INTC,B,57,43.4300,0
2026-03-03,15:00:00,INTC,S,57,43.1200,0
2026-03-04,08:44:00,AIFF,S,975,1.0850,0
2026-03-04,08:51:00,AIFF,B,487,1.0416,0
2026-03-04,08:51:00,AIFF,B,488,1.0209,0
2026-03-04,08:53:00,PLUG,B,1041,2.4000,0
2026-03-04,09:01:00,PLUG,S,1041,2.3550,0
2026-03-04,08:45:00,MSTX,S,929,2.6700,0
2026-03-04,09:08:00,MSTX,B,929,2.7900,0
2026-03-04,08:43:00,BITO,S,252,9.8900,0
2026-03-04,09:20:00,BITO,B,252,10.0000,0
2026-03-04,08:43:00,ETHA,S,159,15.6900,0
2026-03-04,09:26:00,ETHA,B,159,15.9400,0
2026-03-04,08:43:00,IBIT,S,61,40.6500,0
2026-03-04,09:26:00,IBIT,B,61,41.1900,0
2026-03-04,08:44:00,BMNU,S,1168,2.1200,0
2026-03-04,09:26:00,BMNU,B,1168,2.2200,0
2026-03-04,08:59:00,INTC,S,57,43.3000,0
2026-03-04,09:26:00,INTC,B,57,44.3500,0
2026-03-04,08:41:00,SOXS,B,1243,2.0100,0
2026-03-04,09:28:00,SOXS,S,1243,1.9350,0
2026-03-04,08:42:00,BMNR,S,120,20.8100,0
2026-03-04,09:29:00,BMNR,B,120,21.4000,0
2026-03-04,09:55:00,SOXS,S,1302,1.9200,0
2026-03-04,10:22:00,SOXS,B,1302,1.9600,0
2026-03-04,08:54:00,NIO,B,531,4.7050,0
2026-03-04,11:15:00,NIO,S,265,4.8932,0
2026-03-04,11:15:00,NIO,S,266,4.8630,0
2026-03-04,13:20:00,IBIT,B,59,42.0000,0
2026-03-04,13:23:00,IBIT,S,59,41.8450,0
2026-03-04,09:27:00,BTCZ,S,505,4.8900,0
2026-03-04,13:24:00,BTCZ,B,252,4.6944,0
2026-03-04,13:24:00,BTCZ,B,253,4.7389,0
2026-03-04,13:12:00,ETHA,B,151,16.4700,0
2026-03-04,13:33:00,ETHA,S,151,16.4200,0
2026-03-04,09:42:00,MSTX,B,877,2.8500,0
2026-03-04,15:00:00,MSTX,S,877,2.8100,0
2026-03-04,09:07:00,TSLG,B,353,7.0800,0
2026-03-04,15:00:00,TSLG,S,353,7.2900,0
2026-03-04,09:16:00,MUD,S,637,3.9000,0
2026-03-04,15:00:00,MUD,B,637,3.8500,0
2026-03-04,09:17:00,TSLL,B,169,14.7600,0
2026-03-04,15:00:00,TSLL,S,169,14.8900,0
2026-03-04,09:17:00,TSDD,S,274,9.0900,0
2026-03-04,15:00:00,TSDD,B,274,8.9800,0
2026-03-04,09:26:00,BITO,B,250,10.0000,0
2026-03-04,15:00:00,BITO,S,250,10.0800,0
2026-03-04,09:30:00,BMNG,B,1633,1.5500,0
2026-03-04,15:00:00,BMNG,S,1633,1.5100,0
2026-03-05,08:42:00,TPET,B,1538,1.1500,0
2026-03-05,08:44:00,TPET,S,769,1.1960,0
2026-03-05,08:44:00,TPET,S,769,1.1885,0
2026-03-05,08:46:00,RKT,S,153,16.3300,0
2026-03-05,08:52:00,RKT,B,153,16.5100,0
2026-03-05,08:46:00,UVIX,B,361,6.9700,0
2026-03-05,08:58:00,UVIX,S,361,6.7100,0
2026-03-05,08:43:00,GXAI,B,540,2.2400,0
2026-03-05,08:58:00,GXAI,S,270,2.3296,0
2026-03-05,08:58:00,GXAI,S,270,2.3476,0
2026-03-05,08:44:00,MSTX,S,915,2.7200,0
2026-03-05,09:00:00,MSTX,B,915,2.8000,0
2026-03-05,08:50:00,BMNU,S,1157,2.1400,0
2026-03-05,09:01:00,BMNU,B,1157,2.2200,0
2026-03-05,08:54:00,TZA,S,394,6.3300,0
2026-03-05,09:24:00,TZA,B,394,6.4300,0
2026-03-05,09:45:00,TPET,B,1930,1.3000,0
2026-03-05,09:48:00,TPET,S,965,1.3520,0
2026-03-05,09:48:00,TPET,S,965,1.3504,0
2026-03-05,09:43:00,RKT,S,153,16.2900,0
2026-03-05,09:52:00,RKT,B,153,16.3600,0
2026-03-05,08:45:00,TTD,S,79,31.2500,0
2026-03-05,10:03:00,TTD,B,39,30.0000,0
2026-03-05,10:03:00,TTD,B,40,30.1439,0
2026-03-05,09:22:00,BMNU,S,1201,2.0800,0
2026-03-05,10:16:00,BMNU,B,600,1.9968,0
2026-03-05,10:16:00,BMNU,B,601,1.9958,0
2026-03-05,10:20:00,UVIX,B,340,7.3450,0
2026-03-05,10:33:00,UVIX,S,340,7.2050,0
2026-03-05,08:42:00,PLUG,S,1048,2.3800,0
2026-03-05,10:45:00,PLUG,B,524,2.2848,0
2026-03-05,10:45:00,PLUG,B,524,2.2888,0
2026-03-05,10:17:00,TZA,B,382,6.5400,0
2026-03-05,10:54:00,TZA,S,382,6.5100,0
2026-03-05,08:45:00,VG,B,212,11.8300,0
2026-03-05,12:51:00,VG,S,106,12.3032,0
2026-03-05,12:51:00,VG,S,106,12.3148,0
2026-03-05,08:50:00,AAL,S,208,11.9750,0
2026-03-05,15:00:00,AAL,B,208,11.7950,0
2026-03-06,08:48:00,UVIX,B,286,8.7650,0
2026-03-06,09:00:00,UVIX,S,286,8.4600,0
2026-03-06,08:56:00,TZA,B,355,7.0400,0
2026-03-06,09:00:00,TZA,S,355,6.9600,0
2026-03-06,08:44:00,ONDS,B,234,10.7000,0
2026-03-06,09:02:00,ONDS,S,117,11.1280,0
2026-03-06,09:02:00,ONDS,S,117,11.0830,0
2026-03-06,08:51:00,PLUG,S,1121,2.2100,0
2026-03-06,09:04:00,PLUG,B,1121,2.2750,0
2026-03-06,08:50:00,MOBX,S,1342,0.9446,0
2026-03-06,09:15:00,MOBX,B,671,0.9068,0
2026-03-06,09:15:00,MOBX,B,671,0.9257,0
2026-03-06,08:51:00,BMNU,S,1396,1.7800,0
2026-03-06,09:17:00,BMNU,B,1396,1.8550,0
2026-03-06,08:46:00,PBR,S,144,17.2200,0
2026-03-06,09:55:00,PBR,B,144,17.6700,0
2026-03-06,09:40:00,TPET,S,563,2.0150,0
2026-03-06,09:57:00,TPET,B,281,1.9344,0
2026-03-06,09:57:00,TPET,B,282,1.9520,0
2026-03-06,09:29:00,PRSO,S,645,1.5600,0
2026-03-06,10:00:00,PRSO,B,322,1.4976,0
2026-03-06,10:00:00,PRSO,B,323,1.5095,0
2026-03-06,09:05:00,IOVA,B,531,4.7150,0
2026-03-06,10:38:00,IOVA,S,265,4.9036,0
2026-03-06,10:38:00,IOVA,S,266,4.9028,0
2026-03-06,08:49:00,MRVL,B,28,88.5200,0
2026-03-06,12:26:00,MRVL,S,14,92.0608,0
2026-03-06,12:26:00,MRVL,S,14,92.4816,0
2026-03-06,09:22:00,AAL,B,220,11.3550,0
2026-03-06,12:51:00,AAL,S,220,11.0900,0
2026-03-06,08:54:00,MUD,S,623,4.0000,0
2026-03-06,13:56:00,MUD,B,623,4.0650,0
2026-03-06,08:45:00,NVD,S,348,7.1500,0
2026-03-06,14:08:00,NVD,B,348,7.2800,0
2026-03-06,08:46:00,SOXL,B,48,51.4600,0
2026-03-06,14:10:00,SOXL,S,48,49.7100,0
2026-03-06,14:10:00,ONDS,S,245,10.1800,0
2026-03-06,14:42:00,ONDS,B,122,9.7728,0
2026-03-06,14:42:00,ONDS,B,123,9.8668,0
2026-03-06,08:52:00,MSTX,S,1057,2.3300,0
2026-03-06,15:00:00,MSTX,B,1057,2.3300,0
2026-03-06,13:44:00,PLUG,S,1170,2.1350,0
2026-03-06,15:00:00,PLUG,B,1170,2.1250,0
2026-03-06,14:22:00,NVD,B,338,7.4000,0
2026-03-06,15:00:00,NVD,S,338,7.4500,0
2026-03-06,14:48:00,UVIX,B,272,9.1600,0
2026-03-06,15:00:00,UVIX,S,272,9.3800,0
2026-03-09,08:45:00,MSTX,B,1004,2.5100,0
2026-03-09,09:07:00,MSTX,S,1004,2.4200,0
2026-03-09,08:44:00,NVD,B,330,7.5800,0
2026-03-09,09:23:00,NVD,S,330,7.4100,0
2026-03-09,08:43:00,SOXL,S,55,44.8000,0
2026-03-09,09:23:00,SOXL,B,55,46.6000,0
2026-03-09,08:42:00,UVIX,B,254,9.8900,0
2026-03-09,09:47:00,UVIX,S,254,9.4300,0
2026-03-09,10:15:00,UVIX,S,272,9.1400,0
2026-03-09,11:00:00,UVIX,B,136,8.7744,0
2026-03-09,11:00:00,UVIX,B,136,8.7802,0
2026-03-09,09:05:00,MUD,S,592,4.1900,0
2026-03-09,15:00:00,MUD,B,296,4.0224,0
2026-03-09,15:00:00,MUD,B,296,3.9400,0
2026-03-09,14:28:00,NVD,S,352,7.1000,0
2026-03-09,15:00:00,NVD,B,352,7.0300,0
2026-03-10,09:20:00,HIMZ,S,563,2.3200,0
2026-03-10,09:45:00,HIMZ,B,281,2.2272,0
2026-03-10,09:45:00,HIMZ,B,282,2.2396,0
2026-03-10,08:50:00,WIT,B,1079,2.3400,0
2026-03-10,11:51:00,WIT,S,539,2.4336,0
2026-03-10,11:51:00,WIT,S,540,2.5366,0
2026-03-10,09:05:00,NIO,B,457,5.4700,0
2026-03-10,15:00:00,NIO,S,228,5.6888,0
2026-03-10,15:00:00,NIO,S,229,5.6900,0
2026-03-11,08:41:00,NVTS,B,270,9.2400,0
2026-03-11,08:56:00,NVTS,S,135,9.6096,0
2026-03-11,08:56:00,NVTS,S,135,9.6776,0
2026-03-11,08:42:00,HIMZ,B,526,2.5500,0
2026-03-11,09:17:00,HIMZ,S,263,2.6520,0
2026-03-11,09:17:00,HIMZ,S,263,2.6545,0
2026-03-11,09:06:00,NVTS,B,250,10.0000,0
2026-03-11,09:23:00,NVTS,S,125,10.4000,0
2026-03-11,09:23:00,NVTS,S,125,10.3100,0
2026-03-11,08:52:00,WIT,B,1012,2.4750,0
2026-03-11,09:48:00,WIT,S,1012,2.4150,0
2026-03-11,08:48:00,KOS,B,1269,1.9700,0
2026-03-11,13:45:00,KOS,S,634,2.0488,0
2026-03-11,13:45:00,KOS,S,635,2.0295,0
2026-03-11,08:43:00,PATH,S,208,11.9250,0
2026-03-11,14:48:00,PATH,B,208,12.2400,0
2026-03-11,08:41:00,PBR,B,133,18.7200,0
2026-03-11,15:00:00,PBR,S,133,18.9950,0
2026-03-12,08:41:00,TZA,S,350,7.1200,0
2026-03-12,08:47:00,TZA,B,350,7.2300,0
2026-03-12,08:42:00,SOXL,S,47,52.8300,0
2026-03-12,09:00:00,SOXL,B,23,50.7168,0
2026-03-12,09:00:00,SOXL,B,24,51.0083,0
2026-03-12,08:57:00,BBD,S,679,3.6800,0
2026-03-12,09:00:00,BBD,B,679,3.7100,0
2026-03-12,08:45:00,HIMZ,S,784,2.7000,0
2026-03-12,09:00:00,HIMZ,B,392,2.5920,0
2026-03-12,09:00:00,HIMZ,B,392,2.6420,0
2026-03-12,08:56:00,TZA,B,344,7.2700,0
2026-03-12,09:02:00,TZA,S,344,7.1500,0
2026-03-12,08:41:00,PATH,B,221,11.3900,0
2026-03-12,09:16:00,PATH,S,110,11.8456,0
2026-03-12,09:16:00,PATH,S,111,11.7811,0
2026-03-12,08:47:00,BMNU,S,1196,2.0700,0
2026-03-12,09:46:00,BMNU,B,598,1.9872,0
2026-03-12,09:46:00,BMNU,B,598,1.9968,0
2026-03-12,08:53:00,KOS,B,1190,2.1250,0
2026-03-12,09:51:00,KOS,S,595,2.2100,0
2026-03-12,09:51:00,KOS,S,595,2.2188,0
2026-03-12,08:47:00,TSLL,S,170,14.6200,0
2026-03-12,10:24:00,TSLL,B,85,14.0352,0
2026-03-12,10:24:00,TSLL,B,85,14.1762,0
2026-03-12,10:20:00,KOS,B,1113,2.2450,0
2026-03-12,10:34:00,KOS,S,1113,2.2200,0
2026-03-12,09:51:00,BBD,S,679,3.6750,0
2026-03-12,11:39:00,BBD,B,679,3.7100,0
2026-03-12,08:41:00,PINS,S,132,18.8500,0
2026-03-12,15:00:00,PINS,B,66,18.0960,0
2026-03-12,15:00:00,PINS,B,66,18.1000,0
2026-03-12,08:42:00,CCL,S,101,24.6200,0
2026-03-12,15:00:00,CCL,B,101,23.9200,0
2026-03-12,08:42:00,INTC,S,53,46.6900,0
2026-03-12,15:00:00,INTC,B,53,45.2500,0
2026-03-12,08:46:00,TQQQ,S,52,47.8500,0
2026-03-12,15:00:00,TQQQ,B,52,46.8000,0
2026-03-12,08:47:00,TSLG,S,347,7.1150,0
2026-03-12,15:00:00,TSLG,B,347,6.8700,0
2026-03-12,08:47:00,TSDD,B,275,9.1300,0
2026-03-12,15:00:00,TSDD,S,275,9.4400,0
2026-03-12,09:33:00,SOXL,S,49,50.4800,0
2026-03-12,15:00:00,SOXL,B,49,50.3300,0
2026-03-12,14:41:00,HIMZ,S,1070,2.3300,0
2026-03-12,15:00:00,HIMZ,B,1070,2.3100,0
2026-03-13,08:43:00,BIAF,B,519,2.1800,0
2026-03-13,08:43:00,BIAF,S,259,2.2672,0
2026-03-13,08:43:00,BIAF,S,260,2.3682,0
2026-03-13,08:51:00,BIAF,B,1041,2.4000,0
2026-03-13,09:13:00,BIAF,S,520,2.4960,0
2026-03-13,09:13:00,BIAF,S,521,2.5855,0
2026-03-13,08:51:00,MARA,B,266,9.3800,0
2026-03-13,09:36:00,MARA,S,133,9.7552,0
2026-03-13,09:36:00,MARA,S,133,9.8012,0
2026-03-13,09:39:00,MARA,B,252,9.8950,0
2026-03-13,09:42:00,MARA,S,252,9.8000,0
2026-03-13,08:44:00,HIMZ,B,1059,2.4100,0
2026-03-13,09:52:00,HIMZ,S,1059,2.2700,0
2026-03-13,08:41:00,NIO,B,431,5.8500,0
2026-03-13,15:00:00,NIO,S,431,5.8600,0
2026-03-16,08:42:00,CTMX,B,245,6.8900,0
2026-03-16,08:46:00,CTMX,S,122,7.1656,0
2026-03-16,08:46:00,CTMX,S,123,7.1811,0
2026-03-16,08:41:00,ETHA,B,143,17.3900,0
2026-03-16,08:53:00,ETHA,S,143,17.2000,0
2026-03-16,08:52:00,MSTX,S,909,2.7200,0
2026-03-16,09:02:00,MSTX,B,909,2.7900,0
2026-03-16,09:18:00,MSTX,B,886,2.8200,0
2026-03-16,09:25:00,MSTX,S,886,2.8000,0
2026-03-16,13:24:00,ETHA,B,141,17.6850,0
2026-03-16,13:51:00,ETHA,S,141,17.6100,0
2026-03-16,08:43:00,NOK,B,295,8.4500,0
2026-03-16,14:05:00,NOK,S,147,8.7880,0
2026-03-16,14:05:00,NOK,S,148,8.7355,0
2026-03-16,08:56:00,CPNG,B,124,20.0750,0
2026-03-16,15:00:00,CPNG,S,124,20.4700,0
2026-03-16,09:02:00,BMNR,B,108,23.0700,0
2026-03-16,15:00:00,BMNR,S,108,23.3800,0
2026-03-16,09:03:00,BMNU,B,996,2.5250,0
2026-03-16,15:00:00,BMNU,S,996,2.5700,0
2026-03-16,09:07:00,BMNG,B,1445,1.7300,0
2026-03-16,15:00:00,BMNG,S,1445,1.7700,0
2026-03-17,08:42:00,RIG,S,396,6.2950,0
2026-03-17,08:52:00,RIG,B,396,6.3400,0
2026-03-17,09:10:00,RIG,B,390,6.4100,0
2026-03-17,09:12:00,RIG,S,390,6.3800,0
2026-03-17,08:43:00,TME,B,193,12.9350,0
2026-03-17,09:38:00,TME,S,193,12.2600,0
2026-03-17,09:03:00,NFE,B,2212,1.1400,0
2026-03-17,11:50:00,NFE,S,1106,1.1856,0
2026-03-17,11:50:00,NFE,S,1106,1.2336,0
2026-03-17,08:44:00,ONDS,B,235,10.6900,0
2026-03-17,13:21:00,ONDS,S,117,11.1176,0
2026-03-17,13:21:00,ONDS,S,118,11.0531,0
2026-03-17,08:45:00,NBIS,S,21,117.3200,0
2026-03-17,15:00:00,NBIS,B,21,116.2750,0
2026-03-17,10:09:00,TME,S,207,12.0550,0
2026-03-17,15:00:00,TME,B,103,11.5728,0
2026-03-17,15:00:00,TME,B,104,11.3700,0
2026-03-18,08:54:00,AIM,S,454,1.1100,0
2026-03-18,08:56:00,AIM,B,227,1.0656,0
2026-03-18,08:56:00,AIM,B,227,1.0661,0
2026-03-18,08:52:00,BMNG,B,1533,1.6300,0
2026-03-18,09:30:00,BMNG,S,1533,1.5800,0
2026-03-18,08:45:00,UVIX,B,317,7.8800,0
2026-03-18,09:33:00,UVIX,S,158,8.1952,0
2026-03-18,09:33:00,UVIX,S,159,8.2057,0
2026-03-18,08:47:00,BMNU,B,1061,2.3800,0
2026-03-18,09:40:00,BMNU,S,1061,2.2750,0
2026-03-18,08:43:00,VG,S,189,13.2250,0
2026-03-18,10:15:00,VG,B,189,13.5000,0
2026-03-18,09:14:00,MSTX,S,936,2.6500,0
2026-03-18,11:46:00,MSTX,B,468,2.5440,0
2026-03-18,11:46:00,MSTX,B,468,2.5565,0
2026-03-18,08:53:00,IAUX,S,1712,1.4550,0
2026-03-18,11:46:00,IAUX,B,856,1.3968,0
2026-03-18,11:46:00,IAUX,B,856,1.3546,0
2026-03-18,11:34:00,BMNU,S,1126,2.2200,0
2026-03-18,12:38:00,BMNU,B,1126,2.2800,0
2026-03-18,14:30:00,VG,B,173,14.4500,0
2026-03-18,14:49:00,VG,S,86,15.0280,0
2026-03-18,14:49:00,VG,S,87,14.8955,0
2026-03-18,08:57:00,GDX,S,28,88.7300,0
2026-03-18,15:00:00,GDX,B,28,88.1400,0
2026-03-18,13:40:00,UVIX,B,297,8.4000,0
2026-03-18,15:00:00,UVIX,S,297,8.6100,0
2026-03-18,14:52:00,BMNG,S,1666,1.4900,0
2026-03-18,15:00:00,BMNG,B,1666,1.4950,0
2026-03-19,08:42:00,UVIX,S,269,9.2500,0
2026-03-19,09:00:00,UVIX,B,134,8.8800,0
2026-03-19,09:00:00,UVIX,B,135,8.9325,0
2026-03-19,08:41:00,GDX,S,31,80.4050,0
2026-03-19,09:00:00,GDX,B,31,82.1600,0
2026-03-19,08:41:00,KOS,B,931,2.6900,0
2026-03-19,09:17:00,KOS,S,465,2.7976,0
2026-03-19,09:17:00,KOS,S,466,2.7731,0
2026-03-19,09:51:00,UVIX,S,288,8.6800,0
2026-03-19,13:28:00,UVIX,B,144,8.3328,0
2026-03-19,13:28:00,UVIX,B,144,8.2768,0
2026-03-19,08:53:00,TSLG,B,388,6.4500,0
2026-03-19,13:48:00,TSLG,S,388,6.3250,0
2026-03-19,14:00:00,KOS,B,846,2.9550,0
2026-03-19,14:09:00,KOS,S,846,2.9150,0
2026-03-19,08:41:00,BTG,S,603,4.1300,0
2026-03-19,15:00:00,BTG,B,603,4.2100,0
2026-03-19,13:49:00,TSLL,S,193,12.8900,0
2026-03-19,15:00:00,TSLL,B,193,12.9700,0
2026-03-19,13:49:00,TSDD,B,245,10.2100,0
2026-03-19,15:00:00,TSDD,S,245,10.1600,0
2026-03-20,08:42:00,VG,B,165,15.3000,0
2026-03-20,10:40:00,VG,S,82,15.9120,0
2026-03-20,10:40:00,VG,S,83,15.7670,0
2026-03-20,08:44:00,SMCI,B,109,23.0200,0
2026-03-20,11:52:00,SMCI,S,109,21.8500,0
2026-03-20,09:09:00,PLUG,S,1043,2.3850,0
2026-03-20,12:55:00,PLUG,B,521,2.2896,0
2026-03-20,12:55:00,PLUG,B,522,2.3038,0
2026-03-20,13:03:00,SMCI,S,116,21.4150,0
2026-03-20,13:13:00,SMCI,B,116,21.4800,0
2026-03-20,08:41:00,RKT,S,175,14.2200,0
2026-03-20,14:15:00,RKT,B,87,13.6512,0
2026-03-20,14:15:00,RKT,B,88,13.5822,0
2026-03-20,08:52:00,DNN,S,719,3.4500,0
2026-03-20,14:31:00,DNN,B,359,3.3120,0
2026-03-20,14:31:00,DNN,B,360,3.3095,0
2026-03-20,08:50:00,BTG,S,601,4.1300,0
2026-03-20,14:39:00,BTG,B,300,3.9648,0
2026-03-20,14:39:00,BTG,B,301,3.9213,0
2026-03-20,08:41:00,AGNC,S,245,10.1750,0
2026-03-20,14:39:00,AGNC,B,122,9.7680,0
2026-03-20,14:39:00,AGNC,B,123,9.8418,0
2026-03-20,08:51:00,TQQQ,S,56,44.5300,0
2026-03-20,14:44:00,TQQQ,B,28,42.7488,0
2026-03-20,14:44:00,TQQQ,B,28,42.7453,0
2026-03-20,08:54:00,NVD,B,333,7.5000,0
2026-03-20,14:45:00,NVD,S,166,7.8000,0
2026-03-20,14:45:00,NVD,S,167,7.8350,0
2026-03-20,08:58:00,TZA,B,336,7.4400,0
2026-03-20,14:52:00,TZA,S,168,7.7376,0
2026-03-20,14:52:00,TZA,S,168,7.7956,0
2026-03-20,08:52:00,TSLL,S,200,12.4750,0
2026-03-20,14:53:00,TSLL,B,100,11.9760,0
2026-03-20,14:53:00,TSLL,B,100,12.0048,0
2026-03-20,08:54:00,TSLG,S,409,6.0700,0
2026-03-20,14:54:00,TSLG,B,204,5.8272,0
2026-03-20,14:54:00,TSLG,B,205,5.8707,0
2026-03-20,08:53:00,TSDD,B,237,10.5500,0
2026-03-20,14:54:00,TSDD,S,118,10.9720,0
2026-03-20,14:54:00,TSDD,S,119,10.8945,0
2026-03-20,08:44:00,NIO,S,438,5.7050,0
2026-03-20,15:00:00,NIO,B,219,5.4768,0
2026-03-20,15:00:00,NIO,B,219,5.4400,0
2026-03-23,08:44:00,OPEN,B,492,5.0900,0
2026-03-23,09:27:00,OPEN,S,246,5.2936,0
2026-03-23,09:27:00,OPEN,S,246,5.2541,0
2026-03-23,08:46:00,ONDS,S,248,10.0550,0
2026-03-23,09:29:00,ONDS,B,248,10.2900,0
2026-03-23,08:42:00,TZA,S,348,7.1400,0
2026-03-23,10:20:00,TZA,B,174,6.8544,0
2026-03-23,10:20:00,TZA,B,174,6.9214,0
2026-03-23,09:37:00,ONDS,B,242,10.3500,0
2026-03-23,10:56:00,ONDS,S,242,10.2500,0
2026-03-23,08:59:00,PLTD,S,355,7.0300,0
2026-03-23,10:59:00,PLTD,B,355,7.1700,0
2026-03-23,08:41:00,TSLL,B,194,12.8800,0
2026-03-23,15:00:00,TSLL,S,194,12.9700,0
2026-03-23,08:41:00,NU,B,173,14.3850,0
2026-03-23,15:00:00,NU,S,173,14.6850,0
2026-03-23,08:42:00,TSDD,S,246,10.0600,0
2026-03-23,15:00:00,TSDD,B,246,10.0600,0
2026-03-23,08:50:00,FCX,B,45,54.4900,0
2026-03-23,15:00:00,FCX,S,45,54.9550,0
2026-03-23,08:53:00,NIO,B,440,5.6800,0
2026-03-23,15:00:00,NIO,S,440,5.8200,0
2026-03-24,08:43:00,IBRX,S,326,7.6600,0
2026-03-24,08:44:00,IBRX,B,163,7.3536,0
2026-03-24,08:44:00,IBRX,B,163,7.0266,0
2026-03-24,08:46:00,FEED,S,555,2.0000,0
2026-03-24,09:20:00,FEED,B,277,1.9200,0
2026-03-24,09:20:00,FEED,B,278,2.0000,0
2026-03-24,08:56:00,TTD,S,106,23.4300,0
2026-03-24,10:25:00,TTD,B,53,22.4928,0
2026-03-24,10:25:00,TTD,B,53,22.6143,0
2026-03-24,08:48:00,HPE,B,111,22.3500,0
2026-03-24,11:05:00,HPE,S,55,23.2440,0
2026-03-24,11:05:00,HPE,S,56,23.2065,0
2026-03-24,08:51:00,BMNG,S,1760,1.4050,0
2026-03-24,13:00:00,BMNG,B,880,1.3488,0
2026-03-24,13:00:00,BMNG,B,880,1.3440,0
2026-03-24,13:32:00,HPE,B,105,23.6300,0
2026-03-24,14:16:00,HPE,S,105,23.5850,0
2026-03-25,08:51:00,INTC,S,54,45.6800,0
2026-03-25,09:16:00,INTC,B,54,46.5950,0
2026-03-25,10:10:00,JBLU,S,584,4.2700,0
2026-03-25,11:31:00,JBLU,B,584,4.4050,0
2026-03-25,13:42:00,JBLU,B,502,4.9800,0
2026-03-25,13:47:00,JBLU,S,502,4.9350,0
2026-03-25,08:43:00,HPE,B,98,25.5050,0
2026-03-25,15:00:00,HPE,S,98,25.7900,0
2026-03-25,09:13:00,AMDD,S,297,8.4100,0
2026-03-25,15:00:00,AMDD,B,297,8.3300,0
2026-03-25,09:21:00,TERN,B,47,52.6750,0
2026-03-25,15:00:00,TERN,S,47,52.8700,0
2026-03-25,09:41:00,INTC,B,52,47.2800,0
2026-03-25,15:00:00,INTC,S,52,47.2000,0
2026-03-26,08:46:00,BMNG,B,1879,1.3500,0
2026-03-26,09:11:00,BMNG,S,1879,1.3100,0
2026-03-26,08:48:00,BMNU,B,1295,1.9500,0
2026-03-26,09:13:00,BMNU,S,1295,1.8900,0
2026-03-26,08:46:00,SNAP,B,563,4.4500,0
2026-03-26,09:42:00,SNAP,S,563,4.3800,0
2026-03-26,08:44:00,TSLL,B,192,12.9700,0
2026-03-26,09:52:00,TSLL,S,192,12.7500,0
2026-03-26,08:45:00,TQQQ,B,57,43.2300,0
2026-03-26,09:55:00,TQQQ,S,57,42.7500,0
2026-03-26,08:46:00,TZA,S,359,6.8700,0
2026-03-26,11:28:00,TZA,B,359,7.0100,0
2026-03-26,08:42:00,SOXL,S,46,53.0150,0
2026-03-26,12:12:00,SOXL,B,23,50.8944,0
2026-03-26,12:12:00,SOXL,B,23,51.0602,0
2026-03-26,08:42:00,SOXS,B,65,38.6150,0
2026-03-26,12:13:00,SOXS,S,32,40.1596,0
2026-03-26,12:13:00,SOXS,S,33,39.8239,0
2026-03-26,10:14:00,BMNU,S,1336,1.8700,0
2026-03-26,13:14:00,BMNU,B,668,1.7952,0
2026-03-26,13:14:00,BMNU,B,668,1.8087,0
2026-03-26,13:16:00,TSLL,S,201,12.4300,0
2026-03-26,13:23:00,TSLL,B,201,12.4800,0
2026-03-26,08:42:00,INTC,S,54,45.5800,0
2026-03-26,15:00:00,INTC,B,54,44.1000,0
2026-03-26,09:11:00,NVD,B,329,7.6000,0
2026-03-26,15:00:00,NVD,S,164,7.9040,0
2026-03-26,15:00:00,NVD,S,165,7.9100,0
2026-03-26,11:17:00,TQQQ,S,58,42.6000,0
2026-03-26,15:00:00,TQQQ,B,58,41.2600,0
2026-03-26,14:31:00,SOXL,S,50,49.4400,0
2026-03-26,15:00:00,SOXL,B,50,49.1900,0
2026-03-26,14:31:00,SOXS,B,61,40.9000,0
2026-03-26,15:00:00,SOXS,S,61,41.2300,0
2026-03-26,14:59:00,TZA,B,350,7.1400,0
2026-03-26,15:00:00,TZA,S,350,7.1250,0
2026-03-27,08:41:00,TSLL,S,214,11.6800,0
2026-03-27,08:45:00,TSLL,B,214,11.7700,0
2026-03-27,08:47:00,TZA,S,345,7.2300,0
2026-03-27,08:52:00,TZA,B,345,7.3200,0
2026-03-27,08:53:00,BMNU,S,1524,1.6200,0
2026-03-27,09:50:00,BMNU,B,762,1.5552,0
2026-03-27,09:50:00,BMNU,B,762,1.5662,0
2026-03-27,09:20:00,BMNG,S,2272,1.1000,0
2026-03-27,10:52:00,BMNG,B,2272,1.1200,0
2026-03-27,08:50:00,U,S,132,18.8800,0
2026-03-27,15:00:00,U,B,132,19.4500,0
2026-03-27,08:52:00,BMNR,S,132,18.8800,0
2026-03-27,15:00:00,BMNR,B,132,18.4100,0
2026-03-27,08:54:00,TQQQ,S,62,39.9250,0
2026-03-27,15:00:00,TQQQ,B,62,38.6800,0
2026-03-27,08:55:00,TSDD,B,227,11.0300,0
2026-03-27,15:00:00,TSDD,S,227,11.0900,0
2026-03-30,08:41:00,SOXL,S,54,45.0200,0
2026-03-30,09:00:00,SOXL,B,27,43.2192,0
2026-03-30,09:00:00,SOXL,B,27,43.6002,0
2026-03-30,08:51:00,CRWG,S,1111,2.0700,0
2026-03-30,09:00:00,CRWG,B,555,1.9872,0
2026-03-30,09:00:00,CRWG,B,556,2.0007,0
2026-03-30,08:41:00,SOXS,B,56,44.6250,0
2026-03-30,09:35:00,SOXS,S,28,46.4100,0
2026-03-30,09:35:00,SOXS,S,28,46.3238,0
2026-03-30,09:20:00,CRWG,S,1262,1.9750,0
2026-03-30,09:46:00,CRWG,B,631,1.8960,0
2026-03-30,09:46:00,CRWG,B,631,1.9030,0
2026-03-30,08:45:00,FRMI,S,526,4.7150,0
2026-03-30,09:48:00,FRMI,B,526,5.0850,0
2026-03-30,09:41:00,SOXL,S,58,42.5500,0
2026-03-30,10:00:00,SOXL,B,58,43.1600,0
2026-03-30,08:46:00,BSX,S,38,64.1800,0
2026-03-30,10:54:00,BSX,B,19,61.6128,0
2026-03-30,10:54:00,BSX,B,19,61.8868,0
2026-03-30,14:05:00,SOXS,B,51,49.0150,0
2026-03-30,14:55:00,SOXS,S,51,48.7500,0
2026-03-31,08:55:00,TSLG,B,433,5.7900,0
2026-03-31,09:07:00,TSLG,S,433,5.7050,0
2026-03-31,08:43:00,TZA,S,336,7.4200,0
2026-03-31,09:48:00,TZA,B,336,7.5100,0
2026-03-31,08:44:00,SNAP,B,605,4.1450,0
2026-03-31,09:50:00,SNAP,S,302,4.3108,0
2026-03-31,09:50:00,SNAP,S,303,4.4785,0
2026-03-31,09:14:00,BMNR,B,132,18.8600,0
2026-03-31,09:52:00,BMNR,S,132,18.5100,0
2026-03-31,08:42:00,TQQQ,B,63,39.4500,0
2026-03-31,09:55:00,TQQQ,S,63,39.1150,0
2026-03-31,08:42:00,TSDD,S,229,10.9000,0
2026-03-31,09:56:00,TSDD,B,229,11.0500,0
2026-03-31,08:41:00,NIO,B,445,5.6200,0
2026-03-31,10:01:00,NIO,S,222,5.8448,0
2026-03-31,10:01:00,NIO,S,223,5.9288,0
2026-03-31,10:23:00,NIO,B,414,6.0300,0
2026-03-31,10:27:00,NIO,S,414,5.9800,0
2026-03-31,08:50:00,SOXL,B,57,43.7900,0
2026-03-31,11:40:00,SOXL,S,28,45.5416,0
2026-03-31,11:40:00,SOXL,S,29,45.1421,0
2026-03-31,08:41:00,CDE,B,145,17.1700,0
2026-03-31,11:42:00,CDE,S,72,17.8568,0
2026-03-31,11:42:00,CDE,S,73,17.9883,0
2026-03-31,08:49:00,RKT,B,180,13.8250,0
2026-03-31,11:44:00,RKT,S,90,14.3780,0
2026-03-31,11:44:00,RKT,S,90,14.2968,0
2026-03-31,08:50:00,NVD,S,307,8.1100,0
2026-03-31,11:49:00,NVD,B,153,7.7856,0
2026-03-31,11:49:00,NVD,B,154,7.7111,0
2026-03-31,08:41:00,VG,B,155,16.1100,0
2026-03-31,12:07:00,VG,S,155,15.6050,0
2026-03-31,08:41:00,TSLL,B,213,11.7400,0
2026-03-31,12:25:00,TSLL,S,106,12.2096,0
2026-03-31,12:25:00,TSLL,S,107,12.0926,0
2026-03-31,08:55:00,PLTD,S,318,7.8300,0
2026-03-31,12:38:00,PLTD,B,159,7.5168,0
2026-03-31,12:38:00,PLTD,B,159,7.4983,0
2026-03-31,13:50:00,LUMN,B,361,6.9150,0
2026-03-31,14:33:00,LUMN,S,361,6.8650,0
2026-03-31,08:41:00,NVDA,B,14,168.7200,0
2026-03-31,15:00:00,NVDA,S,14,174.4100,0
2026-03-31,08:42:00,NU,B,180,13.8350,0
2026-03-31,15:00:00,NU,S,90,14.3884,0
2026-03-31,15:00:00,NU,S,90,14.3800,0
2026-03-31,08:52:00,INTC,B,59,42.1050,0
2026-03-31,15:00:00,INTC,S,29,43.7892,0
2026-03-31,15:00:00,INTC,S,30,44.1300,0
2026-03-31,13:14:00,CDE,B,134,18.5250,0
2026-03-31,15:00:00,CDE,S,134,18.7800,0
2026-03-31,13:37:00,BMNU,B,1420,1.7600,0
2026-03-31,15:00:00,BMNU,S,1420,1.7600,0
2026-03-31,13:51:00,SOXL,B,52,47.4150,0
2026-03-31,15:00:00,SOXL,S,52,47.8900,0
2026-03-31,14:11:00,NVD,S,329,7.5900,0
2026-03-31,15:00:00,NVD,B,329,7.5600,0
2026-03-31,14:21:00,TQQQ,B,60,41.6600,0
2026-03-31,15:00:00,TQQQ,S,60,41.7100,0
2026-04-01,08:41:00,CYCN,B,187,7.3500,0
2026-04-01,08:46:00,CYCN,S,93,7.6440,0
2026-04-01,08:46:00,CYCN,S,94,7.7965,0
2026-04-01,08:54:00,TSLG,S,409,6.0900,0
2026-04-01,09:22:00,TSLG,B,409,6.1800,0
2026-04-01,08:44:00,TSLL,S,201,12.3500,0
2026-04-01,09:30:00,TSLL,B,201,12.6050,0
2026-04-01,08:49:00,SNAP,S,539,4.6200,0
2026-04-01,09:41:00,SNAP,B,539,4.7650,0
2026-04-01,09:54:00,SNAP,B,520,4.8050,0
2026-04-01,10:04:00,SNAP,S,520,4.7700,0
2026-04-01,08:54:00,VG,S,165,15.0600,0
2026-04-01,12:33:00,VG,B,82,14.4576,0
2026-04-01,12:33:00,VG,B,83,14.3756,0
2026-04-01,09:39:00,TSLL,B,198,12.6300,0
2026-04-01,13:24:00,TSLL,S,198,12.5100,0
2026-04-01,09:16:00,SVC,B,2083,1.2050,0
2026-04-01,14:56:00,SVC,S,2083,1.1750,0
2026-04-01,08:42:00,NKE,S,54,45.7850,0
2026-04-01,15:00:00,NKE,B,54,44.6250,0
2026-04-01,08:50:00,INTC,B,53,47.1300,0
2026-04-01,15:00:00,INTC,S,53,48.0200,0
2026-04-01,09:43:00,BTG,B,529,4.7250,0
2026-04-01,15:00:00,BTG,S,529,4.8400,0
2026-04-02,08:42:00,TSDD,S,235,10.6300,0
2026-04-02,09:02:00,TSDD,B,235,10.8050,0
2026-04-02,08:42:00,TSLL,B,211,11.8250,0
2026-04-02,09:02:00,TSLL,S,211,11.5950,0
2026-04-02,08:48:00,SNAP,S,532,4.6950,0
2026-04-02,09:36:00,SNAP,B,532,4.8050,0
2026-04-02,08:45:00,PLUG,B,1106,2.2700,0
2026-04-02,09:41:00,PLUG,S,553,2.3608,0
2026-04-02,09:41:00,PLUG,S,553,2.3773,0
2026-04-02,08:50:00,COCP,S,416,1.5100,0
2026-04-02,09:50:00,COCP,B,208,1.4496,0
2026-04-02,09:50:00,COCP,B,208,1.4564,0
2026-04-02,10:05:00,PLUG,B,1035,2.4150,0
2026-04-02,10:21:00,PLUG,S,1035,2.3850,0
2026-04-02,09:14:00,TSLG,B,428,5.8500,0
2026-04-02,11:31:00,TSLG,S,428,5.7100,0
2026-04-02,09:01:00,SVC,S,2109,1.1850,0
2026-04-02,13:03:00,SVC,B,2109,1.2200,0
2026-04-02,13:03:00,TSDD,B,226,11.0300,0
2026-04-02,13:06:00,TSDD,S,226,10.9900,0
2026-04-02,13:20:00,TSLL,S,221,11.3000,0
2026-04-02,13:41:00,TSLL,B,221,11.3700,0
2026-04-02,08:47:00,NOK,B,307,8.1500,0
2026-04-02,14:03:00,NOK,S,153,8.4760,0
2026-04-02,14:03:00,NOK,S,154,8.7135,0
2026-04-02,14:21:00,TSLG,S,449,5.5600,0
2026-04-02,14:50:00,TSLG,B,449,5.6100,0
2026-04-06,08:45:00,EVTL,S,1046,2.3800,0
2026-04-06,08:52:00,EVTL,B,1046,2.4300,0
2026-04-06,09:15:00,MRLN,S,222,7.3700,0
2026-04-06,09:48:00,MRLN,B,111,7.0752,0
2026-04-06,09:48:00,MRLN,B,111,7.1237,0
2026-04-06,09:21:00,CADL,B,486,5.1550,0
2026-04-06,10:02:00,CADL,S,486,5.1150,0
2026-04-06,09:19:00,ACHV,S,781,3.1700,0
2026-04-06,10:03:00,ACHV,B,781,3.2700,0
2026-04-06,09:13:00,RPAY,S,957,2.6050,0
2026-04-06,10:17:00,RPAY,B,957,2.6600,0
2026-04-06,09:25:00,SPIR,S,157,15.6700,0
2026-04-06,11:01:00,SPIR,B,78,15.0432,0
2026-04-06,11:01:00,SPIR,B,79,15.1830,0
2026-04-06,10:53:00,MRLN,S,354,7.0350,0
2026-04-06,11:02:00,MRLN,B,354,7.1600,0
2026-04-06,10:13:00,FRMM,S,930,2.5200,0
2026-04-06,11:21:00,FRMM,B,465,2.4192,0
2026-04-06,11:21:00,FRMM,B,465,2.3402,0
2026-04-06,09:08:00,VOR,S,144,17.2200,0
2026-04-06,12:18:00,VOR,B,72,16.5312,0
2026-04-06,12:18:00,VOR,B,72,16.5822,0
2026-04-06,08:45:00,CRML,S,298,8.3000,0
2026-04-06,15:00:00,CRML,B,298,8.1050,0
2026-04-06,09:05:00,IMAX,S,62,39.7500,0
2026-04-06,15:00:00,IMAX,B,62,39.3300,0
2026-04-06,09:06:00,EVTL,S,1057,2.3600,0
2026-04-06,15:00:00,EVTL,B,1057,2.3200,0
2026-04-06,09:22:00,NN,S,150,16.5800,0
2026-04-06,15:00:00,NN,B,150,16.6200,0
2026-04-06,09:23:00,GRPN,B,210,11.9100,0
2026-04-06,15:00:00,GRPN,S,210,12.0600,0
2026-04-06,09:52:00,LGN,S,45,54.8800,0
2026-04-06,15:00:00,LGN,B,45,55.0650,0
2026-04-06,10:13:00,SHMD,S,499,5.0100,0
2026-04-06,15:00:00,SHMD,B,499,5.1400,0
2026-04-06,13:38:00,CAR,B,12,201.6300,0
2026-04-06,15:00:00,CAR,S,6,209.6952,0
2026-04-06,15:00:00,CAR,S,6,212.5650,0
2026-04-06,14:23:00,OPTX,S,279,8.8900,0
2026-04-06,15:00:00,OPTX,B,279,9.1300,0
2026-04-07,08:41:00,CETX,S,1000,1.5350,0
2026-04-07,08:44:00,CETX,B,500,1.4736,0
2026-04-07,08:44:00,CETX,B,500,1.4504,0
2026-04-07,08:51:00,AIXI,S,1073,0.9749,0
2026-04-07,08:51:00,AIXI,B,536,0.9359,0
2026-04-07,08:51:00,AIXI,B,537,0.9380,0
2026-04-07,09:51:00,AIXI,B,952,1.5500,0
2026-04-07,09:56:00,AIXI,S,476,1.6120,0
2026-04-07,09:56:00,AIXI,S,476,1.5582,0
2026-04-07,08:46:00,PLUG,S,970,2.5750,0
2026-04-07,10:28:00,PLUG,B,485,2.4720,0
2026-04-07,10:28:00,PLUG,B,485,2.4907,0
2026-04-08,08:44:00,OMEX,B,588,2.0800,0
2026-04-08,08:55:00,OMEX,S,588,1.7400,0
2026-04-08,08:43:00,BMNU,S,1210,2.0600,0
2026-04-08,10:00:00,BMNU,B,605,1.9776,0
2026-04-08,10:00:00,BMNU,B,605,1.9206,0
2026-04-08,09:00:00,BMNG,S,1748,1.4100,0
2026-04-08,10:01:00,BMNG,B,874,1.3536,0
2026-04-08,10:01:00,BMNG,B,874,1.3341,0
2026-04-08,08:42:00,WULF,S,142,17.4300,0
2026-04-08,11:50:00,WULF,B,142,18.0600,0
2026-04-08,08:43:00,INTC,B,44,56.0900,0
2026-04-08,13:33:00,INTC,S,22,58.3336,0
2026-04-08,13:33:00,INTC,S,22,58.6091,0
2026-04-08,08:41:00,AAL,S,210,11.8750,0
2026-04-08,15:00:00,AAL,B,105,11.4000,0
2026-04-08,15:00:00,AAL,B,105,11.4200,0
2026-04-08,08:41:00,PLUG,S,950,2.6250,0
2026-04-08,15:00:00,PLUG,B,950,2.6500,0
2026-04-08,08:42:00,NOK,B,270,9.2550,0
2026-04-08,15:00:00,NOK,S,270,9.4400,0
2026-04-08,08:42:00,EEM,S,41,60.6050,0
2026-04-08,15:00:00,EEM,B,41,60.4500,0
2026-04-08,08:45:00,VG,B,181,13.7500,0
2026-04-08,15:00:00,VG,S,90,14.3000,0
2026-04-08,15:00:00,VG,S,91,14.4350,0
2026-04-08,08:47:00,F,B,207,12.1050,0
2026-04-08,15:00:00,F,S,207,12.2000,0
2026-04-08,08:52:00,COMP,B,332,7.5200,0
2026-04-08,15:00:00,COMP,S,332,7.4500,0
2026-04-08,08:54:00,TZA,B,417,6.0100,0
2026-04-08,15:00:00,TZA,S,417,6.0450,0
2026-04-08,09:02:00,PLTD,B,340,7.4500,0
2026-04-08,15:00:00,PLTD,S,170,7.7480,0
2026-04-08,15:00:00,PLTD,S,170,7.7800,0
2026-04-08,09:39:00,CCL,S,88,28.2400,0
2026-04-08,15:00:00,CCL,B,88,28.0300,0
2026-04-09,08:44:00,EOSE,B,475,5.2550,0
2026-04-09,09:09:00,EOSE,S,237,5.4652,0
2026-04-09,09:09:00,EOSE,S,238,5.4275,0
2026-04-09,09:23:00,ONCO,B,909,1.7700,0
2026-04-09,09:25:00,ONCO,S,454,1.8408,0
2026-04-09,09:25:00,ONCO,S,455,1.8470,0
2026-04-09,09:37:00,ONCO,B,999,2.1000,0
2026-04-09,09:42:00,ONCO,S,499,2.1840,0
2026-04-09,09:42:00,ONCO,S,500,2.1736,0
2026-04-09,08:43:00,NIO,S,382,6.5050,0
2026-04-09,10:52:00,NIO,B,191,6.2448,0
2026-04-09,10:52:00,NIO,B,191,6.0850,0
2026-04-09,08:46:00,AMZN,B,11,225.6000,0
2026-04-09,15:00:00,AMZN,S,11,233.5300,0
2026-04-09,08:47:00,PLTD,B,306,8.2400,0
2026-04-09,15:00:00,PLTD,S,306,8.3600,0
2026-04-09,09:01:00,GGB,B,619,4.0450,0
2026-04-09,15:00:00,GGB,S,619,4.1900,0
2026-04-09,11:01:00,WULF,B,130,19.1800,0
2026-04-09,15:00:00,WULF,S,130,19.0250,0
2026-04-10,08:43:00,NIO,B,396,6.3400,0
2026-04-10,09:06:00,NIO,S,198,6.5936,0
2026-04-10,09:06:00,NIO,S,198,6.5316,0
2026-04-10,08:55:00,CRWG,B,684,3.7000,0
2026-04-10,09:25:00,CRWG,S,342,3.8480,0
2026-04-10,09:25:00,CRWG,S,342,3.8818,0
2026-04-10,09:31:00,CRWG,B,636,3.9300,0
2026-04-10,09:42:00,CRWG,S,318,4.0872,0
2026-04-10,09:42:00,CRWG,S,318,4.1338,0
2026-04-10,09:24:00,IOVA,S,681,3.6650,0
2026-04-10,10:08:00,IOVA,B,681,3.9600,0
2026-04-10,08:46:00,NVD,S,375,6.6200,0
2026-04-10,10:36:00,NVD,B,187,6.3552,0
2026-04-10,10:36:00,NVD,B,188,6.4162,0
2026-04-10,08:41:00,NOW,S,29,85.5200,0
2026-04-10,10:58:00,NOW,B,14,82.0992,0
2026-04-10,10:58:00,NOW,B,15,82.3652,0
2026-04-10,08:52:00,SMCL,B,1262,2.0100,0
2026-04-10,13:26:00,SMCL,S,631,2.0904,0
2026-04-10,13:26:00,SMCL,S,631,2.0799,0
2026-04-13,08:43:00,NOK,B,252,9.9000,0
2026-04-13,09:41:00,NOK,S,126,10.2960,0
2026-04-13,09:41:00,NOK,S,126,10.3410,0
2026-04-13,08:47:00,HPQ,B,136,18.3700,0
2026-04-13,10:26:00,HPQ,S,68,19.1048,0
2026-04-13,10:26:00,HPQ,S,68,19.1363,0
2026-04-13,09:44:00,SMCL,B,1228,2.0500,0
2026-04-13,11:56:00,SMCL,S,614,2.1320,0
2026-04-13,11:56:00,SMCL,S,614,2.1545,0
2026-04-13,08:39:00,LEG,B,225,11.1000,0
2026-04-13,15:00:00,LEG,S,225,11.2400,0
2026-04-13,08:44:00,SNAP,B,517,4.8500,0
2026-04-13,15:00:00,SNAP,S,258,5.0440,0
2026-04-13,15:00:00,SNAP,S,259,5.1400,0
2026-04-14,08:44:00,SNAL,B,998,0.9532,0
2026-04-14,08:46:00,SNAL,S,499,0.9913,0
2026-04-14,08:46:00,SNAL,S,499,1.0400,0
2026-04-14,08:40:00,SMR,B,224,11.1200,0
2026-04-14,08:55:00,SMR,S,224,10.7200,0
2026-04-14,08:45:00,IONQ,B,76,32.8900,0
2026-04-14,09:05:00,IONQ,S,38,34.2056,0
2026-04-14,09:05:00,IONQ,S,38,33.8204,0
2026-04-14,08:52:00,QBTS,B,158,15.9000,0
2026-04-14,09:26:00,QBTS,S,79,16.5360,0
2026-04-14,09:26:00,QBTS,S,79,16.7210,0
2026-04-14,08:55:00,JBLU,B,491,5.1000,0
2026-04-14,09:29:00,JBLU,S,245,5.3040,0
2026-04-14,09:29:00,JBLU,S,246,5.2790,0
2026-04-14,10:16:00,JBLU,B,469,5.3300,0
2026-04-14,12:03:00,JBLU,S,234,5.5432,0
2026-04-14,12:03:00,JBLU,S,235,5.5367,0
2026-04-14,09:21:00,PLUG,B,847,2.9500,0
2026-04-14,12:04:00,PLUG,S,847,2.8850,0
2026-04-14,09:03:00,SNAP,S,477,5.2400,0
2026-04-14,12:24:00,SNAP,B,477,5.3700,0
2026-04-14,13:19:00,SNAL,B,655,1.8750,0
2026-04-14,13:22:00,SNAL,S,327,1.9500,0
2026-04-14,13:22:00,SNAL,S,328,1.8750,0
2026-04-14,08:44:00,OWL,B,281,8.9150,0
2026-04-14,14:58:00,OWL,S,140,9.2716,0
2026-04-14,14:58:00,OWL,S,141,9.1908,0
2026-04-14,08:52:00,NVD,S,405,6.1500,0
2026-04-14,15:00:00,NVD,B,405,5.9200,0
2026-04-14,08:53:00,TSLG,B,448,5.5800,0
2026-04-14,15:00:00,TSLG,S,448,5.6850,0
2026-04-14,08:59:00,AAL,B,207,12.1150,0
2026-04-14,15:00:00,AAL,S,207,12.1350,0
2026-04-14,09:13:00,SMCL,B,1059,2.3900,0
2026-04-14,15:00:00,SMCL,S,1059,2.3800,0
2026-04-14,09:21:00,TSLL,B,220,11.3300,0
2026-04-14,15:00:00,TSLL,S,220,11.5300,0
2026-04-15,08:44:00,BMNU,S,1259,1.9800,0
2026-04-15,08:58:00,BMNU,B,1259,2.0600,0
2026-04-15,08:45:00,BMNG,S,1811,1.3700,0
2026-04-15,09:00:00,BMNG,B,1811,1.4300,0
2026-04-15,08:41:00,QBTS,B,133,18.7950,0
2026-04-15,09:01:00,QBTS,S,66,19.5468,0
2026-04-15,09:01:00,QBTS,S,67,19.3670,0
2026-04-15,08:42:00,TSLL,B,213,11.7200,0
2026-04-15,09:21:00,TSLL,S,106,12.1888,0
2026-04-15,09:21:00,TSLL,S,107,12.2628,0
2026-04-15,08:46:00,TSLG,B,431,5.7900,0
2026-04-15,09:21:00,TSLG,S,215,6.0216,0
2026-04-15,09:21:00,TSLG,S,216,6.0421,0
2026-04-15,08:41:00,RGTI,B,139,17.9900,0
2026-04-15,09:30:00,RGTI,S,69,18.7096,0
2026-04-15,09:30:00,RGTI,S,70,18.7301,0
2026-04-15,08:41:00,IONQ,B,63,39.9700,0
2026-04-15,09:33:00,IONQ,S,31,41.5688,0
2026-04-15,09:33:00,IONQ,S,32,41.6503,0
2026-04-15,09:14:00,QBTS,B,127,19.5550,0
2026-04-15,09:34:00,QBTS,S,63,20.3372,0
2026-04-15,09:34:00,QBTS,S,64,20.1994,0
2026-04-15,10:22:00,IONQ,B,59,42.2050,0
2026-04-15,10:25:00,IONQ,S,59,41.9800,0
2026-04-15,08:44:00,SNAP,S,425,5.8500,0
2026-04-15,10:26:00,SNAP,B,425,6.0950,0
2026-04-15,09:53:00,TSLL,B,200,12.4600,0
2026-04-15,10:45:00,TSLL,S,100,12.9584,0
2026-04-15,10:45:00,TSLL,S,100,13.2954,0
2026-04-15,09:31:00,TSLG,B,409,6.1000,0
2026-04-15,10:47:00,TSLG,S,204,6.3440,0
2026-04-15,10:47:00,TSLG,S,205,6.5490,0
2026-04-15,09:04:00,WULF,S,127,19.5000,0
2026-04-15,15:00:00,WULF,B,127,19.6900,0
2026-04-15,09:11:00,OWL,B,258,9.7300,0
2026-04-15,15:00:00,OWL,S,258,9.9250,0
2026-04-15,14:06:00,BMNU,B,1170,2.1400,0
2026-04-15,15:00:00,BMNU,S,1170,2.1900,0
2026-04-16,09:28:00,ONFO,B,283,1.7550,0
2026-04-16,09:34:00,ONFO,S,141,1.8252,0
2026-04-16,09:34:00,ONFO,S,142,1.7550,0
2026-04-16,10:24:00,HIMS,B,95,26.3450,0
2026-04-16,13:39:00,HIMS,S,47,27.3988,0
2026-04-16,13:39:00,HIMS,S,48,27.5366,0
2026-04-16,08:41:00,INTC,B,37,66.7700,0
2026-04-16,15:00:00,INTC,S,37,68.4800,0
2026-04-16,09:47:00,AMDD,S,372,6.7000,0
2026-04-16,15:00:00,AMDD,B,372,6.4750,0
2026-04-17,08:42:00,TZA,B,480,5.2100,0
2026-04-17,09:04:00,TZA,S,480,5.1600,0
2026-04-17,08:47:00,SOXS,B,127,19.6900,0
2026-04-17,09:08:00,SOXS,S,127,19.1850,0
2026-04-17,09:00:00,RIG,S,419,5.9600,0
2026-04-17,09:12:00,RIG,B,419,5.9900,0
2026-04-17,08:46:00,BMNG,B,1515,1.6700,0
2026-04-17,09:55:00,BMNG,S,757,1.7368,0
2026-04-17,09:55:00,BMNG,S,758,1.7333,0
2026-04-17,09:39:00,TZA,S,495,5.0450,0
2026-04-17,10:00:00,TZA,B,495,5.0700,0
2026-04-17,08:55:00,AMC,B,1488,1.6800,0
2026-04-17,10:01:00,AMC,S,744,1.7472,0
2026-04-17,10:01:00,AMC,S,744,1.7782,0
2026-04-17,09:38:00,TSLL,B,181,13.7700,0
2026-04-17,10:02:00,TSLL,S,90,14.3208,0
2026-04-17,10:02:00,TSLL,S,91,14.2123,0
2026-04-17,09:38:00,TSLG,B,369,6.8000,0
2026-04-17,10:43:00,TSLG,S,184,7.0720,0
2026-04-17,10:43:00,TSLG,S,185,7.0320,0
2026-04-17,10:15:00,AMC,B,1392,1.7950,0
2026-04-17,11:05:00,AMC,S,696,1.8668,0
2026-04-17,11:05:00,AMC,S,696,1.9121,0
2026-04-17,08:43:00,CIFR,S,146,17.0750,0
2026-04-17,11:10:00,CIFR,B,146,18.0000,0
2026-04-17,09:02:00,DRIP,B,461,5.4300,0
2026-04-17,13:12:00,DRIP,S,461,5.2700,0
2026-04-17,13:24:00,CIFR,B,134,18.5750,0
2026-04-17,13:37:00,CIFR,S,134,18.4800,0
2026-04-17,08:45:00,COMP,B,318,7.8500,0
2026-04-17,14:54:00,COMP,S,159,8.1640,0
2026-04-17,14:54:00,COMP,S,159,8.1515,0
2026-04-17,08:45:00,ERIC,S,214,11.6500,0
2026-04-17,15:00:00,ERIC,B,214,11.3800,0
2026-04-17,09:11:00,CCL,B,83,29.9000,0
2026-04-17,15:00:00,CCL,S,83,29.2100,0
2026-04-17,09:41:00,SOXS,S,130,19.1100,0
2026-04-17,15:00:00,SOXS,B,130,18.8700,0
2026-04-17,09:58:00,NFLX,B,25,98.3900,0
2026-04-17,15:00:00,NFLX,S,25,97.2800,0
