Date,Time,Symbol,Side,Quantity,Price,Commission
2023-05-22,09:22:00,GRPN,B,595,4.2650,0
2023-05-22,09:49:00,GRPN,S,297,4.4356,0
2023-05-22,09:49:00,GRPN,S,298,4.4424,0
2023-05-22,09:50:00,PARR,S,115,21.5550,0
2023-05-22,15:00:00,PARR,B,115,21.4750,0
2023-05-22,09:52:00,GPRE,B,79,31.7500,0
2023-05-22,15:00:00,GPRE,S,79,32.3600,0
2023-05-22,10:11:00,RPAY,B,364,6.8850,0
2023-05-22,15:00:00,RPAY,S,364,6.8000,0
2023-05-22,13:09:00,NKTX,S,559,4.4850,0
2023-05-22,15:00:00,NKTX,B,559,4.4000,0
2023-05-23,08:41:00,PLTR,B,201,12.5350,0
2023-05-23,10:10:00,PLTR,S,100,13.0364,0
2023-05-23,10:10:00,PLTR,S,101,13.2896,0
2023-05-24,09:29:00,GPRE,S,80,31.3100,0
2023-05-24,10:19:00,GPRE,B,80,31.9000,0
2023-05-24,09:30:00,GRPN,S,598,4.2150,0
2023-05-24,12:45:00,GRPN,B,598,4.3550,0
2023-05-24,09:32:00,BMEA,B,81,31.3900,0
2023-05-24,14:02:00,BMEA,S,40,32.6456,0
2023-05-24,14:02:00,BMEA,S,41,32.6061,0
2023-05-24,09:31:00,RPAY,S,389,6.4750,0
2023-05-24,15:00:00,RPAY,B,389,6.6200,0
2023-05-24,09:38:00,MXL,S,92,27.4050,0
2023-05-24,15:00:00,MXL,B,92,27.4000,0
2023-05-24,10:29:00,PARR,S,118,21.3500,0
2023-05-24,15:00:00,PARR,B,118,21.1100,0
2023-05-24,13:58:00,SPIR,S,3492,0.7157,0
2023-05-24,15:00:00,SPIR,B,3492,0.7145,0
2023-05-24,14:21:00,NNBR,B,1477,1.7150,0
2023-05-24,15:00:00,NNBR,S,1477,1.7300,0
2023-05-24,14:28:00,EVTL,B,1337,1.9100,0
2023-05-24,15:00:00,EVTL,S,1337,1.9100,0
2023-05-24,14:59:00,NKTX,B,561,4.5300,0
2023-05-24,15:00:00,NKTX,S,561,4.5400,0
2023-05-25,08:49:00,INTC,S,92,27.4600,0
2023-05-25,15:00:00,INTC,B,92,27.4050,0
2023-05-25,08:53:00,T,S,163,15.4300,0
2023-05-25,15:00:00,T,B,163,15.1450,0
2023-05-25,10:13:00,NVDA,B,6,387.2300,0
2023-05-25,15:00:00,NVDA,S,6,379.5700,0
2023-05-26,08:44:00,PLTR,B,190,13.3000,0
2023-05-26,09:23:00,PLTR,S,95,13.8320,0
2023-05-26,09:23:00,PLTR,S,95,13.7520,0
2023-05-26,08:46:00,MRVL,B,41,61.3300,0
2023-05-26,12:01:00,MRVL,S,20,63.7832,0
2023-05-26,12:01:00,MRVL,S,21,63.3620,0
2023-05-26,13:18:00,MRVL,B,39,64.5150,0
2023-05-26,15:00:00,MRVL,S,39,65.6600,0
2023-05-30,09:19:00,GRPN,S,480,5.1500,0
2023-05-30,10:25:00,GRPN,B,240,4.9440,0
2023-05-30,10:25:00,GRPN,B,240,4.9565,0
2023-05-30,10:51:00,PARR,S,120,21.2100,0
2023-05-30,11:17:00,PARR,B,120,21.3050,0
2023-05-30,09:24:00,MXL,S,86,29.5100,0
2023-05-30,15:00:00,MXL,B,86,29.5750,0
2023-05-30,09:29:00,GPRE,S,85,29.7000,0
2023-05-30,15:00:00,GPRE,B,85,29.5850,0
2023-05-30,09:34:00,RPAY,S,404,6.3000,0
2023-05-30,15:00:00,RPAY,B,404,6.2550,0
2023-05-30,13:34:00,BMEA,B,77,33.2000,0
2023-05-30,15:00:00,BMEA,S,77,33.9200,0
2023-05-30,13:59:00,NN,B,976,2.6200,0
2023-05-30,15:00:00,NN,S,976,2.5800,0
2023-05-30,14:32:00,CAR,B,15,163.6200,0
2023-05-30,15:00:00,CAR,S,15,163.4100,0
2023-05-30,14:59:00,SPIR,B,3468,0.7379,0
2023-05-30,15:00:00,SPIR,S,3468,0.7305,0
2023-05-31,10:29:00,ELDN,B,952,2.0100,0
2023-05-31,11:07:00,ELDN,S,476,2.0904,0
2023-05-31,11:07:00,ELDN,S,476,2.1249,0
2023-05-31,09:28:00,RPAY,S,425,6.0150,0
2023-05-31,14:50:00,RPAY,B,425,6.3200,0
2023-05-31,09:26:00,GPRE,S,88,28.8600,0
2023-05-31,14:50:00,GPRE,B,88,29.0550,0
2023-05-31,09:33:00,IMAX,S,149,17.0650,0
2023-05-31,14:57:00,IMAX,B,149,17.3300,0
2023-05-31,08:44:00,CAR,S,15,167.5300,0
2023-05-31,15:00:00,CAR,B,15,167.7200,0
2023-05-31,10:39:00,MXL,S,87,29.0200,0
2023-05-31,15:00:00,MXL,B,87,29.1800,0
2023-05-31,14:36:00,NN,B,1000,2.5800,0
2023-05-31,15:00:00,NN,S,1000,2.5800,0
2023-05-31,14:44:00,EVTL,B,1338,1.9450,0
2023-05-31,15:00:00,EVTL,S,1338,1.9850,0
2023-06-01,08:41:00,LCID,S,387,6.6000,0
2023-06-01,10:02:00,LCID,B,387,6.6700,0
2023-06-02,09:00:00,TMUS,S,20,126.4600,0
2023-06-02,14:56:00,TMUS,B,20,130.6750,0
2023-06-05,09:13:00,ELDN,S,1311,1.9200,0
2023-06-05,09:37:00,ELDN,B,655,1.8432,0
2023-06-05,09:37:00,ELDN,B,656,1.8592,0
2023-06-05,09:20:00,GRPN,S,439,5.7450,0
2023-06-05,10:21:00,GRPN,B,439,5.9700,0
2023-06-05,10:18:00,BMEA,B,70,36.1800,0
2023-06-05,11:10:00,BMEA,S,70,35.7600,0
2023-06-05,11:15:00,IMAX,B,141,18.0200,0
2023-06-05,14:50:00,IMAX,S,141,17.9100,0
2023-06-05,14:44:00,CAR,B,14,176.8200,0
2023-06-05,14:52:00,CAR,S,14,176.6200,0
2023-06-05,09:20:00,GPRE,S,82,30.6300,0
2023-06-05,15:00:00,GPRE,B,82,30.9400,0
2023-06-05,09:37:00,PARR,S,117,21.7800,0
2023-06-05,15:00:00,PARR,B,117,22.0000,0
2023-06-05,09:43:00,MXL,S,92,27.5550,0
2023-06-05,15:00:00,MXL,B,92,27.6750,0
2023-06-05,10:20:00,RPAY,S,385,6.5750,0
2023-06-05,15:00:00,RPAY,B,385,6.5300,0
2023-06-05,14:38:00,SPIR,S,3603,0.7000,0
2023-06-05,15:00:00,SPIR,B,3603,0.7020,0
2023-06-06,08:58:00,BMEA,B,66,38.6600,0
2023-06-06,11:48:00,BMEA,S,66,37.8900,0
2023-06-06,09:08:00,CAR,B,14,179.4400,0
2023-06-06,15:00:00,CAR,S,14,184.6000,0
2023-06-06,09:29:00,PARR,B,112,22.5850,0
2023-06-06,15:00:00,PARR,S,112,22.9000,0
2023-06-06,09:55:00,GPRE,B,80,31.6500,0
2023-06-06,15:00:00,GPRE,S,80,32.1000,0
2023-06-06,09:55:00,MXL,B,90,27.9300,0
2023-06-06,15:00:00,MXL,S,90,27.7400,0
2023-06-06,10:10:00,BMI,B,17,145.5300,0
2023-06-06,15:00:00,BMI,S,17,146.7300,0
2023-06-06,10:13:00,GRPN,B,413,6.1350,0
2023-06-06,15:00:00,GRPN,S,413,6.1100,0
2023-06-06,13:32:00,IFRX,B,607,4.1950,0
2023-06-06,15:00:00,IFRX,S,607,4.2000,0
2023-06-06,14:21:00,VOR,B,490,5.1700,0
2023-06-06,15:00:00,VOR,S,490,5.3000,0
2023-06-06,14:59:00,NNBR,B,1283,1.9900,0
2023-06-06,15:00:00,NNBR,S,1283,1.9800,0
2023-06-07,09:28:00,BMEA,S,66,38.2250,0
2023-06-07,10:16:00,BMEA,B,66,38.6700,0
2023-06-07,08:54:00,MXL,B,90,28.2950,0
2023-06-07,15:00:00,MXL,S,90,28.9800,0
2023-06-07,09:02:00,CAR,B,13,190.2500,0
2023-06-07,15:00:00,CAR,S,13,191.8100,0
2023-06-07,09:15:00,GPRE,S,78,32.2800,0
2023-06-07,15:00:00,GPRE,B,78,32.0600,0
2023-06-07,09:25:00,PARR,B,108,23.4650,0
2023-06-07,15:00:00,PARR,S,108,24.0350,0
2023-06-07,09:52:00,SPIR,S,3394,0.7053,0
2023-06-07,15:00:00,SPIR,B,3394,0.7156,0
2023-06-07,11:00:00,NEXA,S,467,5.4000,0
2023-06-07,15:00:00,NEXA,B,467,5.3500,0
2023-06-07,13:58:00,IMAX,B,133,19.0950,0
2023-06-07,15:00:00,IMAX,S,133,18.9550,0
2023-06-07,14:49:00,ACHV,S,413,6.1200,0
2023-06-07,15:00:00,ACHV,B,413,5.9800,0
2023-06-07,14:54:00,BMI,B,16,150.6500,0
2023-06-07,15:00:00,BMI,S,16,150.6800,0
2023-06-07,14:55:00,GRPN,S,448,5.6750,0
2023-06-07,15:00:00,GRPN,B,448,5.6500,0
2023-06-07,14:57:00,IFRX,S,617,4.1200,0
2023-06-07,15:00:00,IFRX,B,617,4.1250,0
2023-06-08,09:22:00,GRPN,B,497,5.1650,0
2023-06-08,09:31:00,GRPN,S,248,5.3716,0
2023-06-08,09:31:00,GRPN,S,249,5.3733,0
2023-06-08,09:43:00,MXL,B,88,29.1200,0
2023-06-08,10:37:00,MXL,S,88,28.9200,0
2023-06-08,08:58:00,BMEA,B,62,41.3900,0
2023-06-08,11:26:00,BMEA,S,31,43.0456,0
2023-06-08,11:26:00,BMEA,S,31,43.0261,0
2023-06-08,10:48:00,PARR,S,108,23.6200,0
2023-06-08,12:30:00,PARR,B,108,24.0300,0
2023-06-08,10:04:00,GPRE,S,81,31.5200,0
2023-06-08,15:00:00,GPRE,B,81,31.7400,0
2023-06-08,10:13:00,IMAX,S,137,18.7500,0
2023-06-08,15:00:00,IMAX,B,137,18.5650,0
2023-06-08,14:58:00,NEXA,S,481,5.3100,0
2023-06-08,15:00:00,NEXA,B,481,5.3300,0
2023-06-08,14:59:00,IFRX,S,642,4.0000,0
2023-06-08,15:00:00,IFRX,B,642,4.0000,0
2023-06-09,09:19:00,MXL,B,87,29.4600,0
2023-06-09,09:35:00,MXL,S,87,29.3700,0
2023-06-09,09:58:00,BMEA,B,61,42.3700,0
2023-06-09,10:33:00,BMEA,S,61,41.7650,0
2023-06-09,10:06:00,CAR,S,13,195.1850,0
2023-06-09,15:00:00,CAR,B,13,193.5200,0
2023-06-09,13:50:00,IMAX,S,139,18.3900,0
2023-06-09,15:00:00,IMAX,B,139,18.4700,0
2023-06-09,13:56:00,EVTL,B,1354,1.9150,0
2023-06-09,15:00:00,EVTL,S,1354,1.9000,0
2023-06-09,14:56:00,NN,S,930,2.7200,0
2023-06-09,15:00:00,NN,B,930,2.7300,0
2023-06-12,08:57:00,BMEA,S,63,40.3000,0
2023-06-12,13:38:00,BMEA,B,63,41.6100,0
2023-06-12,08:50:00,MXL,B,84,30.3300,0
2023-06-12,15:00:00,MXL,S,84,30.2200,0
2023-06-12,09:08:00,CAR,B,12,199.0900,0
2023-06-12,15:00:00,CAR,S,12,200.9100,0
2023-06-12,09:19:00,PARR,B,106,24.1800,0
2023-06-12,15:00:00,PARR,S,106,23.6800,0
2023-06-12,10:08:00,SPIR,S,3754,0.6607,0
2023-06-12,15:00:00,SPIR,B,3754,0.6700,0
2023-06-12,10:21:00,BMI,B,16,153.3100,0
2023-06-12,15:00:00,BMI,S,16,153.7800,0
2023-06-12,10:23:00,EVTL,B,1364,1.9050,0
2023-06-12,15:00:00,EVTL,S,1364,1.9250,0
2023-06-12,11:48:00,RPAY,B,357,7.2100,0
2023-06-12,15:00:00,RPAY,S,357,7.3800,0
2023-06-12,14:30:00,VOR,S,506,4.9050,0
2023-06-12,15:00:00,VOR,B,506,4.9000,0
2023-06-12,14:34:00,ELDN,S,1424,1.7700,0
2023-06-12,15:00:00,ELDN,B,1424,1.7500,0
2023-06-12,14:37:00,IFRX,B,579,4.4250,0
2023-06-12,15:00:00,IFRX,S,579,4.4500,0
2023-06-12,14:54:00,NN,B,908,2.8450,0
2023-06-12,15:00:00,NN,S,908,2.8500,0
2023-06-13,09:40:00,BMEA,B,63,40.4000,0
2023-06-13,12:19:00,BMEA,S,63,39.8000,0
2023-06-13,09:21:00,MXL,B,84,30.5600,0
2023-06-13,15:00:00,MXL,S,84,30.6700,0
2023-06-13,09:29:00,GPRE,B,78,32.9600,0
2023-06-13,15:00:00,GPRE,S,78,32.5100,0
2023-06-13,10:09:00,RPAY,B,342,7.5050,0
2023-06-13,15:00:00,RPAY,S,342,7.5300,0
2023-06-13,11:23:00,NN,B,884,2.9900,0
2023-06-13,15:00:00,NN,S,884,3.0400,0
2023-06-13,13:21:00,NKTX,S,531,4.7550,0
2023-06-13,15:00:00,NKTX,B,531,4.7400,0
2023-06-13,14:39:00,BMI,S,16,151.3350,0
2023-06-13,15:00:00,BMI,B,16,151.9050,0
2023-06-14,10:24:00,MXL,B,83,30.7000,0
2023-06-14,12:29:00,MXL,S,83,30.4500,0
2023-06-14,09:35:00,CAR,S,12,199.3350,0
2023-06-14,13:52:00,CAR,B,12,201.4300,0
2023-06-14,14:24:00,MYSE,B,1709,0.5684,0
2023-06-14,14:45:00,MYSE,S,854,0.5911,0
2023-06-14,14:45:00,MYSE,S,855,0.6544,0
2023-06-14,09:10:00,BMEA,S,64,39.5900,0
2023-06-14,15:00:00,BMEA,B,64,38.9200,0
2023-06-14,09:50:00,GPRE,B,78,32.9000,0
2023-06-14,15:00:00,GPRE,S,78,33.0800,0
2023-06-14,10:00:00,RPAY,S,343,7.4650,0
2023-06-14,15:00:00,RPAY,B,343,7.4100,0
2023-06-14,10:39:00,SPIR,S,3819,0.6700,0
2023-06-14,15:00:00,SPIR,B,3819,0.6750,0
2023-06-14,13:23:00,GRPN,S,573,4.4500,0
2023-06-14,15:00:00,GRPN,B,573,4.5400,0
2023-06-14,13:32:00,BMI,S,17,149.9900,0
2023-06-14,15:00:00,BMI,B,17,150.2500,0
2023-06-15,10:23:00,NEXA,B,478,5.4400,0
2023-06-15,11:49:00,NEXA,S,478,5.3400,0
2023-06-15,12:00:00,SPIR,S,3882,0.6374,0
2023-06-15,12:56:00,SPIR,B,3882,0.6679,0
2023-06-15,10:18:00,RPAY,B,350,7.4100,0
2023-06-15,14:22:00,RPAY,S,175,7.7064,0
2023-06-15,14:22:00,RPAY,S,175,7.6409,0
2023-06-15,09:36:00,CAR,B,12,203.8000,0
2023-06-15,15:00:00,CAR,S,12,206.0200,0
2023-06-15,09:38:00,GRPN,B,557,4.6550,0
2023-06-15,15:00:00,GRPN,S,557,4.7300,0
2023-06-15,09:50:00,MXL,B,85,30.0600,0
2023-06-15,15:00:00,MXL,S,85,30.3800,0
2023-06-15,10:15:00,VOR,S,494,5.0500,0
2023-06-15,15:00:00,VOR,B,494,4.8700,0
2023-06-15,10:33:00,PARR,B,108,23.7300,0
2023-06-15,15:00:00,PARR,S,108,24.2950,0
2023-06-15,10:35:00,IMAX,S,142,17.9600,0
2023-06-15,15:00:00,IMAX,B,142,17.8950,0
2023-06-15,13:31:00,EVTL,S,1427,1.7900,0
2023-06-15,15:00:00,EVTL,B,1427,1.7900,0
2023-06-15,14:08:00,NKTX,B,476,4.9750,0
2023-06-15,15:00:00,NKTX,S,476,4.9400,0
2023-06-16,08:52:00,PARR,B,106,24.4150,0
2023-06-16,08:58:00,PARR,S,106,24.3050,0
2023-06-16,09:41:00,GRPN,B,539,4.8350,0
2023-06-16,12:12:00,GRPN,S,269,5.0284,0
2023-06-16,12:12:00,GRPN,S,270,5.0366,0
2023-06-16,08:55:00,BMEA,S,72,35.4200,0
2023-06-16,15:00:00,BMEA,B,72,34.9100,0
2023-06-16,09:28:00,GPRE,S,78,32.8550,0
2023-06-16,15:00:00,GPRE,B,78,32.2000,0
2023-06-16,09:44:00,RPAY,S,349,7.4000,0
2023-06-16,15:00:00,RPAY,B,349,7.4500,0
2023-06-16,14:14:00,IMAX,S,145,17.8800,0
2023-06-16,15:00:00,IMAX,B,145,17.9700,0
2023-06-16,14:31:00,SPIR,B,3884,0.6747,0
2023-06-16,15:00:00,SPIR,S,3884,0.6864,0
2023-06-16,14:52:00,NEXA,S,530,4.7850,0
2023-06-16,15:00:00,NEXA,B,530,4.8200,0
2023-06-20,09:28:00,MXL,S,85,30.3650,0
2023-06-20,10:05:00,MXL,B,85,30.6000,0
2023-06-20,09:51:00,RPAY,S,354,7.3350,0
2023-06-20,10:41:00,RPAY,B,354,7.4700,0
2023-06-20,08:54:00,BMEA,B,73,35.4900,0
2023-06-20,14:01:00,BMEA,S,36,36.9096,0
2023-06-20,14:01:00,BMEA,S,37,36.6951,0
2023-06-20,14:30:00,CAR,B,11,224.1200,0
2023-06-20,14:51:00,CAR,S,11,223.8800,0
2023-06-20,09:21:00,GRPN,S,563,4.5500,0
2023-06-20,15:00:00,GRPN,B,281,4.3680,0
2023-06-20,15:00:00,GRPN,B,282,4.2500,0
2023-06-20,10:01:00,PARR,S,111,23.2800,0
2023-06-20,15:00:00,PARR,B,111,23.7250,0
2023-06-20,10:30:00,MXL,B,85,30.6350,0
2023-06-20,15:00:00,MXL,S,85,31.4350,0
2023-06-20,14:59:00,SPIR,S,4018,0.6510,0
2023-06-20,15:00:00,SPIR,B,4018,0.6508,0
2023-06-21,08:44:00,INTC,S,75,34.6900,0
2023-06-21,12:46:00,INTC,B,37,33.3024,0
2023-06-21,12:46:00,INTC,B,38,33.3269,0
2023-06-22,09:22:00,GPRE,B,88,29.8600,0
2023-06-22,10:15:00,GPRE,S,88,29.6100,0
2023-06-22,09:14:00,MXL,B,87,30.1400,0
2023-06-22,10:27:00,MXL,S,87,29.7800,0
2023-06-22,09:30:00,GRPN,B,544,4.9350,0
2023-06-22,11:28:00,GRPN,S,272,5.1324,0
2023-06-22,11:28:00,GRPN,S,272,5.3757,0
2023-06-22,09:14:00,BMEA,B,73,36.0600,0
2023-06-22,13:44:00,BMEA,S,73,34.6300,0
2023-06-22,09:40:00,SPIR,B,3877,0.6910,0
2023-06-22,14:39:00,SPIR,S,1938,0.7186,0
2023-06-22,14:39:00,SPIR,S,1939,0.7199,0
2023-06-22,09:27:00,CAR,B,11,223.6000,0
2023-06-22,15:00:00,CAR,S,11,223.1500,0
2023-06-22,14:44:00,NEXA,S,553,4.7900,0
2023-06-22,15:00:00,NEXA,B,553,4.8300,0
2023-06-22,14:58:00,VOR,S,549,4.7450,0
2023-06-22,15:00:00,VOR,B,549,4.7450,0
2023-06-23,09:19:00,SPIR,S,3835,0.6900,0
2023-06-23,10:27:00,SPIR,B,1917,0.6624,0
2023-06-23,10:27:00,SPIR,B,1918,0.6610,0
2023-06-23,09:27:00,BMEA,S,82,31.7300,0
2023-06-23,11:22:00,BMEA,B,41,30.4608,0
2023-06-23,11:22:00,BMEA,B,41,30.4373,0
2023-06-23,09:11:00,GPRE,S,89,29.4000,0
2023-06-23,11:47:00,GPRE,B,89,29.7000,0
2023-06-23,09:54:00,GRPN,B,490,5.4100,0
2023-06-23,12:39:00,GRPN,S,245,5.6264,0
2023-06-23,12:39:00,GRPN,S,245,5.7009,0
2023-06-23,09:31:00,IMAX,B,154,17.1000,0
2023-06-23,15:00:00,IMAX,S,154,17.2600,0
2023-06-23,09:58:00,MXL,S,91,28.7900,0
2023-06-23,15:00:00,MXL,B,91,28.9300,0
2023-06-23,14:51:00,NN,B,895,3.0500,0
2023-06-23,15:00:00,NN,S,895,3.0100,0
2023-06-23,14:53:00,RPAY,B,365,7.3550,0
2023-06-23,15:00:00,RPAY,S,365,7.3450,0
2023-06-23,14:57:00,PARR,S,109,24.4600,0
2023-06-23,15:00:00,PARR,B,109,24.4300,0
2023-06-26,08:54:00,CCL,B,178,15.0000,0
2023-06-26,09:33:00,CCL,S,178,14.2350,0
2023-06-26,09:52:00,CCL,S,187,14.2150,0
2023-06-26,13:45:00,CCL,B,187,14.4700,0
2023-06-27,09:03:00,BMEA,S,112,23.6000,0
2023-06-27,09:27:00,BMEA,B,56,22.6560,0
2023-06-27,09:27:00,BMEA,B,56,22.7760,0
2023-06-27,08:58:00,SPIR,S,6152,0.4272,0
2023-06-27,10:48:00,SPIR,B,6152,0.4484,0
2023-06-27,09:28:00,CAR,B,11,227.0900,0
2023-06-27,13:51:00,CAR,S,11,225.9900,0
2023-06-27,09:08:00,MXL,B,94,28.2100,0
2023-06-27,15:00:00,MXL,S,47,29.3384,0
2023-06-27,15:00:00,MXL,S,47,29.7400,0
2023-06-27,09:20:00,PARR,B,104,25.3300,0
2023-06-27,15:00:00,PARR,S,104,25.4500,0
2023-06-27,09:28:00,GPRE,B,87,30.3400,0
2023-06-27,15:00:00,GPRE,S,87,30.6100,0
2023-06-27,10:34:00,NKTX,S,159,2.9350,0
2023-06-27,15:00:00,NKTX,B,79,2.8176,0
2023-06-27,15:00:00,NKTX,B,80,2.8050,0
2023-06-27,10:55:00,RPAY,B,354,7.4950,0
2023-06-27,15:00:00,RPAY,S,354,7.5250,0
2023-06-27,13:57:00,IMAX,S,154,17.2100,0
2023-06-27,15:00:00,IMAX,B,154,16.9950,0
2023-06-28,08:41:00,CCL,B,162,16.4650,0
2023-06-28,10:13:00,CCL,S,81,17.1236,0
2023-06-28,10:13:00,CCL,S,81,17.0153,0
2023-06-29,09:15:00,BMEA,B,115,23.4200,0
2023-06-29,10:22:00,BMEA,S,115,22.5500,0
2023-06-29,09:29:00,GRPN,S,456,5.8200,0
2023-06-29,12:13:00,GRPN,B,456,6.1250,0
2023-06-29,09:29:00,GPRE,B,84,31.6900,0
2023-06-29,13:08:00,GPRE,S,84,31.4100,0
2023-06-29,09:25:00,MXL,B,89,30.2700,0
2023-06-29,15:00:00,MXL,S,89,31.2600,0
2023-06-29,09:46:00,SPIR,B,5065,0.5310,0
2023-06-29,15:00:00,SPIR,S,5065,0.5469,0
2023-06-29,09:51:00,PARR,B,101,26.3900,0
2023-06-29,15:00:00,PARR,S,101,26.2050,0
2023-06-29,10:24:00,CAR,S,11,229.9500,0
2023-06-29,15:00:00,CAR,B,11,228.1500,0
2023-06-29,10:25:00,EVTL,S,1357,1.9200,0
2023-06-29,15:00:00,EVTL,B,1357,1.9650,0
2023-06-29,13:11:00,NKTX,S,1133,2.3350,0
2023-06-29,15:00:00,NKTX,B,1133,2.3300,0
2023-06-29,13:18:00,VOR,S,798,3.2900,0
2023-06-29,15:00:00,VOR,B,798,3.2400,0
2023-06-29,14:35:00,RPAY,B,343,7.7400,0
2023-06-29,15:00:00,RPAY,S,343,7.7600,0
2023-06-30,09:44:00,PARR,S,101,26.0400,0
2023-06-30,10:56:00,PARR,B,101,26.3850,0
2023-06-30,10:23:00,BMEA,S,123,21.5800,0
2023-06-30,11:34:00,BMEA,B,123,22.1700,0
2023-06-30,09:39:00,NKTX,S,1223,2.1600,0
2023-06-30,12:40:00,NKTX,B,1223,2.2450,0
2023-06-30,09:26:00,GPRE,B,83,32.0150,0
2023-06-30,15:00:00,GPRE,S,83,32.2500,0
2023-06-30,09:41:00,MXL,B,83,32.1100,0
2023-06-30,15:00:00,MXL,S,83,31.5700,0
2023-06-30,09:49:00,GRPN,S,441,6.0150,0
2023-06-30,15:00:00,GRPN,B,441,5.9150,0
2023-06-30,10:01:00,CAR,S,11,227.5900,0
2023-06-30,15:00:00,CAR,B,11,228.8200,0
2023-07-03,09:08:00,IMAX,B,154,17.2200,0
2023-07-03,15:00:00,IMAX,S,154,17.3700,0
2023-07-03,09:10:00,RPAY,B,334,7.9500,0
2023-07-03,15:00:00,RPAY,S,334,7.9350,0
2023-07-03,09:10:00,NKTX,S,1206,2.1500,0
2023-07-03,15:00:00,NKTX,B,1206,2.1800,0
2023-07-03,09:15:00,GPRE,B,81,32.7500,0
2023-07-03,15:00:00,GPRE,S,81,32.9000,0
2023-07-03,09:33:00,BMEA,S,124,21.1500,0
2023-07-03,15:00:00,BMEA,B,124,21.4000,0
2023-07-03,09:43:00,MXL,S,83,31.5800,0
2023-07-03,15:00:00,MXL,B,83,32.0200,0
2023-07-05,08:55:00,IMAX,S,156,16.9550,0
2023-07-05,15:00:00,IMAX,B,156,16.8500,0
2023-07-05,09:13:00,PARR,B,97,27.0400,0
2023-07-05,15:00:00,PARR,S,97,27.1150,0
2023-07-05,09:40:00,GPRE,B,80,32.9900,0
2023-07-05,15:00:00,GPRE,S,80,32.7100,0
2023-07-05,10:03:00,GRPN,B,420,6.3600,0
2023-07-05,15:00:00,GRPN,S,420,6.2000,0
2023-07-05,10:49:00,CAR,B,11,228.6900,0
2023-07-05,15:00:00,CAR,S,11,232.5850,0
2023-07-05,13:24:00,MXL,S,85,31.0400,0
2023-07-05,15:00:00,MXL,B,85,30.8400,0
2023-07-05,14:43:00,DARE,S,3077,0.8500,0
2023-07-05,15:00:00,DARE,B,3077,0.8501,0
2023-07-06,10:24:00,LZM,B,34,17.6000,0
2023-07-06,10:45:00,LZM,S,17,18.3040,0
2023-07-06,10:45:00,LZM,S,17,17.6000,0
2023-07-06,09:15:00,MXL,S,88,29.9150,0
2023-07-06,15:00:00,MXL,B,88,29.9300,0
2023-07-06,09:35:00,RPAY,S,356,7.3700,0
2023-07-06,15:00:00,RPAY,B,356,7.4850,0
2023-07-06,09:43:00,NKTX,S,1356,1.9450,0
2023-07-06,15:00:00,NKTX,B,1356,1.9700,0
2023-07-06,09:59:00,BMEA,S,121,21.6750,0
2023-07-06,15:00:00,BMEA,B,121,21.6000,0
2023-07-06,10:23:00,CAR,S,11,225.1300,0
2023-07-06,15:00:00,CAR,B,11,226.6900,0
2023-07-06,13:45:00,PARR,B,98,26.8800,0
2023-07-06,15:00:00,PARR,S,98,26.9050,0
2023-07-06,14:00:00,SPIR,B,5149,0.5284,0
2023-07-06,15:00:00,SPIR,S,5149,0.5260,0
2023-07-06,14:15:00,IFRX,S,670,3.9200,0
2023-07-06,15:00:00,IFRX,B,670,3.9150,0
2023-07-07,08:42:00,RIVN,B,110,23.8700,0
2023-07-07,11:46:00,RIVN,S,55,24.8248,0
2023-07-07,11:46:00,RIVN,S,55,24.9513,0
2023-07-10,09:15:00,GRPN,B,403,6.6300,0
2023-07-10,09:51:00,GRPN,S,201,6.8952,0
2023-07-10,09:51:00,GRPN,S,202,6.8637,0
2023-07-10,09:00:00,NKTX,B,1258,2.1050,0
2023-07-10,15:00:00,NKTX,S,1258,2.0750,0
2023-07-10,13:14:00,RPAY,S,345,7.6950,0
2023-07-10,15:00:00,RPAY,B,345,7.6650,0
2023-07-10,14:21:00,MXL,B,84,31.4250,0
2023-07-10,15:00:00,MXL,S,84,31.4300,0
2023-07-10,14:23:00,BMI,B,18,143.5200,0
2023-07-10,15:00:00,BMI,S,18,143.8900,0
2023-07-10,14:34:00,IFRX,B,639,4.1800,0
2023-07-10,15:00:00,IFRX,S,639,4.3000,0
2023-07-10,14:39:00,PARR,S,97,27.2200,0
2023-07-10,15:00:00,PARR,B,97,27.1950,0
2023-07-11,09:43:00,MXL,B,84,31.6700,0
2023-07-11,10:18:00,MXL,S,84,31.3100,0
2023-07-11,09:28:00,GPRE,B,77,34.2400,0
2023-07-11,12:58:00,GPRE,S,77,33.8000,0
2023-07-11,09:06:00,NKTX,S,1293,2.0600,0
2023-07-11,15:00:00,NKTX,B,1293,2.0500,0
2023-07-11,09:23:00,GRPN,B,395,6.8350,0
2023-07-11,15:00:00,GRPN,S,395,6.8900,0
2023-07-11,10:03:00,PARR,B,98,27.1850,0
2023-07-11,15:00:00,PARR,S,98,27.3200,0
2023-07-11,12:43:00,VOR,B,922,3.0300,0
2023-07-11,15:00:00,VOR,S,922,2.9900,0
2023-07-11,14:23:00,SPIR,B,4331,0.6151,0
2023-07-11,15:00:00,SPIR,S,4331,0.6102,0
2023-07-11,14:33:00,RPAY,S,347,7.6350,0
2023-07-11,15:00:00,RPAY,B,347,7.5250,0
2023-07-12,09:50:00,NKTX,S,1295,2.0450,0
2023-07-12,11:58:00,NKTX,B,1295,2.1000,0
2023-07-12,09:40:00,GPRE,S,78,33.8750,0
2023-07-12,12:18:00,GPRE,B,78,34.6750,0
2023-07-12,09:13:00,PARR,S,96,27.5200,0
2023-07-12,15:00:00,PARR,B,96,26.6800,0
2023-07-12,09:16:00,MXL,B,81,32.6400,0
2023-07-12,15:00:00,MXL,S,81,33.2650,0
2023-07-12,14:15:00,BMI,S,18,145.2300,0
2023-07-12,15:00:00,BMI,B,18,143.9200,0
2023-07-12,14:39:00,RPAY,S,343,7.6950,0
2023-07-12,15:00:00,RPAY,B,343,7.6900,0
2023-07-12,14:54:00,GRPN,S,394,6.7100,0
2023-07-12,15:00:00,GRPN,B,394,6.7350,0
2023-07-13,09:24:00,BMEA,S,121,21.9200,0
2023-07-13,09:50:00,BMEA,B,121,22.1900,0
2023-07-13,09:17:00,MXL,S,79,33.3500,0
2023-07-13,10:46:00,MXL,B,79,33.6800,0
2023-07-13,08:58:00,PARR,B,97,27.2900,0
2023-07-13,15:00:00,PARR,S,97,27.0150,0
2023-07-13,09:09:00,IMAX,S,148,17.8900,0
2023-07-13,15:00:00,IMAX,B,148,18.0850,0
2023-07-13,10:10:00,BMI,S,18,143.2700,0
2023-07-13,15:00:00,BMI,B,18,143.0650,0
2023-07-13,14:04:00,NKTX,S,1280,2.0700,0
2023-07-13,15:00:00,NKTX,B,1280,2.0600,0
2023-07-13,14:45:00,NN,B,822,3.2500,0
2023-07-13,15:00:00,NN,S,822,3.1850,0
2023-07-14,09:13:00,GPRE,S,81,32.4000,0
2023-07-14,10:51:00,GPRE,B,81,32.5300,0
2023-07-14,09:03:00,MXL,S,80,32.9800,0
2023-07-14,15:00:00,MXL,B,80,32.2600,0
2023-07-14,09:29:00,IMAX,S,149,17.6450,0
2023-07-14,15:00:00,IMAX,B,74,16.9392,0
2023-07-14,15:00:00,IMAX,B,75,16.8200,0
2023-07-14,09:32:00,BMEA,B,118,22.2900,0
2023-07-14,15:00:00,BMEA,S,118,23.0300,0
2023-07-14,09:36:00,CAR,S,11,232.5200,0
2023-07-14,15:00:00,CAR,B,11,234.5400,0
2023-07-14,13:31:00,GRPN,S,395,6.4100,0
2023-07-14,15:00:00,GRPN,B,395,6.2450,0
2023-07-14,13:57:00,PARR,B,98,26.7500,0
2023-07-14,15:00:00,PARR,S,98,26.8500,0
2023-07-17,09:07:00,VZ,S,80,33.4000,0
2023-07-17,14:20:00,VZ,B,40,32.0640,0
2023-07-17,14:20:00,VZ,B,40,31.5990,0
2023-07-17,08:43:00,LUMN,S,1500,1.7600,0
2023-07-17,15:00:00,LUMN,B,1500,1.6950,0
2023-07-17,09:12:00,T,S,193,13.8550,0
2023-07-17,15:00:00,T,B,193,13.5300,0
2023-07-18,09:20:00,GPRE,B,81,33.4300,0
2023-07-18,15:00:00,GPRE,S,81,33.7500,0
2023-07-18,09:40:00,BMI,B,18,146.9750,0
2023-07-18,15:00:00,BMI,S,18,146.8150,0
2023-07-18,10:19:00,IMAX,S,162,16.6950,0
2023-07-18,15:00:00,IMAX,B,162,16.7650,0
2023-07-18,11:02:00,MXL,B,81,33.4500,0
2023-07-18,15:00:00,MXL,S,81,33.5000,0
2023-07-18,14:05:00,NKTX,S,1336,2.0200,0
2023-07-18,15:00:00,NKTX,B,1336,2.0200,0
2023-07-18,14:50:00,VOR,B,875,3.1000,0
2023-07-18,15:00:00,VOR,S,875,3.0900,0
2023-07-19,09:15:00,T,B,186,14.5500,0
2023-07-19,10:50:00,T,S,186,14.4650,0
2023-07-19,09:18:00,AUR,B,876,3.1450,0
2023-07-19,11:06:00,AUR,S,876,2.9650,0
2023-07-20,08:49:00,SIRI,B,489,5.5150,0
2023-07-20,13:05:00,SIRI,S,244,5.7356,0
2023-07-20,13:05:00,SIRI,S,245,5.9548,0
2023-07-20,09:08:00,INFY,B,167,16.0800,0
2023-07-20,15:00:00,INFY,S,167,16.2150,0
2023-07-20,14:51:00,SIRI,B,183,7.7500,0
2023-07-20,15:00:00,SIRI,S,183,7.8350,0
2023-07-21,08:41:00,SIRI,B,382,7.1950,0
2023-07-21,08:52:00,SIRI,S,382,6.7000,0
2023-07-24,09:02:00,IMAX,S,158,16.9650,0
2023-07-24,10:02:00,IMAX,B,158,17.3750,0
2023-07-24,09:36:00,BMEA,S,96,20.7200,0
2023-07-24,11:33:00,BMEA,B,48,19.8912,0
2023-07-24,11:33:00,BMEA,B,48,19.2072,0
2023-07-24,09:15:00,BMI,S,16,163.5800,0
2023-07-24,15:00:00,BMI,B,16,163.5400,0
2023-07-24,09:16:00,SPIR,S,4507,0.5801,0
2023-07-24,15:00:00,SPIR,B,4507,0.6050,0
2023-07-24,09:34:00,MXL,S,78,34.0700,0
2023-07-24,15:00:00,MXL,B,78,33.5800,0
2023-07-24,09:41:00,PARR,B,90,29.8800,0
2023-07-24,15:00:00,PARR,S,90,30.5150,0
2023-07-24,10:06:00,GPRE,B,77,34.8300,0
2023-07-24,15:00:00,GPRE,S,77,34.5600,0
2023-07-24,14:01:00,GRPN,B,405,6.7200,0
2023-07-24,15:00:00,GRPN,S,405,6.5900,0
2023-07-24,14:15:00,ELDN,S,2057,1.3100,0
2023-07-24,15:00:00,ELDN,B,2057,1.3450,0
2023-07-24,14:32:00,NEXA,S,611,4.4050,0
2023-07-24,15:00:00,NEXA,B,611,4.3900,0
2023-07-24,14:47:00,CAR,B,11,225.3300,0
2023-07-24,15:00:00,CAR,S,11,224.4500,0
2023-07-24,14:54:00,IFRX,B,649,4.1500,0
2023-07-24,15:00:00,IFRX,S,649,4.1500,0
2023-07-24,14:57:00,NKTX,B,1262,2.1400,0
2023-07-24,15:00:00,NKTX,S,1262,2.1400,0
2023-07-25,09:14:00,IFRX,S,662,4.0300,0
2023-07-25,09:44:00,IFRX,B,662,4.1000,0
2023-07-25,09:36:00,MXL,B,78,34.0550,0
2023-07-25,15:00:00,MXL,S,78,33.9800,0
2023-07-25,09:38:00,PARR,B,88,30.4700,0
2023-07-25,15:00:00,PARR,S,88,30.1700,0
2023-07-25,09:47:00,BMEA,B,134,19.9850,0
2023-07-25,15:00:00,BMEA,S,134,19.7600,0
2023-07-25,14:50:00,RPAY,S,324,8.1600,0
2023-07-25,15:00:00,RPAY,B,324,8.1650,0
2023-07-26,08:41:00,XPEV,B,137,19.1900,0
2023-07-26,08:45:00,XPEV,S,68,19.9576,0
2023-07-26,08:45:00,XPEV,S,69,20.1081,0
2023-07-26,08:41:00,NIO,B,212,12.6200,0
2023-07-26,09:08:00,NIO,S,106,13.1248,0
2023-07-26,09:08:00,NIO,S,106,13.1738,0
2023-07-26,08:59:00,XPEV,B,127,21.0700,0
2023-07-26,09:18:00,XPEV,S,127,20.0300,0
2023-07-26,08:51:00,SNAP,S,267,10.0050,0
2023-07-26,13:17:00,SNAP,B,267,10.3300,0
2023-07-27,09:50:00,MXL,S,84,23.2450,0
2023-07-27,11:13:00,MXL,B,42,22.3152,0
2023-07-27,11:13:00,MXL,B,42,22.5125,0
2023-07-27,09:30:00,GRPN,B,325,8.1950,0
2023-07-27,12:41:00,GRPN,S,325,7.9100,0
2023-07-27,10:06:00,PARR,B,87,30.7550,0
2023-07-27,14:45:00,PARR,S,87,30.5150,0
2023-07-27,08:50:00,IMAX,S,132,18.8050,0
2023-07-27,15:00:00,IMAX,B,132,18.8500,0
2023-07-27,13:57:00,ACHV,S,476,5.5200,0
2023-07-27,15:00:00,ACHV,B,476,5.3700,0
2023-07-27,14:21:00,GPRE,S,76,34.8150,0
2023-07-27,15:00:00,GPRE,B,76,35.0200,0
2023-07-27,14:54:00,SPIR,S,4297,0.6175,0
2023-07-27,15:00:00,SPIR,B,4297,0.6152,0
2023-07-28,08:45:00,INTC,S,74,35.6800,0
2023-07-28,10:46:00,INTC,B,74,36.9400,0
2023-07-28,08:41:00,NIO,B,192,13.9300,0
2023-07-28,11:03:00,NIO,S,96,14.4872,0
2023-07-28,11:03:00,NIO,S,96,14.4907,0
2023-07-28,14:57:00,NIO,B,181,14.7450,0
2023-07-28,15:00:00,NIO,S,181,14.7700,0
2023-07-31,08:46:00,SOFI,B,178,11.5400,0
2023-07-31,15:00:00,SOFI,S,178,11.4400,0
2023-08-01,09:55:00,UBER,S,57,46.3700,0
2023-08-01,15:00:00,UBER,B,57,46.6400,0
2023-08-02,08:43:00,AMD,S,23,115.7800,0
2023-08-02,09:26:00,AMD,B,11,111.1488,0
2023-08-02,09:26:00,AMD,B,12,112.1078,0
2023-08-03,10:10:00,IMAX,S,144,18.5350,0
2023-08-03,13:20:00,IMAX,B,144,18.6500,0
2023-08-03,09:42:00,PARR,B,84,31.8800,0
2023-08-03,15:00:00,PARR,S,84,32.0250,0
2023-08-03,10:04:00,NKTX,B,1212,2.2150,0
2023-08-03,15:00:00,NKTX,S,1212,2.2000,0
2023-08-03,10:17:00,MXL,B,110,24.3500,0
2023-08-03,15:00:00,MXL,S,110,24.1600,0
2023-08-03,14:36:00,RPAY,B,323,8.2950,0
2023-08-03,15:00:00,RPAY,S,323,8.2800,0
2023-08-04,08:45:00,AMZN,S,19,140.1300,0
2023-08-04,08:50:00,AMZN,B,19,142.0000,0
2023-08-04,09:45:00,AMZN,B,18,142.5450,0
2023-08-04,11:07:00,AMZN,S,18,142.2350,0
2023-08-07,09:29:00,GRPN,S,358,7.4100,0
2023-08-07,11:45:00,GRPN,B,358,7.8700,0
2023-08-07,10:29:00,CAR,S,11,223.1400,0
2023-08-07,14:04:00,CAR,B,11,225.9850,0
2023-08-07,09:00:00,MXL,S,116,22.8550,0
2023-08-07,15:00:00,MXL,B,116,22.9400,0
2023-08-07,09:13:00,GPRE,B,83,32.0800,0
2023-08-07,15:00:00,GPRE,S,83,32.7300,0
2023-08-07,09:20:00,PARR,B,82,32.4750,0
2023-08-07,15:00:00,PARR,S,82,32.6100,0
2023-08-07,11:42:00,RPAY,B,323,8.2650,0
2023-08-07,15:00:00,RPAY,S,323,8.4000,0
2023-08-07,13:55:00,FRMM,S,963,0.8000,0
2023-08-07,15:00:00,FRMM,B,963,0.8001,0
2023-08-07,14:20:00,EVTL,S,1527,1.7250,0
2023-08-07,15:00:00,EVTL,B,1527,1.7150,0
2023-08-07,14:35:00,BMEA,B,145,18.2500,0
2023-08-07,15:00:00,BMEA,S,145,18.3000,0
2023-08-08,09:16:00,MXL,S,119,22.1800,0
2023-08-08,09:44:00,MXL,B,119,22.4800,0
2023-08-08,09:35:00,CAR,B,11,223.2750,0
2023-08-08,10:49:00,CAR,S,11,222.1900,0
2023-08-08,09:55:00,GRPN,B,339,7.8300,0
2023-08-08,14:55:00,GRPN,S,169,8.1432,0
2023-08-08,14:55:00,GRPN,S,170,8.2217,0
2023-08-08,09:16:00,PARR,B,77,34.2500,0
2023-08-08,15:00:00,PARR,S,77,35.0500,0
2023-08-08,09:31:00,GPRE,B,81,32.6400,0
2023-08-08,15:00:00,GPRE,S,81,33.4100,0
2023-08-08,09:48:00,RPAY,B,317,8.4050,0
2023-08-08,15:00:00,RPAY,S,317,8.6450,0
2023-08-08,10:03:00,BMEA,S,142,18.5000,0
2023-08-08,15:00:00,BMEA,B,142,18.4400,0
2023-08-08,13:55:00,SPIR,B,3926,0.6787,0
2023-08-08,15:00:00,SPIR,S,3926,0.6989,0
2023-08-09,09:49:00,SPIR,S,4041,0.6615,0
2023-08-09,10:41:00,SPIR,B,4041,0.6814,0
2023-08-09,09:40:00,GRPN,B,323,8.4700,0
2023-08-09,12:17:00,GRPN,S,323,8.1100,0
2023-08-09,10:01:00,MXL,S,118,22.7600,0
2023-08-09,13:18:00,MXL,B,118,23.1000,0
2023-08-09,09:54:00,IMAX,S,137,19.5850,0
2023-08-09,13:20:00,IMAX,B,137,19.6400,0
2023-08-09,09:26:00,PARR,B,75,35.6800,0
2023-08-09,15:00:00,PARR,S,75,36.1500,0
2023-08-09,09:35:00,GPRE,B,79,33.8900,0
2023-08-09,15:00:00,GPRE,S,79,33.8300,0
2023-08-09,10:03:00,NKTX,S,1316,2.0250,0
2023-08-09,15:00:00,NKTX,B,1316,2.0050,0
2023-08-09,11:46:00,FRMM,S,1039,0.7595,0
2023-08-09,15:00:00,FRMM,B,1039,0.8080,0
2023-08-09,14:24:00,BMI,B,16,161.6450,0
2023-08-09,15:00:00,BMI,S,16,162.0750,0
2023-08-09,14:44:00,VOR,S,1018,2.6200,0
2023-08-09,15:00:00,VOR,B,1018,2.6200,0
2023-08-10,08:45:00,IFRX,B,428,3.3300,0
2023-08-10,08:49:00,IFRX,S,214,3.4632,0
2023-08-10,08:49:00,IFRX,S,214,3.4467,0
2023-08-10,09:02:00,IFRX,B,763,3.5100,0
2023-08-10,09:05:00,IFRX,S,763,3.4700,0
2023-08-10,08:53:00,GRPN,S,274,7.0600,0
2023-08-10,09:33:00,GRPN,B,274,7.8700,0
2023-08-10,09:45:00,GPRE,S,79,33.4600,0
2023-08-10,13:59:00,GPRE,B,79,33.8900,0
2023-08-10,09:02:00,FRMM,B,3775,0.7960,0
2023-08-10,14:57:00,FRMM,S,3775,0.6800,0
2023-08-10,09:08:00,MXL,S,116,23.0300,0
2023-08-10,15:00:00,MXL,B,116,22.6800,0
2023-08-10,09:14:00,NN,B,727,3.7400,0
2023-08-10,15:00:00,NN,S,727,3.7500,0
2023-08-10,10:02:00,IMAX,S,137,19.1800,0
2023-08-10,15:00:00,IMAX,B,137,19.3400,0
2023-08-10,13:25:00,RPAY,B,291,9.1450,0
2023-08-10,15:00:00,RPAY,S,291,8.9800,0
2023-08-10,14:06:00,BMI,B,16,164.9100,0
2023-08-10,15:00:00,BMI,S,16,164.0750,0
2023-08-10,14:52:00,CAR,B,11,229.9600,0
2023-08-10,15:00:00,CAR,S,11,229.0700,0
2023-08-11,09:17:00,GRPN,B,300,9.1750,0
2023-08-11,09:20:00,GRPN,S,150,9.5420,0
2023-08-11,09:20:00,GRPN,S,150,9.4683,0
2023-08-11,09:06:00,MXL,B,115,22.6500,0
2023-08-11,09:55:00,MXL,S,115,22.4000,0
2023-08-11,09:08:00,GPRE,B,76,33.9650,0
2023-08-11,10:23:00,GPRE,S,76,33.6200,0
2023-08-11,09:37:00,SPIR,B,4164,0.6350,0
2023-08-11,11:07:00,SPIR,S,2082,0.6604,0
2023-08-11,11:07:00,SPIR,S,2082,0.6653,0
2023-08-11,09:58:00,NN,B,633,4.1700,0
2023-08-11,11:19:00,NN,S,316,4.3368,0
2023-08-11,11:19:00,NN,S,317,4.7183,0
2023-08-11,10:19:00,NKTX,S,1318,1.9750,0
2023-08-11,13:14:00,NKTX,B,1318,2.0100,0
2023-08-11,08:53:00,PARR,B,70,37.1850,0
2023-08-11,15:00:00,PARR,S,70,37.0250,0
2023-08-11,08:59:00,CAR,B,11,231.4400,0
2023-08-11,15:00:00,CAR,S,11,231.1600,0
2023-08-11,09:27:00,RPAY,B,292,8.9950,0
2023-08-11,15:00:00,RPAY,S,292,8.8000,0
2023-08-11,13:31:00,BMEA,B,141,18.7000,0
2023-08-11,15:00:00,BMEA,S,141,18.7500,0
2023-08-11,14:19:00,GPRE,S,80,32.8500,0
2023-08-11,15:00:00,GPRE,B,80,32.8750,0
2023-08-11,14:48:00,BMI,B,15,166.0450,0
2023-08-11,15:00:00,BMI,S,15,166.8900,0
2023-08-14,08:42:00,AMC,S,792,3.3000,0
2023-08-14,09:53:00,AMC,B,792,3.5400,0
2023-08-15,09:20:00,GPRE,S,82,31.7500,0
2023-08-15,10:06:00,GPRE,B,82,31.9000,0
2023-08-15,09:19:00,GRPN,B,257,10.1900,0
2023-08-15,10:24:00,GRPN,S,128,10.5976,0
2023-08-15,10:24:00,GRPN,S,129,10.5181,0
2023-08-15,09:36:00,PARR,S,75,34.4800,0
2023-08-15,14:11:00,PARR,B,75,34.7600,0
2023-08-15,09:49:00,IMAX,B,137,19.0300,0
2023-08-15,15:00:00,IMAX,S,137,19.3700,0
2023-08-15,11:02:00,NKTX,B,1294,2.0300,0
2023-08-15,15:00:00,NKTX,S,1294,1.9950,0
2023-08-15,14:08:00,MXL,B,118,22.1100,0
2023-08-15,15:00:00,MXL,S,118,21.9700,0
2023-08-16,08:42:00,MXL,S,116,22.3600,0
2023-08-16,09:06:00,MXL,B,116,22.6700,0
2023-08-16,09:03:00,PARR,S,74,34.9150,0
2023-08-16,09:09:00,PARR,B,74,35.0350,0
2023-08-16,09:25:00,BMEA,S,142,18.2250,0
2023-08-16,13:32:00,BMEA,B,71,17.4960,0
2023-08-16,13:32:00,BMEA,B,71,17.2222,0
2023-08-16,10:47:00,SPIR,B,3908,0.6800,0
2023-08-16,14:46:00,SPIR,S,3908,0.6650,0
2023-08-16,09:38:00,IMAX,S,135,19.3200,0
2023-08-16,15:00:00,IMAX,B,135,19.3450,0
2023-08-16,09:48:00,MXL,B,113,23.0000,0
2023-08-16,15:00:00,MXL,S,113,23.3800,0
2023-08-16,10:05:00,GPRE,S,82,31.7500,0
2023-08-16,15:00:00,GPRE,B,82,31.3200,0
2023-08-16,10:14:00,RPAY,S,288,9.0000,0
2023-08-16,15:00:00,RPAY,B,288,8.9000,0
2023-08-16,14:47:00,BMI,S,15,164.7400,0
2023-08-16,15:00:00,BMI,B,15,164.1200,0
2023-08-16,14:51:00,IFRX,B,777,3.3800,0
2023-08-16,15:00:00,IFRX,S,777,3.3800,0
2023-08-17,09:35:00,CAR,S,11,224.5200,0
2023-08-17,09:57:00,CAR,B,11,225.3300,0
2023-08-17,10:00:00,GRPN,B,231,11.5300,0
2023-08-17,10:53:00,GRPN,S,115,11.9912,0
2023-08-17,10:53:00,GRPN,S,116,12.0847,0
2023-08-17,09:31:00,PARR,B,75,34.8400,0
2023-08-17,13:55:00,PARR,S,75,34.4500,0
2023-08-17,09:54:00,RPAY,B,289,9.1300,0
2023-08-17,15:00:00,RPAY,S,289,9.2050,0
2023-08-17,10:35:00,IMAX,S,135,19.4300,0
2023-08-17,15:00:00,IMAX,B,135,19.1250,0
2023-08-17,13:36:00,BMEA,B,155,17.0250,0
2023-08-17,15:00:00,BMEA,S,155,16.9150,0
2023-08-17,13:36:00,NN,S,619,4.2200,0
2023-08-17,15:00:00,NN,B,619,4.1600,0
2023-08-17,14:04:00,GPRE,S,83,31.3900,0
2023-08-17,15:00:00,GPRE,B,83,31.3550,0
2023-08-17,14:04:00,VOR,B,894,2.9600,0
2023-08-17,15:00:00,VOR,S,894,2.9200,0
2023-08-17,14:43:00,SPIR,S,3970,0.6647,0
2023-08-17,15:00:00,SPIR,B,3970,0.6600,0
2023-08-17,14:55:00,IFRX,B,578,3.7900,0
2023-08-17,15:00:00,IFRX,S,578,3.8000,0
2023-08-18,09:32:00,GPRE,S,85,31.0500,0
2023-08-18,11:20:00,GPRE,B,85,31.2400,0
2023-08-18,09:13:00,RPAY,B,290,9.1300,0
2023-08-18,15:00:00,RPAY,S,290,9.3250,0
2023-08-18,09:23:00,GRPN,S,244,10.8400,0
2023-08-18,15:00:00,GRPN,B,244,11.2900,0
2023-08-18,10:03:00,MXL,S,117,22.4850,0
2023-08-18,15:00:00,MXL,B,117,22.6100,0
2023-08-18,10:23:00,PARR,B,77,34.5300,0
2023-08-18,15:00:00,PARR,S,77,35.0500,0
2023-08-18,13:05:00,IMAX,B,135,19.4600,0
2023-08-18,15:00:00,IMAX,S,135,19.4950,0
2023-08-18,14:10:00,BMEA,S,160,16.4100,0
2023-08-18,15:00:00,BMEA,B,160,16.5000,0
2023-08-18,14:54:00,NN,S,653,4.0100,0
2023-08-18,15:00:00,NN,B,653,3.9900,0
2023-08-21,08:42:00,AMC,S,699,3.7300,0
2023-08-21,08:48:00,AMC,B,349,3.5808,0
2023-08-21,08:48:00,AMC,B,350,3.5873,0
2023-08-21,10:20:00,AMC,S,780,3.4000,0
2023-08-21,10:26:00,AMC,B,390,3.2640,0
2023-08-21,10:26:00,AMC,B,390,3.2934,0
2023-08-22,09:38:00,PARR,S,76,34.7700,0
2023-08-22,09:58:00,PARR,B,76,34.9800,0
2023-08-22,09:17:00,SPIR,S,4293,0.6100,0
2023-08-22,15:00:00,SPIR,B,4293,0.6004,0
2023-08-22,09:19:00,MXL,S,117,22.5300,0
2023-08-22,15:00:00,MXL,B,117,22.4700,0
2023-08-22,09:54:00,CAR,S,11,229.2500,0
2023-08-22,15:00:00,CAR,B,11,224.8900,0
2023-08-22,10:26:00,IMAX,S,138,19.1250,0
2023-08-22,15:00:00,IMAX,B,138,19.0250,0
2023-08-23,09:23:00,AMC,B,1266,2.1550,0
2023-08-23,14:54:00,AMC,S,1266,1.9500,0
2023-08-23,08:52:00,PTON,B,356,5.7300,0
2023-08-23,15:00:00,PTON,S,356,5.4050,0
2023-08-24,10:19:00,IMAX,S,139,18.8450,0
2023-08-24,11:23:00,IMAX,B,139,19.0700,0
2023-08-24,09:38:00,PARR,B,73,36.1000,0
2023-08-24,15:00:00,PARR,S,73,36.0250,0
2023-08-24,10:10:00,MXL,S,114,22.7700,0
2023-08-24,15:00:00,MXL,B,114,22.2200,0
2023-08-24,11:00:00,GPRE,S,85,30.7800,0
2023-08-24,15:00:00,GPRE,B,85,30.8600,0
2023-08-24,13:57:00,IMAX,S,140,18.6600,0
2023-08-24,15:00:00,IMAX,B,140,18.6550,0
2023-08-24,14:08:00,NN,S,613,4.2300,0
2023-08-24,15:00:00,NN,B,613,4.1300,0
2023-08-24,14:45:00,SPIR,S,4516,0.5825,0
2023-08-24,15:00:00,SPIR,B,4516,0.5820,0
2023-08-25,09:06:00,PARR,B,73,35.9500,0
2023-08-25,09:12:00,PARR,S,73,35.7750,0
2023-08-25,09:23:00,PARR,S,73,35.7400,0
2023-08-25,09:39:00,PARR,B,73,35.9900,0
2023-08-25,09:37:00,CAR,S,11,227.9000,0
2023-08-25,13:33:00,CAR,B,5,218.7840,0
2023-08-25,13:33:00,CAR,B,6,218.4490,0
2023-08-25,09:13:00,GRPN,B,206,13.0000,0
2023-08-25,15:00:00,GRPN,S,206,12.9900,0
2023-08-25,09:20:00,MXL,S,119,22.0850,0
2023-08-25,15:00:00,MXL,B,119,22.0100,0
2023-08-25,09:21:00,GPRE,B,85,31.0000,0
2023-08-25,15:00:00,GPRE,S,85,31.4400,0
2023-08-25,10:58:00,IMAX,S,142,18.5500,0
2023-08-25,15:00:00,IMAX,B,142,18.6500,0
2023-08-25,13:40:00,EVTL,B,2313,1.1550,0
2023-08-25,15:00:00,EVTL,S,2313,1.1550,0
2023-08-28,09:43:00,MXL,S,118,22.2800,0
2023-08-28,15:00:00,MXL,B,118,22.1800,0
2023-08-28,09:46:00,GPRE,S,83,31.6000,0
2023-08-28,15:00:00,GPRE,B,83,31.5600,0
2023-08-28,09:56:00,PARR,S,73,36.1050,0
2023-08-28,15:00:00,PARR,B,73,35.7950,0
2023-08-28,10:18:00,GRPN,S,216,12.1950,0
2023-08-28,15:00:00,GRPN,B,216,12.0400,0
2023-08-28,14:04:00,LZM,S,195,13.4600,0
2023-08-28,15:00:00,LZM,B,195,13.4200,0
2023-08-28,14:09:00,CAR,B,11,224.1300,0
2023-08-28,15:00:00,CAR,S,11,224.7700,0
2023-08-28,14:57:00,RPAY,S,290,9.1400,0
2023-08-28,15:00:00,RPAY,B,290,9.1250,0
2023-08-29,09:18:00,SPIR,S,4509,0.5900,0
2023-08-29,09:40:00,SPIR,B,4509,0.6010,0
2023-08-29,09:37:00,IMAX,S,142,18.6600,0
2023-08-29,11:29:00,IMAX,B,142,18.8000,0
2023-08-29,09:09:00,GRPN,B,222,12.1000,0
2023-08-29,12:16:00,GRPN,S,222,11.6200,0
2023-08-29,09:54:00,PARR,S,75,35.2400,0
2023-08-29,12:49:00,PARR,B,75,35.5000,0
2023-08-29,09:30:00,MXL,B,119,22.1800,0
2023-08-29,15:00:00,MXL,S,119,22.8850,0
2023-08-29,10:05:00,BMEA,B,163,16.3700,0
2023-08-29,15:00:00,BMEA,S,163,16.2200,0
2023-08-29,10:13:00,GPRE,B,84,31.8400,0
2023-08-29,15:00:00,GPRE,S,84,31.9900,0
2023-08-29,14:06:00,CAR,S,11,220.2900,0
2023-08-29,15:00:00,CAR,B,11,219.1600,0
2023-08-30,10:18:00,GPRE,S,84,31.4900,0
2023-08-30,10:46:00,GPRE,B,84,31.7000,0
2023-08-30,09:29:00,RPAY,S,292,9.0750,0
2023-08-30,11:08:00,RPAY,B,292,9.1800,0
2023-08-30,09:05:00,MXL,B,116,22.8600,0
2023-08-30,15:00:00,MXL,S,116,23.0100,0
2023-08-30,14:09:00,CAR,B,12,220.1150,0
2023-08-30,15:00:00,CAR,S,12,220.1200,0
2023-08-31,10:18:00,GRPN,S,230,11.3950,0
2023-08-31,11:00:00,GRPN,B,230,11.7100,0
2023-08-31,09:15:00,GPRE,S,85,31.0500,0
2023-08-31,11:40:00,GPRE,B,85,31.4000,0
2023-08-31,09:17:00,PARR,S,77,34.1800,0
2023-08-31,15:00:00,PARR,B,77,34.3700,0
2023-08-31,09:49:00,MXL,B,114,23.2700,0
2023-08-31,15:00:00,MXL,S,114,23.4700,0
2023-08-31,13:14:00,BMEA,B,157,16.7350,0
2023-08-31,15:00:00,BMEA,S,157,16.8650,0
2023-09-01,09:19:00,WBD,S,215,12.2550,0
2023-09-01,13:53:00,WBD,B,107,11.7648,0
2023-09-01,13:53:00,WBD,B,108,11.5476,0
2023-09-05,08:54:00,GPRE,S,86,30.5300,0
2023-09-05,10:31:00,GPRE,B,86,30.9400,0
2023-09-05,11:28:00,BMEA,B,151,17.5050,0
2023-09-05,12:30:00,BMEA,S,151,17.4200,0
2023-09-05,09:07:00,MXL,B,111,23.8200,0
2023-09-05,15:00:00,MXL,S,111,23.9500,0
2023-09-05,09:12:00,PARR,B,74,35.8500,0
2023-09-05,15:00:00,PARR,S,74,35.5000,0
2023-09-05,12:29:00,CAR,B,12,211.5150,0
2023-09-05,15:00:00,CAR,S,12,211.9600,0
2023-09-05,14:27:00,NEXA,B,411,6.4450,0
2023-09-05,15:00:00,NEXA,S,411,6.4800,0
2023-09-05,14:28:00,SPIR,B,484,5.5100,0
2023-09-05,15:00:00,SPIR,S,484,5.5450,0
2023-09-05,14:58:00,RPAY,B,280,9.4700,0
2023-09-05,15:00:00,RPAY,S,280,9.4600,0
2023-09-06,09:13:00,GPRE,B,85,30.9450,0
2023-09-06,15:00:00,GPRE,S,85,31.5350,0
2023-09-06,09:37:00,PARR,S,74,35.4750,0
2023-09-06,15:00:00,PARR,B,74,35.6350,0
2023-09-06,09:45:00,BMEA,B,159,16.6300,0
2023-09-06,15:00:00,BMEA,S,159,17.0950,0
2023-09-06,09:57:00,MXL,S,110,23.9900,0
2023-09-06,15:00:00,MXL,B,110,24.0100,0
2023-09-06,14:00:00,SPIR,B,479,5.5700,0
2023-09-06,15:00:00,SPIR,S,479,5.5200,0
2023-09-06,14:32:00,ELDN,S,1630,1.3100,0
2023-09-06,15:00:00,ELDN,B,815,1.2576,0
2023-09-06,15:00:00,ELDN,B,815,1.2400,0
2023-09-06,14:53:00,EVTL,S,1698,1.5600,0
2023-09-06,15:00:00,EVTL,B,1698,1.5800,0
2023-09-06,14:57:00,VOR,B,1007,2.6500,0
2023-09-06,15:00:00,VOR,S,1007,2.6300,0
2023-09-07,08:41:00,KVUE,S,120,22.1700,0
2023-09-07,10:00:00,KVUE,B,60,21.2832,0
2023-09-07,10:00:00,KVUE,B,60,21.2967,0
2023-09-08,09:19:00,PARR,B,72,36.9700,0
2023-09-08,13:13:00,PARR,S,72,36.5800,0
2023-09-08,09:39:00,CAR,B,13,197.8850,0
2023-09-08,15:00:00,CAR,S,13,199.3800,0
2023-09-08,09:47:00,GRPN,B,219,12.2000,0
2023-09-08,15:00:00,GRPN,S,219,12.0100,0
2023-09-08,10:10:00,MXL,S,116,22.9650,0
2023-09-08,15:00:00,MXL,B,116,22.9900,0
2023-09-08,10:12:00,GPRE,B,80,33.2800,0
2023-09-08,15:00:00,GPRE,S,80,32.8600,0
2023-09-08,14:17:00,BMEA,S,162,16.3800,0
2023-09-08,15:00:00,BMEA,B,162,16.3450,0
2023-09-08,14:56:00,BMI,S,16,160.6800,0
2023-09-08,15:00:00,BMI,B,16,160.7100,0
2023-09-11,08:42:00,NU,B,374,7.1200,0
2023-09-11,15:00:00,NU,S,187,7.4048,0
2023-09-11,15:00:00,NU,S,187,7.3850,0
2023-09-12,09:35:00,PARR,B,73,36.5650,0
2023-09-12,13:01:00,PARR,S,73,36.2700,0
2023-09-12,09:13:00,RPAY,B,321,8.3400,0
2023-09-12,14:39:00,RPAY,S,321,8.2200,0
2023-09-12,10:44:00,BMEA,S,175,15.2650,0
2023-09-12,14:55:00,BMEA,B,87,14.6544,0
2023-09-12,14:55:00,BMEA,B,88,14.7477,0
2023-09-12,09:59:00,NKTX,S,1538,1.7000,0
2023-09-12,14:56:00,NKTX,B,769,1.6320,0
2023-09-12,14:56:00,NKTX,B,769,1.6270,0
2023-09-12,09:08:00,NN,B,532,5.1100,0
2023-09-12,15:00:00,NN,S,532,5.0700,0
2023-09-12,09:27:00,IMAX,S,142,18.7500,0
2023-09-12,15:00:00,IMAX,B,142,18.6050,0
2023-09-12,10:22:00,GPRE,B,79,33.9500,0
2023-09-12,15:00:00,GPRE,S,79,34.1950,0
2023-09-12,10:36:00,GRPN,S,222,11.9950,0
2023-09-12,15:00:00,GRPN,B,111,11.5152,0
2023-09-12,15:00:00,GRPN,B,111,11.5300,0
2023-09-12,14:04:00,SPIR,S,465,5.6850,0
2023-09-12,15:00:00,SPIR,B,465,5.7450,0
2023-09-12,14:51:00,EVTL,S,1787,1.3100,0
2023-09-12,15:00:00,EVTL,B,1787,1.3000,0
2023-09-13,10:06:00,GRPN,B,227,11.9100,0
2023-09-13,12:18:00,GRPN,S,227,11.5350,0
2023-09-13,10:12:00,MXL,B,119,22.6900,0
2023-09-13,14:22:00,MXL,S,119,22.4850,0
2023-09-13,10:18:00,BMEA,B,179,15.1150,0
2023-09-13,14:59:00,BMEA,S,179,14.8600,0
2023-09-13,08:54:00,PARR,S,75,35.6000,0
2023-09-13,15:00:00,PARR,B,75,34.9600,0
2023-09-13,10:09:00,NN,B,469,5.7500,0
2023-09-13,15:00:00,NN,S,469,5.7350,0
2023-09-13,10:32:00,RPAY,S,341,7.8800,0
2023-09-13,15:00:00,RPAY,B,341,7.7550,0
2023-09-13,14:32:00,EVTL,S,2086,1.2850,0
2023-09-13,15:00:00,EVTL,B,2086,1.2800,0
2023-09-13,14:41:00,BMI,S,16,159.1700,0
2023-09-13,15:00:00,BMI,B,16,158.7100,0
2023-09-14,10:02:00,RPAY,B,337,8.0000,0
2023-09-14,11:15:00,RPAY,S,337,7.8750,0
2023-09-14,09:48:00,GPRE,B,78,34.3400,0
2023-09-14,11:44:00,GPRE,S,78,34.0950,0
2023-09-14,10:08:00,IMAX,B,146,18.4100,0
2023-09-14,11:47:00,IMAX,S,146,18.2500,0
2023-09-14,13:49:00,NN,B,445,6.0600,0
2023-09-14,14:12:00,NN,S,445,6.0000,0
2023-09-14,10:41:00,GRPN,B,232,11.6500,0
2023-09-14,14:13:00,GRPN,S,116,12.1160,0
2023-09-14,14:13:00,GRPN,S,116,12.1685,0
2023-09-14,09:10:00,BMEA,S,187,14.2500,0
2023-09-14,15:00:00,BMEA,B,187,14.4050,0
2023-09-14,09:18:00,PARR,S,76,35.1600,0
2023-09-14,15:00:00,PARR,B,76,34.7950,0
2023-09-14,09:54:00,MXL,B,118,22.7100,0
2023-09-14,15:00:00,MXL,S,118,22.8400,0
2023-09-14,14:01:00,CAR,B,13,198.8750,0
2023-09-14,15:00:00,CAR,S,13,201.2600,0
2023-09-14,14:44:00,NEXA,B,410,6.6200,0
2023-09-14,15:00:00,NEXA,S,410,6.5900,0
2023-09-14,14:59:00,SPIR,S,474,5.6600,0
2023-09-14,15:00:00,SPIR,B,474,5.6600,0
2023-09-15,08:44:00,SIRI,S,641,4.2050,0
2023-09-15,13:27:00,SIRI,B,320,4.0368,0
2023-09-15,13:27:00,SIRI,B,321,4.0570,0
2023-09-18,09:42:00,BMEA,S,188,14.3950,0
2023-09-18,10:33:00,BMEA,B,188,14.9200,0
2023-09-18,09:45:00,GRPN,B,221,12.3300,0
2023-09-18,11:23:00,GRPN,S,110,12.8232,0
2023-09-18,11:23:00,GRPN,S,111,13.0517,0
2023-09-18,09:15:00,RPAY,S,366,7.3900,0
2023-09-18,11:54:00,RPAY,B,366,7.5200,0
2023-09-18,13:58:00,BMEA,B,178,15.2000,0
2023-09-18,14:34:00,BMEA,S,178,15.0200,0
2023-09-18,09:14:00,GPRE,B,81,33.3100,0
2023-09-18,15:00:00,GPRE,S,81,32.6000,0
2023-09-18,09:23:00,CAR,B,13,198.8850,0
2023-09-18,15:00:00,CAR,S,13,197.7250,0
2023-09-18,09:43:00,MXL,S,125,21.4700,0
2023-09-18,15:00:00,MXL,B,125,21.7000,0
2023-09-18,09:49:00,PARR,S,77,34.7650,0
2023-09-18,15:00:00,PARR,B,77,34.2700,0
2023-09-18,10:05:00,IMAX,B,144,18.7600,0
2023-09-18,15:00:00,IMAX,S,144,18.9100,0
2023-09-18,14:15:00,VOR,S,1206,2.2450,0
2023-09-18,15:00:00,VOR,B,1206,2.1900,0
2023-09-18,14:42:00,BMI,S,16,161.4300,0
2023-09-18,15:00:00,BMI,B,16,161.6350,0
2023-09-19,08:51:00,NIO,S,292,9.2350,0
2023-09-19,11:07:00,NIO,B,146,8.8656,0
2023-09-19,11:07:00,NIO,B,146,8.8973,0
2023-09-20,09:10:00,GPRE,S,86,31.5400,0
2023-09-20,10:57:00,GPRE,B,86,31.7000,0
2023-09-20,13:13:00,PARR,B,79,34.0650,0
2023-09-20,14:39:00,PARR,S,79,33.7000,0
2023-09-20,13:34:00,EVTL,B,1687,1.6150,0
2023-09-20,14:54:00,EVTL,S,1687,1.5300,0
2023-09-20,09:25:00,RPAY,B,343,7.9500,0
2023-09-20,15:00:00,RPAY,S,343,7.7500,0
2023-09-20,09:51:00,CAR,S,14,192.2950,0
2023-09-20,15:00:00,CAR,B,14,190.9700,0
2023-09-20,11:43:00,GRPN,S,220,12.3000,0
2023-09-20,15:00:00,GRPN,B,220,11.9900,0
2023-09-20,14:18:00,NN,S,503,5.3700,0
2023-09-20,15:00:00,NN,B,503,5.2300,0
2023-09-20,14:52:00,PARR,S,80,33.5850,0
2023-09-20,15:00:00,PARR,B,80,33.5400,0
2023-09-20,14:57:00,IMAX,S,145,18.5600,0
2023-09-20,15:00:00,IMAX,B,145,18.5600,0
2023-09-21,09:06:00,GPRE,S,87,31.0050,0
2023-09-21,09:11:00,GPRE,B,87,31.0400,0
2023-09-21,10:05:00,CAR,S,14,187.8100,0
2023-09-21,13:30:00,CAR,B,14,189.3200,0
2023-09-21,09:24:00,IMAX,B,141,19.2000,0
2023-09-21,15:00:00,IMAX,S,141,19.4800,0
2023-09-21,10:00:00,BMEA,B,195,13.9200,0
2023-09-21,15:00:00,BMEA,S,195,13.9950,0
2023-09-21,10:30:00,BMI,S,17,153.6700,0
2023-09-21,15:00:00,BMI,B,17,153.1100,0
2023-09-21,14:40:00,EVTL,S,1804,1.3850,0
2023-09-21,15:00:00,EVTL,B,1804,1.4000,0
2023-09-22,09:19:00,GPRE,S,88,30.6900,0
2023-09-22,09:55:00,GPRE,B,88,31.0600,0
2023-09-22,09:20:00,PARR,S,78,34.4900,0
2023-09-22,15:00:00,PARR,B,78,33.7900,0
2023-09-22,10:09:00,CAR,S,14,186.4400,0
2023-09-22,15:00:00,CAR,B,14,181.9100,0
2023-09-22,10:13:00,NN,B,500,5.4500,0
2023-09-22,15:00:00,NN,S,500,5.4900,0
2023-09-22,13:20:00,MXL,S,125,21.4700,0
2023-09-22,15:00:00,MXL,B,125,21.5750,0
2023-09-22,13:46:00,IMAX,S,140,19.1550,0
2023-09-22,15:00:00,IMAX,B,140,19.1050,0
2023-09-22,14:36:00,GRPN,B,231,11.7100,0
2023-09-22,15:00:00,GRPN,S,231,11.6950,0
2023-09-22,14:47:00,EVTL,S,2303,1.1700,0
2023-09-22,15:00:00,EVTL,B,2303,1.1600,0
2023-09-25,10:28:00,NN,B,492,5.5450,0
2023-09-25,13:15:00,NN,S,492,5.4100,0
2023-09-25,10:08:00,CAR,B,14,183.5700,0
2023-09-25,14:47:00,CAR,S,14,181.0050,0
2023-09-25,09:59:00,BMEA,B,189,14.3900,0
2023-09-25,15:00:00,BMEA,S,189,14.0600,0
2023-09-25,10:15:00,IMAX,B,142,19.3500,0
2023-09-25,15:00:00,IMAX,S,142,19.3600,0
2023-09-25,10:32:00,RPAY,B,356,7.7550,0
2023-09-25,15:00:00,RPAY,S,356,7.6800,0
2023-09-25,10:51:00,MXL,B,124,22.0000,0
2023-09-25,15:00:00,MXL,S,124,21.8800,0
2023-09-25,14:54:00,BMI,S,17,151.6900,0
2023-09-25,15:00:00,BMI,B,17,151.8700,0
2023-09-26,08:50:00,RPAY,S,358,7.5000,0
2023-09-26,15:00:00,RPAY,B,358,7.4100,0
2023-09-26,09:03:00,GPRE,S,87,30.9700,0
2023-09-26,15:00:00,GPRE,B,87,30.5900,0
2023-09-26,09:09:00,PARR,B,78,34.3600,0
2023-09-26,15:00:00,PARR,S,78,34.6700,0
2023-09-26,14:17:00,EVTL,S,2251,1.2000,0
2023-09-26,15:00:00,EVTL,B,2251,1.2000,0
2023-09-26,14:32:00,IMAX,S,139,19.3200,0
2023-09-26,15:00:00,IMAX,B,139,19.1500,0
2023-09-26,14:36:00,CAR,S,15,177.5050,0
2023-09-26,15:00:00,CAR,B,15,177.9300,0
2023-09-26,14:57:00,IFRX,S,934,2.8800,0
2023-09-26,15:00:00,IFRX,B,934,2.8800,0
2023-09-26,14:57:00,BMI,S,17,150.4000,0
2023-09-26,15:00:00,BMI,B,17,150.4700,0
2023-09-27,09:28:00,MXL,B,120,22.6050,0
2023-09-27,11:27:00,MXL,S,120,22.1000,0
2023-09-27,14:19:00,VOR,B,1235,2.2050,0
2023-09-27,14:50:00,VOR,S,1235,2.1200,0
2023-09-27,09:20:00,GPRE,S,87,31.0200,0
2023-09-27,15:00:00,GPRE,B,87,30.4000,0
2023-09-27,10:07:00,GRPN,S,209,12.7800,0
2023-09-27,15:00:00,GRPN,B,209,12.8200,0
2023-09-27,13:19:00,IFRX,S,973,2.7000,0
2023-09-27,15:00:00,IFRX,B,973,2.6000,0
2023-09-27,14:40:00,NN,S,508,5.2950,0
2023-09-27,15:00:00,NN,B,508,5.3500,0
2023-09-28,08:58:00,PARR,B,76,35.5900,0
2023-09-28,11:51:00,PARR,S,38,37.0136,0
2023-09-28,11:51:00,PARR,S,38,36.7541,0
2023-09-28,10:02:00,RPAY,B,357,7.6150,0
2023-09-28,15:00:00,RPAY,S,357,7.7900,0
2023-09-28,10:31:00,GRPN,B,203,13.4200,0
2023-09-28,15:00:00,GRPN,S,203,13.3500,0
2023-09-28,13:38:00,NN,B,508,5.3800,0
2023-09-28,15:00:00,NN,S,508,5.4000,0
2023-09-28,14:40:00,EVTL,S,2302,1.1750,0
2023-09-28,15:00:00,EVTL,B,2302,1.1900,0
2023-09-29,09:10:00,GPRE,S,90,30.0500,0
2023-09-29,10:17:00,GPRE,B,90,30.4100,0
2023-09-29,09:48:00,PARR,S,74,36.3400,0
2023-09-29,10:25:00,PARR,B,74,36.4200,0
2023-09-29,09:46:00,GRPN,S,195,13.8400,0
2023-09-29,11:44:00,GRPN,B,195,14.3750,0
2023-09-29,09:09:00,BMI,B,18,147.1200,0
2023-09-29,15:00:00,BMI,S,18,143.8900,0
2023-09-29,10:24:00,VOR,S,1263,2.1450,0
2023-09-29,15:00:00,VOR,B,1263,2.1150,0
2023-09-29,13:34:00,EVTL,S,2302,1.1650,0
2023-09-29,15:00:00,EVTL,B,2302,1.1700,0
2023-09-29,14:06:00,LZM,S,125,12.4000,0
2023-09-29,15:00:00,LZM,B,125,12.3900,0
2023-09-29,14:54:00,RPAY,S,355,7.6000,0
2023-09-29,15:00:00,RPAY,B,355,7.5800,0
2023-09-29,14:54:00,NEXA,S,439,6.1100,0
2023-09-29,15:00:00,NEXA,B,439,6.0800,0
2023-10-02,09:49:00,RPAY,B,355,7.6150,0
2023-10-02,14:04:00,RPAY,S,355,7.5150,0
2023-10-02,09:03:00,GRPN,B,172,15.7650,0
2023-10-02,15:00:00,GRPN,S,172,15.7350,0
2023-10-02,09:55:00,GPRE,S,91,29.7000,0
2023-10-02,15:00:00,GPRE,B,91,29.1950,0
2023-10-02,10:04:00,PARR,B,75,35.7200,0
2023-10-02,15:00:00,PARR,S,75,35.6150,0
2023-10-02,10:25:00,IMAX,B,137,19.7900,0
2023-10-02,15:00:00,IMAX,S,137,19.5450,0
2023-10-02,11:10:00,CAR,S,15,173.6800,0
2023-10-02,15:00:00,CAR,B,15,173.9300,0
2023-10-02,14:08:00,NN,S,547,4.9100,0
2023-10-02,15:00:00,NN,B,547,4.9400,0
2023-10-03,09:07:00,GRPN,S,174,15.2550,0
2023-10-03,09:31:00,GRPN,B,87,14.6448,0
2023-10-03,09:31:00,GRPN,B,87,14.4325,0
2023-10-03,08:51:00,GPRE,B,92,29.2450,0
2023-10-03,10:49:00,GPRE,S,92,28.9100,0
2023-10-03,09:29:00,RPAY,S,372,7.2200,0
2023-10-03,11:34:00,RPAY,B,186,6.9312,0
2023-10-03,11:34:00,RPAY,B,186,6.9222,0
2023-10-03,09:30:00,IMAX,S,142,18.8900,0
2023-10-03,15:00:00,IMAX,B,142,18.9350,0
2023-10-03,09:45:00,CAR,S,15,170.7900,0
2023-10-03,15:00:00,CAR,B,15,168.8400,0
2023-10-03,09:56:00,BMEA,B,213,12.7100,0
2023-10-03,15:00:00,BMEA,S,213,12.8700,0
2023-10-03,14:51:00,GRPN,S,191,14.1900,0
2023-10-03,15:00:00,GRPN,B,191,14.2200,0
2023-10-04,09:34:00,CAR,S,16,167.3050,0
2023-10-04,11:37:00,CAR,B,16,170.1500,0
2023-10-04,10:29:00,MXL,B,124,21.9300,0
2023-10-04,12:33:00,MXL,S,124,21.7150,0
2023-10-04,09:06:00,GPRE,S,97,27.9400,0
2023-10-04,15:00:00,GPRE,B,97,28.6400,0
2023-10-04,09:30:00,RPAY,S,417,6.5050,0
2023-10-04,15:00:00,RPAY,B,417,6.5900,0
2023-10-04,09:39:00,PARR,S,82,32.8550,0
2023-10-04,15:00:00,PARR,B,82,32.8400,0
2023-10-04,09:46:00,NN,B,552,4.9650,0
2023-10-04,15:00:00,NN,S,552,5.1000,0
2023-10-04,10:08:00,BMEA,S,220,12.2300,0
2023-10-04,15:00:00,BMEA,B,220,12.2100,0
2023-10-04,13:20:00,IFRX,B,1061,2.5800,0
2023-10-04,15:00:00,IFRX,S,1061,2.5200,0
2023-10-04,14:55:00,ELDN,B,1616,1.6900,0
2023-10-04,15:00:00,ELDN,S,1616,1.6900,0
2023-10-05,08:41:00,RIVN,S,133,20.1300,0
2023-10-05,09:51:00,RIVN,B,66,19.3248,0
2023-10-05,09:51:00,RIVN,B,67,19.3763,0
2023-10-05,10:17:00,RIVN,S,142,19.1000,0
2023-10-05,10:38:00,RIVN,B,142,19.2050,0
2023-10-06,09:38:00,PARR,S,84,32.1400,0
2023-10-06,12:32:00,PARR,B,84,32.7850,0
2023-10-06,09:48:00,IMAX,B,140,19.2900,0
2023-10-06,15:00:00,IMAX,S,140,19.8100,0
2023-10-06,10:03:00,GRPN,B,185,14.9450,0
2023-10-06,15:00:00,GRPN,S,185,14.6150,0
2023-10-06,10:17:00,CAR,B,15,178.2900,0
2023-10-06,15:00:00,CAR,S,15,178.6050,0
2023-10-06,10:29:00,MXL,B,125,21.7600,0
2023-10-06,15:00:00,MXL,S,125,21.8300,0
2023-10-06,14:21:00,BMEA,B,214,12.6800,0
2023-10-06,15:00:00,BMEA,S,214,12.6500,0
2023-10-09,10:16:00,GRPN,S,189,14.2900,0
2023-10-09,11:08:00,GRPN,B,189,14.6100,0
2023-10-09,09:10:00,RPAY,S,428,6.3150,0
2023-10-09,13:13:00,RPAY,B,428,6.4200,0
2023-10-09,09:29:00,PARR,S,83,32.6050,0
2023-10-09,15:00:00,PARR,B,83,32.8400,0
2023-10-09,09:34:00,GPRE,S,98,27.5150,0
2023-10-09,15:00:00,GPRE,B,98,27.9500,0
2023-10-09,10:10:00,IMAX,S,139,19.4100,0
2023-10-09,15:00:00,IMAX,B,139,19.4600,0
2023-10-09,10:38:00,CAR,B,15,179.5900,0
2023-10-09,15:00:00,CAR,S,15,179.8450,0
2023-10-10,08:54:00,GRPN,S,194,13.8300,0
2023-10-10,09:05:00,GRPN,B,97,13.2768,0
2023-10-10,09:05:00,GRPN,B,97,13.2520,0
2023-10-10,09:25:00,MXL,B,123,21.9600,0
2023-10-10,15:00:00,MXL,S,123,22.2900,0
2023-10-10,10:31:00,GPRE,B,94,28.5300,0
2023-10-10,15:00:00,GPRE,S,94,28.6100,0
2023-10-10,10:41:00,PARR,B,80,33.4600,0
2023-10-10,15:00:00,PARR,S,80,33.5150,0
2023-10-10,12:32:00,CAR,S,14,180.8500,0
2023-10-10,15:00:00,CAR,B,14,181.3300,0
2023-10-10,13:27:00,RPAY,S,414,6.5250,0
2023-10-10,15:00:00,RPAY,B,414,6.5400,0
2023-10-10,13:30:00,LZM,S,225,11.9700,0
2023-10-10,15:00:00,LZM,B,225,11.7500,0
2023-10-11,10:00:00,TPST,B,324,2.5600,0
2023-10-11,10:00:00,TPST,S,162,2.6624,0
2023-10-11,10:00:00,TPST,S,162,2.6934,0
2023-10-11,10:45:00,TPST,B,368,3.2400,0
2023-10-11,10:51:00,TPST,S,184,3.3696,0
2023-10-11,10:51:00,TPST,S,184,3.3752,0
2023-10-12,09:19:00,GPRE,B,97,28.0600,0
2023-10-12,09:38:00,GPRE,S,97,27.7650,0
2023-10-12,09:09:00,GRPN,B,264,10.3700,0
2023-10-12,10:43:00,GRPN,S,132,10.7848,0
2023-10-12,10:43:00,GRPN,S,132,10.8363,0
2023-10-12,09:43:00,RPAY,B,421,6.4800,0
2023-10-12,12:07:00,RPAY,S,421,6.4150,0
2023-10-12,09:06:00,IMAX,S,149,18.2500,0
2023-10-12,15:00:00,IMAX,B,149,18.0400,0
2023-10-12,10:20:00,GPRE,S,99,27.3500,0
2023-10-12,15:00:00,GPRE,B,99,26.9000,0
2023-10-12,10:29:00,PARR,S,82,32.7900,0
2023-10-12,15:00:00,PARR,B,82,32.7900,0
2023-10-12,11:04:00,IFRX,S,1138,2.4000,0
2023-10-12,15:00:00,IFRX,B,1138,2.4350,0
2023-10-12,13:44:00,SPIR,S,698,3.8800,0
2023-10-12,15:00:00,SPIR,B,698,3.8650,0
2023-10-12,14:33:00,LZM,S,221,10.1700,0
2023-10-12,15:00:00,LZM,B,221,9.8000,0
2023-10-13,09:49:00,NKTX,S,1810,1.5150,0
2023-10-13,11:41:00,NKTX,B,1810,1.5350,0
2023-10-13,08:52:00,GRPN,B,229,12.3300,0
2023-10-13,11:56:00,GRPN,S,114,12.8232,0
2023-10-13,11:56:00,GRPN,S,115,12.7767,0
2023-10-13,13:45:00,PARR,S,85,32.2000,0
2023-10-13,14:25:00,PARR,B,85,32.4300,0
2023-10-13,09:10:00,IMAX,S,153,17.6900,0
2023-10-13,15:00:00,IMAX,B,153,17.7400,0
2023-10-13,09:20:00,GPRE,S,104,26.2000,0
2023-10-13,15:00:00,GPRE,B,104,25.8800,0
2023-10-13,09:42:00,CAR,S,15,178.7000,0
2023-10-13,15:00:00,CAR,B,15,173.5700,0
2023-10-13,09:49:00,NN,S,587,4.5800,0
2023-10-13,15:00:00,NN,B,587,4.6000,0
2023-10-13,10:02:00,MXL,S,126,21.5050,0
2023-10-13,15:00:00,MXL,B,126,21.0600,0
2023-10-13,10:06:00,RPAY,S,437,6.2200,0
2023-10-13,15:00:00,RPAY,B,437,6.2050,0
2023-10-13,14:47:00,EVTL,S,2476,1.1100,0
2023-10-13,15:00:00,EVTL,B,2476,1.1300,0
2023-10-16,10:16:00,IMAX,S,156,17.5900,0
2023-10-16,10:29:00,IMAX,B,156,17.7100,0
2023-10-16,09:08:00,GPRE,B,102,27.0000,0
2023-10-16,10:51:00,GPRE,S,51,28.0800,0
2023-10-16,10:51:00,GPRE,S,51,27.9000,0
2023-10-16,10:03:00,MXL,B,128,21.5400,0
2023-10-16,10:57:00,MXL,S,128,21.4650,0
2023-10-16,10:25:00,NKTX,B,1809,1.5350,0
2023-10-16,13:03:00,NKTX,S,1809,1.5000,0
2023-10-16,08:48:00,PARR,B,82,33.5200,0
2023-10-16,14:44:00,PARR,S,82,32.7300,0
2023-10-16,10:18:00,GRPN,B,206,13.4150,0
2023-10-16,14:52:00,GRPN,S,206,12.9200,0
2023-10-16,13:41:00,IMAX,B,154,17.8400,0
2023-10-16,15:00:00,IMAX,S,154,17.7650,0
2023-10-16,14:32:00,EVTL,S,2543,1.0850,0
2023-10-16,15:00:00,EVTL,B,2543,1.0600,0
2023-10-16,14:43:00,CAR,S,15,175.9000,0
2023-10-16,15:00:00,CAR,B,15,175.4500,0
2023-10-16,14:57:00,VOR,S,1213,2.2150,0
2023-10-16,15:00:00,VOR,B,1213,2.2300,0
2023-10-17,09:20:00,NKTX,B,686,1.8050,0
2023-10-17,09:29:00,NKTX,S,343,1.8772,0
2023-10-17,09:29:00,NKTX,S,343,1.8870,0
2023-10-17,09:50:00,NKTX,B,1445,1.9200,0
2023-10-17,09:57:00,NKTX,S,722,1.9968,0
2023-10-17,09:57:00,NKTX,S,723,1.9752,0
2023-10-17,09:39:00,CAR,B,15,179.6700,0
2023-10-17,15:00:00,CAR,S,15,180.2800,0
2023-10-17,09:56:00,GPRE,B,92,29.7050,0
2023-10-17,15:00:00,GPRE,S,92,29.3000,0
2023-10-17,10:51:00,BMEA,B,241,11.5000,0
2023-10-17,15:00:00,BMEA,S,241,11.4200,0
2023-10-17,13:55:00,RPAY,S,431,6.3700,0
2023-10-17,15:00:00,RPAY,B,431,6.4300,0
2023-10-17,14:00:00,NN,B,555,4.9700,0
2023-10-17,15:00:00,NN,S,555,5.0050,0
2023-10-17,14:45:00,PARR,S,84,32.7700,0
2023-10-17,15:00:00,PARR,B,84,32.6500,0
2023-10-18,09:24:00,GPRE,B,95,28.9700,0
2023-10-18,10:00:00,GPRE,S,95,28.5050,0
2023-10-18,08:51:00,NKTX,S,919,2.9650,0
2023-10-18,10:16:00,NKTX,B,919,3.1900,0
2023-10-18,10:26:00,GRPN,B,219,12.4750,0
2023-10-18,15:00:00,GRPN,S,109,12.9740,0
2023-10-18,15:00:00,GRPN,S,110,13.1300,0
2023-10-18,14:13:00,BMI,S,20,135.3250,0
2023-10-18,15:00:00,BMI,B,20,134.8700,0
2023-10-18,14:59:00,NN,S,584,4.6500,0
2023-10-18,15:00:00,NN,B,584,4.6500,0
2023-10-20,08:55:00,NKTX,B,1153,2.4350,0
2023-10-20,09:11:00,NKTX,S,1153,2.3250,0
2023-10-20,10:09:00,GRPN,S,224,12.1350,0
2023-10-20,10:25:00,GRPN,B,224,12.3600,0
2023-10-20,09:52:00,MXL,S,135,20.0300,0
2023-10-20,15:00:00,MXL,B,135,20.0850,0
2023-10-20,10:04:00,GPRE,S,98,27.7150,0
2023-10-20,15:00:00,GPRE,B,98,27.1700,0
2023-10-20,10:48:00,PARR,B,83,32.8000,0
2023-10-20,15:00:00,PARR,S,83,32.5450,0
2023-10-20,14:25:00,BMEA,S,248,10.9050,0
2023-10-20,15:00:00,BMEA,B,248,10.8300,0
2023-10-20,14:40:00,NN,S,608,4.4750,0
2023-10-20,15:00:00,NN,B,608,4.4500,0
2023-10-20,14:49:00,RPAY,S,445,6.1250,0
2023-10-20,15:00:00,RPAY,B,445,6.1600,0
2023-10-23,09:39:00,CAR,S,15,172.5100,0
2023-10-23,10:03:00,CAR,B,15,173.5500,0
2023-10-23,09:24:00,NKTX,B,1253,2.1850,0
2023-10-23,10:24:00,NKTX,S,1253,2.0800,0
2023-10-23,10:16:00,RPAY,B,445,6.1400,0
2023-10-23,14:27:00,RPAY,S,445,6.0600,0
2023-10-23,09:08:00,GPRE,B,99,27.4100,0
2023-10-23,15:00:00,GPRE,S,99,27.0400,0
2023-10-23,09:21:00,IMAX,B,150,18.1500,0
2023-10-23,15:00:00,IMAX,S,150,17.9950,0
2023-10-23,10:20:00,PARR,B,84,32.5700,0
2023-10-23,15:00:00,PARR,S,84,32.5650,0
2023-10-23,10:24:00,GRPN,S,222,12.1300,0
2023-10-23,15:00:00,GRPN,B,111,11.6448,0
2023-10-23,15:00:00,GRPN,B,111,11.4800,0
2023-10-23,13:52:00,IFRX,S,1423,1.9000,0
2023-10-23,15:00:00,IFRX,B,1423,1.8900,0
2023-10-24,08:47:00,VZ,B,80,33.6750,0
2023-10-24,15:00:00,VZ,S,80,34.2800,0
2023-10-25,08:41:00,SNAP,S,237,9.9400,0
2023-10-25,10:54:00,SNAP,B,118,9.5424,0
2023-10-25,10:54:00,SNAP,B,119,9.5894,0
2023-10-25,08:41:00,GOOGL,S,21,125.9400,0
2023-10-25,15:00:00,GOOGL,B,21,125.6300,0
2023-10-25,08:42:00,AGNC,S,366,7.4350,0
2023-10-25,15:00:00,AGNC,B,183,7.1376,0
2023-10-25,15:00:00,AGNC,B,183,6.9800,0
2023-10-26,09:00:00,KVUE,B,144,19.0250,0
2023-10-26,15:00:00,KVUE,S,144,18.6950,0
2023-10-27,08:41:00,F,S,262,10.4750,0
2023-10-27,15:00:00,F,B,131,10.0560,0
2023-10-27,15:00:00,F,B,131,9.9550,0
2023-10-27,08:43:00,AMZN,B,21,127.7500,0
2023-10-27,15:00:00,AMZN,S,21,127.7400,0
2023-10-27,08:44:00,INTC,B,76,36.0250,0
2023-10-27,15:00:00,INTC,S,76,35.5600,0
2023-10-30,09:13:00,NKTX,S,1391,1.9800,0
2023-10-30,09:37:00,NKTX,B,695,1.9008,0
2023-10-30,09:37:00,NKTX,B,696,1.9098,0
2023-10-30,09:35:00,GPRE,S,99,27.8300,0
2023-10-30,10:57:00,GPRE,B,99,28.0750,0
2023-10-30,10:10:00,GRPN,B,222,12.6800,0
2023-10-30,12:30:00,GRPN,S,222,12.0550,0
2023-10-30,09:12:00,MXL,S,185,14.6100,0
2023-10-30,13:59:00,MXL,B,185,15.1500,0
2023-10-30,09:30:00,PARR,S,86,31.8000,0
2023-10-30,14:08:00,PARR,B,86,32.3500,0
2023-10-30,10:14:00,IMAX,B,150,18.4400,0
2023-10-30,15:00:00,IMAX,S,150,18.2050,0
2023-10-30,10:30:00,RPAY,S,469,5.8600,0
2023-10-30,15:00:00,RPAY,B,469,5.9100,0
2023-10-30,13:38:00,ELDN,S,1739,1.5650,0
2023-10-30,15:00:00,ELDN,B,1739,1.5800,0
2023-10-30,14:49:00,BMI,S,19,137.2900,0
2023-10-30,15:00:00,BMI,B,19,137.4900,0
2023-10-31,13:08:00,RPAY,B,446,6.1250,0
2023-10-31,13:26:00,RPAY,S,446,6.0900,0
2023-10-31,08:42:00,GPRE,S,89,30.0400,0
2023-10-31,15:00:00,GPRE,B,89,29.3900,0
2023-10-31,09:28:00,IMAX,S,149,18.1900,0
2023-10-31,15:00:00,IMAX,B,149,18.2050,0
2023-10-31,10:05:00,MXL,B,183,14.9000,0
2023-10-31,15:00:00,MXL,S,183,15.1900,0
2023-10-31,10:28:00,NKTX,B,1332,2.0450,0
2023-10-31,15:00:00,NKTX,S,1332,2.0300,0
2023-10-31,14:23:00,NN,B,592,4.6500,0
2023-10-31,15:00:00,NN,S,592,4.6600,0
2023-11-01,09:53:00,BMEA,B,268,10.1950,0
2023-11-01,10:18:00,BMEA,S,268,10.0500,0
2023-11-01,09:26:00,IFRX,S,1729,1.5700,0
2023-11-01,11:07:00,IFRX,B,864,1.5072,0
2023-11-01,11:07:00,IFRX,B,865,1.4707,0
2023-11-01,09:13:00,CAR,B,16,165.7000,0
2023-11-01,11:51:00,CAR,S,16,163.1100,0
2023-11-01,09:03:00,GPRE,S,95,28.6000,0
2023-11-01,12:55:00,GPRE,B,47,27.4560,0
2023-11-01,12:55:00,GPRE,B,48,27.2960,0
2023-11-01,09:59:00,PARR,B,81,33.5100,0
2023-11-01,15:00:00,PARR,S,81,33.0100,0
2023-11-01,10:05:00,NKTX,S,1398,1.9550,0
2023-11-01,15:00:00,NKTX,B,1398,1.9000,0
2023-11-01,10:12:00,MXL,B,181,15.1600,0
2023-11-01,15:00:00,MXL,S,181,15.2700,0
2023-11-01,10:24:00,IMAX,S,151,17.9400,0
2023-11-01,15:00:00,IMAX,B,151,18.1000,0
2023-11-02,10:02:00,PLTR,S,157,17.3000,0
2023-11-02,15:00:00,PLTR,B,157,17.9800,0
2023-11-03,08:55:00,CAR,B,14,197.2300,0
2023-11-03,09:14:00,CAR,S,14,194.5900,0
2023-11-03,09:01:00,GPRE,B,96,28.6200,0
2023-11-03,09:34:00,GPRE,S,96,28.1900,0
2023-11-03,09:27:00,NKTX,B,1317,2.1000,0
2023-11-03,10:01:00,NKTX,S,658,2.1840,0
2023-11-03,10:01:00,NKTX,S,659,2.1840,0
2023-11-03,09:20:00,IFRX,S,1826,1.4650,0
2023-11-03,11:02:00,IFRX,B,913,1.4064,0
2023-11-03,11:02:00,IFRX,B,913,1.4307,0
2023-11-03,10:15:00,BMEA,B,263,10.4600,0
2023-11-03,11:32:00,BMEA,S,263,10.1200,0
2023-11-03,09:12:00,IMAX,S,147,18.4800,0
2023-11-03,15:00:00,IMAX,B,147,18.6350,0
2023-11-03,09:21:00,PARR,S,84,32.5400,0
2023-11-03,15:00:00,PARR,B,84,32.4800,0
2023-11-03,09:32:00,RPAY,S,404,6.7500,0
2023-11-03,15:00:00,RPAY,B,404,6.5900,0
2023-11-03,10:04:00,GRPN,B,193,14.3000,0
2023-11-03,15:00:00,GRPN,S,193,14.4750,0
2023-11-03,10:14:00,NN,S,589,4.6200,0
2023-11-03,15:00:00,NN,B,589,4.6750,0
2023-11-03,13:29:00,MXL,B,162,17.0200,0
2023-11-03,15:00:00,MXL,S,162,17.0700,0
2023-11-06,10:00:00,PARR,S,84,32.5300,0
2023-11-06,11:21:00,PARR,B,84,32.8000,0
2023-11-06,09:14:00,GRPN,S,187,14.6700,0
2023-11-06,13:00:00,GRPN,B,187,14.8650,0
2023-11-06,09:47:00,BMEA,S,284,9.5900,0
2023-11-06,14:47:00,BMEA,B,142,9.2064,0
2023-11-06,14:47:00,BMEA,B,142,9.2059,0
2023-11-06,10:24:00,CAR,S,13,198.2600,0
2023-11-06,14:57:00,CAR,B,13,200.8150,0
2023-11-06,08:54:00,MXL,S,161,16.8950,0
2023-11-06,15:00:00,MXL,B,161,16.6300,0
2023-11-06,09:27:00,GPRE,S,99,27.6650,0
2023-11-06,15:00:00,GPRE,B,99,27.8900,0
2023-11-06,09:30:00,RPAY,S,423,6.4700,0
2023-11-06,15:00:00,RPAY,B,423,6.4000,0
2023-11-06,09:48:00,IMAX,S,152,18.0700,0
2023-11-06,15:00:00,IMAX,B,152,17.9000,0
2023-11-06,14:10:00,NKTX,B,1165,2.3700,0
2023-11-06,15:00:00,NKTX,S,1165,2.3250,0
2023-11-06,14:48:00,BMI,B,19,141.7000,0
2023-11-06,15:00:00,BMI,S,19,141.7000,0
2023-11-07,10:06:00,GRPN,B,180,15.2800,0
2023-11-07,13:16:00,GRPN,S,180,14.7800,0
2023-11-07,09:07:00,MXL,B,165,16.7000,0
2023-11-07,15:00:00,MXL,S,165,16.8100,0
2023-11-07,09:46:00,IMAX,B,153,18.0200,0
2023-11-07,15:00:00,IMAX,S,153,17.7700,0
2023-11-07,10:22:00,GPRE,S,101,27.2200,0
2023-11-07,15:00:00,GPRE,B,101,26.8900,0
2023-11-07,14:48:00,VOR,B,1453,2.0000,0
2023-11-07,15:00:00,VOR,S,1453,1.9900,0
2023-11-08,09:06:00,WBD,S,279,9.8050,0
2023-11-08,15:00:00,WBD,B,139,9.4128,0
2023-11-08,15:00:00,WBD,B,140,9.3900,0
2023-11-09,09:51:00,GRPN,S,201,13.6500,0
2023-11-09,11:15:00,GRPN,B,201,13.8200,0
2023-11-09,09:59:00,RPAY,B,437,6.3150,0
2023-11-09,12:41:00,RPAY,S,437,6.2350,0
2023-11-09,08:51:00,PARR,S,85,32.0700,0
2023-11-09,15:00:00,PARR,B,85,31.7400,0
2023-11-09,09:23:00,MXL,S,164,16.7400,0
2023-11-09,15:00:00,MXL,B,82,16.0704,0
2023-11-09,15:00:00,MXL,B,82,16.0200,0
2023-11-09,10:02:00,NN,B,567,4.8800,0
2023-11-09,15:00:00,NN,S,567,4.8500,0
2023-11-09,13:04:00,IMAX,S,155,17.6600,0
2023-11-09,15:00:00,IMAX,B,155,17.7550,0
2023-11-09,13:55:00,BMEA,S,314,8.7100,0
2023-11-09,15:00:00,BMEA,B,314,8.6100,0
2023-11-09,14:16:00,GPRE,S,105,26.1300,0
2023-11-09,15:00:00,GPRE,B,105,26.1700,0
2023-11-09,14:21:00,CAR,S,14,188.0550,0
2023-11-09,15:00:00,CAR,B,14,188.8200,0
2023-11-10,08:41:00,PLUG,B,622,3.9400,0
2023-11-10,08:45:00,PLUG,S,311,4.0976,0
2023-11-10,08:45:00,PLUG,S,311,4.0856,0
2023-11-10,10:21:00,PLUG,S,849,3.2650,0
2023-11-10,10:25:00,PLUG,B,849,3.3950,0
2023-11-13,09:45:00,GRPN,B,308,9.0000,0
2023-11-13,10:02:00,GRPN,S,154,9.3600,0
2023-11-13,10:02:00,GRPN,S,154,9.3300,0
2023-11-13,10:28:00,GPRE,B,106,26.1200,0
2023-11-13,11:55:00,GPRE,S,106,25.9500,0
2023-11-13,10:27:00,NKTX,B,1362,2.0750,0
2023-11-13,12:11:00,NKTX,S,1362,1.9650,0
2023-11-13,09:14:00,RPAY,B,423,6.5650,0
2023-11-13,15:00:00,RPAY,S,423,6.6500,0
2023-11-13,09:18:00,PARR,B,83,32.9700,0
2023-11-13,15:00:00,PARR,S,83,33.0850,0
2023-11-13,09:20:00,IMAX,S,158,17.2000,0
2023-11-13,15:00:00,IMAX,B,158,16.9400,0
2023-11-13,10:10:00,CAR,B,14,186.5500,0
2023-11-13,15:00:00,CAR,S,14,186.6400,0
2023-11-13,10:19:00,MXL,B,170,16.3300,0
2023-11-13,15:00:00,MXL,S,170,16.4750,0
2023-11-13,14:18:00,ELDN,B,2355,1.1900,0
2023-11-13,15:00:00,ELDN,S,2355,1.1800,0
2023-11-14,09:04:00,MXL,B,159,17.3500,0
2023-11-14,09:15:00,MXL,S,159,17.1950,0
2023-11-14,09:52:00,IMAX,S,161,17.1500,0
2023-11-14,10:07:00,IMAX,B,161,17.2250,0
2023-11-14,09:13:00,NKTX,S,1335,2.0150,0
2023-11-14,10:16:00,NKTX,B,1335,2.1450,0
2023-11-14,09:31:00,GPRE,B,103,26.7900,0
2023-11-14,11:19:00,GPRE,S,103,26.4900,0
2023-11-14,14:17:00,IFRX,B,2000,1.4250,0
2023-11-14,14:51:00,IFRX,S,1000,1.4820,0
2023-11-14,14:51:00,IFRX,S,1000,1.4857,0
2023-11-14,09:01:00,GRPN,S,290,9.2300,0
2023-11-14,15:00:00,GRPN,B,290,9.6000,0
2023-11-14,09:33:00,PARR,B,82,33.7000,0
2023-11-14,15:00:00,PARR,S,82,34.3900,0
2023-11-14,09:47:00,RPAY,B,388,7.1300,0
2023-11-14,15:00:00,RPAY,S,388,7.2500,0
2023-11-14,11:01:00,BMI,B,18,148.2900,0
2023-11-14,15:00:00,BMI,S,18,150.2700,0
2023-11-14,14:55:00,IFRX,B,1834,1.5050,0
2023-11-14,15:00:00,IFRX,S,1834,1.4900,0
2023-11-15,08:48:00,NU,S,345,7.9700,0
2023-11-15,09:23:00,NU,B,345,8.2000,0
2023-11-16,08:41:00,INTC,B,65,41.7400,0
2023-11-16,15:00:00,INTC,S,65,43.3600,0
2023-11-16,09:00:00,CSCO,B,57,47.4400,0
2023-11-16,15:00:00,CSCO,S,57,48.0250,0
2023-11-20,08:43:00,YMM,B,290,8.0100,0
2023-11-20,15:00:00,YMM,S,290,8.0900,0
2023-11-21,12:26:00,BMEA,S,277,9.9400,0
2023-11-21,14:13:00,BMEA,B,277,10.1600,0
2023-11-21,09:26:00,NN,S,586,4.6500,0
2023-11-21,14:14:00,NN,B,293,4.4640,0
2023-11-21,14:14:00,NN,B,293,4.4665,0
2023-11-21,09:58:00,MXL,S,154,17.7000,0
2023-11-21,15:00:00,MXL,B,154,17.7100,0
2023-11-21,10:05:00,CAR,S,14,185.7000,0
2023-11-21,15:00:00,CAR,B,14,185.2700,0
2023-11-21,10:10:00,RPAY,S,382,7.2050,0
2023-11-21,15:00:00,RPAY,B,382,7.2500,0
2023-11-22,10:09:00,CAR,B,14,188.9100,0
2023-11-22,14:59:00,CAR,S,14,186.3050,0
2023-11-22,09:16:00,PARR,B,80,34.5900,0
2023-11-22,15:00:00,PARR,S,80,35.0950,0
2023-11-22,09:36:00,RPAY,S,373,7.4050,0
2023-11-22,15:00:00,RPAY,B,373,7.2650,0
2023-11-22,13:51:00,BMI,S,18,148.5300,0
2023-11-22,15:00:00,BMI,B,18,149.1100,0
2023-11-22,14:31:00,IMAX,S,167,16.4600,0
2023-11-22,15:00:00,IMAX,B,167,16.3800,0
2023-11-24,09:26:00,NN,B,636,4.3500,0
2023-11-24,09:39:00,NN,S,636,4.3200,0
2023-11-24,09:24:00,MXL,B,154,17.9800,0
2023-11-24,15:00:00,MXL,S,154,18.0300,0
2023-11-24,09:51:00,IMAX,B,168,16.4750,0
2023-11-24,15:00:00,IMAX,S,168,16.6000,0
2023-11-24,10:04:00,GRPN,B,271,10.3800,0
2023-11-24,15:00:00,GRPN,S,271,10.5100,0
2023-11-27,09:45:00,IMAX,S,169,16.3300,0
2023-11-27,11:00:00,IMAX,B,169,16.4800,0
2023-11-27,13:57:00,GRPN,S,263,10.5100,0
2023-11-27,14:10:00,GRPN,B,263,10.5400,0
2023-11-27,09:46:00,CAR,S,15,180.7100,0
2023-11-27,14:19:00,CAR,B,15,182.7400,0
2023-11-27,14:47:00,BMI,B,18,150.8900,0
2023-11-27,14:59:00,BMI,S,18,149.9300,0
2023-11-27,09:27:00,BMEA,S,280,9.8600,0
2023-11-27,15:00:00,BMEA,B,280,9.9700,0
2023-11-27,09:28:00,MXL,B,154,17.9400,0
2023-11-27,15:00:00,MXL,S,154,17.8300,0
2023-11-27,10:26:00,NN,B,616,4.5000,0
2023-11-27,15:00:00,NN,S,616,4.4200,0
2023-11-27,11:12:00,GPRE,S,115,23.8800,0
2023-11-27,15:00:00,GPRE,B,115,23.5400,0
2023-11-27,13:40:00,IMAX,S,170,16.2850,0
2023-11-27,15:00:00,IMAX,B,170,16.2900,0
2023-11-27,14:38:00,LZM,S,236,8.6100,0
2023-11-27,15:00:00,LZM,B,236,8.6600,0
2023-11-27,14:59:00,PARR,B,78,35.1200,0
2023-11-27,15:00:00,PARR,S,78,35.1800,0
2023-11-28,10:08:00,PARR,B,78,35.2000,0
2023-11-28,11:43:00,PARR,S,78,34.8250,0
2023-11-28,11:41:00,IMAX,S,171,16.0650,0
2023-11-28,13:18:00,IMAX,B,171,16.1750,0
2023-11-28,08:58:00,GRPN,B,247,11.2700,0
2023-11-28,15:00:00,GRPN,S,247,10.9200,0
2023-11-28,09:59:00,GPRE,B,115,24.0300,0
2023-11-28,15:00:00,GPRE,S,115,23.7800,0
2023-11-28,10:13:00,NN,S,646,4.1850,0
2023-11-28,15:00:00,NN,B,646,4.1850,0
2023-11-28,10:17:00,MXL,B,153,18.0350,0
2023-11-28,15:00:00,MXL,S,153,18.0800,0
2023-11-28,14:42:00,PARR,S,79,34.5400,0
2023-11-28,15:00:00,PARR,B,79,34.6800,0
2023-11-28,14:51:00,BMI,S,18,146.3000,0
2023-11-28,15:00:00,BMI,B,18,146.9400,0
2023-11-29,08:43:00,GM,S,86,31.5900,0
2023-11-29,15:00:00,GM,B,86,31.5800,0
2023-11-30,08:45:00,BMEA,S,213,12.7500,0
2023-11-30,09:12:00,BMEA,B,213,13.7800,0
2023-11-30,09:07:00,GPRE,B,109,25.0500,0
2023-11-30,15:00:00,GPRE,S,109,24.8900,0
2023-11-30,09:14:00,MXL,B,146,18.6600,0
2023-11-30,15:00:00,MXL,S,146,18.7300,0
2023-11-30,10:02:00,CAR,B,15,181.0850,0
2023-11-30,15:00:00,CAR,S,15,182.9400,0
2023-11-30,10:27:00,PARR,S,78,34.3400,0
2023-11-30,15:00:00,PARR,B,78,34.2800,0
2023-11-30,11:58:00,IMAX,S,171,15.8300,0
2023-11-30,15:00:00,IMAX,B,171,15.9500,0
2023-12-01,08:42:00,PFE,S,95,28.3650,0
2023-12-01,08:47:00,PFE,B,95,28.6050,0
2023-12-04,09:04:00,GPRE,S,106,25.5300,0
2023-12-04,09:30:00,GPRE,B,106,25.8800,0
2023-12-04,09:14:00,BMEA,B,99,19.5600,0
2023-12-04,09:43:00,BMEA,S,49,20.3424,0
2023-12-04,09:43:00,BMEA,S,50,20.3084,0
2023-12-04,09:46:00,BMEA,B,132,20.5900,0
2023-12-04,10:29:00,BMEA,S,66,21.4136,0
2023-12-04,10:29:00,BMEA,S,66,22.0018,0
2023-12-04,09:35:00,GRPN,S,229,11.7900,0
2023-12-04,10:47:00,GRPN,B,229,12.1900,0
2023-12-04,12:11:00,IMAX,S,168,16.1850,0
2023-12-04,13:11:00,IMAX,B,168,16.2750,0
2023-12-04,09:01:00,PARR,S,78,34.5750,0
2023-12-04,15:00:00,PARR,B,78,34.2800,0
2023-12-04,10:24:00,MXL,B,143,19.0200,0
2023-12-04,15:00:00,MXL,S,143,19.2500,0
2023-12-04,13:33:00,GPRE,S,108,25.1500,0
2023-12-04,15:00:00,GPRE,B,108,24.8900,0
2023-12-04,13:43:00,CAR,S,13,194.7000,0
2023-12-04,15:00:00,CAR,B,13,193.3500,0
2023-12-04,13:49:00,VOR,B,1304,2.1150,0
2023-12-04,15:00:00,VOR,S,1304,2.1350,0
2023-12-05,10:44:00,GRPN,B,222,12.2900,0
2023-12-05,11:36:00,GRPN,S,222,12.1500,0
2023-12-05,09:05:00,IMAX,B,170,16.0950,0
2023-12-05,14:31:00,IMAX,S,170,15.8400,0
2023-12-05,08:49:00,BMEA,S,137,19.5400,0
2023-12-05,14:34:00,BMEA,B,68,18.7584,0
2023-12-05,14:34:00,BMEA,B,69,18.3354,0
2023-12-05,09:37:00,CAR,S,14,186.0300,0
2023-12-05,15:00:00,CAR,B,14,184.0500,0
2023-12-05,09:58:00,PARR,S,79,34.3400,0
2023-12-05,15:00:00,PARR,B,79,33.7450,0
2023-12-05,14:15:00,FRMM,S,10248,0.2620,0
2023-12-05,15:00:00,FRMM,B,10248,0.2630,0
2023-12-05,14:34:00,NN,S,685,3.9750,0
2023-12-05,15:00:00,NN,B,685,3.9450,0
2023-12-05,14:58:00,IMAX,S,175,15.6750,0
2023-12-05,15:00:00,IMAX,B,175,15.6650,0
2023-12-06,09:03:00,BMEA,B,137,20.1100,0
2023-12-06,14:05:00,BMEA,S,137,18.5800,0
2023-12-06,10:05:00,RPAY,B,358,7.6800,0
2023-12-06,14:24:00,RPAY,S,358,7.5350,0
2023-12-06,09:32:00,IMAX,B,172,15.9550,0
2023-12-06,14:30:00,IMAX,S,172,15.7500,0
2023-12-06,09:07:00,MXL,B,142,19.3300,0
2023-12-06,14:31:00,MXL,S,142,18.9500,0
2023-12-06,09:53:00,NN,S,702,3.8550,0
2023-12-06,15:00:00,NN,B,702,3.9400,0
2023-12-06,09:54:00,GPRE,S,115,23.8300,0
2023-12-06,15:00:00,GPRE,B,115,23.1400,0
2023-12-06,10:06:00,PARR,S,83,32.8300,0
2023-12-06,15:00:00,PARR,B,83,32.8800,0
2023-12-06,13:50:00,NKTX,B,976,2.8200,0
2023-12-06,15:00:00,NKTX,S,976,2.7500,0
2023-12-06,14:49:00,IMAX,S,172,15.7400,0
2023-12-06,15:00:00,IMAX,B,172,15.7000,0
2023-12-06,14:55:00,VOR,S,1208,2.2250,0
2023-12-06,15:00:00,VOR,B,1208,2.2250,0
2023-12-07,08:53:00,BMEA,B,141,19.1700,0
2023-12-07,08:58:00,BMEA,S,70,19.9368,0
2023-12-07,08:58:00,BMEA,S,71,19.7683,0
2023-12-07,09:11:00,RPAY,B,363,7.5050,0
2023-12-07,09:35:00,RPAY,S,363,7.4550,0
2023-12-07,09:57:00,GPRE,B,116,23.3550,0
2023-12-07,11:12:00,GPRE,S,116,23.1000,0
2023-12-07,09:33:00,NN,B,710,3.8550,0
2023-12-07,14:38:00,NN,S,355,4.0092,0
2023-12-07,14:38:00,NN,S,355,3.9915,0
2023-12-07,10:16:00,DARE,S,8384,0.3224,0
2023-12-07,15:00:00,DARE,B,8384,0.3190,0
2023-12-07,11:09:00,CAR,B,14,188.1700,0
2023-12-07,15:00:00,CAR,S,14,190.6900,0
2023-12-07,14:23:00,SPIR,B,441,6.2200,0
2023-12-07,15:00:00,SPIR,S,441,6.1350,0
2023-12-07,14:59:00,GRPN,S,237,11.4800,0
2023-12-07,15:00:00,GRPN,B,237,11.4800,0
2023-12-08,08:58:00,BMEA,S,66,12.2200,0
2023-12-08,09:25:00,BMEA,B,33,11.7312,0
2023-12-08,09:25:00,BMEA,B,33,10.9214,0
2023-12-08,14:24:00,BMEA,B,168,16.3500,0
2023-12-08,14:37:00,BMEA,S,168,16.1100,0
2023-12-08,09:46:00,IMAX,B,168,16.3850,0
2023-12-08,15:00:00,IMAX,S,168,16.3050,0
2023-12-08,09:55:00,MXL,S,141,19.3000,0
2023-12-08,15:00:00,MXL,B,141,19.3950,0
2023-12-08,10:00:00,GPRE,S,118,23.0700,0
2023-12-08,15:00:00,GPRE,B,118,23.3000,0
2023-12-08,10:38:00,RPAY,S,362,7.4950,0
2023-12-08,15:00:00,RPAY,B,362,7.5200,0
2023-12-08,13:56:00,BMI,B,18,150.8900,0
2023-12-08,15:00:00,BMI,S,18,150.9500,0
2023-12-08,14:21:00,DARE,S,8590,0.2975,0
2023-12-08,15:00:00,DARE,B,8590,0.2930,0
2023-12-08,14:57:00,GRPN,S,241,11.3000,0
2023-12-08,15:00:00,GRPN,B,241,11.3000,0
2023-12-08,14:59:00,SPIR,B,263,7.0900,0
2023-12-08,15:00:00,SPIR,S,263,7.0900,0
2023-12-11,08:41:00,M,B,134,20.2650,0
2023-12-11,12:09:00,M,S,67,21.0756,0
2023-12-11,12:09:00,M,S,67,20.9724,0
2023-12-12,09:02:00,CADL,S,843,1.1500,0
2023-12-12,09:11:00,CADL,B,421,1.1040,0
2023-12-12,09:11:00,CADL,B,422,1.1113,0
2023-12-12,09:55:00,PARR,B,81,33.8400,0
2023-12-12,10:26:00,PARR,S,81,33.3650,0
2023-12-12,09:11:00,GPRE,B,111,24.6000,0
2023-12-12,10:29:00,GPRE,S,111,24.2700,0
2023-12-12,10:19:00,BMEA,B,207,12.3050,0
2023-12-12,10:56:00,BMEA,S,103,12.7972,0
2023-12-12,10:56:00,BMEA,S,104,13.0070,0
2023-12-12,09:24:00,CAR,S,14,194.4200,0
2023-12-12,12:29:00,CAR,B,14,196.8800,0
2023-12-12,10:15:00,IMAX,S,168,16.3000,0
2023-12-12,15:00:00,IMAX,B,168,15.9300,0
2023-12-12,13:09:00,RPAY,B,358,7.6900,0
2023-12-12,15:00:00,RPAY,S,358,7.6100,0
2023-12-12,14:35:00,SPIR,B,384,7.1500,0
2023-12-12,15:00:00,SPIR,S,384,7.1800,0
2023-12-12,14:43:00,GRPN,B,240,11.4100,0
2023-12-12,15:00:00,GRPN,S,240,11.4000,0
2023-12-13,08:43:00,PFE,S,106,25.9050,0
2023-12-13,11:02:00,PFE,B,106,26.5700,0
2023-12-14,08:42:00,LCID,B,568,4.8800,0
2023-12-14,11:37:00,LCID,S,284,5.0752,0
2023-12-14,11:37:00,LCID,S,284,5.1612,0
2023-12-14,08:41:00,BAC,B,83,33.0150,0
2023-12-14,15:00:00,BAC,S,83,33.9700,0
2023-12-14,08:41:00,F,B,235,11.6550,0
2023-12-14,15:00:00,F,S,117,12.1212,0
2023-12-14,15:00:00,F,S,118,12.0900,0
2023-12-14,08:41:00,SOFI,B,286,9.6350,0
2023-12-14,15:00:00,SOFI,S,286,9.4850,0
2023-12-15,08:52:00,MXL,S,125,22.0100,0
2023-12-15,09:05:00,MXL,B,125,22.3600,0
2023-12-15,10:04:00,MXL,B,122,22.5400,0
2023-12-15,10:12:00,MXL,S,122,22.5000,0
2023-12-15,09:42:00,BMEA,S,195,14.1700,0
2023-12-15,13:19:00,BMEA,B,97,13.6032,0
2023-12-15,13:19:00,BMEA,B,98,13.5917,0
2023-12-15,09:06:00,GPRE,S,102,27.0100,0
2023-12-15,15:00:00,GPRE,B,102,26.1100,0
2023-12-15,09:25:00,PARR,S,79,34.5600,0
2023-12-15,15:00:00,PARR,B,79,33.6200,0
2023-12-15,09:55:00,IMAX,S,175,15.7500,0
2023-12-15,15:00:00,IMAX,B,175,15.9650,0
2023-12-15,10:00:00,CAR,B,14,194.7950,0
2023-12-15,15:00:00,CAR,S,14,194.3700,0
2023-12-15,10:05:00,RPAY,B,342,8.1050,0
2023-12-15,15:00:00,RPAY,S,342,8.0400,0
2023-12-15,13:27:00,GRPN,B,244,11.4200,0
2023-12-15,15:00:00,GRPN,S,244,11.4400,0
2023-12-15,13:36:00,DARE,B,8355,0.3347,0
2023-12-15,15:00:00,DARE,S,4177,0.3481,0
2023-12-15,15:00:00,DARE,S,4178,0.3501,0
2023-12-15,14:58:00,IFRX,S,2085,1.3250,0
2023-12-15,15:00:00,IFRX,B,2085,1.3250,0
2023-12-18,09:10:00,NKTX,B,868,3.2550,0
2023-12-18,14:40:00,NKTX,S,868,3.1100,0
2023-12-18,09:03:00,PARR,B,79,35.2000,0
2023-12-18,15:00:00,PARR,S,79,35.5000,0
2023-12-18,09:13:00,MXL,B,128,21.8950,0
2023-12-18,15:00:00,MXL,S,128,21.9300,0
2023-12-18,09:28:00,CAR,S,14,190.9650,0
2023-12-18,15:00:00,CAR,B,14,188.5900,0
2023-12-18,09:33:00,NN,B,683,4.1600,0
2023-12-18,15:00:00,NN,S,683,4.2400,0
2023-12-18,09:43:00,GPRE,S,107,26.1450,0
2023-12-18,15:00:00,GPRE,B,107,25.9100,0
2023-12-18,09:54:00,BMEA,S,197,14.1100,0
2023-12-18,15:00:00,BMEA,B,197,13.9900,0
2023-12-18,10:26:00,IMAX,S,176,15.8500,0
2023-12-18,15:00:00,IMAX,B,176,15.6700,0
2023-12-18,14:14:00,GRPN,S,253,10.9900,0
2023-12-18,15:00:00,GRPN,B,253,11.0200,0
2023-12-18,14:41:00,BMI,B,18,152.6300,0
2023-12-18,15:00:00,BMI,S,18,152.3150,0
2023-12-18,14:58:00,IFRX,B,1984,1.4100,0
2023-12-18,15:00:00,IFRX,S,1984,1.4100,0
2023-12-19,09:30:00,NIO,B,319,8.7850,0
2023-12-19,15:00:00,NIO,S,319,8.8250,0
2023-12-20,09:25:00,CAR,B,15,186.3400,0
2023-12-20,13:26:00,CAR,S,15,185.0300,0
2023-12-20,09:56:00,MXL,B,122,22.8900,0
2023-12-20,13:45:00,MXL,S,122,22.5850,0
2023-12-20,09:30:00,RPAY,B,340,8.3450,0
2023-12-20,14:10:00,RPAY,S,340,8.1100,0
2023-12-20,09:50:00,NN,B,668,4.2250,0
2023-12-20,14:34:00,NN,S,668,4.1200,0
2023-12-20,09:22:00,BMEA,B,190,14.8700,0
2023-12-20,14:46:00,BMEA,S,190,13.8400,0
2023-12-20,09:37:00,PARR,S,76,36.6400,0
2023-12-20,15:00:00,PARR,B,76,35.6900,0
2023-12-20,09:51:00,GPRE,S,107,26.0600,0
2023-12-20,15:00:00,GPRE,B,107,25.4000,0
2023-12-20,09:55:00,NKTX,S,754,3.6900,0
2023-12-20,15:00:00,NKTX,B,754,3.6650,0
2023-12-20,13:32:00,IMAX,S,183,15.2400,0
2023-12-20,15:00:00,IMAX,B,183,14.8900,0
2023-12-20,13:54:00,SPIR,S,398,6.9900,0
2023-12-20,15:00:00,SPIR,B,398,7.0300,0
2023-12-20,14:05:00,DARE,B,8494,0.3299,0
2023-12-20,15:00:00,DARE,S,8494,0.3299,0
2023-12-20,14:38:00,GRPN,S,236,11.7700,0
2023-12-20,15:00:00,GRPN,B,236,11.7000,0
2023-12-21,09:26:00,GPRE,S,109,25.4900,0
2023-12-21,09:48:00,GPRE,B,109,25.7200,0
2023-12-21,09:34:00,IMAX,B,186,15.0050,0
2023-12-21,15:00:00,IMAX,S,186,15.0900,0
2023-12-21,09:52:00,NKTX,B,715,3.9300,0
2023-12-21,15:00:00,NKTX,S,715,3.9150,0
2023-12-21,14:54:00,CAR,B,15,184.6000,0
2023-12-21,15:00:00,CAR,S,15,184.7900,0
2023-12-22,09:25:00,NKTX,B,633,4.4650,0
2023-12-22,11:09:00,NKTX,S,633,4.3550,0
2023-12-22,09:48:00,GRPN,S,226,12.2800,0
2023-12-22,11:15:00,GRPN,B,226,12.3900,0
2023-12-22,09:15:00,RPAY,S,326,8.4950,0
2023-12-22,15:00:00,RPAY,B,326,8.4100,0
2023-12-22,09:23:00,IMAX,S,184,15.0800,0
2023-12-22,15:00:00,IMAX,B,184,14.9600,0
2023-12-22,09:28:00,GPRE,S,108,25.6800,0
2023-12-22,15:00:00,GPRE,B,108,25.5100,0
2023-12-22,10:36:00,NN,B,644,4.3400,0
2023-12-22,15:00:00,NN,S,644,4.3350,0
2023-12-22,11:54:00,PARR,B,78,35.5800,0
2023-12-22,15:00:00,PARR,S,78,35.3600,0
2023-12-22,13:41:00,NNBR,S,767,3.6000,0
2023-12-22,15:00:00,NNBR,B,767,3.6400,0
2023-12-22,14:18:00,IFRX,B,1694,1.6950,0
2023-12-22,15:00:00,IFRX,S,1694,1.7150,0
2023-12-22,14:55:00,MXL,B,116,23.9400,0
2023-12-22,15:00:00,MXL,S,116,23.9000,0
2023-12-26,08:43:00,NKTX,S,594,4.6650,0
2023-12-26,10:02:00,NKTX,B,594,4.9400,0
2023-12-26,09:30:00,MXL,B,113,24.5050,0
2023-12-26,15:00:00,MXL,S,113,24.7200,0
2023-12-26,09:40:00,BMEA,B,185,15.4850,0
2023-12-26,15:00:00,BMEA,S,185,15.1600,0
2023-12-26,09:43:00,PARR,B,77,35.8900,0
2023-12-26,15:00:00,PARR,S,77,36.0250,0
2023-12-26,10:18:00,NN,B,640,4.3350,0
2023-12-26,15:00:00,NN,S,640,4.4200,0
2023-12-26,11:03:00,IMAX,B,184,14.9900,0
2023-12-26,15:00:00,IMAX,S,184,15.0200,0
2023-12-26,13:24:00,SPIR,B,340,7.9000,0
2023-12-26,15:00:00,SPIR,S,340,7.9400,0
2023-12-26,13:36:00,GPRE,S,107,25.7000,0
2023-12-26,15:00:00,GPRE,B,107,25.7300,0
2023-12-26,13:55:00,NNBR,B,651,4.0400,0
2023-12-26,15:00:00,NNBR,S,651,4.0800,0
2023-12-26,14:25:00,RPAY,B,328,8.4750,0
2023-12-26,15:00:00,RPAY,S,328,8.4600,0
2023-12-26,14:56:00,CAR,S,15,180.8950,0
2023-12-26,15:00:00,CAR,B,15,180.8300,0
2023-12-27,10:24:00,NKTX,B,516,5.3850,0
2023-12-27,11:28:00,NKTX,S,258,5.6004,0
2023-12-27,11:28:00,NKTX,S,258,5.5532,0
2023-12-27,09:44:00,MXL,S,112,24.5800,0
2023-12-27,15:00:00,MXL,B,112,24.9400,0
2023-12-27,09:45:00,NN,S,629,4.3850,0
2023-12-27,15:00:00,NN,B,629,4.4100,0
2023-12-27,10:08:00,IMAX,S,186,14.8750,0
2023-12-27,15:00:00,IMAX,B,186,14.8600,0
2023-12-27,13:43:00,BMEA,S,193,14.2250,0
2023-12-27,15:00:00,BMEA,B,193,14.5900,0
2023-12-27,14:00:00,NNBR,S,697,3.9100,0
2023-12-27,15:00:00,NNBR,B,697,4.0800,0
2023-12-27,14:46:00,GPRE,S,109,25.4550,0
2023-12-27,15:00:00,GPRE,B,109,25.4500,0
2023-12-27,14:48:00,RPAY,S,327,8.4950,0
2023-12-27,15:00:00,RPAY,B,327,8.5100,0
2023-12-27,14:51:00,CADL,B,1113,1.3900,0
2023-12-27,15:00:00,CADL,S,1113,1.3900,0
2023-12-27,14:58:00,DARE,S,8248,0.3365,0
2023-12-27,15:00:00,DARE,B,8248,0.3354,0
2023-12-27,14:58:00,NEXA,S,398,6.9700,0
2023-12-27,15:00:00,NEXA,B,398,6.9700,0
2023-12-27,14:59:00,IFRX,B,1555,1.8150,0
2023-12-27,15:00:00,IFRX,S,1555,1.8150,0
2023-12-28,09:23:00,NKTX,B,477,5.8150,0
2023-12-28,09:41:00,NKTX,S,238,6.0476,0
2023-12-28,09:41:00,NKTX,S,239,6.1618,0
2023-12-28,09:43:00,MYSE,B,909,3.2400,0
2023-12-28,09:55:00,MYSE,S,909,2.8100,0
2023-12-28,09:43:00,NN,B,622,4.4850,0
2023-12-28,10:09:00,NN,S,622,4.4250,0
2023-12-28,09:26:00,RPAY,B,318,8.6850,0
2023-12-28,10:20:00,RPAY,S,318,8.6350,0
2023-12-28,09:52:00,MXL,B,111,24.8600,0
2023-12-28,11:28:00,MXL,S,111,24.6400,0
2023-12-28,10:40:00,FLYX,S,108,4.3600,0
2023-12-28,13:29:00,FLYX,B,108,6.4000,0
2023-12-28,09:30:00,PARR,B,74,37.1100,0
2023-12-28,13:43:00,PARR,S,74,36.6900,0
2023-12-28,09:27:00,BMEA,B,176,15.6600,0
2023-12-28,15:00:00,BMEA,S,176,15.4900,0
2023-12-28,09:59:00,GRPN,B,213,12.8350,0
2023-12-28,15:00:00,GRPN,S,213,12.9050,0
2023-12-28,14:06:00,GPRE,S,106,25.2900,0
2023-12-28,15:00:00,GPRE,B,106,25.3700,0
2023-12-28,14:54:00,NNBR,B,641,4.3200,0
2023-12-28,15:00:00,NNBR,S,641,4.3200,0
2023-12-29,10:09:00,NN,S,610,4.4250,0
2023-12-29,10:30:00,NN,B,610,4.4750,0
2023-12-29,09:47:00,NKTX,S,454,5.5800,0
2023-12-29,13:29:00,NKTX,B,454,6.3000,0
2023-12-29,09:35:00,BMEA,S,184,14.5650,0
2023-12-29,15:00:00,BMEA,B,184,14.5300,0
2023-12-29,10:08:00,PARR,S,73,36.5500,0
2023-12-29,15:00:00,PARR,B,73,36.3700,0
2023-12-29,10:20:00,GPRE,S,105,25.4800,0
2023-12-29,15:00:00,GPRE,B,105,25.2300,0
2023-12-29,10:28:00,RPAY,S,315,8.5550,0
2023-12-29,15:00:00,RPAY,B,315,8.5650,0
2023-12-29,10:40:00,MXL,S,113,23.6800,0
2023-12-29,15:00:00,MXL,B,113,23.7850,0
2023-12-29,14:51:00,VOR,S,666,2.2100,0
2023-12-29,15:00:00,VOR,B,666,2.2200,0
2024-01-02,08:56:00,NKTX,B,421,6.5450,0
2024-01-02,09:28:00,NKTX,S,210,6.8068,0
2024-01-02,09:28:00,NKTX,S,211,6.8995,0
2024-01-02,09:01:00,GPRE,B,104,25.5750,0
2024-01-02,09:30:00,GPRE,S,104,25.3500,0
2024-01-02,09:34:00,MXL,S,114,23.2550,0
2024-01-02,10:29:00,MXL,B,114,23.4650,0
2024-01-02,09:49:00,NKTX,B,384,6.9650,0
2024-01-02,10:51:00,NKTX,S,384,6.6050,0
2024-01-02,09:30:00,CAR,B,14,181.2300,0
2024-01-02,13:25:00,CAR,S,14,176.5500,0
2024-01-02,10:23:00,RPAY,B,314,8.5150,0
2024-01-02,14:22:00,RPAY,S,314,8.3900,0
2024-01-02,14:43:00,GPRE,S,107,24.5800,0
2024-01-02,14:57:00,GPRE,B,107,24.7300,0
2024-01-02,09:06:00,IMAX,B,178,15.0050,0
2024-01-02,15:00:00,IMAX,S,178,14.9900,0
2024-01-03,09:07:00,MXL,B,120,22.0800,0
2024-01-03,09:32:00,MXL,S,120,21.6100,0
2024-01-03,09:48:00,NKTX,S,463,5.6550,0
2024-01-03,13:46:00,NKTX,B,231,5.4288,0
2024-01-03,13:46:00,NKTX,B,232,5.5134,0
2024-01-03,13:30:00,GPRE,B,106,24.8000,0
2024-01-03,14:08:00,GPRE,S,106,24.4300,0
2024-01-03,10:48:00,BMEA,B,176,14.9600,0
2024-01-03,14:21:00,BMEA,S,176,14.5700,0
2024-01-03,14:29:00,GPRE,S,108,24.3500,0
2024-01-03,14:36:00,GPRE,B,108,24.4600,0
2024-01-03,09:34:00,CAR,S,15,168.8250,0
2024-01-03,15:00:00,CAR,B,15,167.1100,0
2024-01-03,13:29:00,GRPN,B,208,12.7750,0
2024-01-03,15:00:00,GRPN,S,208,12.6500,0
2024-01-03,14:23:00,RPAY,S,318,8.1650,0
2024-01-03,15:00:00,RPAY,B,318,8.1800,0
2024-01-03,14:42:00,PARR,S,72,36.1900,0
2024-01-03,15:00:00,PARR,B,72,35.9100,0
2024-01-04,08:41:00,MBLY,B,89,29.4550,0
2024-01-04,09:16:00,MBLY,S,44,30.6332,0
2024-01-04,09:16:00,MBLY,S,45,30.5555,0
2024-01-05,08:41:00,MPT,S,543,3.4600,0
2024-01-05,15:00:00,MPT,B,543,3.5500,0
2024-01-08,08:47:00,NKTX,B,381,6.6700,0
2024-01-08,09:09:00,NKTX,S,190,6.9368,0
2024-01-08,09:09:00,NKTX,S,191,7.4983,0
2024-01-08,09:14:00,NKTX,B,352,7.5800,0
2024-01-08,09:30:00,NKTX,S,176,7.8832,0
2024-01-08,09:30:00,NKTX,S,176,8.0270,0
2024-01-08,09:57:00,GPRE,B,109,24.7100,0
2024-01-08,12:14:00,GPRE,S,109,24.1100,0
2024-01-08,09:34:00,CAR,B,16,166.4250,0
2024-01-08,15:00:00,CAR,S,16,170.7450,0
2024-01-08,10:01:00,PARR,B,78,34.1000,0
2024-01-08,15:00:00,PARR,S,78,34.4250,0
2024-01-08,10:02:00,MXL,B,120,22.2900,0
2024-01-08,15:00:00,MXL,S,120,22.4300,0
2024-01-08,10:05:00,IMAX,S,178,14.9800,0
2024-01-08,15:00:00,IMAX,B,178,15.0200,0
2024-01-08,10:27:00,BMEA,B,175,15.2750,0
2024-01-08,15:00:00,BMEA,S,87,15.8860,0
2024-01-08,15:00:00,BMEA,S,88,15.9400,0
2024-01-08,14:59:00,RPAY,B,326,8.2200,0
2024-01-08,15:00:00,RPAY,S,326,8.2250,0
2024-01-09,09:04:00,NN,B,550,4.9150,0
2024-01-09,10:07:00,NN,S,275,5.1116,0
2024-01-09,10:07:00,NN,S,275,5.0808,0
2024-01-09,09:56:00,BMEA,B,172,15.7200,0
2024-01-09,15:00:00,BMEA,S,86,16.3488,0
2024-01-09,15:00:00,BMEA,S,86,16.3400,0
2024-01-09,10:14:00,RPAY,B,335,8.1100,0
2024-01-09,15:00:00,RPAY,S,335,8.1300,0
2024-01-09,10:17:00,GPRE,S,113,23.6200,0
2024-01-09,15:00:00,GPRE,B,113,23.6300,0
2024-01-09,10:52:00,IMAX,S,184,14.6450,0
2024-01-09,15:00:00,IMAX,B,184,14.5400,0
2024-01-09,14:41:00,MXL,S,123,21.9500,0
2024-01-09,15:00:00,MXL,B,123,22.0100,0
2024-01-09,14:56:00,FRMM,B,12679,0.2198,0
2024-01-09,15:00:00,FRMM,S,12679,0.2200,0
2024-01-09,14:58:00,DARE,B,7443,0.3645,0
2024-01-09,15:00:00,DARE,S,7443,0.3678,0
2024-01-10,09:39:00,PARR,S,79,34.0600,0
2024-01-10,12:47:00,PARR,B,79,34.2200,0
2024-01-10,09:40:00,NN,S,543,4.9950,0
2024-01-10,13:41:00,NN,B,271,4.7952,0
2024-01-10,13:41:00,NN,B,272,4.7249,0
2024-01-10,14:57:00,FRMM,B,10928,0.2530,0
2024-01-10,14:57:00,FRMM,S,5464,0.2631,0
2024-01-10,14:57:00,FRMM,S,5464,0.2910,0
2024-01-10,08:56:00,NKTX,S,274,9.8300,0
2024-01-10,15:00:00,NKTX,B,274,9.9000,0
2024-01-10,13:51:00,NNBR,B,651,4.2000,0
2024-01-10,15:00:00,NNBR,S,651,4.1900,0
2024-01-10,14:10:00,RPAY,B,336,8.1350,0
2024-01-10,15:00:00,RPAY,S,336,8.0800,0
2024-01-10,14:43:00,DARE,B,7191,0.3800,0
2024-01-10,15:00:00,DARE,S,7191,0.3789,0
2024-01-10,14:49:00,BMEA,S,162,16.6100,0
2024-01-10,15:00:00,BMEA,B,162,16.8900,0
2024-01-11,09:26:00,PARR,B,79,34.4800,0
2024-01-11,09:47:00,PARR,S,79,34.2100,0
2024-01-11,09:14:00,NKTX,S,277,9.9000,0
2024-01-11,10:18:00,NKTX,B,138,9.5040,0
2024-01-11,10:18:00,NKTX,B,139,9.4690,0
2024-01-11,09:08:00,IMAX,S,193,14.1950,0
2024-01-11,13:49:00,IMAX,B,193,14.4100,0
2024-01-11,08:56:00,GPRE,S,120,22.7800,0
2024-01-11,15:00:00,GPRE,B,120,22.1900,0
2024-01-11,09:53:00,NN,S,645,4.2050,0
2024-01-11,15:00:00,NN,B,645,4.1250,0
2024-01-11,10:11:00,MXL,S,127,21.4700,0
2024-01-11,15:00:00,MXL,B,127,21.4500,0
2024-01-11,14:27:00,SPIR,S,400,6.8500,0
2024-01-11,15:00:00,SPIR,B,400,6.8500,0
2024-01-12,08:42:00,BITO,S,126,21.8400,0
2024-01-12,11:06:00,BITO,B,63,20.9664,0
2024-01-12,11:06:00,BITO,B,63,21.0084,0
2024-01-16,09:05:00,MYSE,B,504,2.9600,0
2024-01-16,09:05:00,MYSE,S,252,3.0784,0
2024-01-16,09:05:00,MYSE,S,252,3.0504,0
2024-01-16,09:19:00,GRPN,S,218,12.7100,0
2024-01-16,09:24:00,GRPN,B,218,12.8100,0
2024-01-16,09:06:00,MYSE,B,383,3.0800,0
2024-01-16,09:43:00,MYSE,S,191,3.2032,0
2024-01-16,09:43:00,MYSE,S,192,3.1992,0
2024-01-16,09:05:00,NKTX,S,322,8.5400,0
2024-01-16,10:04:00,NKTX,B,161,8.1984,0
2024-01-16,10:04:00,NKTX,B,161,8.1471,0
2024-01-16,09:29:00,MXL,B,131,21.1900,0
2024-01-16,10:51:00,MXL,S,131,21.0000,0
2024-01-16,10:38:00,GRPN,S,220,12.7100,0
2024-01-16,14:57:00,GRPN,B,110,12.2016,0
2024-01-16,14:57:00,GRPN,B,110,12.1421,0
2024-01-16,10:02:00,NN,S,733,3.7900,0
2024-01-16,15:00:00,NN,B,733,3.8900,0
2024-01-16,10:12:00,RPAY,S,368,7.5100,0
2024-01-16,15:00:00,RPAY,B,368,7.5400,0
2024-01-16,11:02:00,PARR,S,80,34.4400,0
2024-01-16,15:00:00,PARR,B,80,33.9250,0
2024-01-16,13:17:00,BMI,S,18,150.2700,0
2024-01-16,15:00:00,BMI,B,18,151.2500,0
2024-01-16,13:45:00,CAR,B,17,159.6800,0
2024-01-16,15:00:00,CAR,S,17,159.2600,0
2024-01-16,14:30:00,DARE,S,7210,0.3214,0
2024-01-16,15:00:00,DARE,B,7210,0.3263,0
2024-01-17,08:48:00,GRAB,S,938,2.9750,0
2024-01-17,15:00:00,GRAB,B,938,2.9100,0
2024-01-18,09:09:00,TSM,S,25,109.9650,0
2024-01-18,14:13:00,TSM,B,25,111.9800,0
2024-01-18,14:42:00,TSM,B,24,112.8850,0
2024-01-18,14:47:00,TSM,S,24,112.4800,0
2024-01-19,08:42:00,ASTS,S,873,3.1700,0
2024-01-19,09:10:00,ASTS,B,873,3.4300,0
2024-01-19,08:43:00,SQQQ,S,216,12.9250,0
2024-01-19,15:00:00,SQQQ,B,108,12.4080,0
2024-01-19,15:00:00,SQQQ,B,108,12.3900,0
2024-01-22,08:54:00,ADM,S,49,55.5550,0
2024-01-22,11:19:00,ADM,B,24,53.3328,0
2024-01-22,11:19:00,ADM,B,25,53.3905,0
2024-01-23,08:41:00,PLUG,B,816,3.4800,0
2024-01-23,08:49:00,PLUG,S,816,3.1900,0
2024-01-24,08:43:00,PLUG,B,706,3.9350,0
2024-01-24,08:56:00,PLUG,S,706,3.6500,0
2024-01-25,09:18:00,TSLA,S,14,186.3350,0
2024-01-25,15:00:00,TSLA,B,14,182.6300,0
2024-01-26,08:45:00,INTC,S,62,43.7600,0
2024-01-26,09:54:00,INTC,B,62,44.1900,0
2024-01-29,08:44:00,LCID,B,997,2.7700,0
2024-01-29,08:58:00,LCID,S,498,2.8808,0
2024-01-29,08:58:00,LCID,S,499,2.9223,0
2024-01-29,09:20:00,LCID,B,825,3.3500,0
2024-01-29,09:23:00,LCID,S,825,3.2000,0
2024-01-29,09:00:00,SOFI,B,301,9.2200,0
2024-01-29,15:00:00,SOFI,S,301,9.1500,0
2024-01-30,08:40:00,NU,S,322,8.5400,0
2024-01-30,08:45:00,NU,B,322,8.6600,0
2024-01-30,08:53:00,SOFI,B,297,9.2500,0
2024-01-30,09:27:00,SOFI,S,297,8.9800,0
2024-01-30,09:51:00,SOFI,S,308,8.8950,0
2024-01-30,13:24:00,SOFI,B,154,8.5392,0
2024-01-30,13:24:00,SOFI,B,154,8.4890,0
2024-01-31,09:21:00,FLG,B,203,6.6900,0
2024-01-31,09:28:00,FLG,S,101,6.9576,0
2024-01-31,09:28:00,FLG,S,102,7.0475,0
2024-01-31,08:43:00,SOFI,B,336,8.2300,0
2024-01-31,14:06:00,SOFI,S,336,7.9450,0
2024-01-31,08:41:00,GOOGL,S,19,141.8100,0
2024-01-31,15:00:00,GOOGL,B,19,140.0100,0
2024-02-01,08:41:00,FLG,S,445,6.1800,0
2024-02-01,08:46:00,FLG,B,222,5.9328,0
2024-02-01,08:46:00,FLG,B,223,5.9168,0
2024-02-01,09:00:00,FLG,S,481,5.7400,0
2024-02-01,09:04:00,FLG,B,481,5.8400,0
2024-02-01,09:16:00,PLUG,S,570,4.8300,0
2024-02-01,09:45:00,PLUG,B,285,4.6368,0
2024-02-01,09:45:00,PLUG,B,285,4.6352,0
2024-02-02,08:41:00,FLG,B,479,5.8150,0
2024-02-02,09:19:00,FLG,S,239,6.0476,0
2024-02-02,09:19:00,FLG,S,240,6.0668,0
2024-02-02,08:41:00,AMZN,B,16,170.9900,0
2024-02-02,15:00:00,AMZN,S,16,171.8350,0
2024-02-05,09:59:00,RPAY,S,351,7.9150,0
2024-02-05,11:21:00,RPAY,B,351,7.9900,0
2024-02-05,08:56:00,GPRE,S,141,19.5700,0
2024-02-05,12:46:00,GPRE,B,141,20.0250,0
2024-02-05,09:20:00,BMEA,S,152,18.1100,0
2024-02-05,13:31:00,BMEA,B,152,18.8250,0
2024-02-05,09:28:00,IMAX,S,203,13.6600,0
2024-02-05,15:00:00,IMAX,B,203,13.4850,0
2024-02-05,10:22:00,GRPN,B,201,13.9900,0
2024-02-05,15:00:00,GRPN,S,201,14.2650,0
2024-02-05,13:03:00,CAR,S,17,156.1800,0
2024-02-05,15:00:00,CAR,B,17,156.1400,0
2024-02-05,13:59:00,EVTL,B,4033,0.7010,0
2024-02-05,15:00:00,EVTL,S,4033,0.7000,0
2024-02-05,14:30:00,NNBR,B,565,4.9000,0
2024-02-05,15:00:00,NNBR,S,565,4.8600,0
2024-02-06,08:42:00,FLG,B,506,5.4750,0
2024-02-06,08:56:00,FLG,S,506,5.2500,0
2024-02-06,08:41:00,PLTR,B,135,20.5850,0
2024-02-06,09:03:00,PLTR,S,67,21.4084,0
2024-02-06,09:03:00,PLTR,S,68,21.2791,0
2024-02-06,09:11:00,FLG,S,565,4.8950,0
2024-02-06,09:46:00,FLG,B,282,4.6992,0
2024-02-06,09:46:00,FLG,B,283,4.7475,0
2024-02-06,14:02:00,PLTR,B,126,21.9900,0
2024-02-06,14:22:00,PLTR,S,126,21.9100,0
2024-02-06,08:55:00,FXI,B,121,22.7650,0
2024-02-06,15:00:00,FXI,S,121,23.1000,0
2024-02-07,08:45:00,FLG,S,473,3.8500,0
2024-02-07,08:48:00,FLG,B,236,3.6960,0
2024-02-07,08:48:00,FLG,B,237,3.6985,0
2024-02-07,08:42:00,PLTR,B,124,22.4200,0
2024-02-07,09:18:00,PLTR,S,62,23.3168,0
2024-02-07,09:18:00,PLTR,S,62,23.1408,0
2024-02-07,09:07:00,SNAP,S,235,11.8250,0
2024-02-07,10:28:00,SNAP,B,117,11.3520,0
2024-02-07,10:28:00,SNAP,B,118,11.3632,0
2024-02-07,10:10:00,PLTR,B,119,23.4300,0
2024-02-07,11:41:00,PLTR,S,119,23.1300,0
2024-02-07,13:16:00,FLG,B,638,4.3950,0
2024-02-07,13:41:00,FLG,S,319,4.5708,0
2024-02-07,13:41:00,FLG,S,319,4.5461,0
2024-02-07,08:44:00,F,S,219,12.6600,0
2024-02-07,15:00:00,F,B,219,12.7850,0
2024-02-08,08:43:00,ARM,B,17,107.2500,0
2024-02-08,08:51:00,ARM,S,8,111.5400,0
2024-02-08,08:51:00,ARM,S,9,110.8375,0
2024-02-08,08:56:00,ARM,B,25,111.9100,0
2024-02-08,09:00:00,ARM,S,12,116.3864,0
2024-02-08,09:00:00,ARM,S,13,114.3513,0
2024-02-09,09:24:00,GRPN,B,172,16.4700,0
2024-02-09,13:54:00,GRPN,S,172,16.0400,0
2024-02-09,14:26:00,GRPN,S,176,15.9550,0
2024-02-09,14:38:00,GRPN,B,176,16.0900,0
2024-02-09,10:30:00,RPAY,S,351,8.0100,0
2024-02-09,14:50:00,RPAY,B,351,8.1500,0
2024-02-09,08:55:00,GPRE,B,115,24.6100,0
2024-02-09,15:00:00,GPRE,S,115,24.7300,0
2024-02-09,09:44:00,MXL,B,149,18.9250,0
2024-02-09,15:00:00,MXL,S,149,19.0600,0
2024-02-09,13:18:00,BMI,B,19,149.3050,0
2024-02-09,15:00:00,BMI,S,19,149.9500,0
2024-02-09,13:26:00,NN,S,645,4.3300,0
2024-02-09,15:00:00,NN,B,645,4.3900,0
2024-02-09,13:32:00,SPIR,B,188,10.1650,0
2024-02-09,15:00:00,SPIR,S,188,10.3750,0
2024-02-09,14:56:00,LZM,S,487,5.7500,0
2024-02-09,15:00:00,LZM,B,487,5.7500,0
2024-02-12,08:41:00,ARM,B,22,125.3250,0
2024-02-12,09:31:00,ARM,S,11,130.3380,0
2024-02-12,09:31:00,ARM,S,11,129.2867,0
2024-02-12,09:44:00,ARM,B,21,130.9800,0
2024-02-12,09:52:00,ARM,S,10,136.2192,0
2024-02-12,09:52:00,ARM,S,11,136.0102,0
2024-02-13,08:49:00,SSRM,S,151,6.5400,0
2024-02-13,08:50:00,SSRM,B,75,6.2784,0
2024-02-13,08:50:00,SSRM,B,76,6.2754,0
2024-02-13,08:41:00,ARM,B,20,137.3200,0
2024-02-13,09:00:00,ARM,S,20,127.8750,0
2024-02-13,09:32:00,SSRM,S,551,4.7600,0
2024-02-13,09:33:00,SSRM,B,275,4.5696,0
2024-02-13,09:33:00,SSRM,B,276,4.7600,0
2024-02-14,09:06:00,UBER,B,36,76.9100,0
2024-02-14,15:00:00,UBER,S,36,79.1300,0
2024-02-15,08:41:00,SOUN,S,338,3.3050,0
2024-02-15,08:56:00,SOUN,B,169,3.1728,0
2024-02-15,08:56:00,SOUN,B,169,3.1730,0
2024-02-16,09:44:00,BMEA,B,163,17.4400,0
2024-02-16,10:04:00,BMEA,S,163,17.3650,0
2024-02-16,10:31:00,GPRE,S,121,23.2900,0
2024-02-16,11:25:00,GPRE,B,121,23.4700,0
2024-02-16,09:22:00,GRPN,B,156,18.1900,0
2024-02-16,15:00:00,GRPN,S,156,18.2200,0
2024-02-16,09:45:00,IMAX,B,189,14.9950,0
2024-02-16,15:00:00,IMAX,S,189,15.0750,0
2024-02-16,10:02:00,CAR,S,24,116.8000,0
2024-02-16,15:00:00,CAR,B,24,112.3500,0
2024-02-16,10:05:00,RPAY,S,342,8.2650,0
2024-02-16,15:00:00,RPAY,B,342,7.9800,0
2024-02-16,10:24:00,PARR,B,70,40.2450,0
2024-02-16,15:00:00,PARR,S,70,39.8300,0
2024-02-16,14:11:00,SPIR,S,243,11.5800,0
2024-02-16,15:00:00,SPIR,B,243,11.7300,0
2024-02-16,14:35:00,DARE,S,7868,0.3601,0
2024-02-16,15:00:00,DARE,B,7868,0.3620,0
2024-02-16,14:59:00,NEXA,S,417,6.7800,0
2024-02-16,15:00:00,NEXA,B,417,6.7800,0
2024-02-20,13:35:00,IFRX,B,1840,1.5600,0
2024-02-20,13:47:00,IFRX,S,1840,1.5500,0
2024-02-20,09:12:00,BMEA,S,164,17.3200,0
2024-02-20,15:00:00,BMEA,B,164,16.9700,0
2024-02-20,09:41:00,RPAY,B,361,8.1200,0
2024-02-20,15:00:00,RPAY,S,361,8.0700,0
2024-02-20,09:59:00,PARR,S,74,38.1750,0
2024-02-20,15:00:00,PARR,B,74,38.0100,0
2024-02-20,12:35:00,GPRE,S,126,22.5700,0
2024-02-20,15:00:00,GPRE,B,126,22.7600,0
2024-02-20,14:53:00,NNBR,S,565,5.0300,0
2024-02-20,15:00:00,NNBR,B,565,5.0400,0
2024-02-21,09:44:00,PARR,B,73,38.9600,0
2024-02-21,14:07:00,PARR,S,73,38.3700,0
2024-02-21,09:44:00,IMAX,S,185,15.3500,0
2024-02-21,15:00:00,IMAX,B,185,15.2800,0
2024-02-21,09:59:00,NN,S,690,4.1250,0
2024-02-21,15:00:00,NN,B,690,4.0900,0
2024-02-21,10:09:00,EVTL,S,4021,0.6666,0
2024-02-21,15:00:00,EVTL,B,4021,0.6552,0
2024-02-21,10:28:00,NKTX,S,296,9.6300,0
2024-02-21,15:00:00,NKTX,B,296,9.5300,0
2024-02-21,14:08:00,BMI,S,18,155.0300,0
2024-02-21,15:00:00,BMI,B,18,155.5400,0
2024-02-21,14:21:00,NNBR,S,591,4.8000,0
2024-02-21,15:00:00,NNBR,B,591,4.7500,0
2024-02-21,14:36:00,MXL,B,149,19.0500,0
2024-02-21,15:00:00,MXL,S,149,19.2100,0
2024-02-21,14:47:00,EFOI,B,373,2.7200,0
2024-02-21,15:00:00,EFOI,S,373,2.4100,0
2024-02-22,08:52:00,GRAB,S,877,3.2500,0
2024-02-22,15:00:00,GRAB,B,438,3.1200,0
2024-02-22,15:00:00,GRAB,B,439,3.1450,0
2024-02-22,09:16:00,RIVN,S,251,11.3650,0
2024-02-22,15:00:00,RIVN,B,251,11.4500,0
2024-02-23,09:00:00,RIVN,S,277,10.3000,0
2024-02-23,11:05:00,RIVN,B,277,10.5000,0
2024-02-23,09:35:00,WBD,S,344,8.2900,0
2024-02-23,12:18:00,WBD,B,344,8.7400,0
2024-02-26,09:43:00,MXL,B,150,18.8400,0
2024-02-26,10:09:00,MXL,S,150,18.5950,0
2024-02-26,09:07:00,CAR,B,26,107.9800,0
2024-02-26,15:00:00,CAR,S,26,107.1700,0
2024-02-26,09:37:00,IMAX,B,182,15.7450,0
2024-02-26,15:00:00,IMAX,S,182,15.6400,0
2024-02-26,10:34:00,NN,B,677,4.2400,0
2024-02-26,15:00:00,NN,S,677,4.1800,0
2024-02-26,13:55:00,NKTX,B,278,10.2400,0
2024-02-26,15:00:00,NKTX,S,278,10.3600,0
2024-02-26,14:36:00,SPIR,B,254,11.2800,0
2024-02-26,15:00:00,SPIR,S,254,11.3200,0
2024-02-26,14:43:00,RPAY,B,339,8.4100,0
2024-02-26,15:00:00,RPAY,S,339,8.4300,0
2024-02-27,08:46:00,SOUN,B,359,7.1950,0
2024-02-27,08:59:00,SOUN,S,179,7.4828,0
2024-02-27,08:59:00,SOUN,S,180,7.6130,0
2024-02-28,08:42:00,IBIT,B,82,34.4700,0
2024-02-28,11:14:00,IBIT,S,41,35.8488,0
2024-02-28,11:14:00,IBIT,S,41,36.2953,0
2024-02-29,13:44:00,VOR,B,1293,2.2150,0
2024-02-29,14:22:00,VOR,S,646,2.3036,0
2024-02-29,14:22:00,VOR,S,647,2.3828,0
2024-02-29,09:12:00,PARR,S,78,36.6100,0
2024-02-29,15:00:00,PARR,B,78,36.1300,0
2024-02-29,09:52:00,IMAX,S,165,17.1750,0
2024-02-29,15:00:00,IMAX,B,165,17.1300,0
2024-02-29,10:15:00,RPAY,S,326,8.7400,0
2024-02-29,15:00:00,RPAY,B,326,8.6900,0
2024-02-29,10:32:00,CAR,S,26,107.7000,0
2024-02-29,15:00:00,CAR,B,26,108.0250,0
2024-02-29,14:09:00,SPIR,B,233,12.2800,0
2024-02-29,15:00:00,SPIR,S,233,12.4900,0
2024-02-29,14:41:00,NN,B,679,4.2400,0
2024-02-29,15:00:00,NN,S,679,4.2900,0
2024-02-29,14:54:00,GPRE,S,134,21.3150,0
2024-02-29,15:00:00,GPRE,B,134,21.2900,0
2024-02-29,14:57:00,LZM,B,571,5.0800,0
2024-02-29,15:00:00,LZM,S,571,5.0700,0
2024-03-01,08:50:00,DNA,B,2239,1.3100,0
2024-03-01,09:00:00,DNA,S,1119,1.3624,0
2024-03-01,09:00:00,DNA,S,1120,1.3566,0
2024-03-04,08:42:00,FLG,S,835,3.4550,0
2024-03-04,08:53:00,FLG,B,417,3.3168,0
2024-03-04,08:53:00,FLG,B,418,3.3445,0
2024-03-04,09:02:00,FLG,S,899,3.2350,0
2024-03-04,09:11:00,FLG,B,449,3.1056,0
2024-03-04,09:11:00,FLG,B,450,3.1254,0
2024-03-05,08:41:00,SOXS,S,885,3.3000,0
2024-03-05,09:19:00,SOXS,B,885,3.3800,0
2024-03-05,08:41:00,IBIT,B,75,38.8800,0
2024-03-05,09:29:00,IBIT,S,75,38.5000,0
2024-03-05,09:49:00,SOXS,B,851,3.4200,0
2024-03-05,09:55:00,SOXS,S,851,3.3900,0
2024-03-05,10:02:00,IBIT,S,76,37.9950,0
2024-03-05,11:11:00,IBIT,B,38,36.4752,0
2024-03-05,11:11:00,IBIT,B,38,36.5699,0
2024-03-05,08:50:00,SOFI,S,375,7.7800,0
2024-03-05,11:21:00,SOFI,B,187,7.4688,0
2024-03-05,11:21:00,SOFI,B,188,7.4936,0
2024-03-06,08:43:00,PLTR,B,112,25.9700,0
2024-03-06,08:57:00,PLTR,S,112,25.1700,0
2024-03-07,09:19:00,RIVN,S,259,11.2350,0
2024-03-07,12:23:00,RIVN,B,259,11.5700,0
2024-03-08,08:43:00,PBR,S,203,14.3450,0
2024-03-08,08:55:00,PBR,B,203,14.6000,0
2024-03-08,08:45:00,SOXS,B,1027,2.8400,0
2024-03-08,09:09:00,SOXS,S,1027,2.7900,0
2024-03-08,10:17:00,SOXS,B,984,2.9600,0
2024-03-08,10:33:00,SOXS,S,492,3.0784,0
2024-03-08,10:33:00,SOXS,S,492,3.0704,0
2024-03-11,09:13:00,NN,B,680,4.3100,0
2024-03-11,09:34:00,NN,S,340,4.4824,0
2024-03-11,09:34:00,NN,S,340,4.4819,0
2024-03-11,09:38:00,NN,B,646,4.5350,0
2024-03-11,10:09:00,NN,S,323,4.7164,0
2024-03-11,10:09:00,NN,S,323,4.7496,0
2024-03-11,10:01:00,CAR,B,25,112.6150,0
2024-03-11,10:23:00,CAR,S,25,111.9100,0
2024-03-11,09:51:00,GRPN,S,159,18.2350,0
2024-03-11,13:46:00,GRPN,B,79,17.5056,0
2024-03-11,13:46:00,GRPN,B,80,17.4523,0
2024-03-11,09:12:00,BMEA,B,182,16.0000,0
2024-03-11,14:44:00,BMEA,S,182,15.4500,0
2024-03-11,09:01:00,IMAX,B,176,16.5500,0
2024-03-11,15:00:00,IMAX,S,176,16.8900,0
2024-03-12,08:44:00,GERN,B,1454,2.0250,0
2024-03-12,08:52:00,GERN,S,727,2.1060,0
2024-03-12,08:52:00,GERN,S,727,2.0897,0
2024-03-13,09:09:00,BMEA,S,184,15.9700,0
2024-03-13,09:38:00,BMEA,B,184,16.4400,0
2024-03-13,10:38:00,NN,B,540,5.4600,0
2024-03-13,11:49:00,NN,S,540,5.3700,0
2024-03-13,09:41:00,RPAY,S,270,10.8450,0
2024-03-13,11:57:00,RPAY,B,270,10.9600,0
2024-03-13,10:26:00,GPRE,B,142,20.7800,0
2024-03-13,14:29:00,GPRE,S,142,20.5200,0
2024-03-13,09:24:00,PARR,B,78,37.6600,0
2024-03-13,15:00:00,PARR,S,78,37.6200,0
2024-03-13,11:24:00,CAR,S,25,113.9700,0
2024-03-13,15:00:00,CAR,B,25,113.1500,0
2024-03-13,13:42:00,IMAX,S,174,16.8200,0
2024-03-13,15:00:00,IMAX,B,174,16.9300,0
2024-03-13,13:49:00,SPIR,S,240,12.1850,0
2024-03-13,15:00:00,SPIR,B,240,12.1800,0
2024-03-13,14:08:00,NNBR,S,689,4.2300,0
2024-03-13,15:00:00,NNBR,B,689,4.4000,0
2024-03-13,14:31:00,BMI,S,18,154.1300,0
2024-03-13,15:00:00,BMI,B,18,153.8650,0
2024-03-13,14:31:00,NKTX,S,227,12.8700,0
2024-03-13,15:00:00,NKTX,B,227,12.9000,0
2024-03-14,08:50:00,NN,S,572,5.0350,0
2024-03-14,09:35:00,NN,B,286,4.8336,0
2024-03-14,09:35:00,NN,B,286,4.6254,0
2024-03-14,09:41:00,GPRE,B,146,20.0600,0
2024-03-14,10:17:00,GPRE,S,146,19.9100,0
2024-03-14,09:23:00,PARR,S,79,36.7500,0
2024-03-14,12:49:00,PARR,B,79,37.1800,0
2024-03-14,09:01:00,BMEA,S,172,16.7100,0
2024-03-14,15:00:00,BMEA,B,172,16.8500,0
2024-03-14,10:24:00,CAR,S,26,109.4850,0
2024-03-14,15:00:00,CAR,B,26,107.4900,0
2024-03-14,10:35:00,MXL,S,162,18.0600,0
2024-03-14,15:00:00,MXL,B,162,17.9000,0
2024-03-14,13:28:00,GRPN,S,161,18.0500,0
2024-03-14,15:00:00,GRPN,B,161,18.1700,0
2024-03-14,14:31:00,RPAY,S,274,10.6100,0
2024-03-14,15:00:00,RPAY,B,274,10.7000,0
2024-03-14,14:32:00,BMI,S,19,151.0550,0
2024-03-14,15:00:00,BMI,B,19,151.0550,0
2024-03-14,14:35:00,SPIR,S,243,11.8900,0
2024-03-14,15:00:00,SPIR,B,243,11.7500,0
2024-03-14,14:52:00,PARR,S,80,36.4200,0
2024-03-14,15:00:00,PARR,B,80,36.5450,0
2024-03-15,08:41:00,GERN,S,976,3.0050,0
2024-03-15,08:50:00,GERN,B,976,3.1450,0
2024-03-15,09:10:00,GERN,B,900,3.2500,0
2024-03-15,09:22:00,GERN,S,450,3.3800,0
2024-03-15,09:22:00,GERN,S,450,3.3775,0
2024-03-18,08:47:00,BMEA,S,171,17.0550,0
2024-03-18,10:30:00,BMEA,B,85,16.3728,0
2024-03-18,10:30:00,BMEA,B,86,16.2755,0
2024-03-18,09:00:00,GRPN,B,231,12.9200,0
2024-03-18,14:10:00,GRPN,S,115,13.4368,0
2024-03-18,14:10:00,GRPN,S,116,13.6008,0
2024-03-18,09:20:00,IMAX,S,181,16.1200,0
2024-03-18,15:00:00,IMAX,B,181,15.7100,0
2024-03-18,09:57:00,CAR,B,27,108.9050,0
2024-03-18,15:00:00,CAR,S,27,108.1200,0
2024-03-18,10:28:00,GPRE,B,146,20.1700,0
2024-03-18,15:00:00,GPRE,S,146,20.9200,0
2024-03-18,11:24:00,PARR,B,76,38.4100,0
2024-03-18,15:00:00,PARR,S,76,37.7500,0
2024-03-18,14:24:00,MXL,S,167,17.5550,0
2024-03-18,15:00:00,MXL,B,167,17.5300,0
2024-03-18,14:40:00,NN,B,631,4.6900,0
2024-03-18,15:00:00,NN,S,631,4.7500,0
2024-03-18,14:54:00,VOR,B,1543,1.9800,0
2024-03-18,15:00:00,VOR,S,1543,1.9350,0
2024-03-19,09:01:00,GRPN,B,207,14.3000,0
2024-03-19,09:11:00,GRPN,S,207,13.9100,0
2024-03-19,09:14:00,MXL,S,174,16.9600,0
2024-03-19,09:59:00,MXL,B,174,17.3000,0
2024-03-19,10:05:00,BMI,S,19,154.1550,0
2024-03-19,11:07:00,BMI,B,19,154.4950,0
2024-03-19,09:27:00,BMEA,S,189,15.3800,0
2024-03-19,12:12:00,BMEA,B,189,15.9900,0
2024-03-19,10:38:00,NKTX,B,256,11.5300,0
2024-03-19,13:54:00,NKTX,S,128,11.9912,0
2024-03-19,13:54:00,NKTX,S,128,12.3947,0
2024-03-19,08:51:00,SPIR,B,61,18.6300,0
2024-03-19,15:00:00,SPIR,S,61,15.9600,0
2024-03-19,09:15:00,GPRE,B,137,21.5300,0
2024-03-19,15:00:00,GPRE,S,137,21.7900,0
2024-03-19,09:50:00,IMAX,B,188,15.8800,0
2024-03-19,15:00:00,IMAX,S,188,16.0050,0
2024-03-19,10:18:00,CAR,B,26,113.4650,0
2024-03-19,15:00:00,CAR,S,26,115.7100,0
2024-03-19,10:41:00,EVTL,S,3674,0.7801,0
2024-03-19,15:00:00,EVTL,B,3674,0.7901,0
2024-03-19,10:44:00,PARR,B,78,38.0500,0
2024-03-19,15:00:00,PARR,S,78,38.3500,0
2024-03-19,14:21:00,MXL,B,168,17.6400,0
2024-03-19,15:00:00,MXL,S,168,17.8200,0
2024-03-19,14:44:00,VOR,S,1623,1.8200,0
2024-03-19,15:00:00,VOR,B,1623,1.8000,0
2024-03-20,08:50:00,SPIR,S,187,15.7500,0
2024-03-20,09:20:00,SPIR,B,187,16.3700,0
2024-03-20,09:21:00,CAR,S,25,114.0500,0
2024-03-20,09:48:00,CAR,B,25,115.4100,0
2024-03-20,09:19:00,BMEA,S,199,14.8850,0
2024-03-20,10:05:00,BMEA,B,199,15.3500,0
2024-03-20,09:15:00,GPRE,B,136,21.7600,0
2024-03-20,10:11:00,GPRE,S,136,21.5000,0
2024-03-20,10:50:00,GPRE,S,138,21.1000,0
2024-03-20,13:02:00,GPRE,B,138,21.3600,0
2024-03-20,10:42:00,MXL,S,166,17.5300,0
2024-03-20,13:47:00,MXL,B,166,17.9250,0
2024-03-20,09:12:00,RPAY,S,276,10.6950,0
2024-03-20,13:52:00,RPAY,B,276,10.8400,0
2024-03-20,09:40:00,GRPN,S,196,15.0200,0
2024-03-20,15:00:00,GRPN,B,196,14.9200,0
2024-03-20,09:41:00,IMAX,S,186,15.7900,0
2024-03-20,15:00:00,IMAX,B,186,15.8000,0
2024-03-20,10:01:00,PARR,B,77,38.0200,0
2024-03-20,15:00:00,PARR,S,77,39.1900,0
2024-03-20,13:10:00,NKTX,B,237,12.4600,0
2024-03-20,15:00:00,NKTX,S,237,12.8000,0
2024-03-20,13:48:00,NN,B,615,4.8400,0
2024-03-20,15:00:00,NN,S,615,4.8200,0
2024-03-20,14:18:00,NNBR,B,581,5.0200,0
2024-03-20,15:00:00,NNBR,S,581,4.9750,0
2024-03-20,14:34:00,BMEA,B,186,15.7000,0
2024-03-20,15:00:00,BMEA,S,186,15.7900,0
2024-03-20,14:35:00,VOR,B,1618,1.8150,0
2024-03-20,15:00:00,VOR,S,1618,1.8000,0
2024-03-20,14:40:00,RPAY,B,268,10.9000,0
2024-03-20,15:00:00,RPAY,S,268,10.9800,0
2024-03-22,09:16:00,NN,B,492,6.0400,0
2024-03-22,10:05:00,NN,S,246,6.2816,0
2024-03-22,10:05:00,NN,S,246,6.2596,0
2024-03-22,10:35:00,RPAY,B,269,10.9300,0
2024-03-22,11:09:00,RPAY,S,269,10.8800,0
2024-03-22,09:48:00,PARR,S,75,38.8550,0
2024-03-22,12:45:00,PARR,B,75,39.1050,0
2024-03-22,10:05:00,IMAX,S,184,15.9000,0
2024-03-22,14:54:00,IMAX,B,184,15.9900,0
2024-03-22,08:54:00,SPIR,B,244,12.0300,0
2024-03-22,15:00:00,SPIR,S,244,12.0100,0
2024-03-22,09:46:00,BMEA,S,178,16.3800,0
2024-03-22,15:00:00,BMEA,B,178,15.8500,0
2024-03-22,10:00:00,CAR,S,25,112.9500,0
2024-03-22,15:00:00,CAR,B,25,113.4700,0
2024-03-22,14:19:00,GRPN,S,205,14.3500,0
2024-03-22,15:00:00,GRPN,B,205,14.4100,0
2024-03-22,14:47:00,ELDN,S,1444,1.9600,0
2024-03-22,15:00:00,ELDN,B,1444,2.0000,0
2024-03-25,10:29:00,CAR,B,24,118.7600,0
2024-03-25,12:21:00,CAR,S,24,118.0900,0
2024-03-25,09:45:00,GRPN,S,212,13.8450,0
2024-03-25,14:20:00,GRPN,B,106,13.2912,0
2024-03-25,14:20:00,GRPN,B,106,13.4085,0
2024-03-25,10:35:00,BMEA,B,183,16.0650,0
2024-03-25,14:28:00,BMEA,S,183,15.6000,0
2024-03-25,09:34:00,NKTX,B,264,11.1700,0
2024-03-25,14:34:00,NKTX,S,264,10.4950,0
2024-03-25,09:13:00,NN,B,453,6.5150,0
2024-03-25,15:00:00,NN,S,453,6.5600,0
2024-03-25,10:35:00,IMAX,S,183,15.9250,0
2024-03-25,15:00:00,IMAX,B,183,15.8700,0
2024-03-25,10:44:00,PARR,S,75,38.8300,0
2024-03-25,15:00:00,PARR,B,75,38.3300,0
2024-03-25,13:24:00,GPRE,B,133,22.0200,0
2024-03-25,15:00:00,GPRE,S,133,22.0800,0
2024-03-25,14:54:00,ACHV,B,623,4.7300,0
2024-03-25,15:00:00,ACHV,S,623,4.7000,0
2024-03-26,09:29:00,NN,S,445,6.5650,0
2024-03-26,10:48:00,NN,B,445,6.6850,0
2024-03-26,09:59:00,FLYX,S,335,5.2250,0
2024-03-26,10:58:00,FLYX,B,167,5.0160,0
2024-03-26,10:58:00,FLYX,B,168,5.0423,0
2024-03-26,09:04:00,NKTX,S,239,9.8700,0
2024-03-26,11:13:00,NKTX,B,119,9.4752,0
2024-03-26,11:13:00,NKTX,B,120,9.4237,0
2024-03-26,14:13:00,NN,B,426,6.9050,0
2024-03-26,14:35:00,NN,S,426,6.8650,0
2024-03-26,09:46:00,RPAY,S,274,10.5850,0
2024-03-26,14:41:00,RPAY,B,274,10.8950,0
2024-03-26,14:55:00,RPAY,B,269,10.8950,0
2024-03-26,14:57:00,RPAY,S,269,10.8700,0
2024-03-26,08:44:00,GPRE,S,133,22.0100,0
2024-03-26,15:00:00,GPRE,B,133,21.6700,0
2024-03-26,09:52:00,PARR,S,77,37.9900,0
2024-03-26,15:00:00,PARR,B,38,36.4704,0
2024-03-26,15:00:00,PARR,B,39,36.2500,0
2024-03-26,14:28:00,VOR,B,1375,2.2300,0
2024-03-26,15:00:00,VOR,S,1375,2.1500,0
2024-03-26,14:40:00,IMAX,S,185,15.8250,0
2024-03-26,15:00:00,IMAX,B,185,15.7200,0
2024-03-26,14:59:00,CADL,B,1992,1.4900,0
2024-03-26,15:00:00,CADL,S,1992,1.4900,0
2024-03-27,09:37:00,GRPN,B,228,12.9050,0
2024-03-27,09:49:00,GRPN,S,228,12.7000,0
2024-03-27,09:12:00,NKTX,B,283,10.3900,0
2024-03-27,14:19:00,NKTX,S,141,10.8056,0
2024-03-27,14:19:00,NKTX,S,142,11.3179,0
2024-03-27,09:11:00,RPAY,S,267,10.9700,0
2024-03-27,15:00:00,RPAY,B,267,11.0500,0
2024-03-27,09:18:00,PARR,B,80,36.5950,0
2024-03-27,15:00:00,PARR,S,80,36.4100,0
2024-03-27,09:52:00,GPRE,B,133,22.0300,0
2024-03-27,15:00:00,GPRE,S,133,22.4350,0
2024-03-27,09:58:00,CAR,B,24,121.8000,0
2024-03-27,15:00:00,CAR,S,24,123.3400,0
2024-03-27,10:13:00,NN,S,431,6.7400,0
2024-03-27,15:00:00,NN,B,431,6.9100,0
2024-03-27,10:51:00,EVTL,B,2437,1.2050,0
2024-03-27,15:00:00,EVTL,S,2437,1.1250,0
2024-03-27,13:40:00,NNBR,B,616,4.7850,0
2024-03-27,15:00:00,NNBR,S,616,4.7500,0
2024-03-27,14:51:00,LZM,S,374,7.8300,0
2024-03-27,15:00:00,LZM,B,374,7.7800,0
2024-03-28,09:23:00,NKTX,B,266,11.0900,0
2024-03-28,11:41:00,NKTX,S,266,10.7800,0
2024-03-28,09:56:00,BMI,B,17,163.6500,0
2024-03-28,12:00:00,BMI,S,17,162.1100,0
2024-03-28,09:57:00,BMEA,B,191,15.4900,0
2024-03-28,12:23:00,BMEA,S,191,15.1200,0
2024-03-28,09:24:00,GPRE,B,129,22.6900,0
2024-03-28,15:00:00,GPRE,S,129,23.1000,0
2024-03-28,09:25:00,PARR,B,80,36.5200,0
2024-03-28,15:00:00,PARR,S,80,37.0500,0
2024-03-28,10:03:00,CAR,S,23,122.2500,0
2024-03-28,15:00:00,CAR,B,23,122.5600,0
2024-03-28,10:06:00,RPAY,S,264,11.0600,0
2024-03-28,15:00:00,RPAY,B,264,10.9800,0
2024-03-28,10:11:00,NN,S,441,6.5150,0
2024-03-28,15:00:00,NN,B,441,6.5600,0
2024-03-28,10:50:00,NNBR,S,617,4.7500,0
2024-03-28,15:00:00,NNBR,B,617,4.7400,0
2024-03-28,13:05:00,EVTL,S,2580,1.1000,0
2024-03-28,15:00:00,EVTL,B,2580,1.1350,0
2024-04-01,08:55:00,BMEA,S,190,15.2400,0
2024-04-01,09:54:00,BMEA,B,95,14.6304,0
2024-04-01,09:54:00,BMEA,B,95,14.7245,0
2024-04-01,08:57:00,GPRE,B,126,23.2900,0
2024-04-01,10:25:00,GPRE,S,126,22.9200,0
2024-04-01,10:08:00,EVTL,S,2512,1.1500,0
2024-04-01,11:00:00,EVTL,B,1256,1.1040,0
2024-04-01,11:00:00,EVTL,B,1256,1.1115,0
2024-04-01,09:01:00,NKTX,S,258,10.8700,0
2024-04-01,15:00:00,NKTX,B,258,10.8200,0
2024-04-01,09:15:00,PARR,B,80,36.2000,0
2024-04-01,15:00:00,PARR,S,80,37.2800,0
2024-04-01,09:28:00,SPIR,S,251,11.5050,0
2024-04-01,15:00:00,SPIR,B,251,11.5150,0
2024-04-01,09:48:00,GRPN,S,218,13.2950,0
2024-04-01,15:00:00,GRPN,B,109,12.7632,0
2024-04-01,15:00:00,GRPN,B,109,12.7000,0
2024-04-01,09:52:00,CAR,B,23,123.6500,0
2024-04-01,15:00:00,CAR,S,23,125.8050,0
2024-04-01,14:39:00,LZM,B,368,7.9600,0
2024-04-01,15:00:00,LZM,S,368,7.9500,0
2024-04-01,14:44:00,NN,B,431,6.7950,0
2024-04-01,15:00:00,NN,S,431,6.8250,0
2024-04-02,09:02:00,GRPN,B,244,12.1350,0
2024-04-02,09:41:00,GRPN,S,244,11.7850,0
2024-04-02,08:53:00,PARR,B,78,37.6750,0
2024-04-02,09:52:00,PARR,S,78,37.1700,0
2024-04-02,09:01:00,MXL,B,155,19.1000,0
2024-04-02,10:16:00,MXL,S,77,19.8640,0
2024-04-02,10:16:00,MXL,S,78,20.0890,0
2024-04-02,09:49:00,GPRE,S,132,22.3950,0
2024-04-02,11:36:00,GPRE,B,132,22.8400,0
2024-04-02,08:49:00,NKTX,S,290,10.1000,0
2024-04-02,13:04:00,NKTX,B,145,9.6960,0
2024-04-02,13:04:00,NKTX,B,145,9.7760,0
2024-04-02,10:39:00,BMI,S,18,156.4350,0
2024-04-02,14:10:00,BMI,B,18,156.8150,0
2024-04-02,08:44:00,BMEA,S,228,12.7600,0
2024-04-02,15:00:00,BMEA,B,228,12.7900,0
2024-04-02,10:00:00,RPAY,S,281,10.3750,0
2024-04-02,15:00:00,RPAY,B,281,10.3400,0
2024-04-02,10:41:00,CAR,B,24,122.8200,0
2024-04-02,15:00:00,CAR,S,24,122.2200,0
2024-04-02,14:34:00,NNBR,S,639,4.6400,0
2024-04-02,15:00:00,NNBR,B,639,4.5800,0
2024-04-03,09:17:00,MXL,B,147,20.2200,0
2024-04-03,11:38:00,MXL,S,73,21.0288,0
2024-04-03,11:38:00,MXL,S,74,21.1078,0
2024-04-03,09:52:00,NKTX,S,300,9.7300,0
2024-04-03,12:41:00,NKTX,B,150,9.3408,0
2024-04-03,12:41:00,NKTX,B,150,9.2768,0
2024-04-03,09:09:00,GRPN,B,252,11.8000,0
2024-04-03,12:48:00,GRPN,S,252,11.5000,0
2024-04-03,13:14:00,GRPN,S,260,11.4700,0
2024-04-03,13:40:00,GRPN,B,260,11.5600,0
2024-04-03,13:49:00,RPAY,B,287,10.3850,0
2024-04-03,13:49:00,RPAY,S,287,10.3550,0
2024-04-03,14:42:00,MXL,B,137,21.7400,0
2024-04-03,14:59:00,MXL,S,137,21.5500,0
2024-04-03,09:07:00,BMEA,B,224,13.3600,0
2024-04-03,15:00:00,BMEA,S,112,13.8944,0
2024-04-03,15:00:00,BMEA,S,112,13.9700,0
2024-04-03,10:32:00,PARR,B,77,38.5600,0
2024-04-03,15:00:00,PARR,S,77,39.2000,0
2024-04-03,13:21:00,NNBR,S,680,4.3600,0
2024-04-03,15:00:00,NNBR,B,680,4.3500,0
2024-04-03,13:44:00,GPRE,S,129,22.9700,0
2024-04-03,15:00:00,GPRE,B,129,23.0650,0
2024-04-03,14:02:00,LZM,B,374,8.0700,0
2024-04-03,15:00:00,LZM,S,374,7.9000,0
2024-04-03,14:21:00,EVTL,B,2814,1.0650,0
2024-04-03,15:00:00,EVTL,S,1407,1.1076,0
2024-04-03,15:00:00,EVTL,S,1407,1.1300,0
2024-04-03,14:44:00,CAR,B,24,122.1300,0
2024-04-03,15:00:00,CAR,S,24,121.3100,0
2024-04-04,09:03:00,CAR,B,24,125.1500,0
2024-04-04,09:27:00,CAR,S,24,122.9700,0
2024-04-04,08:51:00,CADL,B,828,2.3700,0
2024-04-04,10:03:00,CADL,S,414,2.4648,0
2024-04-04,10:03:00,CADL,S,414,2.5064,0
2024-04-04,13:21:00,CADL,B,761,3.9500,0
2024-04-04,13:26:00,CADL,S,380,4.1080,0
2024-04-04,13:26:00,CADL,S,381,4.0507,0
2024-04-04,09:51:00,CAR,B,23,125.9600,0
2024-04-04,13:44:00,CAR,S,23,122.9450,0
2024-04-04,09:41:00,SPIR,B,245,12.4850,0
2024-04-04,14:57:00,SPIR,S,245,11.8150,0
2024-04-04,09:08:00,GRPN,S,258,11.6100,0
2024-04-04,15:00:00,GRPN,B,258,11.2600,0
2024-04-04,09:28:00,GPRE,B,126,23.7000,0
2024-04-04,15:00:00,GPRE,S,126,23.4200,0
2024-04-04,09:47:00,IMAX,B,185,16.1500,0
2024-04-04,15:00:00,IMAX,S,185,16.0500,0
2024-04-04,14:42:00,EVTL,B,2574,1.1800,0
2024-04-04,15:00:00,EVTL,S,2574,1.1800,0
2024-04-04,14:47:00,MXL,S,120,22.9200,0
2024-04-04,15:00:00,MXL,B,120,22.6800,0
2024-04-04,14:50:00,NNBR,S,697,4.3150,0
2024-04-04,15:00:00,NNBR,B,697,4.3100,0
2024-04-05,08:49:00,CADL,S,169,6.0250,0
2024-04-05,08:49:00,CADL,B,84,5.7840,0
2024-04-05,08:49:00,CADL,B,85,5.7302,0
2024-04-05,10:19:00,CADL,B,385,8.0650,0
2024-04-05,10:22:00,CADL,S,192,8.3876,0
2024-04-05,10:22:00,CADL,S,193,8.2377,0
2024-04-05,09:12:00,GRPN,B,261,11.5000,0
2024-04-05,13:02:00,GRPN,S,261,11.2400,0
2024-04-05,09:05:00,BMEA,B,236,12.9600,0
2024-04-05,15:00:00,BMEA,S,236,12.7300,0
2024-04-05,09:12:00,MXL,B,129,23.4100,0
2024-04-05,15:00:00,MXL,S,129,22.6200,0
2024-04-05,09:15:00,NKTX,B,317,9.6600,0
2024-04-05,15:00:00,NKTX,S,317,9.3800,0
2024-04-05,10:31:00,SPIR,S,260,11.6000,0
2024-04-05,15:00:00,SPIR,B,260,11.9400,0
2024-04-05,14:13:00,NNBR,S,700,4.2700,0
2024-04-05,15:00:00,NNBR,B,700,4.3100,0
2024-04-05,14:40:00,GRPN,S,268,11.2000,0
2024-04-05,15:00:00,GRPN,B,268,11.1800,0
2024-04-05,14:59:00,CRML,S,259,11.4100,0
2024-04-05,15:00:00,CRML,B,259,11.4100,0
2024-04-08,08:49:00,CADL,B,309,6.9200,0
2024-04-08,09:01:00,CADL,S,154,7.1968,0
2024-04-08,09:01:00,CADL,S,155,7.5608,0
2024-04-08,09:36:00,MXL,B,124,24.1550,0
2024-04-08,11:26:00,MXL,S,124,23.1500,0
2024-04-08,10:15:00,NN,B,393,7.6350,0
2024-04-08,12:56:00,NN,S,196,7.9404,0
2024-04-08,12:56:00,NN,S,197,7.8737,0
2024-04-08,10:36:00,SPIR,B,241,12.4250,0
2024-04-08,15:00:00,SPIR,S,241,12.5900,0
2024-04-08,10:59:00,CAR,B,24,122.2900,0
2024-04-08,15:00:00,CAR,S,24,122.1900,0
2024-04-08,13:11:00,PARR,S,77,38.5550,0
2024-04-08,15:00:00,PARR,B,77,38.3700,0
2024-04-08,13:21:00,IMAX,B,183,16.2500,0
2024-04-08,15:00:00,IMAX,S,183,16.2250,0
2024-04-08,13:57:00,BMEA,S,236,12.5800,0
2024-04-08,15:00:00,BMEA,B,236,12.5000,0
2024-04-08,14:07:00,FLYX,B,662,4.5300,0
2024-04-08,15:00:00,FLYX,S,331,4.7112,0
2024-04-08,15:00:00,FLYX,S,331,4.7200,0
2024-04-08,14:33:00,NNBR,S,694,4.3000,0
2024-04-08,15:00:00,NNBR,B,694,4.2800,0
2024-04-08,14:45:00,VOR,B,1363,2.2100,0
2024-04-08,15:00:00,VOR,S,1363,2.1900,0
2024-04-09,08:54:00,CADL,S,498,5.8000,0
2024-04-09,09:02:00,CADL,B,249,5.5680,0
2024-04-09,09:02:00,CADL,B,249,5.6180,0
2024-04-09,09:17:00,NN,B,382,7.8950,0
2024-04-09,14:09:00,NN,S,382,7.7250,0
2024-04-09,08:56:00,PARR,S,81,36.8800,0
2024-04-09,15:00:00,PARR,B,81,35.6400,0
2024-04-09,09:18:00,NKTX,B,344,8.9200,0
2024-04-09,15:00:00,NKTX,S,344,8.7300,0
2024-04-09,09:42:00,GRPN,B,263,11.4500,0
2024-04-09,15:00:00,GRPN,S,263,11.2300,0
2024-04-09,09:58:00,BMEA,B,237,12.7400,0
2024-04-09,15:00:00,BMEA,S,237,12.8150,0
2024-04-09,09:59:00,GPRE,S,131,22.8600,0
2024-04-09,15:00:00,GPRE,B,131,23.0600,0
2024-04-09,12:07:00,LZM,S,390,7.6000,0
2024-04-09,15:00:00,LZM,B,390,7.6000,0
2024-04-09,13:29:00,NNBR,S,721,4.1600,0
2024-04-09,15:00:00,NNBR,B,721,4.2150,0
2024-04-09,14:03:00,CAR,S,24,123.2950,0
2024-04-09,15:00:00,CAR,B,24,123.4500,0
2024-04-09,14:09:00,BMI,S,19,157.3300,0
2024-04-09,15:00:00,BMI,B,19,157.9800,0
2024-04-09,14:35:00,SPIR,S,249,12.0450,0
2024-04-09,15:00:00,SPIR,B,249,12.1050,0
2024-04-09,14:38:00,VOR,S,1453,2.0600,0
2024-04-09,15:00:00,VOR,B,1453,2.0700,0
2024-04-10,09:33:00,PARR,B,84,35.6700,0
2024-04-10,10:17:00,PARR,S,84,35.2150,0
2024-04-10,09:39:00,RPAY,B,298,10.0500,0
2024-04-10,12:31:00,RPAY,S,298,9.9200,0
2024-04-10,10:05:00,CAR,B,24,120.1900,0
2024-04-10,13:36:00,CAR,S,24,118.9900,0
2024-04-10,11:17:00,IFRX,B,1858,1.6100,0
2024-04-10,13:51:00,IFRX,S,1858,1.5500,0
2024-04-10,08:52:00,IMAX,B,181,16.6250,0
2024-04-10,15:00:00,IMAX,S,181,16.7400,0
2024-04-10,09:34:00,GPRE,B,132,22.9400,0
2024-04-10,15:00:00,GPRE,S,132,23.0900,0
2024-04-10,09:38:00,NN,B,397,7.5800,0
2024-04-10,15:00:00,NN,S,397,7.6100,0
2024-04-10,09:39:00,GRPN,S,269,11.0700,0
2024-04-10,15:00:00,GRPN,B,269,11.1100,0
2024-04-10,09:42:00,BMEA,B,239,12.6700,0
2024-04-10,15:00:00,BMEA,S,239,12.7500,0
2024-04-10,13:01:00,BMI,S,19,153.4250,0
2024-04-10,15:00:00,BMI,B,19,153.9500,0
2024-04-10,14:48:00,LZM,S,377,6.7800,0
2024-04-10,15:00:00,LZM,B,377,6.7800,0
2024-04-10,14:54:00,EVTL,S,1867,0.9100,0
2024-04-10,15:00:00,EVTL,B,1867,0.9100,0
2024-04-11,08:48:00,NKTX,S,381,7.8000,0
2024-04-11,10:46:00,NKTX,B,381,8.1400,0
2024-04-11,09:50:00,NN,S,399,7.4100,0
2024-04-11,10:56:00,NN,B,199,7.1136,0
2024-04-11,10:56:00,NN,B,200,7.0891,0
2024-04-11,11:18:00,CADL,B,335,6.9900,0
2024-04-11,11:29:00,CADL,S,167,7.2696,0
2024-04-11,11:29:00,CADL,S,168,7.2780,0
2024-04-11,09:28:00,CAR,S,25,118.5800,0
2024-04-11,12:58:00,CAR,B,25,120.3400,0
2024-04-11,09:48:00,GRPN,B,267,11.1450,0
2024-04-11,13:55:00,GRPN,S,267,11.0000,0
2024-04-11,14:24:00,GRPN,S,276,10.7800,0
2024-04-11,14:34:00,GRPN,B,276,10.8300,0
2024-04-11,09:07:00,GPRE,S,132,22.4100,0
2024-04-11,15:00:00,GPRE,B,132,22.3700,0
2024-04-11,09:39:00,MXL,S,134,22.1350,0
2024-04-11,15:00:00,MXL,B,134,22.4200,0
2024-04-11,10:26:00,BMEA,B,231,13.0150,0
2024-04-11,15:00:00,BMEA,S,231,13.2900,0
2024-04-11,13:40:00,CAR,B,24,121.2900,0
2024-04-11,15:00:00,CAR,S,24,121.1400,0
2024-04-11,14:15:00,NKTX,B,340,8.8250,0
2024-04-11,15:00:00,NKTX,S,340,8.7900,0
2024-04-12,08:47:00,CADL,S,443,6.6700,0
2024-04-12,09:33:00,CADL,B,443,7.1000,0
2024-04-12,09:57:00,GPRE,B,128,23.1400,0
2024-04-12,10:45:00,GPRE,S,128,22.5400,0
2024-04-12,09:56:00,BMEA,B,220,13.5200,0
2024-04-12,14:16:00,BMEA,S,220,13.1750,0
2024-04-12,08:59:00,IMAX,S,180,16.4800,0
2024-04-12,15:00:00,IMAX,B,180,16.4700,0
2024-04-12,09:18:00,CAR,S,25,117.6850,0
2024-04-12,15:00:00,CAR,B,25,114.6800,0
2024-04-12,09:49:00,RPAY,B,298,9.9200,0
2024-04-12,15:00:00,RPAY,S,298,9.9800,0
2024-04-12,13:31:00,SPIR,S,264,11.0000,0
2024-04-12,15:00:00,SPIR,B,264,10.9400,0
2024-04-12,14:54:00,LZM,B,389,7.5900,0
2024-04-12,15:00:00,LZM,S,389,7.5900,0
2024-04-15,10:08:00,GPRE,S,142,20.7500,0
2024-04-15,11:07:00,GPRE,B,142,21.3100,0
2024-04-15,08:58:00,MXL,S,131,22.4250,0
2024-04-15,12:57:00,MXL,B,65,21.5280,0
2024-04-15,12:57:00,MXL,B,66,21.6943,0
2024-04-15,10:21:00,BMEA,S,228,12.9300,0
2024-04-15,14:26:00,BMEA,B,114,12.4128,0
2024-04-15,14:26:00,BMEA,B,114,12.3393,0
2024-04-15,08:46:00,CAR,S,25,114.7450,0
2024-04-15,15:00:00,CAR,B,25,111.8600,0
2024-04-15,09:58:00,IMAX,S,179,16.4350,0
2024-04-15,15:00:00,IMAX,B,179,16.3600,0
2024-04-15,09:58:00,NKTX,S,338,8.7400,0
2024-04-15,15:00:00,NKTX,B,338,8.7100,0
2024-04-15,10:00:00,PARR,S,86,34.0900,0
2024-04-15,15:00:00,PARR,B,86,33.4150,0
2024-04-15,10:10:00,GRPN,S,292,10.0900,0
2024-04-15,15:00:00,GRPN,B,292,10.0000,0
2024-04-15,12:10:00,RPAY,S,305,9.6600,0
2024-04-15,15:00:00,RPAY,B,305,9.5750,0
2024-04-15,14:01:00,ACHV,B,687,4.3400,0
2024-04-15,15:00:00,ACHV,S,687,4.4200,0
2024-04-15,14:41:00,EVTL,S,2681,0.7450,0
2024-04-15,15:00:00,EVTL,B,2681,0.7450,0
2024-04-15,14:43:00,IFRX,S,2115,1.4000,0
2024-04-15,15:00:00,IFRX,B,2115,1.4000,0
2024-04-16,08:50:00,GRPN,S,299,10.0000,0
2024-04-16,09:19:00,GRPN,B,299,10.2900,0
2024-04-16,10:27:00,PARR,B,91,32.8200,0
2024-04-16,11:19:00,PARR,S,91,32.5900,0
2024-04-16,09:13:00,NKTX,S,363,8.2100,0
2024-04-16,12:14:00,NKTX,B,181,7.8816,0
2024-04-16,12:14:00,NKTX,B,182,7.7621,0
2024-04-16,08:45:00,MXL,S,143,20.8200,0
2024-04-16,13:34:00,MXL,B,143,21.3250,0
2024-04-16,09:46:00,GRPN,B,289,10.5300,0
2024-04-16,14:35:00,GRPN,S,144,10.9512,0
2024-04-16,14:35:00,GRPN,S,145,10.8547,0
2024-04-16,09:03:00,CAR,S,27,108.2700,0
2024-04-16,15:00:00,CAR,B,27,108.5000,0
2024-04-16,09:17:00,IMAX,B,183,16.4550,0
2024-04-16,15:00:00,IMAX,S,183,16.8700,0
2024-04-16,09:21:00,NN,B,373,8.0250,0
2024-04-16,15:00:00,NN,S,373,8.0150,0
2024-04-16,10:10:00,GPRE,B,142,20.9850,0
2024-04-16,15:00:00,GPRE,S,142,21.1150,0
2024-04-16,14:35:00,NNBR,S,787,3.8000,0
2024-04-16,15:00:00,NNBR,B,787,3.8000,0
2024-04-16,14:39:00,FRMM,S,572,1.5900,0
2024-04-16,15:00:00,FRMM,B,286,1.5264,0
2024-04-16,15:00:00,FRMM,B,286,1.4900,0
2024-04-17,09:32:00,NN,B,362,8.5500,0
2024-04-17,10:45:00,NN,S,362,7.9950,0
2024-04-17,09:17:00,NKTX,B,384,7.8600,0
2024-04-17,13:27:00,NKTX,S,384,7.7950,0
2024-04-17,09:10:00,GRPN,S,276,10.5200,0
2024-04-17,13:46:00,GRPN,B,138,10.0992,0
2024-04-17,13:46:00,GRPN,B,138,10.0802,0
2024-04-17,09:56:00,IMAX,S,177,17.0300,0
2024-04-17,14:47:00,IMAX,B,177,17.1950,0
2024-04-17,09:12:00,MXL,S,142,21.0800,0
2024-04-17,15:00:00,MXL,B,142,20.5400,0
2024-04-17,09:21:00,GPRE,S,142,21.1500,0
2024-04-17,15:00:00,GPRE,B,142,20.9350,0
2024-04-17,09:57:00,CAR,S,27,106.6900,0
2024-04-17,15:00:00,CAR,B,27,105.5800,0
2024-04-17,10:00:00,PARR,S,91,32.8100,0
2024-04-17,15:00:00,PARR,B,91,32.2100,0
2024-04-17,13:31:00,RPAY,B,316,9.5050,0
2024-04-17,15:00:00,RPAY,S,316,9.5500,0
2024-04-17,13:54:00,GRPN,S,301,9.9300,0
2024-04-17,15:00:00,GRPN,B,301,9.7700,0
2024-04-17,14:00:00,VOR,B,1759,1.7300,0
2024-04-17,15:00:00,VOR,S,1759,1.7400,0
2024-04-17,14:45:00,SPIR,S,292,10.2550,0
2024-04-17,15:00:00,SPIR,B,292,10.1650,0
2024-04-18,09:10:00,IMAX,B,176,17.2250,0
2024-04-18,13:34:00,IMAX,S,176,17.0550,0
2024-04-18,09:03:00,NKTX,B,395,7.6900,0
2024-04-18,15:00:00,NKTX,S,395,7.7800,0
2024-04-18,09:17:00,GPRE,B,142,21.3800,0
2024-04-18,15:00:00,GPRE,S,142,21.1500,0
2024-04-18,09:58:00,CAR,S,29,103.2700,0
2024-04-18,15:00:00,CAR,B,29,102.1800,0
2024-04-18,10:05:00,NN,B,377,8.1850,0
2024-04-18,15:00:00,NN,S,377,8.0900,0
2024-04-18,10:09:00,PARR,S,94,31.9900,0
2024-04-18,15:00:00,PARR,B,94,31.0700,0
2024-04-18,10:27:00,MXL,B,146,20.8400,0
2024-04-18,15:00:00,MXL,S,146,20.2900,0
2024-04-18,11:50:00,GRPN,S,309,9.7800,0
2024-04-18,15:00:00,GRPN,B,309,9.7250,0
2024-04-18,14:02:00,VOR,S,1804,1.6800,0
2024-04-18,15:00:00,VOR,B,1804,1.6900,0
2024-04-19,09:46:00,IMAX,S,177,17.0500,0
2024-04-19,10:05:00,IMAX,B,177,17.1450,0
2024-04-19,09:34:00,BMEA,S,270,11.1350,0
2024-04-19,11:30:00,BMEA,B,135,10.6896,0
2024-04-19,11:30:00,BMEA,B,135,10.7913,0
2024-04-19,09:02:00,GRPN,B,310,9.7800,0
2024-04-19,11:41:00,GRPN,S,310,9.6100,0
2024-04-19,10:25:00,BMI,B,16,179.5900,0
2024-04-19,11:54:00,BMI,S,16,176.1200,0
2024-04-19,13:17:00,IMAX,S,179,16.9150,0
2024-04-19,13:26:00,IMAX,B,179,16.9350,0
2024-04-19,09:56:00,CAR,B,29,103.6000,0
2024-04-19,13:29:00,CAR,S,29,101.5500,0
2024-04-19,14:40:00,GRPN,S,320,9.4300,0
2024-04-19,14:54:00,GRPN,B,320,9.5150,0
2024-04-19,09:24:00,GPRE,B,140,21.6400,0
2024-04-19,15:00:00,GPRE,S,140,22.2200,0
2024-04-19,09:59:00,MXL,S,151,20.0150,0
2024-04-19,15:00:00,MXL,B,151,19.6200,0
2024-04-19,10:06:00,NN,S,374,7.9750,0
2024-04-19,15:00:00,NN,B,374,8.1800,0
2024-04-19,13:37:00,NNBR,B,765,3.9600,0
2024-04-19,15:00:00,NNBR,S,765,3.8900,0
2024-04-22,08:42:00,F,B,243,12.4400,0
2024-04-22,15:00:00,F,S,243,12.8850,0
2024-04-23,09:22:00,NN,B,356,8.5450,0
2024-04-23,09:39:00,NN,S,356,8.4900,0
2024-04-23,08:59:00,GRPN,B,297,10.2400,0
2024-04-23,12:30:00,GRPN,S,148,10.6496,0
2024-04-23,12:30:00,GRPN,S,149,11.0276,0
2024-04-23,09:31:00,PARR,B,93,32.5500,0
2024-04-23,15:00:00,PARR,S,93,32.7800,0
2024-04-23,10:27:00,RPAY,B,304,10.0950,0
2024-04-23,15:00:00,RPAY,S,304,10.0550,0
2024-04-23,10:27:00,MXL,B,148,20.5800,0
2024-04-23,15:00:00,MXL,S,148,20.7800,0
2024-04-23,10:38:00,IMAX,B,176,17.2500,0
2024-04-23,15:00:00,IMAX,S,176,17.4350,0
2024-04-23,14:34:00,EVTL,S,3894,0.7801,0
2024-04-23,15:00:00,EVTL,B,3894,0.7948,0
2024-04-24,09:03:00,TSLA,B,18,165.1900,0
2024-04-24,11:20:00,TSLA,S,18,158.3300,0
2024-04-25,08:43:00,META,B,7,423.6100,0
2024-04-25,09:29:00,META,S,3,440.5544,0
2024-04-25,09:29:00,META,S,4,441.5139,0
2024-04-26,08:41:00,SNAP,S,217,14.0400,0
2024-04-26,11:32:00,SNAP,B,217,14.7500,0
2024-04-29,08:41:00,TSLA,B,15,190.4600,0
2024-04-29,08:54:00,TSLA,S,15,185.4000,0
2024-04-30,08:51:00,WBD,S,399,7.5850,0
2024-04-30,15:00:00,WBD,B,399,7.3500,0
2024-05-01,08:41:00,CTMX,S,747,2.9700,0
2024-05-01,08:43:00,CTMX,B,373,2.8512,0
2024-05-01,08:43:00,CTMX,B,374,2.8597,0
2024-05-01,08:45:00,NIO,B,624,4.8950,0
2024-05-01,08:48:00,NIO,S,312,5.0908,0
2024-05-01,08:48:00,NIO,S,312,5.0911,0
2024-05-01,08:58:00,NIO,B,594,5.1400,0
2024-05-01,09:00:00,NIO,S,594,5.0500,0
2024-05-01,09:13:00,CTMX,B,574,4.1700,0
2024-05-01,09:13:00,CTMX,S,287,4.3368,0
2024-05-01,09:13:00,CTMX,S,287,4.4716,0
2024-05-01,08:56:00,FLG,B,961,3.2200,0
2024-05-01,09:38:00,FLG,S,480,3.3488,0
2024-05-01,09:38:00,FLG,S,481,3.4645,0
2024-05-01,08:43:00,PFE,B,114,26.4700,0
2024-05-01,09:41:00,PFE,S,114,26.0550,0
2024-05-01,09:19:00,CVS,S,56,54.1500,0
2024-05-01,12:04:00,CVS,B,56,56.7500,0
2024-05-01,08:48:00,SBUX,S,40,74.7600,0
2024-05-01,15:00:00,SBUX,B,40,74.4700,0
2024-05-02,09:19:00,BMEA,B,262,11.7450,0
2024-05-02,15:00:00,BMEA,S,262,11.9100,0
2024-05-02,09:44:00,IMAX,S,187,16.2950,0
2024-05-02,15:00:00,IMAX,B,187,16.3800,0
2024-05-02,09:55:00,BMI,B,16,184.2150,0
2024-05-02,15:00:00,BMI,S,16,187.3600,0
2024-05-02,09:57:00,CAR,B,26,114.2050,0
2024-05-02,15:00:00,CAR,S,26,113.8150,0
2024-05-02,10:45:00,RPAY,B,296,10.4350,0
2024-05-02,15:00:00,RPAY,S,296,10.4100,0
2024-05-02,12:15:00,GRPN,B,273,11.2300,0
2024-05-02,15:00:00,GRPN,S,273,11.2400,0
2024-05-02,13:12:00,MXL,B,159,19.2900,0
2024-05-02,15:00:00,MXL,S,159,19.2700,0
2024-05-02,13:33:00,SPIR,B,293,10.4500,0
2024-05-02,15:00:00,SPIR,S,293,10.2100,0
2024-05-02,13:37:00,PARR,B,99,30.9100,0
2024-05-02,15:00:00,PARR,S,99,31.0000,0
2024-05-02,14:58:00,NNBR,S,912,3.3600,0
2024-05-02,15:00:00,NNBR,B,912,3.3600,0
2024-05-03,08:42:00,AAPL,S,16,184.0800,0
2024-05-03,15:00:00,AAPL,B,16,183.3600,0
2024-05-06,09:02:00,GPRE,S,151,20.2300,0
2024-05-06,09:25:00,GPRE,B,151,20.6900,0
2024-05-06,09:13:00,CAR,B,25,119.5000,0
2024-05-06,09:34:00,CAR,S,25,119.2050,0
2024-05-06,09:47:00,CADL,B,238,10.6600,0
2024-05-06,10:33:00,CADL,S,238,9.2750,0
2024-05-06,09:19:00,GRPN,B,274,11.2200,0
2024-05-06,13:30:00,GRPN,S,274,11.1100,0
2024-05-06,09:05:00,PARR,S,99,30.9500,0
2024-05-06,15:00:00,PARR,B,99,30.3600,0
2024-05-06,09:45:00,RPAY,B,288,10.6150,0
2024-05-06,15:00:00,RPAY,S,288,10.8200,0
2024-05-06,09:51:00,BMEA,S,246,12.1200,0
2024-05-06,15:00:00,BMEA,B,246,12.2600,0
2024-05-06,14:30:00,GRPN,S,275,10.9700,0
2024-05-06,15:00:00,GRPN,B,275,10.9900,0
2024-05-06,14:55:00,BMI,B,15,190.7900,0
2024-05-06,15:00:00,BMI,S,15,190.7900,0
2024-05-07,08:42:00,PLTR,S,138,21.8750,0
2024-05-07,15:00:00,PLTR,B,138,21.4100,0
2024-05-08,08:41:00,UBER,B,45,66.9800,0
2024-05-08,12:26:00,UBER,S,45,63.8750,0
2024-05-09,09:29:00,GRPN,B,288,10.4800,0
2024-05-09,10:48:00,GRPN,S,288,10.2000,0
2024-05-09,10:18:00,NKTX,B,476,6.3500,0
2024-05-09,10:52:00,NKTX,S,476,6.2700,0
2024-05-09,09:09:00,CAR,B,24,122.1100,0
2024-05-09,11:17:00,CAR,S,24,120.5150,0
2024-05-09,10:16:00,PARR,B,101,29.6950,0
2024-05-09,15:00:00,PARR,S,101,29.5800,0
2024-05-09,10:21:00,MXL,S,154,19.5900,0
2024-05-09,15:00:00,MXL,B,154,19.3700,0
2024-05-09,10:33:00,RPAY,S,279,10.7250,0
2024-05-09,15:00:00,RPAY,B,279,10.5750,0
2024-05-09,13:46:00,NN,S,361,8.2950,0
2024-05-09,15:00:00,NN,B,361,8.0500,0
2024-05-09,14:56:00,NNBR,B,895,3.3700,0
2024-05-09,15:00:00,NNBR,S,895,3.3500,0
2024-05-09,14:59:00,BMI,B,15,198.1100,0
2024-05-09,15:00:00,BMI,S,15,198.1100,0
2024-05-10,08:52:00,GRPN,B,219,13.1550,0
2024-05-10,13:24:00,GRPN,S,109,13.6812,0
2024-05-10,13:24:00,GRPN,S,110,13.7270,0
2024-05-10,10:25:00,NKTX,S,485,6.1600,0
2024-05-10,14:39:00,NKTX,B,485,6.4050,0
2024-05-10,09:40:00,GPRE,S,152,19.7300,0
2024-05-10,14:54:00,GPRE,B,152,19.9350,0
2024-05-10,14:59:00,CRML,S,346,8.7000,0
2024-05-10,14:59:00,CRML,B,173,8.3520,0
2024-05-10,14:59:00,CRML,B,173,8.4170,0
2024-05-10,09:39:00,CAR,S,25,118.0150,0
2024-05-10,15:00:00,CAR,B,25,119.3250,0
2024-05-10,10:31:00,BMEA,S,273,11.0200,0
2024-05-10,15:00:00,BMEA,B,273,10.6600,0
2024-05-10,12:31:00,BMI,S,15,197.2200,0
2024-05-10,15:00:00,BMI,B,15,197.2900,0
2024-05-10,13:27:00,PARR,S,104,28.8800,0
2024-05-10,15:00:00,PARR,B,104,29.3100,0
2024-05-10,13:54:00,CADL,S,324,9.3300,0
2024-05-10,15:00:00,CADL,B,324,9.3100,0
2024-05-10,14:49:00,ACHV,B,654,4.6200,0
2024-05-10,15:00:00,ACHV,S,654,4.5900,0
2024-05-13,08:49:00,MPT,B,616,4.9150,0
2024-05-13,08:57:00,MPT,S,308,5.1116,0
2024-05-13,08:57:00,MPT,S,308,5.0908,0
2024-05-13,08:43:00,AMC,B,821,3.6250,0
2024-05-13,09:06:00,AMC,S,821,3.3050,0
2024-05-15,08:48:00,AMC,S,253,5.6200,0
2024-05-15,08:56:00,AMC,B,126,5.3952,0
2024-05-15,08:56:00,AMC,B,127,5.2762,0
2024-05-15,09:18:00,AMC,S,579,5.2100,0
2024-05-15,09:24:00,AMC,B,289,5.0016,0
2024-05-15,09:24:00,AMC,B,290,4.9929,0
2024-05-16,08:48:00,FFAI,B,1397,0.9310,0
2024-05-16,08:57:00,FFAI,S,698,0.9682,0
2024-05-16,08:57:00,FFAI,S,699,1.0208,0
2024-05-16,09:32:00,FFAI,B,829,1.1600,0
2024-05-16,09:34:00,FFAI,S,414,1.2064,0
2024-05-16,09:34:00,FFAI,S,415,1.1984,0
2024-05-17,08:42:00,GME,S,140,20.6400,0
2024-05-17,09:51:00,GME,B,70,19.8144,0
2024-05-17,09:51:00,GME,B,70,19.9164,0
2024-05-17,10:02:00,FFAI,B,305,3.0700,0
2024-05-17,10:03:00,FFAI,S,152,3.1928,0
2024-05-17,10:03:00,FFAI,S,153,3.0986,0
2024-05-17,14:00:00,FFAI,S,1529,1.2100,0
2024-05-17,14:00:00,FFAI,B,764,1.1616,0
2024-05-17,14:00:00,FFAI,B,765,1.2100,0
2024-05-20,09:00:00,FFAI,S,471,1.7300,0
2024-05-20,09:01:00,FFAI,B,235,1.6608,0
2024-05-20,09:01:00,FFAI,B,236,1.6107,0
2024-05-21,09:10:00,GPRE,B,160,19.1150,0
2024-05-21,09:52:00,GPRE,S,160,18.9700,0
2024-05-21,13:18:00,FRMM,B,437,2.3200,0
2024-05-21,13:23:00,FRMM,S,218,2.4128,0
2024-05-21,13:23:00,FRMM,S,219,2.4021,0
2024-05-21,09:37:00,SPIR,S,349,8.7800,0
2024-05-21,15:00:00,SPIR,B,349,8.9750,0
2024-05-21,10:24:00,BMEA,S,255,11.9100,0
2024-05-21,15:00:00,BMEA,B,255,11.5900,0
2024-05-21,10:26:00,CAR,S,26,114.3550,0
2024-05-21,15:00:00,CAR,B,26,113.9900,0
2024-05-21,13:23:00,CADL,S,250,12.2300,0
2024-05-21,15:00:00,CADL,B,250,12.2600,0
2024-05-21,14:06:00,IMAX,S,183,16.7400,0
2024-05-21,15:00:00,IMAX,B,183,16.5800,0
2024-05-21,14:11:00,NNBR,B,878,3.5400,0
2024-05-21,15:00:00,NNBR,S,878,3.5850,0
2024-05-21,14:56:00,PARR,S,108,28.1750,0
2024-05-21,15:00:00,PARR,B,108,28.2150,0
2024-05-22,10:08:00,MXL,B,162,19.0500,0
2024-05-22,10:50:00,MXL,S,162,18.9000,0
2024-05-22,09:41:00,IMAX,S,185,16.5500,0
2024-05-22,12:09:00,IMAX,B,185,16.7750,0
2024-05-22,10:07:00,NN,B,409,7.5400,0
2024-05-22,14:43:00,NN,S,409,7.3850,0
2024-05-22,09:21:00,GPRE,B,160,19.2000,0
2024-05-22,15:00:00,GPRE,S,160,19.4200,0
2024-05-22,10:30:00,GRPN,S,183,16.7800,0
2024-05-22,15:00:00,GRPN,B,183,16.5000,0
2024-05-22,13:25:00,NNBR,S,909,3.2400,0
2024-05-22,15:00:00,NNBR,B,909,3.2400,0
2024-05-22,13:30:00,CADL,S,165,10.8100,0
2024-05-22,15:00:00,CADL,B,165,10.6000,0
2024-05-22,14:11:00,RPAY,S,310,9.8750,0
2024-05-22,15:00:00,RPAY,B,310,9.8250,0
2024-05-22,14:14:00,LZM,B,400,7.7000,0
2024-05-22,15:00:00,LZM,S,400,7.5550,0
2024-05-23,09:44:00,BMEA,B,272,11.4350,0
2024-05-23,13:00:00,BMEA,S,272,11.2050,0
2024-05-23,09:45:00,GPRE,S,161,19.0500,0
2024-05-23,15:00:00,GPRE,B,161,18.5600,0
2024-05-23,09:54:00,GRPN,S,189,16.1850,0
2024-05-23,15:00:00,GRPN,B,189,16.3500,0
2024-05-23,09:56:00,MXL,S,164,18.5650,0
2024-05-23,15:00:00,MXL,B,164,18.1200,0
2024-05-23,10:06:00,NN,B,418,7.4300,0
2024-05-23,15:00:00,NN,S,418,7.5000,0
2024-05-23,13:02:00,RPAY,S,315,9.6800,0
2024-05-23,15:00:00,RPAY,B,315,9.8300,0
2024-05-23,13:37:00,NKTX,S,472,6.4900,0
2024-05-23,15:00:00,NKTX,B,472,6.5400,0
2024-05-23,13:54:00,IFRX,S,2030,1.4700,0
2024-05-23,15:00:00,IFRX,B,2030,1.4900,0
2024-05-23,13:55:00,LZM,B,389,7.9200,0
2024-05-23,15:00:00,LZM,S,389,7.8150,0
2024-05-23,14:16:00,IMAX,S,185,16.4950,0
2024-05-23,15:00:00,IMAX,B,185,16.5400,0
2024-05-24,09:00:00,CADL,B,225,9.4650,0
2024-05-24,09:17:00,CADL,S,112,9.8436,0
2024-05-24,09:17:00,CADL,S,113,10.1377,0
2024-05-24,10:04:00,BMEA,B,271,11.5350,0
2024-05-24,13:06:00,BMEA,S,271,10.8300,0
2024-05-24,09:26:00,IMAX,B,184,16.7500,0
2024-05-24,15:00:00,IMAX,S,184,16.8950,0
2024-05-24,09:28:00,NN,B,400,7.6850,0
2024-05-24,15:00:00,NN,S,400,7.7000,0
2024-05-24,10:03:00,GPRE,S,167,18.3800,0
2024-05-24,15:00:00,GPRE,B,167,18.3050,0
2024-05-24,13:16:00,NKTX,S,470,6.5000,0
2024-05-24,15:00:00,NKTX,B,470,6.4600,0
2024-05-24,14:14:00,MXL,S,167,18.1900,0
2024-05-24,15:00:00,MXL,B,167,18.4300,0
2024-05-24,14:31:00,RPAY,S,313,9.7250,0
2024-05-24,15:00:00,RPAY,B,313,9.7850,0
2024-05-28,09:08:00,NN,B,375,8.1700,0
2024-05-28,09:34:00,NN,S,187,8.4968,0
2024-05-28,09:34:00,NN,S,188,8.4183,0
2024-05-28,09:08:00,GRPN,B,179,17.0350,0
2024-05-28,09:35:00,GRPN,S,179,16.3050,0
2024-05-28,09:29:00,CADL,B,390,8.0100,0
2024-05-28,10:20:00,CADL,S,195,8.3304,0
2024-05-28,10:20:00,CADL,S,195,9.0699,0
2024-05-28,10:36:00,NKTX,B,461,6.7100,0
2024-05-28,11:27:00,NKTX,S,461,6.3500,0
2024-05-28,09:49:00,ACHV,B,558,5.4850,0
2024-05-28,11:37:00,ACHV,S,558,5.4000,0
2024-05-28,10:49:00,MXL,B,163,18.8500,0
2024-05-28,12:46:00,MXL,S,163,18.7850,0
2024-05-28,13:28:00,GRPN,S,199,15.3150,0
2024-05-28,14:19:00,GRPN,B,199,15.3850,0
2024-05-28,09:17:00,BMEA,B,265,11.6000,0
2024-05-28,15:00:00,BMEA,S,265,11.6800,0
2024-05-28,09:30:00,CAR,S,27,111.6200,0
2024-05-28,15:00:00,CAR,B,27,111.2550,0
2024-05-28,09:48:00,IMAX,S,184,16.4900,0
2024-05-28,15:00:00,IMAX,B,184,16.3400,0
2024-05-28,10:04:00,GPRE,S,166,18.3700,0
2024-05-28,15:00:00,GPRE,B,166,18.0300,0
2024-05-28,13:06:00,PARR,S,111,27.3500,0
2024-05-28,15:00:00,PARR,B,111,27.2050,0
2024-05-28,13:56:00,SPIR,S,337,8.8950,0
2024-05-28,15:00:00,SPIR,B,337,9.1300,0
2024-05-28,14:30:00,LZM,B,352,8.7350,0
2024-05-28,15:00:00,LZM,S,352,8.9300,0
2024-05-29,08:55:00,AAL,S,266,11.5300,0
2024-05-29,15:00:00,AAL,B,266,11.6200,0
2024-05-30,08:49:00,CRM,S,13,220.2200,0
2024-05-30,15:00:00,CRM,B,13,218.0800,0
2024-05-31,09:39:00,NN,S,401,7.6350,0
2024-05-31,10:28:00,NN,B,401,7.8050,0
2024-05-31,09:40:00,GPRE,S,181,16.8900,0
2024-05-31,11:04:00,GPRE,B,181,16.9900,0
2024-05-31,09:50:00,CAR,S,27,111.4800,0
2024-05-31,12:26:00,CAR,B,27,112.6750,0
2024-05-31,10:31:00,PARR,B,114,26.8500,0
2024-05-31,15:00:00,PARR,S,114,27.1500,0
2024-05-31,14:52:00,NN,B,389,7.8600,0
2024-05-31,15:00:00,NN,S,389,7.8900,0
2024-06-03,08:57:00,RPAY,S,312,9.7550,0
2024-06-03,09:21:00,RPAY,B,312,9.8800,0
2024-06-03,09:16:00,NN,B,379,8.1050,0
2024-06-03,11:11:00,NN,S,379,7.9950,0
2024-06-03,09:38:00,GPRE,S,176,17.1550,0
2024-06-03,11:45:00,GPRE,B,176,17.4600,0
2024-06-03,09:03:00,GRPN,S,192,15.8400,0
2024-06-03,15:00:00,GRPN,B,192,15.6900,0
2024-06-03,09:29:00,PARR,S,112,26.9900,0
2024-06-03,15:00:00,PARR,B,56,25.9104,0
2024-06-03,15:00:00,PARR,B,56,25.7800,0
2024-06-03,10:11:00,CAR,S,27,112.2300,0
2024-06-03,15:00:00,CAR,B,27,113.0650,0
2024-06-03,10:19:00,NKTX,S,435,7.0000,0
2024-06-03,15:00:00,NKTX,B,435,6.7300,0
2024-06-03,13:07:00,IMAX,S,186,16.3550,0
2024-06-03,15:00:00,IMAX,B,186,16.1400,0
2024-06-03,13:48:00,LZM,B,337,9.0700,0
2024-06-03,15:00:00,LZM,S,337,9.0450,0
2024-06-03,14:03:00,FLYX,B,342,5.8900,0
2024-06-03,15:00:00,FLYX,S,342,5.9750,0
2024-06-04,09:14:00,GPRE,B,179,17.2750,0
2024-06-04,15:00:00,GPRE,S,179,17.1250,0
2024-06-04,09:22:00,GRPN,S,200,15.2400,0
2024-06-04,15:00:00,GRPN,B,200,15.0150,0
2024-06-04,09:38:00,CAR,S,27,111.1650,0
2024-06-04,15:00:00,CAR,B,27,109.1000,0
2024-06-04,09:54:00,NN,S,404,7.5750,0
2024-06-04,15:00:00,NN,B,404,7.5500,0
2024-06-04,10:12:00,IMAX,S,194,15.8400,0
2024-06-04,15:00:00,IMAX,B,194,15.5650,0
2024-06-04,13:40:00,ACHV,B,558,5.5250,0
2024-06-04,15:00:00,ACHV,S,558,5.4950,0
2024-06-04,14:54:00,NKTX,S,466,6.5900,0
2024-06-04,15:00:00,NKTX,B,466,6.5800,0
2024-06-05,09:39:00,GPRE,S,181,16.9950,0
2024-06-05,11:39:00,GPRE,B,181,17.0600,0
2024-06-05,09:20:00,GRPN,S,207,14.8100,0
2024-06-05,15:00:00,GRPN,B,207,14.4500,0
2024-06-05,10:05:00,PARR,S,124,24.9000,0
2024-06-05,15:00:00,PARR,B,124,24.9600,0
2024-06-05,10:39:00,CAR,B,28,110.0050,0
2024-06-05,15:00:00,CAR,S,28,111.0000,0
2024-06-05,13:03:00,NNBR,B,1014,3.0600,0
2024-06-05,15:00:00,NNBR,S,1014,3.0600,0
2024-06-05,13:25:00,RPAY,B,311,9.9950,0
2024-06-05,15:00:00,RPAY,S,311,9.9600,0
2024-06-05,13:44:00,CADL,S,383,8.0600,0
2024-06-05,15:00:00,CADL,B,383,8.0350,0
2024-06-05,14:10:00,MXL,B,183,16.9900,0
2024-06-05,15:00:00,MXL,S,183,16.9400,0
2024-06-05,14:59:00,ACHV,S,579,5.3350,0
2024-06-05,15:00:00,ACHV,B,579,5.3350,0
2024-06-06,13:23:00,IMAX,S,198,15.5300,0
2024-06-06,14:42:00,IMAX,B,198,15.6700,0
2024-06-06,10:14:00,PARR,S,123,25.0200,0
2024-06-06,15:00:00,PARR,B,123,24.9850,0
2024-06-06,13:06:00,CAR,S,28,108.5900,0
2024-06-06,15:00:00,CAR,B,28,108.2200,0
2024-06-06,13:23:00,ACHV,S,581,5.2900,0
2024-06-06,15:00:00,ACHV,B,581,5.3200,0
2024-06-06,14:22:00,NNBR,S,1037,2.9800,0
2024-06-06,15:00:00,NNBR,B,1037,2.9900,0
2024-06-06,14:38:00,ELDN,S,1115,2.7400,0
2024-06-06,15:00:00,ELDN,B,1115,2.7400,0
2024-06-06,14:38:00,MXL,B,181,17.1300,0
2024-06-06,15:00:00,MXL,S,181,17.2900,0
2024-06-06,14:53:00,VOR,B,2479,1.2650,0
2024-06-06,15:00:00,VOR,S,2479,1.2650,0
2024-06-07,09:20:00,GME,S,21,36.2700,0
2024-06-07,09:25:00,GME,B,10,34.8192,0
2024-06-07,09:25:00,GME,B,11,35.7271,0
2024-06-07,08:41:00,GERN,B,539,4.9800,0
2024-06-07,15:00:00,GERN,S,539,4.5900,0
2024-06-10,08:45:00,NVDA,S,25,119.2950,0
2024-06-10,09:49:00,NVDA,B,25,121.2100,0
2024-06-10,08:41:00,GME,S,113,27.1000,0
2024-06-10,10:18:00,GME,B,56,26.0160,0
2024-06-10,10:18:00,GME,B,57,26.1160,0
2024-06-11,08:47:00,GME,S,134,22.8900,0
2024-06-11,09:13:00,GME,B,134,24.4750,0
2024-06-11,08:43:00,AAPL,B,15,197.5850,0
2024-06-11,15:00:00,AAPL,S,7,205.4884,0
2024-06-11,15:00:00,AAPL,S,8,207.1500,0
2024-06-12,14:55:00,VOR,B,2425,1.2700,0
2024-06-12,14:57:00,VOR,S,2425,1.2500,0
2024-06-12,09:43:00,CAR,B,27,112.3550,0
2024-06-12,15:00:00,CAR,S,27,111.6400,0
2024-06-12,09:53:00,RPAY,S,279,10.9500,0
2024-06-12,15:00:00,RPAY,B,279,11.0000,0
2024-06-12,10:05:00,BMEA,B,654,4.7200,0
2024-06-12,15:00:00,BMEA,S,654,4.6250,0
2024-06-12,10:32:00,GPRE,S,185,16.6500,0
2024-06-12,15:00:00,GPRE,B,185,16.1800,0
2024-06-12,10:57:00,MXL,S,171,17.9600,0
2024-06-12,15:00:00,MXL,B,171,18.1400,0
2024-06-12,11:00:00,PARR,S,122,25.0900,0
2024-06-12,15:00:00,PARR,B,122,25.0500,0
2024-06-12,14:37:00,NNBR,S,1014,3.0000,0
2024-06-12,15:00:00,NNBR,B,1014,3.0000,0
2024-06-12,14:50:00,SPIR,S,321,9.5100,0
2024-06-12,15:00:00,SPIR,B,321,9.5200,0
2024-06-13,13:14:00,SPIR,B,221,10.4000,0
2024-06-13,14:22:00,SPIR,S,110,10.8160,0
2024-06-13,14:22:00,SPIR,S,111,10.7510,0
2024-06-13,08:54:00,BMEA,B,501,5.9200,0
2024-06-13,15:00:00,BMEA,S,501,5.8050,0
2024-06-13,10:10:00,GPRE,S,197,15.4250,0
2024-06-13,15:00:00,GPRE,B,197,15.6300,0
2024-06-13,10:32:00,NN,S,415,7.2950,0
2024-06-13,15:00:00,NN,B,415,7.3700,0
2024-06-13,14:24:00,CAR,S,28,107.6200,0
2024-06-13,15:00:00,CAR,B,28,108.2550,0
2024-06-13,14:50:00,BMI,B,16,188.8550,0
2024-06-13,15:00:00,BMI,S,16,188.6800,0
2024-06-14,09:40:00,GRPN,S,202,15.0300,0
2024-06-14,09:58:00,GRPN,B,202,15.2050,0
2024-06-14,09:23:00,BMEA,B,532,5.7800,0
2024-06-14,10:40:00,BMEA,S,266,6.0112,0
2024-06-14,10:40:00,BMEA,S,266,6.0322,0
2024-06-14,09:54:00,IMAX,S,203,15.0300,0
2024-06-14,14:50:00,IMAX,B,203,15.3200,0
2024-06-14,14:51:00,MXL,B,168,18.2000,0
2024-06-14,14:55:00,MXL,S,168,18.1600,0
2024-06-14,09:24:00,GPRE,S,200,15.2500,0
2024-06-14,15:00:00,GPRE,B,200,15.1050,0
2024-06-14,10:11:00,SPIR,B,292,10.5650,0
2024-06-14,15:00:00,SPIR,S,292,10.5350,0
2024-06-14,12:34:00,CAR,S,29,104.0350,0
2024-06-14,15:00:00,CAR,B,29,105.3000,0
2024-06-14,13:16:00,NN,S,421,7.2750,0
2024-06-14,15:00:00,NN,B,421,7.3900,0
2024-06-14,13:38:00,NNBR,S,1030,2.9800,0
2024-06-14,15:00:00,NNBR,B,1030,3.0000,0
2024-06-14,14:16:00,LZM,B,338,9.1000,0
2024-06-14,15:00:00,LZM,S,338,9.0750,0
2024-06-14,14:51:00,NKTX,S,512,5.9900,0
2024-06-14,15:00:00,NKTX,B,512,6.0200,0
2024-06-17,08:45:00,BMEA,S,566,5.3350,0
2024-06-17,08:51:00,BMEA,B,283,5.1216,0
2024-06-17,08:51:00,BMEA,B,283,5.0834,0
2024-06-17,08:59:00,MXL,B,169,18.1200,0
2024-06-17,09:22:00,MXL,S,169,17.9900,0
2024-06-17,09:02:00,GPRE,S,209,14.5900,0
2024-06-17,12:06:00,GPRE,B,209,14.9400,0
2024-06-17,10:14:00,NN,S,426,7.1400,0
2024-06-17,12:30:00,NN,B,426,7.3600,0
2024-06-17,10:13:00,SPIR,S,293,10.4350,0
2024-06-17,15:00:00,SPIR,B,293,10.4550,0
2024-06-17,14:20:00,VOR,B,2665,1.1550,0
2024-06-17,15:00:00,VOR,S,2665,1.1550,0
2024-06-17,14:30:00,MXL,B,166,18.3000,0
2024-06-17,15:00:00,MXL,S,166,18.4400,0
2024-06-18,09:28:00,GPRE,B,207,14.8200,0
2024-06-18,11:56:00,GPRE,S,207,14.5300,0
2024-06-18,09:16:00,NKTX,S,554,5.4600,0
2024-06-18,11:59:00,NKTX,B,277,5.2416,0
2024-06-18,11:59:00,NKTX,B,277,5.1646,0
2024-06-18,09:49:00,MXL,B,165,18.6600,0
2024-06-18,15:00:00,MXL,S,165,18.7950,0
2024-06-18,10:01:00,IMAX,B,188,16.2400,0
2024-06-18,15:00:00,IMAX,S,188,16.3250,0
2024-06-18,10:31:00,RPAY,S,284,10.7100,0
2024-06-18,15:00:00,RPAY,B,284,10.7500,0
2024-06-18,13:34:00,GRPN,S,202,15.1300,0
2024-06-18,15:00:00,GRPN,B,202,14.9100,0
2024-06-18,14:56:00,ELDN,S,1164,2.6200,0
2024-06-18,15:00:00,ELDN,B,1164,2.6000,0
2024-06-20,09:48:00,PARR,S,125,24.4000,0
2024-06-20,10:00:00,PARR,B,125,24.5550,0
2024-06-20,13:19:00,NKTX,B,573,5.3600,0
2024-06-20,13:19:00,NKTX,S,573,5.3500,0
2024-06-20,09:24:00,RPAY,S,287,10.6450,0
2024-06-20,13:21:00,RPAY,B,287,10.7400,0
2024-06-20,09:31:00,BMEA,B,631,4.8800,0
2024-06-20,14:19:00,BMEA,S,315,5.0752,0
2024-06-20,14:19:00,BMEA,S,316,5.1412,0
2024-06-20,09:08:00,CAR,B,29,105.9900,0
2024-06-20,14:39:00,CAR,S,14,110.2296,0
2024-06-20,14:39:00,CAR,S,15,111.2401,0
2024-06-20,14:38:00,LZM,S,187,7.6800,0
2024-06-20,14:47:00,LZM,B,93,7.3728,0
2024-06-20,14:47:00,LZM,B,94,7.4368,0
2024-06-20,13:46:00,NN,B,431,7.2400,0
2024-06-20,15:00:00,NN,S,431,7.4200,0
2024-06-20,14:39:00,CADL,S,502,6.0400,0
2024-06-20,15:00:00,CADL,B,502,6.0100,0
2024-06-20,14:50:00,IMAX,B,190,16.3100,0
2024-06-20,15:00:00,IMAX,S,190,16.4000,0
2024-06-21,09:02:00,NKTX,S,606,5.1000,0
2024-06-21,09:26:00,NKTX,B,606,5.2200,0
2024-06-21,09:26:00,PARR,S,126,24.4300,0
2024-06-21,09:48:00,PARR,B,126,24.6050,0
2024-06-21,10:24:00,BMEA,B,584,5.3300,0
2024-06-21,14:37:00,BMEA,S,584,5.0900,0
2024-06-21,14:32:00,ELDN,B,1117,2.7800,0
2024-06-21,14:38:00,ELDN,S,1117,2.7400,0
2024-06-21,09:01:00,IMAX,B,183,16.9150,0
2024-06-21,15:00:00,IMAX,S,183,16.8500,0
2024-06-21,12:27:00,GPRE,B,208,14.9000,0
2024-06-21,15:00:00,GPRE,S,208,14.9950,0
2024-06-21,13:31:00,PARR,S,128,24.1100,0
2024-06-21,15:00:00,PARR,B,128,23.8900,0
2024-06-21,13:33:00,GRPN,B,212,14.6400,0
2024-06-21,15:00:00,GRPN,S,212,14.8700,0
2024-06-21,14:52:00,NKTX,B,571,5.4600,0
2024-06-21,15:00:00,NKTX,S,571,5.4900,0
2024-06-21,14:54:00,CADL,B,509,6.0500,0
2024-06-21,15:00:00,CADL,S,509,6.0000,0
2024-06-21,14:59:00,RPAY,S,293,10.4850,0
2024-06-21,15:00:00,RPAY,B,293,10.5550,0
2024-06-24,08:45:00,NVDA,S,25,122.5400,0
2024-06-24,15:00:00,NVDA,B,25,118.0800,0
2024-06-25,08:44:00,CCL,B,176,17.5750,0
2024-06-25,08:56:00,CCL,S,176,17.4100,0
2024-06-25,08:47:00,NVDA,B,25,121.5900,0
2024-06-25,15:00:00,NVDA,S,12,126.4536,0
2024-06-25,15:00:00,NVDA,S,13,126.1000,0
2024-06-27,09:52:00,SPIR,B,277,11.2100,0
2024-06-27,10:55:00,SPIR,S,277,10.7450,0
2024-06-27,10:36:00,IMAX,S,184,16.8050,0
2024-06-27,11:16:00,IMAX,B,184,16.8700,0
2024-06-27,09:46:00,BMEA,B,680,4.5700,0
2024-06-27,13:01:00,BMEA,S,680,4.4600,0
2024-06-27,10:18:00,GRPN,S,211,14.6900,0
2024-06-27,13:53:00,GRPN,B,211,15.0000,0
2024-06-27,10:00:00,RPAY,S,294,10.5300,0
2024-06-27,14:34:00,RPAY,B,294,10.5900,0
2024-06-27,09:51:00,NN,S,393,7.8600,0
2024-06-27,14:56:00,NN,B,393,7.9900,0
2024-06-27,09:53:00,PARR,S,123,25.0800,0
2024-06-27,15:00:00,PARR,B,123,24.7150,0
2024-06-27,10:03:00,VOR,B,2702,1.1600,0
2024-06-27,15:00:00,VOR,S,2702,1.1400,0
2024-06-27,10:11:00,MXL,S,151,20.4200,0
2024-06-27,15:00:00,MXL,B,151,20.0250,0
2024-06-27,10:31:00,NKTX,S,531,5.8300,0
2024-06-27,15:00:00,NKTX,B,531,5.8800,0
2024-06-27,10:36:00,GPRE,S,187,16.6000,0
2024-06-27,15:00:00,GPRE,B,187,16.6000,0
2024-06-27,10:39:00,ACHV,S,634,4.8600,0
2024-06-27,15:00:00,ACHV,B,317,4.6656,0
2024-06-27,15:00:00,ACHV,B,317,4.6600,0
2024-06-27,14:53:00,RPAY,B,290,10.6000,0
2024-06-27,15:00:00,RPAY,S,290,10.6300,0
2024-06-28,08:52:00,NKE,S,40,77.0700,0
2024-06-28,15:00:00,NKE,B,40,75.3450,0
2024-07-01,09:25:00,BMEA,B,659,4.6900,0
2024-07-01,10:31:00,BMEA,S,659,4.6300,0
2024-07-01,13:48:00,CADL,B,478,6.4750,0
2024-07-01,14:53:00,CADL,S,478,6.4300,0
2024-07-01,09:54:00,RPAY,S,304,10.0800,0
2024-07-01,14:55:00,RPAY,B,304,10.4800,0
2024-07-01,09:09:00,CAR,S,29,105.4600,0
2024-07-01,15:00:00,CAR,B,14,101.2416,0
2024-07-01,15:00:00,CAR,B,15,101.2800,0
2024-07-01,09:41:00,PARR,S,123,25.0900,0
2024-07-01,15:00:00,PARR,B,123,25.3000,0
2024-07-01,09:42:00,GRPN,B,199,15.6050,0
2024-07-01,15:00:00,GRPN,S,199,15.4900,0
2024-07-01,09:53:00,ACHV,B,639,4.8800,0
2024-07-01,15:00:00,ACHV,S,639,4.7600,0
2024-07-01,10:37:00,GPRE,S,199,15.4100,0
2024-07-01,15:00:00,GPRE,B,199,15.5450,0
2024-07-01,14:57:00,MXL,B,145,21.2400,0
2024-07-01,15:00:00,MXL,S,145,21.3300,0
2024-07-02,09:26:00,MXL,B,140,21.9200,0
2024-07-02,11:03:00,MXL,S,140,21.5000,0
2024-07-02,10:18:00,BMEA,B,667,4.6700,0
2024-07-02,12:34:00,BMEA,S,667,4.4400,0
2024-07-02,09:47:00,CAR,S,29,102.3100,0
2024-07-02,14:05:00,CAR,B,29,103.7600,0
2024-07-02,09:14:00,PARR,B,115,26.5700,0
2024-07-02,15:00:00,PARR,S,115,25.7000,0
2024-07-02,10:22:00,GPRE,S,199,15.3900,0
2024-07-02,15:00:00,GPRE,B,199,15.1400,0
2024-07-02,14:52:00,CAR,B,29,104.4000,0
2024-07-02,15:00:00,CAR,S,29,104.9700,0
2024-07-02,14:58:00,GRPN,B,201,15.1950,0
2024-07-02,15:00:00,GRPN,S,201,15.1950,0
2024-07-02,14:58:00,NN,S,383,7.9400,0
2024-07-02,15:00:00,NN,B,383,7.9400,0
2024-07-02,14:59:00,ACHV,S,663,4.5900,0
2024-07-02,15:00:00,ACHV,B,663,4.5900,0
2024-07-03,09:56:00,CAR,B,28,108.7500,0
2024-07-03,10:52:00,CAR,S,28,107.9200,0
2024-07-03,08:41:00,RPAY,B,331,9.1950,0
2024-07-03,15:00:00,RPAY,S,331,9.3500,0
2024-07-03,09:26:00,PARR,S,118,25.6400,0
2024-07-03,15:00:00,PARR,B,118,25.7400,0
2024-07-03,10:03:00,GPRE,S,201,15.0700,0
2024-07-03,15:00:00,GPRE,B,201,14.9800,0
2024-07-03,10:27:00,BMI,B,16,188.7850,0
2024-07-03,15:00:00,BMI,S,16,188.3300,0
2024-07-05,09:41:00,RPAY,B,321,9.5200,0
2024-07-05,15:00:00,RPAY,S,321,9.6300,0
2024-07-05,09:57:00,MXL,B,142,21.4200,0
2024-07-05,15:00:00,MXL,S,142,21.8500,0
2024-07-05,10:48:00,GRPN,S,209,14.5600,0
2024-07-05,15:00:00,GRPN,B,209,14.4300,0
2024-07-05,10:48:00,SPIR,B,296,10.3700,0
2024-07-05,15:00:00,SPIR,S,296,10.4000,0
2024-07-05,13:24:00,CADL,S,504,5.8100,0
2024-07-05,15:00:00,CADL,B,504,5.8200,0
2024-07-05,14:02:00,VOR,S,3357,0.9028,0
2024-07-05,15:00:00,VOR,B,3357,0.9223,0
2024-07-05,14:25:00,NN,B,373,8.2750,0
2024-07-05,15:00:00,NN,S,373,8.4450,0
2024-07-05,14:51:00,GPRE,S,211,14.3950,0
2024-07-05,15:00:00,GPRE,B,211,14.3800,0
2024-07-08,10:02:00,NKTX,B,561,5.4600,0
2024-07-08,10:13:00,NKTX,S,561,5.4000,0
2024-07-08,09:32:00,IMAX,B,178,17.1700,0
2024-07-08,15:00:00,IMAX,S,178,17.0200,0
2024-07-08,09:38:00,GPRE,B,208,14.7200,0
2024-07-08,15:00:00,GPRE,S,208,14.8700,0
2024-07-08,09:42:00,MXL,B,135,22.6600,0
2024-07-08,15:00:00,MXL,S,135,22.7300,0
2024-07-08,10:09:00,CAR,S,29,104.2900,0
2024-07-08,15:00:00,CAR,B,29,102.0450,0
2024-07-08,10:21:00,GRPN,S,206,14.5600,0
2024-07-08,15:00:00,GRPN,B,206,14.6050,0
2024-07-08,10:32:00,SPIR,B,271,11.2950,0
2024-07-08,15:00:00,SPIR,S,271,10.7100,0
2024-07-08,13:40:00,BMEA,B,662,4.7300,0
2024-07-08,15:00:00,BMEA,S,662,4.8100,0
2024-07-08,14:16:00,PARR,S,125,24.3200,0
2024-07-08,15:00:00,PARR,B,125,24.3950,0
2024-07-09,10:14:00,FRMM,B,581,2.3900,0
2024-07-09,10:18:00,FRMM,S,290,2.4856,0
2024-07-09,10:18:00,FRMM,S,291,2.6800,0
2024-07-09,10:23:00,FRMM,B,792,2.8900,0
2024-07-09,10:26:00,FRMM,S,396,3.0056,0
2024-07-09,10:26:00,FRMM,S,396,2.8900,0
2024-07-09,09:11:00,GRPN,S,219,13.8900,0
2024-07-09,11:29:00,GRPN,B,109,13.3344,0
2024-07-09,11:29:00,GRPN,B,110,13.3989,0
2024-07-09,09:30:00,PARR,B,126,24.1300,0
2024-07-09,14:14:00,PARR,S,126,23.8500,0
2024-07-09,14:42:00,SHMD,S,660,4.6100,0
2024-07-09,14:46:00,SHMD,B,660,4.8200,0
2024-07-09,09:22:00,RPAY,S,323,9.4000,0
2024-07-09,15:00:00,RPAY,B,323,9.5000,0
2024-07-09,09:36:00,CAR,B,29,102.0700,0
2024-07-09,15:00:00,CAR,S,29,102.0400,0
2024-07-09,09:51:00,GPRE,B,204,14.9500,0
2024-07-09,15:00:00,GPRE,S,204,15.2800,0
2024-07-09,09:58:00,NN,S,371,8.1650,0
2024-07-09,15:00:00,NN,B,371,8.1500,0
2024-07-09,10:17:00,MXL,S,137,22.1400,0
2024-07-09,15:00:00,MXL,B,137,22.1750,0
2024-07-09,14:45:00,BMEA,S,659,4.6500,0
2024-07-09,15:00:00,BMEA,B,659,4.6900,0
2024-07-09,14:50:00,CADL,B,517,5.9200,0
2024-07-09,15:00:00,CADL,S,517,5.9100,0
2024-07-09,14:56:00,IMAX,S,184,16.6400,0
2024-07-09,15:00:00,IMAX,B,184,16.6000,0
2024-07-09,14:57:00,IFRX,B,1856,1.7000,0
2024-07-09,15:00:00,IFRX,S,1856,1.7000,0
2024-07-10,14:47:00,IMAX,S,186,16.4700,0
2024-07-10,14:52:00,IMAX,B,186,16.5000,0
2024-07-10,09:16:00,CAR,S,30,98.9750,0
2024-07-10,15:00:00,CAR,B,30,99.0500,0
2024-07-10,09:25:00,NKTX,S,550,5.5000,0
2024-07-10,15:00:00,NKTX,B,550,5.4800,0
2024-07-10,09:55:00,PARR,S,132,23.0800,0
2024-07-10,15:00:00,PARR,B,132,22.9650,0
2024-07-10,10:27:00,NN,B,374,8.2800,0
2024-07-10,15:00:00,NN,S,374,8.5600,0
2024-07-10,10:29:00,RPAY,S,326,9.3750,0
2024-07-10,15:00:00,RPAY,B,326,9.1650,0
2024-07-10,10:37:00,GPRE,S,201,15.2200,0
2024-07-10,15:00:00,GPRE,B,201,15.1450,0
2024-07-10,14:13:00,FRMM,S,295,2.2400,0
2024-07-10,15:00:00,FRMM,B,295,2.3300,0
2024-07-10,14:14:00,BMEA,S,646,4.7300,0
2024-07-10,15:00:00,BMEA,B,646,4.7400,0
2024-07-10,14:59:00,LZM,B,353,8.7000,0
2024-07-10,15:00:00,LZM,S,353,8.6950,0
2024-07-10,14:59:00,NNBR,B,1021,3.0050,0
2024-07-10,15:00:00,NNBR,S,1021,3.0050,0
2024-07-11,08:41:00,NVDA,S,22,134.0600,0
2024-07-11,11:02:00,NVDA,B,11,128.6976,0
2024-07-11,11:02:00,NVDA,B,11,128.9406,0
2024-07-11,08:43:00,SQQQ,B,428,7.2100,0
2024-07-11,11:35:00,SQQQ,S,214,7.4984,0
2024-07-11,11:35:00,SQQQ,S,214,7.5379,0
2024-07-12,09:45:00,CAR,S,29,104.6100,0
2024-07-12,12:25:00,CAR,B,29,106.2000,0
2024-07-12,10:08:00,BMEA,S,599,5.1500,0
2024-07-12,12:37:00,BMEA,B,599,5.3500,0
2024-07-12,09:37:00,GRPN,B,186,16.7300,0
2024-07-12,15:00:00,GRPN,S,186,16.6100,0
2024-07-12,10:00:00,NKTX,S,466,6.6200,0
2024-07-12,15:00:00,NKTX,B,466,6.4900,0
2024-07-15,08:41:00,MYSE,S,1125,1.8100,0
2024-07-15,08:44:00,MYSE,B,562,1.7376,0
2024-07-15,08:44:00,MYSE,B,563,1.7481,0
2024-07-15,09:53:00,NN,B,341,9.1450,0
2024-07-15,11:06:00,NN,S,341,9.0000,0
2024-07-15,10:51:00,CAR,B,27,111.1250,0
2024-07-15,12:22:00,CAR,S,27,109.8600,0
2024-07-15,10:20:00,NKTX,B,459,6.7700,0
2024-07-15,12:49:00,NKTX,S,229,7.0408,0
2024-07-15,12:49:00,NKTX,S,230,7.1423,0
2024-07-15,09:22:00,BMEA,S,583,5.2800,0
2024-07-15,15:00:00,BMEA,B,583,5.3600,0
2024-07-15,10:09:00,MXL,B,134,23.2600,0
2024-07-15,15:00:00,MXL,S,67,24.1904,0
2024-07-15,15:00:00,MXL,S,67,24.1200,0
2024-07-15,14:05:00,VOR,B,3220,0.9650,0
2024-07-15,15:00:00,VOR,S,3220,0.9707,0
2024-07-15,14:17:00,NNBR,B,844,3.6900,0
2024-07-15,15:00:00,NNBR,S,844,3.6650,0
2024-07-15,14:56:00,CADL,B,480,6.6400,0
2024-07-15,15:00:00,CADL,S,480,6.6100,0
2024-07-15,14:59:00,IFRX,B,1876,1.6700,0
2024-07-15,15:00:00,IFRX,S,1876,1.6700,0
2024-07-16,08:43:00,NKTX,S,440,7.0600,0
2024-07-16,08:46:00,NKTX,B,440,7.2450,0
2024-07-16,10:09:00,RPAY,B,317,9.7950,0
2024-07-16,11:56:00,RPAY,S,317,9.7150,0
2024-07-16,10:39:00,MYSE,B,1774,1.7800,0
2024-07-16,12:37:00,MYSE,S,887,1.8512,0
2024-07-16,12:37:00,MYSE,S,887,1.8822,0
2024-07-16,10:05:00,SPIR,B,230,13.6000,0
2024-07-16,13:46:00,SPIR,S,115,14.1440,0
2024-07-16,13:46:00,SPIR,S,115,14.1790,0
2024-07-16,09:54:00,GRPN,B,180,17.2400,0
2024-07-16,14:18:00,GRPN,S,90,17.9296,0
2024-07-16,14:18:00,GRPN,S,90,18.0376,0
2024-07-16,10:14:00,IMAX,S,181,17.0900,0
2024-07-16,14:36:00,IMAX,B,181,17.3450,0
2024-07-16,09:35:00,NKTX,B,399,7.8350,0
2024-07-16,14:42:00,NKTX,S,199,8.1484,0
2024-07-16,14:42:00,NKTX,S,200,8.1116,0
2024-07-16,10:00:00,NN,S,333,9.2650,0
2024-07-16,15:00:00,NN,B,333,9.3400,0
2024-07-16,13:18:00,BMEA,B,562,5.5450,0
2024-07-16,15:00:00,BMEA,S,562,5.5950,0
2024-07-16,13:20:00,NNBR,B,788,3.9600,0
2024-07-16,15:00:00,NNBR,S,788,4.0050,0
2024-07-16,13:37:00,PARR,B,128,24.2900,0
2024-07-16,15:00:00,PARR,S,128,24.6050,0
2024-07-16,14:29:00,MXL,B,127,24.6200,0
2024-07-16,15:00:00,MXL,S,127,24.7200,0
2024-07-16,14:42:00,CAR,B,28,109.7450,0
2024-07-16,15:00:00,CAR,S,28,110.8850,0
2024-07-16,14:53:00,CADL,B,443,7.2100,0
2024-07-16,15:00:00,CADL,S,443,7.2900,0
2024-07-16,14:54:00,ACHV,S,649,4.8400,0
2024-07-16,15:00:00,ACHV,B,649,4.8550,0
2024-07-16,14:57:00,IFRX,B,1865,1.7050,0
2024-07-16,15:00:00,IFRX,S,1865,1.7100,0
2024-07-17,08:46:00,NVDA,S,26,120.5200,0
2024-07-17,15:00:00,NVDA,B,26,117.9700,0
2024-07-18,09:27:00,NKTX,S,443,7.0100,0
2024-07-18,10:43:00,NKTX,B,221,6.7296,0
2024-07-18,10:43:00,NKTX,B,222,6.5701,0
2024-07-18,10:03:00,GPRE,B,186,17.1000,0
2024-07-18,13:03:00,GPRE,S,186,16.8500,0
2024-07-18,13:52:00,GRPN,S,187,16.9200,0
2024-07-18,14:50:00,GRPN,B,187,17.0100,0
2024-07-18,09:12:00,PARR,S,130,24.1550,0
2024-07-18,15:00:00,PARR,B,130,23.5050,0
2024-07-18,10:18:00,RPAY,S,321,9.8850,0
2024-07-18,15:00:00,RPAY,B,321,9.7900,0
2024-07-18,13:06:00,CAR,S,28,110.5300,0
2024-07-18,15:00:00,CAR,B,28,109.2900,0
2024-07-18,13:31:00,GPRE,S,190,16.7000,0
2024-07-18,15:00:00,GPRE,B,190,16.5850,0
2024-07-18,13:54:00,BMI,S,16,193.5500,0
2024-07-18,15:00:00,BMI,B,16,194.5900,0
2024-07-18,14:58:00,LZM,S,316,8.0900,0
2024-07-18,15:00:00,LZM,B,316,8.1000,0
2024-07-19,09:45:00,IMAX,B,178,17.9600,0
2024-07-19,10:21:00,IMAX,S,178,17.7550,0
2024-07-19,09:57:00,MXL,S,133,23.8450,0
2024-07-19,12:55:00,MXL,B,133,24.1350,0
2024-07-19,09:39:00,RPAY,B,325,9.8450,0
2024-07-19,15:00:00,RPAY,S,325,9.7600,0
2024-07-19,10:31:00,GPRE,S,192,16.5800,0
2024-07-19,15:00:00,GPRE,B,192,16.6500,0
2024-07-19,13:14:00,NKTX,S,501,6.3600,0
2024-07-19,15:00:00,NKTX,B,501,6.2050,0
2024-07-19,13:29:00,GRPN,S,190,16.7700,0
2024-07-19,15:00:00,GRPN,B,190,16.7700,0
2024-07-19,14:52:00,PARR,B,134,23.6900,0
2024-07-19,15:00:00,PARR,S,134,23.6350,0
2024-07-22,14:19:00,NN,B,383,8.3200,0
2024-07-22,14:57:00,NN,S,383,8.2800,0
2024-07-22,09:33:00,GPRE,S,195,16.2800,0
2024-07-22,15:00:00,GPRE,B,195,16.6050,0
2024-07-22,09:57:00,NKTX,B,513,6.3200,0
2024-07-22,15:00:00,NKTX,S,513,6.4650,0
2024-07-22,10:05:00,GRPN,B,187,17.0700,0
2024-07-22,15:00:00,GRPN,S,187,17.3800,0
2024-07-22,13:51:00,NNBR,B,858,3.8000,0
2024-07-22,15:00:00,NNBR,S,858,3.9100,0
2024-07-22,14:42:00,SPIR,B,223,14.4350,0
2024-07-22,15:00:00,SPIR,S,223,14.6400,0
2024-07-22,14:46:00,MXL,B,127,25.0850,0
2024-07-22,15:00:00,MXL,S,127,25.0500,0
2024-07-23,08:51:00,IMAX,S,182,17.5100,0
2024-07-23,09:31:00,IMAX,B,182,17.6900,0
2024-07-23,09:52:00,IMAX,S,183,17.4900,0
2024-07-23,11:30:00,IMAX,B,183,17.7150,0
2024-07-23,14:25:00,ACHV,B,610,5.2600,0
2024-07-23,14:53:00,ACHV,S,610,5.2300,0
2024-07-23,09:33:00,GRPN,B,179,17.8900,0
2024-07-23,15:00:00,GRPN,S,179,18.0800,0
2024-07-23,09:39:00,RPAY,B,328,9.8400,0
2024-07-23,15:00:00,RPAY,S,328,9.7900,0
2024-07-23,10:05:00,NKTX,B,484,6.7100,0
2024-07-23,15:00:00,NKTX,S,484,6.8200,0
2024-07-23,13:30:00,BMI,B,15,205.0550,0
2024-07-23,15:00:00,BMI,S,15,204.9600,0
2024-07-23,13:49:00,NN,B,369,8.6800,0
2024-07-23,15:00:00,NN,S,369,8.6150,0
2024-07-23,13:59:00,BMEA,B,577,5.5750,0
2024-07-23,15:00:00,BMEA,S,577,5.5700,0
2024-07-23,14:54:00,NNBR,B,807,4.0000,0
2024-07-23,15:00:00,NNBR,S,807,4.0100,0
2024-07-23,14:58:00,SPIR,S,225,14.2100,0
2024-07-23,15:00:00,SPIR,B,225,14.2150,0
2024-07-24,08:47:00,BHC,S,430,7.4150,0
2024-07-24,08:51:00,BHC,B,215,7.1184,0
2024-07-24,08:51:00,BHC,B,215,7.0392,0
2024-07-24,09:15:00,BHC,S,557,5.7800,0
2024-07-24,09:16:00,BHC,B,278,5.5488,0
2024-07-24,09:16:00,BHC,B,279,5.4536,0
2024-07-24,08:43:00,SQQQ,B,371,8.6600,0
2024-07-24,14:39:00,SQQQ,S,185,9.0064,0
2024-07-24,14:39:00,SQQQ,S,186,8.9734,0
2024-07-24,08:43:00,NVDA,S,27,117.8000,0
2024-07-24,15:00:00,NVDA,B,27,114.3700,0
2024-07-25,08:41:00,F,S,281,11.5750,0
2024-07-25,15:00:00,F,B,281,11.1600,0
2024-07-26,08:49:00,DXCM,S,50,64.1500,0
2024-07-26,15:00:00,DXCM,B,50,63.9650,0
2024-07-29,09:13:00,GRPN,S,187,17.3500,0
2024-07-29,15:00:00,GRPN,B,187,17.1500,0
2024-07-29,09:31:00,GPRE,S,185,17.5800,0
2024-07-29,15:00:00,GPRE,B,185,17.5500,0
2024-07-29,09:57:00,NKTX,S,477,6.8400,0
2024-07-29,15:00:00,NKTX,B,477,6.6850,0
2024-07-29,10:47:00,CAR,S,32,100.8950,0
2024-07-29,15:00:00,CAR,B,32,100.7800,0
2024-07-29,14:10:00,IMAX,S,164,19.9500,0
2024-07-29,15:00:00,IMAX,B,164,19.8900,0
2024-07-29,14:58:00,NNBR,S,793,3.8000,0
2024-07-29,15:00:00,NNBR,B,793,3.7950,0
2024-07-30,08:41:00,LUMN,B,1591,2.0800,0
2024-07-30,09:10:00,LUMN,S,795,2.1632,0
2024-07-30,09:10:00,LUMN,S,796,2.2042,0
2024-07-30,08:43:00,NVDA,S,29,110.2800,0
2024-07-30,10:11:00,NVDA,B,14,105.8688,0
2024-07-30,10:11:00,NVDA,B,15,105.3828,0
2024-07-31,08:42:00,NVDA,B,29,113.9600,0
2024-07-31,15:00:00,NVDA,S,29,117.0600,0
2024-08-01,08:41:00,LUMN,B,641,3.7350,0
2024-08-01,08:53:00,LUMN,S,320,3.8844,0
2024-08-01,08:53:00,LUMN,S,321,3.8927,0
2024-08-01,08:41:00,SQQQ,S,390,8.4800,0
2024-08-01,09:21:00,SQQQ,B,390,8.5800,0
2024-08-01,08:43:00,NVDA,B,27,119.2300,0
2024-08-01,09:22:00,NVDA,S,27,116.6800,0
2024-08-01,09:13:00,LUMN,B,823,4.0500,0
2024-08-01,09:32:00,LUMN,S,823,3.8100,0
2024-08-01,09:42:00,NVDA,S,28,115.3250,0
2024-08-01,12:32:00,NVDA,B,14,110.7120,0
2024-08-01,12:32:00,NVDA,B,14,109.6033,0
2024-08-01,10:00:00,SQQQ,B,375,8.8150,0
2024-08-01,12:58:00,SQQQ,S,187,9.1676,0
2024-08-01,12:58:00,SQQQ,S,188,9.2718,0
2024-08-01,08:42:00,NIO,S,761,4.3600,0
2024-08-01,14:18:00,NIO,B,380,4.1856,0
2024-08-01,14:18:00,NIO,B,381,4.0336,0
2024-08-02,08:41:00,SQQQ,S,345,9.6200,0
2024-08-02,09:04:00,SQQQ,B,345,9.9200,0
2024-08-02,08:42:00,NU,B,302,11.1500,0
2024-08-02,09:13:00,NU,S,302,10.7800,0
2024-08-02,08:43:00,SNAP,B,324,10.3200,0
2024-08-02,09:24:00,SNAP,S,324,9.5050,0
2024-08-02,08:47:00,AMZN,S,20,165.0000,0
2024-08-02,10:32:00,AMZN,B,20,167.2600,0
2024-08-02,08:41:00,F,S,325,10.3050,0
2024-08-02,15:00:00,F,B,325,10.0400,0
2024-08-02,08:42:00,INTC,S,161,20.5700,0
2024-08-02,15:00:00,INTC,B,161,21.4800,0
2024-08-02,09:16:00,SOFI,S,493,6.7500,0
2024-08-02,15:00:00,SOFI,B,493,6.6600,0
2024-08-05,08:46:00,NVDA,B,33,97.8800,0
2024-08-05,09:06:00,NVDA,S,16,101.7952,0
2024-08-05,09:06:00,NVDA,S,17,100.1432,0
2024-08-05,08:42:00,INTC,S,166,19.7200,0
2024-08-05,10:22:00,INTC,B,166,20.2700,0
2024-08-05,08:49:00,SNAP,B,387,8.5200,0
2024-08-05,10:29:00,SNAP,S,193,8.8608,0
2024-08-05,10:29:00,SNAP,S,194,8.8548,0
2024-08-05,08:47:00,SQQQ,S,299,10.9900,0
2024-08-05,10:43:00,SQQQ,B,149,10.5504,0
2024-08-05,10:43:00,SQQQ,B,150,10.6554,0
2024-08-05,09:04:00,BBD,B,1440,2.3050,0
2024-08-05,14:19:00,BBD,S,720,2.3972,0
2024-08-05,14:19:00,BBD,S,720,2.4019,0
2024-08-05,08:47:00,SPXS,S,357,9.2300,0
2024-08-05,15:00:00,SPXS,B,357,9.1500,0
2024-08-06,08:47:00,LUMN,B,763,4.0600,0
2024-08-06,09:03:00,LUMN,S,381,4.2224,0
2024-08-06,09:03:00,LUMN,S,382,4.0786,0
2024-08-06,09:40:00,LUMN,B,787,4.2500,0
2024-08-06,09:44:00,LUMN,S,393,4.4200,0
2024-08-06,09:44:00,LUMN,S,394,4.3905,0
2024-08-07,09:09:00,LUMN,S,211,6.5600,0
2024-08-07,09:31:00,LUMN,B,105,6.2976,0
2024-08-07,09:31:00,LUMN,B,106,6.3754,0
2024-08-07,09:10:00,ABEV,B,1548,2.1750,0
2024-08-07,15:00:00,ABEV,S,1548,2.2500,0
2024-08-08,08:41:00,SQQQ,B,321,10.5100,0
2024-08-08,09:02:00,SQQQ,S,321,10.3500,0
2024-08-08,08:41:00,INTC,S,177,18.9900,0
2024-08-08,09:16:00,INTC,B,177,19.2700,0
2024-08-08,08:41:00,NVDA,S,33,99.5900,0
2024-08-08,09:30:00,NVDA,B,33,102.0700,0
2024-08-08,09:36:00,NVDA,B,32,102.3200,0
2024-08-08,10:18:00,NVDA,S,32,101.5200,0
2024-08-08,09:09:00,SQQQ,S,328,10.2800,0
2024-08-08,13:40:00,SQQQ,B,164,9.8688,0
2024-08-08,13:40:00,SQQQ,B,164,9.8828,0
2024-08-08,09:36:00,INTC,B,172,19.4300,0
2024-08-08,15:00:00,INTC,S,86,20.2072,0
2024-08-08,15:00:00,INTC,S,86,20.5100,0
2024-08-09,09:35:00,GRPN,S,317,10.6300,0
2024-08-09,09:55:00,GRPN,B,317,10.8450,0
2024-08-09,13:34:00,GRPN,S,320,10.5300,0
2024-08-09,13:53:00,GRPN,B,320,10.5900,0
2024-08-09,09:13:00,RPAY,S,402,8.3800,0
2024-08-09,15:00:00,RPAY,B,402,8.1300,0
2024-08-09,09:32:00,NKTX,S,663,5.1000,0
2024-08-09,15:00:00,NKTX,B,331,4.8960,0
2024-08-09,15:00:00,NKTX,B,332,4.9400,0
2024-08-09,10:26:00,BMEA,S,590,5.6900,0
2024-08-09,15:00:00,BMEA,B,590,5.7000,0
2024-08-12,09:48:00,JBLU,S,653,5.1500,0
2024-08-12,11:45:00,JBLU,B,326,4.9440,0
2024-08-12,11:45:00,JBLU,B,327,4.9415,0
2024-08-12,14:00:00,JBLU,S,716,4.7650,0
2024-08-12,14:32:00,JBLU,B,716,4.8300,0
2024-08-13,08:51:00,CORZ,S,400,8.4550,0
2024-08-13,12:03:00,CORZ,B,400,8.7900,0
2024-08-13,08:41:00,CMG,S,68,49.4700,0
2024-08-13,12:23:00,CMG,B,68,51.3300,0
2024-08-13,08:41:00,SBUX,B,36,93.9500,0
2024-08-13,15:00:00,SBUX,S,36,95.9100,0
2024-08-13,08:47:00,SQQQ,S,367,9.2800,0
2024-08-13,15:00:00,SQQQ,B,367,8.9400,0
2024-08-14,08:48:00,NU,B,262,12.9350,0
2024-08-14,10:19:00,NU,S,131,13.4524,0
2024-08-14,10:19:00,NU,S,131,13.3356,0
2024-08-15,08:45:00,SQQQ,S,399,8.5350,0
2024-08-15,15:00:00,SQQQ,B,399,8.2700,0
2024-08-15,08:53:00,GRAB,S,1071,3.1800,0
2024-08-15,15:00:00,GRAB,B,1071,3.1250,0
2024-08-16,09:34:00,SPIR,S,528,6.4300,0
2024-08-16,10:07:00,SPIR,B,528,6.8000,0
2024-08-16,09:04:00,RPAY,B,408,8.4000,0
2024-08-16,13:04:00,RPAY,S,408,8.2450,0
2024-08-16,10:12:00,NN,S,448,7.5600,0
2024-08-16,15:00:00,NN,B,448,7.3100,0
2024-08-16,10:37:00,MXL,S,274,12.3400,0
2024-08-16,15:00:00,MXL,B,274,12.5600,0
2024-08-16,14:59:00,LZM,B,512,6.6450,0
2024-08-16,15:00:00,LZM,S,512,6.6500,0
2024-08-19,09:27:00,GRPN,S,253,13.4000,0
2024-08-19,12:49:00,GRPN,B,253,13.6500,0
2024-08-19,14:15:00,PARR,S,148,22.9400,0
2024-08-19,14:19:00,PARR,B,148,22.9650,0
2024-08-19,09:06:00,RPAY,S,414,8.2250,0
2024-08-19,14:24:00,RPAY,B,414,8.2800,0
2024-08-19,09:37:00,CAR,B,38,89.4700,0
2024-08-19,15:00:00,CAR,S,38,88.8700,0
2024-08-19,10:15:00,MXL,B,271,12.6150,0
2024-08-19,15:00:00,MXL,S,271,12.7900,0
2024-08-19,10:33:00,NKTX,B,655,5.2000,0
2024-08-19,15:00:00,NKTX,S,655,5.2100,0
2024-08-19,13:29:00,ACHV,B,741,4.6200,0
2024-08-19,15:00:00,ACHV,S,741,4.6100,0
2024-08-20,09:03:00,NN,B,477,7.1200,0
2024-08-20,09:19:00,NN,S,477,7.0300,0
2024-08-20,10:42:00,IMAX,S,168,20.1000,0
2024-08-20,11:01:00,IMAX,B,168,20.2000,0
2024-08-20,09:36:00,GPRE,S,246,13.7500,0
2024-08-20,11:40:00,GPRE,B,123,13.2000,0
2024-08-20,11:40:00,GPRE,B,123,13.3075,0
2024-08-20,09:00:00,RPAY,S,405,8.4000,0
2024-08-20,15:00:00,RPAY,B,405,8.3050,0
2024-08-20,09:30:00,PARR,S,151,22.3800,0
2024-08-20,15:00:00,PARR,B,151,21.8500,0
2024-08-20,09:56:00,MXL,S,269,12.5500,0
2024-08-20,15:00:00,MXL,B,269,12.4800,0
2024-08-20,11:15:00,CAR,S,38,87.9700,0
2024-08-20,15:00:00,CAR,B,38,89.0350,0
2024-08-20,11:16:00,SPIR,S,445,7.1100,0
2024-08-20,15:00:00,SPIR,B,445,7.5600,0
2024-08-20,14:35:00,VOR,B,3341,1.0300,0
2024-08-20,15:00:00,VOR,S,3341,0.9786,0
2024-08-21,09:10:00,RPAY,S,406,8.2800,0
2024-08-21,14:31:00,RPAY,B,406,8.4000,0
2024-08-21,10:21:00,SPIR,S,485,6.9450,0
2024-08-21,14:56:00,SPIR,B,485,7.3000,0
2024-08-21,09:39:00,CAR,B,37,91.2100,0
2024-08-21,15:00:00,CAR,S,37,91.3450,0
2024-08-21,09:42:00,PARR,B,152,22.2450,0
2024-08-21,15:00:00,PARR,S,152,22.2200,0
2024-08-21,09:45:00,GPRE,B,243,13.9800,0
2024-08-21,15:00:00,GPRE,S,243,13.8300,0
2024-08-21,09:53:00,NN,S,483,6.9400,0
2024-08-21,15:00:00,NN,B,483,7.0900,0
2024-08-21,10:09:00,GRPN,S,246,13.5900,0
2024-08-21,15:00:00,GRPN,B,246,13.6300,0
2024-08-21,10:21:00,BMEA,B,566,6.1700,0
2024-08-21,15:00:00,BMEA,S,566,6.2700,0
2024-08-21,14:43:00,NKTX,B,622,5.4200,0
2024-08-21,15:00:00,NKTX,S,622,5.3800,0
2024-08-21,14:57:00,MXL,B,262,12.8000,0
2024-08-21,15:00:00,MXL,S,262,12.8000,0
2024-08-22,08:41:00,LCID,B,925,3.6400,0
2024-08-22,08:43:00,LCID,S,925,3.5800,0
2024-08-22,08:49:00,PTON,S,836,3.7300,0
2024-08-22,09:20:00,PTON,B,836,4.1000,0
2024-08-22,09:45:00,LCID,B,894,3.7050,0
2024-08-22,09:49:00,LCID,S,894,3.6700,0
2024-08-22,08:48:00,SOXS,B,157,21.2200,0
2024-08-22,10:52:00,SOXS,S,78,22.0688,0
2024-08-22,10:52:00,SOXS,S,79,22.6378,0
2024-08-22,13:13:00,SOXS,B,144,23.0700,0
2024-08-22,13:14:00,SOXS,S,144,22.9300,0
2024-08-22,08:47:00,INTC,S,158,21.1000,0
2024-08-22,15:00:00,INTC,B,79,20.2560,0
2024-08-22,15:00:00,INTC,B,79,20.1200,0
2024-08-23,09:23:00,BMEA,B,411,7.5800,0
2024-08-23,10:27:00,BMEA,S,205,7.8832,0
2024-08-23,10:27:00,BMEA,S,206,7.9542,0
2024-08-23,10:12:00,GRPN,S,245,13.6400,0
2024-08-23,10:31:00,GRPN,B,245,13.8400,0
2024-08-23,09:02:00,RPAY,B,393,8.5450,0
2024-08-23,15:00:00,RPAY,S,393,8.6800,0
2024-08-23,09:12:00,CAR,B,38,87.2800,0
2024-08-23,15:00:00,CAR,S,38,88.0300,0
2024-08-23,09:17:00,PARR,B,149,22.3300,0
2024-08-23,15:00:00,PARR,S,149,22.5400,0
2024-08-23,09:28:00,IMAX,B,157,21.3750,0
2024-08-23,15:00:00,IMAX,S,157,21.3800,0
2024-08-23,09:30:00,NN,B,481,6.9850,0
2024-08-23,15:00:00,NN,S,481,6.9700,0
2024-08-23,09:31:00,NKTX,B,619,5.4300,0
2024-08-23,15:00:00,NKTX,S,619,5.3200,0
2024-08-23,10:14:00,MXL,B,260,12.8300,0
2024-08-23,15:00:00,MXL,S,260,12.7700,0
2024-08-23,14:24:00,BMI,S,16,203.7950,0
2024-08-23,15:00:00,BMI,B,16,203.2300,0
2024-08-23,14:59:00,LZM,B,558,6.0500,0
2024-08-23,15:00:00,LZM,S,558,6.0600,0
2024-08-26,08:41:00,PDD,S,32,103.6500,0
2024-08-26,09:27:00,PDD,B,16,99.5040,0
2024-08-26,09:27:00,PDD,B,16,99.1865,0
2024-08-26,09:34:00,PDD,S,34,98.0100,0
2024-08-26,09:52:00,PDD,B,34,98.9300,0
2024-08-27,09:56:00,PARR,B,155,21.6200,0
2024-08-27,10:16:00,PARR,S,155,21.4800,0
2024-08-27,09:34:00,GRPN,B,242,13.8850,0
2024-08-27,10:46:00,GRPN,S,242,13.6400,0
2024-08-27,09:38:00,SPIR,B,400,8.4900,0
2024-08-27,15:00:00,SPIR,S,400,8.2000,0
2024-08-27,09:43:00,IMAX,S,154,21.7600,0
2024-08-27,15:00:00,IMAX,B,154,21.5900,0
2024-08-27,09:43:00,MXL,B,281,11.9600,0
2024-08-27,15:00:00,MXL,S,281,11.8200,0
2024-08-27,09:51:00,NN,B,490,6.8800,0
2024-08-27,15:00:00,NN,S,490,6.9800,0
2024-08-27,10:32:00,RPAY,S,393,8.5450,0
2024-08-27,15:00:00,RPAY,B,393,8.4100,0
2024-08-27,12:22:00,BMEA,B,429,7.8550,0
2024-08-27,15:00:00,BMEA,S,429,7.8300,0
2024-08-27,14:41:00,NNBR,B,842,4.0000,0
2024-08-27,15:00:00,NNBR,S,842,3.9500,0
2024-08-27,14:46:00,LZM,S,534,6.2700,0
2024-08-27,15:00:00,LZM,B,534,6.2600,0
2024-08-28,08:50:00,NIO,S,867,3.8550,0
2024-08-28,14:23:00,NIO,B,433,3.7008,0
2024-08-28,14:23:00,NIO,B,434,3.7186,0
2024-08-29,08:46:00,SOFI,B,432,7.8000,0
2024-08-29,10:59:00,SOFI,S,216,8.1120,0
2024-08-29,10:59:00,SOFI,S,216,8.1170,0
2024-08-29,08:49:00,NOK,S,752,4.4650,0
2024-08-29,15:00:00,NOK,B,752,4.4800,0
2024-08-29,09:19:00,NVDA,S,28,119.6400,0
2024-08-29,15:00:00,NVDA,B,28,117.6000,0
2024-08-30,08:42:00,NU,B,233,14.4550,0
2024-08-30,14:57:00,NU,S,116,15.0332,0
2024-08-30,14:57:00,NU,S,117,14.9154,0
2024-08-30,08:44:00,INTC,B,157,21.5300,0
2024-08-30,15:00:00,INTC,S,157,22.0600,0
2024-09-03,08:44:00,MXL,B,225,15.2100,0
2024-09-03,09:46:00,MXL,S,225,14.5500,0
2024-09-03,08:54:00,IMAX,B,155,22.0200,0
2024-09-03,09:54:00,IMAX,S,155,21.5000,0
2024-09-03,10:25:00,GPRE,S,249,13.5400,0
2024-09-03,14:57:00,GPRE,B,124,12.9984,0
2024-09-03,14:57:00,GPRE,B,125,13.0404,0
2024-09-03,09:01:00,RPAY,S,404,8.3650,0
2024-09-03,15:00:00,RPAY,B,404,8.3400,0
2024-09-03,09:17:00,CAR,S,44,76.7800,0
2024-09-03,15:00:00,CAR,B,44,75.3150,0
2024-09-03,09:35:00,NN,S,470,7.2000,0
2024-09-03,15:00:00,NN,B,470,7.0800,0
2024-09-03,09:51:00,BMEA,S,455,7.2850,0
2024-09-03,15:00:00,BMEA,B,455,7.2900,0
2024-09-03,09:52:00,PARR,S,156,21.5400,0
2024-09-03,15:00:00,PARR,B,156,21.6800,0
2024-09-03,13:22:00,GRPN,S,256,13.1500,0
2024-09-03,15:00:00,GRPN,B,256,12.8700,0
2024-09-03,14:51:00,NNBR,S,927,3.6400,0
2024-09-03,15:00:00,NNBR,B,927,3.6400,0
2024-09-04,09:22:00,BMEA,B,453,7.6100,0
2024-09-04,10:39:00,BMEA,S,226,7.9144,0
2024-09-04,10:39:00,BMEA,S,227,7.8739,0
2024-09-04,09:41:00,GPRE,B,249,13.7500,0
2024-09-04,10:58:00,GPRE,S,124,14.3000,0
2024-09-04,10:58:00,GPRE,S,125,14.4525,0
2024-09-04,09:19:00,CAR,B,44,77.0100,0
2024-09-04,11:50:00,CAR,S,44,75.3700,0
2024-09-04,09:05:00,RPAY,B,408,8.3550,0
2024-09-04,12:57:00,RPAY,S,408,8.2800,0
2024-09-04,09:43:00,GRPN,B,259,13.2800,0
2024-09-04,13:04:00,GRPN,S,259,12.6900,0
2024-09-04,09:24:00,MXL,B,239,14.3100,0
2024-09-04,15:00:00,MXL,S,239,14.4000,0
2024-09-04,09:29:00,IMAX,B,160,21.2350,0
2024-09-04,15:00:00,IMAX,S,160,21.6050,0
2024-09-04,09:42:00,NN,B,468,7.2700,0
2024-09-04,15:00:00,NN,S,468,7.2000,0
2024-09-04,14:06:00,CADL,S,562,6.0200,0
2024-09-04,15:00:00,CADL,B,562,6.0800,0
2024-09-04,14:28:00,BMI,S,17,194.8700,0
2024-09-04,15:00:00,BMI,B,17,194.8000,0
2024-09-05,09:37:00,NIO,B,749,4.5550,0
2024-09-05,11:50:00,NIO,S,374,4.7372,0
2024-09-05,11:50:00,NIO,S,375,4.7144,0
2024-09-05,13:50:00,NIO,B,709,4.8300,0
2024-09-05,14:19:00,NIO,S,709,4.7800,0
2024-09-06,08:41:00,SQQQ,B,370,9.2600,0
2024-09-06,10:00:00,SQQQ,S,185,9.6304,0
2024-09-06,10:00:00,SQQQ,S,185,9.5624,0
2024-09-06,10:17:00,SQQQ,B,355,9.6550,0
2024-09-06,15:00:00,SQQQ,S,355,9.7250,0
2024-09-09,08:46:00,NIO,B,697,4.9400,0
2024-09-09,09:07:00,NIO,S,348,5.1376,0
2024-09-09,09:07:00,NIO,S,349,5.1606,0
2024-09-09,09:10:00,NIO,B,662,5.2100,0
2024-09-09,12:02:00,NIO,S,331,5.4184,0
2024-09-09,12:02:00,NIO,S,331,5.5029,0
2024-09-09,08:41:00,PLTR,B,101,33.8100,0
2024-09-09,15:00:00,PLTR,S,101,34.5900,0
2024-09-10,08:41:00,RIG,S,864,4.0100,0
2024-09-10,15:00:00,RIG,B,864,3.9200,0
2024-09-10,08:54:00,HPE,B,211,16.4150,0
2024-09-10,15:00:00,HPE,S,211,16.0900,0
2024-09-11,08:42:00,NVDA,B,31,111.5500,0
2024-09-11,09:10:00,NVDA,S,31,109.3500,0
2024-09-11,08:45:00,SQQQ,B,379,9.1500,0
2024-09-11,10:05:00,SQQQ,S,189,9.5160,0
2024-09-11,10:05:00,SQQQ,S,190,9.4585,0
2024-09-11,13:38:00,SQQQ,S,399,8.7100,0
2024-09-11,13:54:00,SQQQ,B,399,8.7400,0
2024-09-11,14:32:00,NVDA,B,29,116.1300,0
2024-09-11,14:41:00,NVDA,S,29,115.8800,0
2024-09-12,08:41:00,NIO,S,650,5.3500,0
2024-09-12,09:09:00,NIO,B,325,5.1360,0
2024-09-12,09:09:00,NIO,B,325,5.1535,0
2024-09-12,08:59:00,WBD,B,477,7.2900,0
2024-09-12,10:16:00,WBD,S,238,7.5816,0
2024-09-12,10:16:00,WBD,S,239,7.6321,0
2024-09-12,10:23:00,WBD,B,455,7.7050,0
2024-09-12,10:29:00,WBD,S,455,7.6100,0
2024-09-13,08:45:00,WBD,B,435,8.0400,0
2024-09-13,11:42:00,WBD,S,217,8.3616,0
2024-09-13,11:42:00,WBD,S,218,8.3496,0
2024-09-16,08:42:00,INTC,B,174,20.2600,0
2024-09-16,15:00:00,INTC,S,174,20.9300,0
2024-09-17,09:21:00,MXL,B,239,14.8600,0
2024-09-17,09:31:00,MXL,S,239,14.6200,0
2024-09-17,09:22:00,BMEA,S,435,8.0350,0
2024-09-17,10:31:00,BMEA,B,435,8.2900,0
2024-09-17,10:30:00,RPAY,B,429,8.2550,0
2024-09-17,11:57:00,RPAY,S,429,8.1400,0
2024-09-17,09:22:00,PARR,B,182,19.4550,0
2024-09-17,12:40:00,PARR,S,182,19.2200,0
2024-09-17,08:51:00,CAR,B,43,82.1250,0
2024-09-17,15:00:00,CAR,S,43,83.1500,0
2024-09-17,09:19:00,GPRE,B,268,13.1700,0
2024-09-17,15:00:00,GPRE,S,268,13.3800,0
2024-09-17,09:27:00,GRPN,B,283,12.5000,0
2024-09-17,15:00:00,GRPN,S,283,12.3950,0
2024-09-17,10:02:00,NN,S,454,7.7500,0
2024-09-17,15:00:00,NN,B,454,7.6000,0
2024-09-17,14:46:00,LZM,S,537,6.4900,0
2024-09-17,15:00:00,LZM,B,537,6.5300,0
2024-09-18,08:50:00,NIO,S,668,5.2600,0
2024-09-18,14:13:00,NIO,B,334,5.0496,0
2024-09-18,14:13:00,NIO,B,334,5.0776,0
2024-09-19,08:41:00,SQQQ,S,452,7.7900,0
2024-09-19,08:49:00,SQQQ,B,452,7.8600,0
2024-09-19,08:42:00,NIO,B,672,5.2600,0
2024-09-19,09:07:00,NIO,S,672,5.1200,0
2024-09-19,08:52:00,SOXS,B,155,22.7200,0
2024-09-19,09:18:00,SOXS,S,155,22.0400,0
2024-09-19,09:25:00,SQQQ,S,452,7.7500,0
2024-09-19,09:55:00,SQQQ,B,452,7.7700,0
2024-09-20,08:40:00,RIVN,S,271,12.9200,0
2024-09-20,08:40:00,RIVN,B,271,12.9700,0
2024-09-20,08:41:00,RIVN,S,271,12.9200,0
2024-09-20,09:57:00,RIVN,B,135,12.4032,0
2024-09-20,09:57:00,RIVN,B,136,12.3592,0
2024-09-23,09:07:00,GRPN,B,319,11.0200,0
2024-09-23,09:14:00,GRPN,S,319,10.9200,0
2024-09-23,09:43:00,CAR,S,40,86.1750,0
2024-09-23,12:25:00,CAR,B,40,87.3600,0
2024-09-23,09:40:00,MXL,S,254,13.7300,0
2024-09-23,12:25:00,MXL,B,254,14.0200,0
2024-09-23,09:05:00,IMAX,S,179,19.4500,0
2024-09-23,15:00:00,IMAX,B,179,19.1200,0
2024-09-23,09:18:00,NKTX,S,703,4.9900,0
2024-09-23,15:00:00,NKTX,B,703,4.8600,0
2024-09-23,09:47:00,PARR,S,186,18.8300,0
2024-09-23,15:00:00,PARR,B,186,18.7800,0
2024-09-23,10:04:00,NN,S,480,7.2800,0
2024-09-23,15:00:00,NN,B,240,6.9888,0
2024-09-23,15:00:00,NN,B,240,6.9800,0
2024-09-23,10:09:00,RPAY,S,404,8.6500,0
2024-09-23,15:00:00,RPAY,B,404,8.5400,0
2024-09-23,14:50:00,NNBR,S,947,3.6650,0
2024-09-23,15:00:00,NNBR,B,947,3.6700,0
2024-09-23,14:51:00,BMI,B,16,218.9300,0
2024-09-23,15:00:00,BMI,S,16,219.0650,0
2024-09-23,14:54:00,MXL,B,246,14.2500,0
2024-09-23,15:00:00,MXL,S,246,14.3000,0
2024-09-24,08:41:00,FXI,B,119,29.5500,0
2024-09-24,08:53:00,FXI,S,119,29.3100,0
2024-09-24,08:42:00,KWEB,B,120,29.3800,0
2024-09-24,09:00:00,KWEB,S,120,28.9700,0
2024-09-24,08:50:00,ASHR,S,143,24.6550,0
2024-09-24,12:27:00,ASHR,B,143,24.8200,0
2024-09-24,14:20:00,FXI,B,116,30.3250,0
2024-09-24,14:35:00,FXI,S,116,30.2600,0
2024-09-24,08:44:00,VALE,B,319,11.0850,0
2024-09-24,15:00:00,VALE,S,319,11.0600,0
2024-09-24,13:25:00,ASHR,B,141,24.8500,0
2024-09-24,15:00:00,ASHR,S,141,24.9400,0
2024-09-24,13:46:00,KWEB,B,118,29.7850,0
2024-09-24,15:00:00,KWEB,S,118,30.0750,0
2024-09-24,14:05:00,NIO,B,599,5.8950,0
2024-09-24,15:00:00,NIO,S,599,5.9400,0
2024-09-25,09:08:00,PARR,S,200,17.6100,0
2024-09-25,10:09:00,PARR,B,200,18.1450,0
2024-09-25,09:13:00,NKTX,B,732,4.8400,0
2024-09-25,12:51:00,NKTX,S,732,4.7250,0
2024-09-25,14:50:00,NN,B,484,7.2500,0
2024-09-25,14:53:00,NN,S,484,7.2150,0
2024-09-25,09:08:00,GRPN,S,344,10.2600,0
2024-09-25,15:00:00,GRPN,B,344,10.0600,0
2024-09-25,09:24:00,MXL,B,236,15.0400,0
2024-09-25,15:00:00,MXL,S,236,14.8700,0
2024-09-25,09:26:00,CAR,S,41,85.0600,0
2024-09-25,15:00:00,CAR,B,41,82.3600,0
2024-09-25,14:30:00,BMEA,B,407,8.6550,0
2024-09-25,15:00:00,BMEA,S,407,8.7700,0
2024-09-25,14:59:00,NNBR,B,936,3.7600,0
2024-09-25,15:00:00,NNBR,S,936,3.7600,0
2024-09-26,08:50:00,NU,S,244,14.4550,0
2024-09-26,12:58:00,NU,B,122,13.8768,0
2024-09-26,12:58:00,NU,B,122,14.0145,0
2024-09-26,08:41:00,FXI,S,110,31.7700,0
2024-09-26,15:00:00,FXI,B,110,31.9050,0
2024-09-26,08:41:00,KWEB,S,109,32.3950,0
2024-09-26,15:00:00,KWEB,B,109,32.6550,0
2024-09-26,08:42:00,VALE,B,303,11.6650,0
2024-09-26,15:00:00,VALE,S,303,11.8000,0
2024-09-26,08:43:00,AAL,B,300,11.7500,0
2024-09-26,15:00:00,AAL,S,300,11.8000,0
2024-09-26,09:35:00,MU,S,31,110.7350,0
2024-09-26,15:00:00,MU,B,31,109.8900,0
2024-09-26,09:43:00,YMM,S,394,8.9500,0
2024-09-26,15:00:00,YMM,B,394,9.0700,0
2024-09-26,14:47:00,NU,S,256,13.8400,0
2024-09-26,15:00:00,NU,B,256,13.8400,0
2024-09-27,08:41:00,PLUG,B,1648,2.1600,0
2024-09-27,08:54:00,PLUG,S,824,2.2464,0
2024-09-27,08:54:00,PLUG,S,824,2.2384,0
2024-09-27,08:47:00,NIO,B,578,6.1350,0
2024-09-27,09:11:00,NIO,S,289,6.3804,0
2024-09-27,09:11:00,NIO,S,289,6.4187,0
2024-09-27,08:43:00,IQ,B,1236,2.8750,0
2024-09-27,09:12:00,IQ,S,618,2.9900,0
2024-09-27,09:12:00,IQ,S,618,3.0312,0
2024-09-27,09:33:00,IQ,B,1135,3.1600,0
2024-09-27,09:34:00,IQ,S,1135,3.1000,0
2024-09-27,09:19:00,NIO,B,553,6.4800,0
2024-09-27,15:00:00,NIO,S,553,6.5150,0
2024-09-27,09:20:00,PLUG,B,1588,2.2600,0
2024-09-27,15:00:00,PLUG,S,1588,2.2700,0
2024-09-30,09:18:00,GRPN,S,365,9.7700,0
2024-09-30,10:03:00,GRPN,B,365,9.9300,0
2024-09-30,09:47:00,NKTX,B,767,4.6900,0
2024-09-30,10:59:00,NKTX,S,767,4.5600,0
2024-09-30,11:43:00,CAR,B,40,88.0200,0
2024-09-30,13:14:00,CAR,S,40,87.2050,0
2024-09-30,09:21:00,PARR,S,202,17.6750,0
2024-09-30,15:00:00,PARR,B,202,17.6150,0
2024-09-30,09:26:00,BMEA,B,358,10.0900,0
2024-09-30,15:00:00,BMEA,S,358,10.1000,0
2024-09-30,10:11:00,CADL,S,505,7.0500,0
2024-09-30,15:00:00,CADL,B,505,6.8700,0
2024-10-01,08:41:00,KWEB,S,104,34.0550,0
2024-10-01,08:47:00,KWEB,B,104,34.5600,0
2024-10-01,08:41:00,SOXS,B,170,21.0100,0
2024-10-01,09:13:00,SOXS,S,85,21.8504,0
2024-10-01,09:13:00,SOXS,S,85,21.6499,0
2024-10-01,08:55:00,KWEB,B,103,34.6400,0
2024-10-01,09:17:00,KWEB,S,103,34.5100,0
2024-10-01,08:52:00,NIO,B,514,6.9650,0
2024-10-01,10:18:00,NIO,S,514,6.6650,0
2024-10-01,08:57:00,YANG,S,897,3.9400,0
2024-10-01,11:19:00,YANG,B,448,3.7824,0
2024-10-01,11:19:00,YANG,B,449,3.7994,0
2024-10-01,09:28:00,SOXS,B,163,21.9500,0
2024-10-01,13:15:00,SOXS,S,163,21.5600,0
2024-10-01,14:10:00,YANG,S,971,3.6800,0
2024-10-01,15:00:00,YANG,B,971,3.6300,0
2024-10-02,08:43:00,YANG,B,1169,3.0700,0
2024-10-02,09:11:00,YANG,S,1169,2.9700,0
2024-10-02,08:44:00,BEKE,S,143,24.9500,0
2024-10-02,09:24:00,BEKE,B,71,23.9520,0
2024-10-02,09:24:00,BEKE,B,72,24.1795,0
2024-10-02,08:44:00,FXI,S,102,34.6800,0
2024-10-02,14:32:00,FXI,B,102,35.2100,0
2024-10-02,08:43:00,KWEB,S,94,37.9500,0
2024-10-02,15:00:00,KWEB,B,94,38.3800,0
2024-10-02,08:45:00,YMM,S,367,9.7400,0
2024-10-02,15:00:00,YMM,B,367,9.7900,0
2024-10-02,14:49:00,FXI,B,101,35.3550,0
2024-10-02,15:00:00,FXI,S,101,35.5100,0
2024-10-03,08:41:00,NIO,S,526,6.7750,0
2024-10-03,15:00:00,NIO,B,526,6.7150,0
2024-10-07,09:15:00,TIGR,S,273,13.0750,0
2024-10-07,09:20:00,TIGR,B,136,12.5520,0
2024-10-07,09:20:00,TIGR,B,137,12.8338,0
2024-10-07,08:49:00,YANG,S,1407,2.5350,0
2024-10-07,09:20:00,YANG,B,1407,2.5850,0
2024-10-07,08:46:00,SMCI,B,84,42.4600,0
2024-10-07,09:27:00,SMCI,S,42,44.1584,0
2024-10-07,09:27:00,SMCI,S,42,43.9254,0
2024-10-07,08:59:00,ASHR,B,104,34.3000,0
2024-10-07,09:36:00,ASHR,S,104,34.0250,0
2024-10-07,10:07:00,TIGR,S,310,11.5700,0
2024-10-07,10:20:00,TIGR,B,310,11.9600,0
2024-10-07,09:45:00,SMCI,B,77,46.1600,0
2024-10-07,10:23:00,SMCI,S,38,48.0064,0
2024-10-07,10:23:00,SMCI,S,39,47.6757,0
2024-10-07,14:36:00,ASHR,B,101,35.2800,0
2024-10-07,15:00:00,ASHR,S,101,35.4200,0
2024-10-08,08:43:00,ASHR,B,115,31.0950,0
2024-10-08,12:12:00,ASHR,S,115,30.4200,0
2024-10-08,14:27:00,ASHR,S,119,30.0200,0
2024-10-08,14:32:00,ASHR,B,119,30.1200,0
2024-10-08,08:57:00,YANG,B,1101,3.2700,0
2024-10-08,14:33:00,YANG,S,550,3.4008,0
2024-10-08,14:33:00,YANG,S,551,3.4173,0
2024-10-08,08:57:00,FXI,S,108,33.1750,0
2024-10-08,15:00:00,FXI,B,108,33.3500,0
2024-10-08,14:03:00,KWEB,S,103,34.7000,0
2024-10-08,15:00:00,KWEB,B,103,35.0900,0
2024-10-09,08:54:00,CCL,B,184,19.5300,0
2024-10-09,11:10:00,CCL,S,92,20.3112,0
2024-10-09,11:10:00,CCL,S,92,20.2497,0
2024-10-09,08:41:00,ASHR,B,127,28.2300,0
2024-10-09,15:00:00,ASHR,S,127,28.5600,0
2024-10-10,09:02:00,BMEA,S,342,10.4100,0
2024-10-10,10:19:00,BMEA,B,342,10.7500,0
2024-10-10,10:26:00,NN,S,473,7.5650,0
2024-10-10,14:59:00,NN,B,473,7.6850,0
2024-10-10,09:14:00,MXL,B,271,13.3450,0
2024-10-10,15:00:00,MXL,S,271,13.4200,0
2024-10-10,09:16:00,GRPN,B,350,10.3100,0
2024-10-10,15:00:00,GRPN,S,350,10.5600,0
2024-10-10,09:20:00,PARR,B,200,18.0700,0
2024-10-10,15:00:00,PARR,S,200,17.8500,0
2024-10-10,09:41:00,NKTX,S,958,3.7300,0
2024-10-10,15:00:00,NKTX,B,958,3.7000,0
2024-10-10,09:42:00,CAR,S,42,84.3000,0
2024-10-10,15:00:00,CAR,B,42,84.4000,0
2024-10-10,10:07:00,IMAX,B,183,19.6700,0
2024-10-10,15:00:00,IMAX,S,183,20.1800,0
2024-10-11,08:48:00,UBER,B,43,83.4000,0
2024-10-11,14:25:00,UBER,S,21,86.7360,0
2024-10-11,14:25:00,UBER,S,22,86.1560,0
2024-10-14,08:43:00,NIO,S,608,5.9450,0
2024-10-14,15:00:00,NIO,B,608,5.8000,0
2024-10-14,08:44:00,SOFI,B,371,9.7500,0
2024-10-14,15:00:00,SOFI,S,371,10.0500,0
2024-10-15,08:42:00,YANG,B,983,3.7050,0
2024-10-15,11:56:00,YANG,S,491,3.8532,0
2024-10-15,11:56:00,YANG,S,492,3.8330,0
2024-10-15,08:41:00,KWEB,S,111,32.5850,0
2024-10-15,15:00:00,KWEB,B,111,31.8600,0
2024-10-16,08:41:00,AAL,B,292,12.5800,0
2024-10-16,15:00:00,AAL,S,292,12.8950,0
2024-10-17,08:42:00,NIO,S,699,5.2500,0
2024-10-17,15:00:00,NIO,B,699,5.1500,0
2024-10-17,08:48:00,YANG,B,922,3.9800,0
2024-10-17,15:00:00,YANG,S,922,3.9900,0
2024-10-18,09:07:00,NOK,B,808,4.5650,0
2024-10-18,15:00:00,NOK,S,404,4.7476,0
2024-10-18,15:00:00,NOK,S,404,4.7500,0
2024-10-21,13:08:00,GRAB,B,925,3.9950,0
2024-10-21,15:00:00,GRAB,S,925,4.0300,0
2024-10-22,09:20:00,GRPN,B,356,10.4000,0
2024-10-22,09:58:00,GRPN,S,356,10.1800,0
2024-10-22,09:49:00,GPRE,S,333,11.1000,0
2024-10-22,11:31:00,GPRE,B,333,11.3950,0
2024-10-22,10:38:00,BMEA,S,333,11.0500,0
2024-10-22,11:55:00,BMEA,B,333,11.3350,0
2024-10-22,09:35:00,MXL,S,266,13.9050,0
2024-10-22,12:09:00,MXL,B,266,14.2650,0
2024-10-22,13:34:00,IMAX,S,178,20.5550,0
2024-10-22,14:20:00,IMAX,B,178,20.5800,0
2024-10-22,09:15:00,NN,B,390,9.6100,0
2024-10-22,14:34:00,NN,S,195,9.9944,0
2024-10-22,14:34:00,NN,S,195,10.0039,0
2024-10-22,09:18:00,NKTX,S,912,4.0500,0
2024-10-22,14:52:00,NKTX,B,912,4.2000,0
2024-10-22,13:13:00,SPIR,S,409,8.9550,0
2024-10-22,14:55:00,SPIR,B,409,9.1200,0
2024-10-22,14:16:00,NNBR,S,908,4.0400,0
2024-10-22,14:59:00,NNBR,B,908,4.0800,0
2024-10-22,08:51:00,PBM,S,29038,0.1246,0
2024-10-22,15:00:00,PBM,B,14519,0.1196,0
2024-10-22,15:00:00,PBM,B,14519,0.1079,0
2024-10-22,10:26:00,GRPN,S,365,10.1100,0
2024-10-22,15:00:00,GRPN,B,365,9.9600,0
2024-10-22,14:44:00,BMI,S,18,199.8700,0
2024-10-22,15:00:00,BMI,B,18,199.0000,0
2024-10-22,14:58:00,PARR,S,208,17.5450,0
2024-10-22,15:00:00,PARR,B,208,17.4900,0
2024-10-23,09:26:00,NN,B,365,10.1200,0
2024-10-23,12:02:00,NN,S,365,9.9000,0
2024-10-23,09:27:00,MXL,B,249,14.8000,0
2024-10-23,13:08:00,MXL,S,249,14.5900,0
2024-10-23,10:23:00,GRPN,S,379,9.7000,0
2024-10-23,13:21:00,GRPN,B,379,9.8500,0
2024-10-23,09:31:00,GPRE,S,325,11.3000,0
2024-10-23,14:22:00,GPRE,B,162,10.8480,0
2024-10-23,14:22:00,GPRE,B,163,10.8580,0
2024-10-23,13:38:00,NN,B,363,10.1400,0
2024-10-23,14:43:00,NN,S,363,10.0300,0
2024-10-23,09:34:00,PARR,S,217,16.8900,0
2024-10-23,15:00:00,PARR,B,217,16.5200,0
2024-10-23,10:28:00,BMEA,S,326,11.2500,0
2024-10-23,15:00:00,BMEA,B,326,11.3100,0
2024-10-23,14:04:00,RPAY,B,477,7.7150,0
2024-10-23,15:00:00,RPAY,S,477,7.7900,0
2024-10-23,14:24:00,BMI,B,18,201.3400,0
2024-10-23,15:00:00,BMI,S,18,202.6500,0
2024-10-24,08:41:00,TSLL,B,306,12.0700,0
2024-10-24,12:24:00,TSLL,S,153,12.5528,0
2024-10-24,12:24:00,TSLL,S,153,12.6093,0
2024-10-24,08:41:00,TSLA,B,14,249.8900,0
2024-10-24,15:00:00,TSLA,S,7,259.8856,0
2024-10-24,15:00:00,TSLA,S,7,260.4800,0
2024-10-24,13:52:00,TSLL,B,290,12.7900,0
2024-10-24,15:00:00,TSLL,S,290,12.9400,0
2024-10-25,08:48:00,NIO,B,731,5.1000,0
2024-10-25,09:23:00,NIO,S,365,5.3040,0
2024-10-25,09:23:00,NIO,S,366,5.2890,0
2024-10-25,09:40:00,NIO,B,701,5.3400,0
2024-10-25,10:23:00,NIO,S,701,5.2600,0
2024-10-25,08:57:00,JOBY,B,710,5.2500,0
2024-10-25,12:22:00,JOBY,S,710,5.1050,0
2024-10-28,08:47:00,NIO,B,676,5.5100,0
2024-10-28,09:30:00,NIO,S,338,5.7304,0
2024-10-28,09:30:00,NIO,S,338,5.7249,0
2024-10-28,09:04:00,ADT,S,507,7.3400,0
2024-10-28,15:00:00,ADT,B,507,7.3700,0
2024-10-29,08:43:00,SOFI,S,369,9.8400,0
2024-10-29,12:57:00,SOFI,B,369,10.7200,0
2024-10-30,08:56:00,SMCI,B,80,36.2250,0
2024-10-30,09:02:00,SMCI,S,40,37.6740,0
2024-10-30,09:02:00,SMCI,S,40,37.2054,0
2024-10-30,08:45:00,SNAP,B,305,12.1450,0
2024-10-30,09:36:00,SNAP,S,152,12.6308,0
2024-10-30,09:36:00,SNAP,S,153,12.4786,0
2024-10-30,08:41:00,SOFI,B,339,10.9600,0
2024-10-30,14:02:00,SOFI,S,169,11.3984,0
2024-10-30,14:02:00,SOFI,S,170,11.3854,0
2024-10-30,08:41:00,AMD,S,24,149.5000,0
2024-10-30,15:00:00,AMD,B,24,148.6700,0
2024-10-31,08:41:00,SMCI,S,127,29.2700,0
2024-10-31,08:47:00,SMCI,B,63,28.0992,0
2024-10-31,08:47:00,SMCI,B,64,28.0927,0
2024-10-31,08:50:00,UBER,S,51,72.9050,0
2024-10-31,11:18:00,UBER,B,25,69.9888,0
2024-10-31,11:18:00,UBER,B,26,70.5991,0
2024-10-31,08:41:00,LCID,S,1626,2.2900,0
2024-10-31,15:00:00,LCID,B,1626,2.2050,0
2024-10-31,08:46:00,SQQQ,B,510,7.3800,0
2024-10-31,15:00:00,SQQQ,S,510,7.5900,0
2024-11-01,08:42:00,GSAT,S,2172,1.2800,0
2024-11-01,08:47:00,GSAT,B,1086,1.2288,0
2024-11-01,08:47:00,GSAT,B,1086,1.2228,0
2024-11-01,09:22:00,INTC,B,165,23.0700,0
2024-11-01,15:00:00,INTC,S,165,23.2000,0
2024-11-01,09:37:00,AMZN,B,19,200.0000,0
2024-11-01,15:00:00,AMZN,S,19,197.8600,0
2024-11-04,08:42:00,PLUG,B,1736,2.2300,0
2024-11-04,09:25:00,PLUG,S,868,2.3192,0
2024-11-04,09:25:00,PLUG,S,868,2.3527,0
2024-11-04,08:53:00,GSAT,S,2524,1.4800,0
2024-11-04,09:30:00,GSAT,B,2524,1.6000,0
2024-11-05,08:46:00,MQ,S,1018,3.7300,0
2024-11-05,08:59:00,MQ,B,509,3.5808,0
2024-11-05,08:59:00,MQ,B,509,3.6291,0
2024-11-05,08:41:00,PLTR,B,77,48.9600,0
2024-11-05,10:30:00,PLTR,S,38,50.9184,0
2024-11-05,10:30:00,PLTR,S,39,50.6104,0
2024-11-05,13:48:00,PLTR,B,74,51.3500,0
2024-11-05,13:55:00,PLTR,S,74,51.1300,0
2024-11-05,10:10:00,SMCI,B,144,26.4700,0
2024-11-05,14:53:00,SMCI,S,72,27.5288,0
2024-11-05,14:53:00,SMCI,S,72,27.5103,0
2024-11-06,08:42:00,IBIT,B,90,42.6500,0
2024-11-06,08:46:00,IBIT,S,90,42.2750,0
2024-11-06,08:41:00,SQQQ,S,568,6.7600,0
2024-11-06,08:48:00,SQQQ,B,568,6.8800,0
2024-11-06,08:41:00,F,B,348,11.0500,0
2024-11-06,08:51:00,F,S,348,10.9500,0
2024-11-06,08:41:00,INTC,B,155,24.7450,0
2024-11-06,08:52:00,INTC,S,155,24.1100,0
2024-11-06,08:43:00,BAC,B,84,45.3850,0
2024-11-06,08:54:00,BAC,S,84,44.9050,0
2024-11-06,08:46:00,SMCI,S,185,20.6300,0
2024-11-06,09:03:00,SMCI,B,185,21.5800,0
2024-11-06,08:51:00,PLUG,S,1872,2.0450,0
2024-11-06,10:20:00,PLUG,B,936,1.9632,0
2024-11-06,10:20:00,PLUG,B,936,1.9062,0
2024-11-06,08:51:00,XLF,S,78,49.0200,0
2024-11-06,10:42:00,XLF,B,78,49.3200,0
2024-11-06,10:14:00,LCID,S,1785,2.1300,0
2024-11-06,10:43:00,LCID,B,892,2.0448,0
2024-11-06,10:43:00,LCID,B,893,2.0463,0
2024-11-06,09:00:00,CLVT,S,635,4.8750,0
2024-11-06,11:35:00,CLVT,B,317,4.6800,0
2024-11-06,11:35:00,CLVT,B,318,4.7612,0
2024-11-06,08:45:00,IWM,S,16,234.3900,0
2024-11-06,12:46:00,IWM,B,16,236.7300,0
2024-11-06,09:11:00,CX,B,717,5.3050,0
2024-11-06,12:52:00,CX,S,358,5.5172,0
2024-11-06,12:52:00,CX,S,359,5.6719,0
2024-11-06,13:36:00,F,B,344,11.2050,0
2024-11-06,13:44:00,F,S,344,11.1950,0
2024-11-06,14:07:00,MSOS,S,799,4.8200,0
2024-11-06,14:14:00,MSOS,B,799,4.8700,0
2024-11-06,14:54:00,XLF,B,77,49.6300,0
2024-11-06,14:58:00,XLF,S,77,49.5700,0
2024-11-06,08:44:00,NIO,B,767,5.0000,0
2024-11-06,15:00:00,NIO,S,767,5.0050,0
2024-11-06,08:46:00,KRE,B,58,65.3550,0
2024-11-06,15:00:00,KRE,S,58,67.0650,0
2024-11-06,08:46:00,HBAN,B,224,17.1300,0
2024-11-06,15:00:00,HBAN,S,224,17.5200,0
2024-11-06,08:52:00,TSLA,S,13,281.2500,0
2024-11-06,15:00:00,TSLA,B,13,288.5600,0
2024-11-06,08:55:00,WFC,S,53,71.7200,0
2024-11-06,15:00:00,WFC,B,53,72.5300,0
2024-11-06,09:13:00,INTC,B,152,24.8600,0
2024-11-06,15:00:00,INTC,S,152,25.0550,0
2024-11-06,09:18:00,PLTR,B,70,54.2150,0
2024-11-06,15:00:00,PLTR,S,70,55.5000,0
2024-11-06,09:28:00,SQQQ,S,562,6.7500,0
2024-11-06,15:00:00,SQQQ,B,562,6.6400,0
2024-11-06,09:35:00,RIVN,S,392,9.6750,0
2024-11-06,15:00:00,RIVN,B,392,9.7000,0
2024-11-06,13:06:00,IBIT,B,89,42.9850,0
2024-11-06,15:00:00,IBIT,S,89,43.4000,0
2024-11-06,14:25:00,CX,B,672,5.7250,0
2024-11-06,15:00:00,CX,S,672,5.7600,0
2024-11-07,08:41:00,SMCI,B,168,23.0200,0
2024-11-07,09:21:00,SMCI,S,84,23.9408,0
2024-11-07,09:21:00,SMCI,S,84,24.3898,0
2024-11-07,08:44:00,LYFT,B,207,18.7300,0
2024-11-07,09:48:00,LYFT,S,207,18.2300,0
2024-11-07,09:46:00,SMCI,B,157,24.7300,0
2024-11-07,09:51:00,SMCI,S,157,24.4100,0
2024-11-07,08:41:00,WBD,B,410,9.4650,0
2024-11-07,15:00:00,WBD,S,410,9.3750,0
2024-11-07,09:25:00,FXI,B,117,33.1700,0
2024-11-07,15:00:00,FXI,S,117,33.3500,0
2024-11-08,08:44:00,TSLA,B,12,304.8400,0
2024-11-08,09:36:00,TSLA,S,6,317.0336,0
2024-11-08,09:36:00,TSLA,S,6,316.3716,0
2024-11-08,08:41:00,VALE,S,364,10.6400,0
2024-11-08,15:00:00,VALE,B,364,10.6000,0
2024-11-08,08:42:00,FXI,S,121,31.9000,0
2024-11-08,15:00:00,FXI,B,121,31.5050,0
2024-11-08,08:48:00,SOFI,B,320,12.1250,0
2024-11-08,15:00:00,SOFI,S,160,12.6100,0
2024-11-08,15:00:00,SOFI,S,160,13.0000,0
2024-11-08,08:51:00,KWEB,S,119,32.5600,0
2024-11-08,15:00:00,KWEB,B,119,32.0100,0
2024-11-08,09:29:00,PINS,S,133,28.9500,0
2024-11-08,15:00:00,PINS,B,133,29.1700,0
2024-11-11,08:42:00,TSLA,B,11,349.8600,0
2024-11-11,08:44:00,TSLA,S,11,341.6600,0
2024-11-11,08:41:00,TSLL,B,175,22.4200,0
2024-11-11,08:44:00,TSLL,S,175,21.5000,0
2024-11-11,08:42:00,MSOS,S,831,4.7250,0
2024-11-11,08:52:00,MSOS,B,415,4.5360,0
2024-11-11,08:52:00,MSOS,B,416,4.4873,0
2024-11-11,10:18:00,TSLA,B,11,354.4100,0
2024-11-11,10:35:00,TSLA,S,11,351.6500,0
2024-11-11,09:18:00,MSOS,S,882,4.4400,0
2024-11-11,11:13:00,MSOS,B,441,4.2624,0
2024-11-11,11:13:00,MSOS,B,441,4.2994,0
2024-11-11,08:41:00,RIOT,B,262,15.0250,0
2024-11-11,13:03:00,RIOT,S,131,15.6260,0
2024-11-11,13:03:00,RIOT,S,131,15.6647,0
2024-11-11,13:07:00,RIOT,B,250,15.8150,0
2024-11-11,13:12:00,RIOT,S,250,15.6500,0
2024-11-11,09:00:00,IBIT,B,83,47.1500,0
2024-11-11,13:12:00,IBIT,S,41,49.0360,0
2024-11-11,13:12:00,IBIT,S,42,48.9585,0
2024-11-11,09:12:00,SOFI,B,276,14.1900,0
2024-11-11,15:00:00,SOFI,S,276,14.1200,0
2024-11-11,09:55:00,LCID,B,1660,2.3800,0
2024-11-11,15:00:00,LCID,S,1660,2.3500,0
2024-11-11,13:37:00,IBIT,B,80,49.4300,0
2024-11-11,15:00:00,IBIT,S,80,49.5900,0
2024-11-12,08:41:00,GRAB,B,838,4.7200,0
2024-11-12,10:40:00,GRAB,S,419,4.9088,0
2024-11-12,10:40:00,GRAB,S,419,4.8828,0
2024-11-12,08:45:00,LCID,S,1768,2.2350,0
2024-11-12,13:31:00,LCID,B,884,2.1456,0
2024-11-12,13:31:00,LCID,B,884,2.1523,0
2024-11-12,08:54:00,NIO,S,832,4.7350,0
2024-11-12,15:00:00,NIO,B,832,4.5800,0
2024-11-13,08:41:00,RIVN,B,298,12.5800,0
2024-11-13,08:45:00,RIVN,S,149,13.0832,0
2024-11-13,08:45:00,RIVN,S,149,12.9742,0
2024-11-13,08:51:00,ZETA,B,141,28.3800,0
2024-11-13,09:24:00,ZETA,S,141,27.0900,0
2024-11-13,09:32:00,WBD,B,416,9.6100,0
2024-11-13,15:00:00,WBD,S,416,9.7150,0
2024-11-14,08:41:00,RIVN,S,342,11.6200,0
2024-11-14,11:21:00,RIVN,B,171,11.1552,0
2024-11-14,11:21:00,RIVN,B,171,11.1762,0
2024-11-14,08:42:00,HIMS,S,168,23.2300,0
2024-11-14,11:36:00,HIMS,B,84,22.3008,0
2024-11-14,11:36:00,HIMS,B,84,22.4623,0
2024-11-14,08:50:00,LCID,S,1853,2.1500,0
2024-11-14,15:00:00,LCID,B,1853,2.0800,0
2024-11-15,08:42:00,PLTR,B,63,63.2000,0
2024-11-15,08:54:00,PLTR,S,63,62.6900,0
2024-11-15,08:41:00,SOXL,B,144,28.0900,0
2024-11-15,09:36:00,SOXL,S,144,27.5500,0
2024-11-15,08:43:00,PLUG,S,2059,1.9500,0
2024-11-15,13:05:00,PLUG,B,1029,1.8720,0
2024-11-15,13:05:00,PLUG,B,1030,1.8695,0
2024-11-15,08:43:00,WBD,S,418,9.6450,0
2024-11-15,13:15:00,WBD,B,209,9.2592,0
2024-11-15,13:15:00,WBD,B,209,9.1965,0
2024-11-15,08:42:00,BE,S,84,18.4850,0
2024-11-15,15:00:00,BE,B,84,21.1400,0
2024-11-15,09:25:00,NU,S,279,14.4200,0
2024-11-15,15:00:00,NU,B,279,14.0600,0
2024-11-15,10:04:00,SOXL,S,147,27.2900,0
2024-11-15,15:00:00,SOXL,B,147,26.7100,0
2024-11-18,08:45:00,SMCI,B,181,22.4000,0
2024-11-18,08:49:00,SMCI,S,181,21.8300,0
2024-11-18,08:46:00,MARA,S,207,19.4250,0
2024-11-18,09:30:00,MARA,B,207,20.0450,0
2024-11-18,08:41:00,PLTR,S,66,61.1200,0
2024-11-18,15:00:00,PLTR,B,66,61.2550,0
2024-11-18,08:44:00,GRAB,B,845,4.8100,0
2024-11-18,15:00:00,GRAB,S,845,4.9850,0
2024-11-18,08:49:00,LCID,B,1904,2.1300,0
2024-11-18,15:00:00,LCID,S,1904,2.1400,0
2024-11-18,14:51:00,MARA,S,226,17.8050,0
2024-11-18,15:00:00,MARA,B,226,18.1050,0
2024-11-19,08:50:00,SMCI,B,148,27.4100,0
2024-11-19,08:55:00,SMCI,S,74,28.5064,0
2024-11-19,08:55:00,SMCI,S,74,27.9679,0
2024-11-19,09:32:00,NOK,B,918,4.4250,0
2024-11-19,09:50:00,NOK,S,918,4.4100,0
2024-11-19,10:47:00,NOK,S,984,4.1250,0
2024-11-19,10:53:00,NOK,B,492,3.9600,0
2024-11-19,10:53:00,NOK,B,492,3.9712,0
2024-11-19,08:43:00,GRAB,B,803,5.0500,0
2024-11-19,11:30:00,GRAB,S,401,5.2520,0
2024-11-19,11:30:00,GRAB,S,402,5.3495,0
2024-11-19,13:34:00,GRAB,B,740,5.5250,0
2024-11-19,14:42:00,GRAB,S,740,5.4750,0
2024-11-20,08:41:00,TGT,S,32,124.0000,0
2024-11-20,15:00:00,TGT,B,32,121.6900,0
2024-11-21,08:51:00,MSTZ,B,4448,0.6736,0
2024-11-21,08:53:00,MSTZ,S,2224,0.7005,0
2024-11-21,08:53:00,MSTZ,S,2224,0.6996,0
2024-11-21,08:51:00,MSTR,S,7,515.2200,0
2024-11-21,08:55:00,MSTR,B,3,494.6112,0
2024-11-21,08:55:00,MSTR,B,4,497.7300,0
2024-11-21,09:00:00,MSTR,S,8,487.4100,0
2024-11-21,09:04:00,MSTR,B,4,467.9136,0
2024-11-21,09:04:00,MSTR,B,4,478.4811,0
2024-11-21,08:41:00,MARA,S,167,24.4100,0
2024-11-21,09:06:00,MARA,B,83,23.4336,0
2024-11-21,09:06:00,MARA,B,84,23.4041,0
2024-11-21,14:49:00,MSTZ,B,3668,1.1300,0
2024-11-21,14:55:00,MSTZ,S,3668,1.0700,0
2024-11-22,08:41:00,GRAB,S,782,5.2700,0
2024-11-22,10:28:00,GRAB,B,391,5.0592,0
2024-11-22,10:28:00,GRAB,B,391,5.0527,0
2024-11-22,08:42:00,PBR,B,283,14.5500,0
2024-11-22,15:00:00,PBR,S,283,14.8900,0
2024-11-25,08:40:00,RGTI,B,1500,2.7650,0
2024-11-25,08:41:00,RGTI,S,750,2.8756,0
2024-11-25,08:41:00,RGTI,S,750,2.9524,0
2024-11-25,08:41:00,MSTZ,B,2713,1.0100,0
2024-11-25,08:48:00,MSTZ,S,1356,1.0504,0
2024-11-25,08:48:00,MSTZ,S,1357,1.0599,0
2024-11-25,08:50:00,SMCI,B,112,37.2700,0
2024-11-25,08:56:00,SMCI,S,56,38.7608,0
2024-11-25,08:56:00,SMCI,S,56,38.4332,0
2024-11-25,08:45:00,RIVN,B,383,10.8900,0
2024-11-25,09:36:00,RIVN,S,191,11.3256,0
2024-11-25,09:36:00,RIVN,S,192,11.6211,0
2024-11-25,08:49:00,OPEN,B,1902,2.2150,0
2024-11-25,09:36:00,OPEN,S,951,2.3036,0
2024-11-25,09:36:00,OPEN,S,951,2.3178,0
2024-11-25,10:18:00,OPEN,B,1770,2.3950,0
2024-11-25,10:23:00,OPEN,S,1770,2.3850,0
2024-11-25,09:20:00,PLUG,B,2032,2.0700,0
2024-11-25,10:33:00,PLUG,S,1016,2.1528,0
2024-11-25,10:33:00,PLUG,S,1016,2.1443,0
2024-11-25,09:59:00,RIVN,B,361,11.7300,0
2024-11-25,13:39:00,RIVN,S,361,11.4050,0
2024-11-26,08:46:00,MSTZ,S,3572,1.0600,0
2024-11-26,10:12:00,MSTZ,B,3572,1.1700,0
2024-11-26,08:41:00,NIO,S,955,4.4300,0
2024-11-26,15:00:00,NIO,B,955,4.3200,0
2024-11-27,08:55:00,MSTZ,S,4130,1.0200,0
2024-11-27,09:21:00,MSTZ,B,4130,1.0700,0
2024-11-29,10:25:00,BMI,S,19,215.9800,0
2024-11-29,11:50:00,BMI,B,19,217.6550,0
2024-11-29,08:52:00,NN,B,237,17.7700,0
2024-11-29,15:00:00,NN,S,237,17.3900,0
2024-11-29,09:03:00,RPAY,S,511,8.1800,0
2024-11-29,15:00:00,RPAY,B,511,8.1000,0
2024-11-29,09:15:00,EVTL,B,279,10.0400,0
2024-11-29,15:00:00,EVTL,S,279,10.0950,0
2024-11-29,09:27:00,IMAX,B,159,26.4500,0
2024-11-29,15:00:00,IMAX,S,159,26.2900,0
2024-11-29,09:39:00,NKTX,S,1471,2.8400,0
2024-11-29,15:00:00,NKTX,B,1471,2.8750,0
2024-11-29,09:56:00,PARR,B,242,17.2800,0
2024-11-29,15:00:00,PARR,S,242,17.4200,0
2024-11-29,10:17:00,GPRE,B,386,10.9650,0
2024-11-29,15:00:00,GPRE,S,386,10.7900,0
2024-11-29,10:30:00,CAR,S,38,109.0300,0
2024-11-29,15:00:00,CAR,B,38,108.8800,0
2024-12-02,08:43:00,PCG,B,200,20.8000,0
2024-12-02,08:53:00,PCG,S,200,20.5250,0
2024-12-02,08:45:00,SMCI,S,114,36.3750,0
2024-12-02,09:23:00,SMCI,B,114,37.8200,0
2024-12-02,09:03:00,PCG,S,203,20.5250,0
2024-12-02,13:12:00,PCG,B,203,20.6450,0
2024-12-02,11:24:00,MARA,S,164,25.2600,0
2024-12-02,13:13:00,MARA,B,82,24.2496,0
2024-12-02,13:13:00,MARA,B,82,24.0726,0
2024-12-03,09:11:00,NIO,B,916,4.5550,0
2024-12-03,10:27:00,NIO,S,458,4.7372,0
2024-12-03,10:27:00,NIO,S,458,4.7344,0
2024-12-03,09:07:00,PLUG,S,1921,2.1700,0
2024-12-03,13:30:00,PLUG,B,960,2.0832,0
2024-12-03,13:30:00,PLUG,B,961,2.0917,0
2024-12-03,08:41:00,INTC,S,179,23.2500,0
2024-12-03,15:00:00,INTC,B,179,22.4800,0
2024-12-03,09:00:00,ABEV,B,1861,2.2500,0
2024-12-03,15:00:00,ABEV,S,1861,2.3050,0
2024-12-04,08:41:00,MRVL,B,36,115.8400,0
2024-12-04,15:00:00,MRVL,S,36,118.1600,0
2024-12-05,08:41:00,SOUN,B,284,11.6400,0
2024-12-05,09:11:00,SOUN,S,142,12.1056,0
2024-12-05,09:11:00,SOUN,S,142,12.1386,0
2024-12-05,08:41:00,INTC,S,193,21.9000,0
2024-12-05,09:26:00,INTC,B,96,21.0240,0
2024-12-05,09:26:00,INTC,B,97,20.8840,0
2024-12-05,09:19:00,SOUN,B,346,12.3000,0
2024-12-05,09:47:00,SOUN,S,173,12.7920,0
2024-12-05,09:47:00,SOUN,S,173,12.6611,0
2024-12-05,08:50:00,PLUG,S,2035,2.0700,0
2024-12-05,09:58:00,PLUG,B,2035,2.1600,0
2024-12-05,08:41:00,UBER,S,59,71.4300,0
2024-12-05,11:11:00,UBER,B,29,68.5728,0
2024-12-05,11:11:00,UBER,B,30,67.5743,0
2024-12-05,13:04:00,UBER,S,65,65.7200,0
2024-12-05,13:39:00,UBER,B,65,66.0000,0
2024-12-05,09:51:00,AAL,B,258,16.6350,0
2024-12-05,13:50:00,AAL,S,129,17.3004,0
2024-12-05,13:50:00,AAL,S,129,17.5636,0
2024-12-05,14:22:00,AAL,B,241,17.7800,0
2024-12-05,14:42:00,AAL,S,241,17.5550,0
2024-12-06,08:47:00,LCID,B,2016,2.1300,0
2024-12-06,09:46:00,LCID,S,1008,2.2152,0
2024-12-06,09:46:00,LCID,S,1008,2.2387,0
2024-12-06,09:50:00,LCID,B,1909,2.2600,0
2024-12-06,11:09:00,LCID,S,1909,2.2250,0
2024-12-09,08:41:00,PLUG,B,1663,2.6300,0
2024-12-09,08:53:00,PLUG,S,831,2.7352,0
2024-12-09,08:53:00,PLUG,S,832,2.7237,0
2024-12-09,08:41:00,CMCSA,S,102,41.9350,0
2024-12-09,08:56:00,CMCSA,B,51,40.2576,0
2024-12-09,08:56:00,CMCSA,B,51,40.5294,0
2024-12-09,08:41:00,LCID,B,1716,2.5200,0
2024-12-09,09:04:00,LCID,S,858,2.6208,0
2024-12-09,09:04:00,LCID,S,858,2.6148,0
2024-12-09,09:03:00,PLUG,B,1526,2.8500,0
2024-12-09,09:05:00,PLUG,S,1526,2.8000,0
2024-12-09,08:46:00,MSTZ,S,4475,0.9512,0
2024-12-09,09:15:00,MSTZ,B,4475,0.9988,0
2024-12-09,08:58:00,RIOT,B,359,12.1250,0
2024-12-09,13:42:00,RIOT,S,359,11.4450,0
2024-12-09,08:41:00,VALE,B,440,9.8000,0
2024-12-09,15:00:00,VALE,S,440,9.8450,0
2024-12-09,08:41:00,KWEB,B,126,34.1850,0
2024-12-09,15:00:00,KWEB,S,126,34.2100,0
2024-12-09,08:41:00,FXI,B,130,33.1400,0
2024-12-09,15:00:00,FXI,S,130,33.2600,0
2024-12-09,08:41:00,NIO,B,825,5.2500,0
2024-12-09,15:00:00,NIO,S,825,5.1850,0
2024-12-09,08:42:00,ASHR,B,147,29.1950,0
2024-12-09,15:00:00,ASHR,S,147,29.2100,0
2024-12-09,09:56:00,IQ,B,1721,2.5150,0
2024-12-09,15:00:00,IQ,S,1721,2.4800,0
2024-12-09,10:15:00,CMCSA,S,108,39.9200,0
2024-12-09,15:00:00,CMCSA,B,108,39.0550,0
2024-12-10,08:42:00,RGTI,B,847,5.0800,0
2024-12-10,08:50:00,RGTI,S,423,5.2832,0
2024-12-10,08:50:00,RGTI,S,424,5.2492,0
2024-12-10,08:44:00,MSTZ,S,4120,1.0350,0
2024-12-10,09:25:00,MSTZ,B,4120,1.0800,0
2024-12-10,08:44:00,LCID,S,1750,2.4550,0
2024-12-10,09:35:00,LCID,B,875,2.3568,0
2024-12-10,09:35:00,LCID,B,875,2.3645,0
2024-12-11,09:01:00,RGTI,S,277,6.7000,0
2024-12-11,09:03:00,RGTI,B,138,6.4320,0
2024-12-11,09:03:00,RGTI,B,139,6.5961,0
2024-12-11,09:02:00,UBER,S,69,62.5000,0
2024-12-11,15:00:00,UBER,B,69,61.2100,0
2024-12-12,08:41:00,WBD,B,361,12.0200,0
2024-12-12,09:05:00,WBD,S,180,12.5008,0
2024-12-12,09:05:00,WBD,S,181,12.4248,0
2024-12-13,08:43:00,AVGO,B,19,217.7400,0
2024-12-13,14:37:00,AVGO,S,9,226.4496,0
2024-12-13,14:37:00,AVGO,S,10,226.3226,0
2024-12-16,08:58:00,KOS,S,1521,2.8700,0
2024-12-16,09:21:00,KOS,B,760,2.7552,0
2024-12-16,09:21:00,KOS,B,761,2.7387,0
2024-12-16,08:42:00,AVGO,B,18,239.2900,0
2024-12-16,12:50:00,AVGO,S,9,248.8616,0
2024-12-16,12:50:00,AVGO,S,9,247.5771,0
2024-12-16,13:27:00,AVGO,B,17,251.4850,0
2024-12-16,13:30:00,AVGO,S,17,250.2800,0
2024-12-17,08:41:00,RGTI,B,467,9.6000,0
2024-12-17,09:20:00,RGTI,S,467,8.6900,0
2024-12-17,08:41:00,EVGO,S,956,4.5750,0
2024-12-17,09:41:00,EVGO,B,478,4.3920,0
2024-12-17,09:41:00,EVGO,B,478,4.4058,0
2024-12-17,08:52:00,TSLZ,S,2221,1.9400,0
2024-12-17,10:53:00,TSLZ,B,2221,2.0650,0
2024-12-17,10:14:00,TEVA,B,218,20.0450,0
2024-12-17,12:20:00,TEVA,S,109,20.8468,0
2024-12-17,12:20:00,TEVA,S,109,20.7596,0
2024-12-17,13:42:00,TEVA,B,207,21.0350,0
2024-12-17,13:51:00,TEVA,S,207,20.9450,0
2024-12-18,08:41:00,QUBT,B,104,22.2000,0
2024-12-18,08:46:00,QUBT,S,52,23.0880,0
2024-12-18,08:46:00,QUBT,S,52,22.9180,0
2024-12-18,08:41:00,QBTS,B,261,9.8200,0
2024-12-18,08:46:00,QBTS,S,130,10.2128,0
2024-12-18,08:46:00,QBTS,S,131,10.1418,0
2024-12-18,08:50:00,INTC,B,213,20.5500,0
2024-12-18,09:06:00,INTC,S,213,20.3900,0
2024-12-18,08:46:00,TSLZ,S,2157,2.0200,0
2024-12-18,10:58:00,TSLZ,B,1078,1.9392,0
2024-12-18,10:58:00,TSLZ,B,1079,1.8802,0
2024-12-18,10:25:00,LCID,B,1596,2.7400,0
2024-12-18,11:38:00,LCID,S,798,2.8496,0
2024-12-18,11:38:00,LCID,S,798,2.8326,0
2024-12-18,08:41:00,NU,S,380,11.4300,0
2024-12-18,13:13:00,NU,B,190,10.9728,0
2024-12-18,13:13:00,NU,B,190,10.7643,0
2024-12-18,13:16:00,INTC,S,219,20.1700,0
2024-12-18,13:22:00,INTC,B,219,20.2200,0
2024-12-18,14:18:00,TSLZ,B,2029,2.1900,0
2024-12-18,14:43:00,TSLZ,S,1014,2.2776,0
2024-12-18,14:43:00,TSLZ,S,1015,2.3057,0
2024-12-18,08:44:00,BBD,S,2259,1.9250,0
2024-12-18,14:49:00,BBD,B,1129,1.8480,0
2024-12-18,14:49:00,BBD,B,1130,1.8593,0
2024-12-18,08:44:00,EWZ,S,185,23.4700,0
2024-12-18,14:53:00,EWZ,B,92,22.5312,0
2024-12-18,14:53:00,EWZ,B,93,22.4997,0
2024-12-18,08:41:00,ITUB,S,854,5.1050,0
2024-12-18,15:00:00,ITUB,B,854,4.9600,0
2024-12-18,13:54:00,NU,S,418,10.6000,0
2024-12-18,15:00:00,NU,B,418,10.4300,0
2024-12-19,08:41:00,MU,S,52,85.6350,0
2024-12-19,15:00:00,MU,B,52,86.9200,0
2024-12-20,08:57:00,LCID,B,1670,2.7250,0
2024-12-20,09:36:00,LCID,S,835,2.8340,0
2024-12-20,09:36:00,LCID,S,835,2.8428,0
2024-12-20,08:56:00,PLTR,B,60,73.8400,0
2024-12-20,10:53:00,PLTR,S,30,76.7936,0
2024-12-20,10:53:00,PLTR,S,30,77.2516,0
2024-12-20,10:01:00,LCID,B,1548,2.9200,0
2024-12-20,12:09:00,LCID,S,774,3.0368,0
2024-12-20,12:09:00,LCID,S,774,3.0358,0
2024-12-23,08:51:00,CADL,S,562,8.0000,0
2024-12-23,15:00:00,CADL,B,562,8.3100,0
2024-12-23,09:09:00,RPAY,S,588,7.7400,0
2024-12-23,15:00:00,RPAY,B,588,7.7400,0
2024-12-24,08:41:00,LCID,B,1371,3.3200,0
2024-12-24,15:00:00,LCID,S,1371,3.1900,0
2024-12-26,09:39:00,EVTL,B,131,11.8650,0
2024-12-26,10:42:00,EVTL,S,65,12.3396,0
2024-12-26,10:42:00,EVTL,S,66,12.4764,0
2024-12-26,13:44:00,PBM,B,1834,2.4700,0
2024-12-26,14:27:00,PBM,S,1834,2.4500,0
2024-12-26,09:13:00,CADL,B,498,9.0700,0
2024-12-26,15:00:00,CADL,S,498,9.1600,0
2024-12-26,09:19:00,MXL,B,221,20.5050,0
2024-12-26,15:00:00,MXL,S,221,21.0200,0
2024-12-26,09:39:00,ELDN,B,1078,4.2350,0
2024-12-26,15:00:00,ELDN,S,1078,4.3600,0
2024-12-26,09:47:00,IMAX,B,179,25.2800,0
2024-12-26,15:00:00,IMAX,S,179,25.3600,0
2024-12-26,09:52:00,NN,B,282,16.1100,0
2024-12-26,15:00:00,NN,S,141,16.7544,0
2024-12-26,15:00:00,NN,S,141,16.6800,0
2024-12-26,10:05:00,PARR,B,280,16.1550,0
2024-12-26,15:00:00,PARR,S,280,16.3400,0
2024-12-26,10:52:00,GRPN,B,381,11.8750,0
2024-12-26,15:00:00,GRPN,S,381,12.0100,0
2024-12-26,13:15:00,GPRE,B,491,9.2500,0
2024-12-26,15:00:00,GPRE,S,491,9.3300,0
2024-12-26,14:45:00,SHMD,S,1401,3.2050,0
2024-12-26,15:00:00,SHMD,B,1401,3.2200,0
2024-12-26,14:56:00,IFRX,B,1757,2.6000,0
2024-12-26,15:00:00,IFRX,S,1757,2.6100,0
2024-12-26,14:56:00,ACHV,B,1194,3.7900,0
2024-12-26,15:00:00,ACHV,S,1194,3.8000,0
2024-12-26,14:56:00,MYSE,B,2433,1.8700,0
2024-12-26,15:00:00,MYSE,S,2433,1.8700,0
2024-12-26,14:59:00,NNBR,B,1330,3.4500,0
2024-12-26,15:00:00,NNBR,S,1330,3.4500,0
2024-12-27,08:41:00,UVIX,B,1494,3.0700,0
2024-12-27,08:48:00,UVIX,S,1494,3.0500,0
2024-12-27,08:44:00,QSI,S,1288,3.0800,0
2024-12-27,08:56:00,QSI,B,1288,3.3850,0
2024-12-27,08:55:00,UVIX,B,1479,3.1000,0
2024-12-27,09:06:00,UVIX,S,739,3.2240,0
2024-12-27,09:06:00,UVIX,S,740,3.2490,0
2024-12-27,08:54:00,TSLZ,B,2173,2.1100,0
2024-12-27,09:21:00,TSLZ,S,1086,2.1944,0
2024-12-27,09:21:00,TSLZ,S,1087,2.2089,0
2024-12-30,09:45:00,ELDN,B,1080,4.2450,0
2024-12-30,10:41:00,ELDN,S,1080,4.1900,0
2024-12-30,09:26:00,GPRE,S,510,8.9600,0
2024-12-30,11:35:00,GPRE,B,510,9.0600,0
2024-12-30,09:25:00,RPAY,S,602,7.6100,0
2024-12-30,11:54:00,RPAY,B,602,7.6700,0
2024-12-30,09:28:00,CADL,S,546,8.3900,0
2024-12-30,12:14:00,CADL,B,273,8.0544,0
2024-12-30,12:14:00,CADL,B,273,8.1239,0
2024-12-30,10:02:00,GRPN,B,392,11.7700,0
2024-12-30,12:24:00,GRPN,S,196,12.2408,0
2024-12-30,12:24:00,GRPN,S,196,12.2223,0
2024-12-30,09:23:00,BMEA,S,1208,3.7700,0
2024-12-30,13:14:00,BMEA,B,1208,3.9300,0
2024-12-30,14:36:00,GPRE,S,519,8.8300,0
2024-12-30,14:51:00,GPRE,B,519,8.8800,0
2024-12-30,10:11:00,IMAX,B,182,25.3450,0
2024-12-30,14:56:00,IMAX,S,182,24.8700,0
2024-12-30,09:33:00,CAR,B,59,77.8800,0
2024-12-30,15:00:00,CAR,S,59,78.8800,0
2024-12-30,09:54:00,NN,B,279,16.4300,0
2024-12-30,15:00:00,NN,S,279,16.6100,0
2024-12-30,11:03:00,PBM,B,2161,2.2400,0
2024-12-30,15:00:00,PBM,S,2161,2.1900,0
2024-12-30,14:57:00,VOR,S,2816,1.1800,0
2024-12-30,15:00:00,VOR,B,2816,1.1850,0
2024-12-30,14:59:00,FRMM,S,2359,1.9400,0
2024-12-30,15:00:00,FRMM,B,2359,1.9400,0
2024-12-31,08:48:00,GRPN,B,374,12.2700,0
2024-12-31,09:53:00,GRPN,S,374,12.0100,0
2024-12-31,09:37:00,NKTX,B,1918,2.4150,0
2024-12-31,10:06:00,NKTX,S,1918,2.3500,0
2024-12-31,10:07:00,VOR,S,3649,1.0950,0
2024-12-31,11:07:00,VOR,B,1824,1.0512,0
2024-12-31,11:07:00,VOR,B,1825,1.0610,0
2024-12-31,09:05:00,CADL,B,567,8.1050,0
2024-12-31,11:47:00,CADL,S,283,8.4292,0
2024-12-31,11:47:00,CADL,S,284,8.3689,0
2024-12-31,10:23:00,GRPN,S,380,11.9800,0
2024-12-31,13:27:00,GRPN,B,380,12.1100,0
2024-12-31,09:05:00,GPRE,B,485,9.5750,0
2024-12-31,15:00:00,GPRE,S,485,9.4800,0
2024-12-31,09:16:00,NN,S,285,15.8750,0
2024-12-31,15:00:00,NN,B,285,15.5600,0
2024-12-31,09:32:00,PARR,B,276,16.5400,0
2024-12-31,15:00:00,PARR,S,276,16.3900,0
2024-12-31,09:45:00,IMAX,B,181,25.3000,0
2024-12-31,15:00:00,IMAX,S,181,25.5900,0
2024-12-31,09:55:00,NNBR,S,1323,3.3800,0
2024-12-31,15:00:00,NNBR,B,1323,3.2700,0
2024-12-31,10:05:00,MXL,S,229,19.8600,0
2024-12-31,15:00:00,MXL,B,229,19.7800,0
2024-12-31,13:18:00,CADL,B,534,8.5750,0
2024-12-31,15:00:00,CADL,S,534,8.6750,0
2024-12-31,13:49:00,RPAY,S,598,7.6100,0
2024-12-31,15:00:00,RPAY,B,598,7.6300,0
2024-12-31,13:53:00,SPIR,S,321,14.2050,0
2024-12-31,15:00:00,SPIR,B,321,14.0700,0
2024-12-31,14:30:00,EVTL,S,192,12.5150,0
2024-12-31,15:00:00,EVTL,B,192,12.5800,0
2024-12-31,14:48:00,NKTX,B,1831,2.5000,0
2024-12-31,15:00:00,NKTX,S,1831,2.5000,0
2024-12-31,14:57:00,LZM,S,655,6.9300,0
2024-12-31,15:00:00,LZM,B,655,6.9500,0
2024-12-31,14:57:00,PBM,S,2154,2.1000,0
2024-12-31,15:00:00,PBM,B,2154,2.1200,0
2025-01-02,08:56:00,NKTX,S,1841,2.4850,0
2025-01-02,09:19:00,NKTX,B,1841,2.5300,0
2025-01-02,09:48:00,ELDN,B,1061,4.3300,0
2025-01-02,11:09:00,ELDN,S,530,4.5032,0
2025-01-02,11:09:00,ELDN,S,531,4.5917,0
2025-01-02,09:46:00,BMEA,S,1190,3.8550,0
2025-01-02,13:00:00,BMEA,B,595,3.7008,0
2025-01-02,13:00:00,BMEA,B,595,3.6885,0
2025-01-02,10:31:00,EVTL,S,402,11.4300,0
2025-01-02,14:20:00,EVTL,B,201,10.9728,0
2025-01-02,14:20:00,EVTL,B,201,10.6689,0
2025-01-02,12:55:00,FRMM,S,2792,1.6350,0
2025-01-02,14:25:00,FRMM,B,2792,1.7600,0
2025-01-02,09:34:00,CADL,B,539,8.5400,0
2025-01-02,14:41:00,CADL,S,269,8.8816,0
2025-01-02,14:41:00,CADL,S,270,8.8646,0
2025-01-02,08:47:00,GPRE,B,468,9.9000,0
2025-01-02,15:00:00,GPRE,S,468,9.9200,0
2025-01-02,09:04:00,NN,B,292,15.8150,0
2025-01-02,15:00:00,NN,S,292,15.9200,0
2025-01-02,09:16:00,CAR,S,56,80.5500,0
2025-01-02,15:00:00,CAR,B,56,80.4100,0
2025-01-02,09:41:00,GRPN,S,376,12.1650,0
2025-01-02,15:00:00,GRPN,B,376,11.9900,0
2025-01-02,09:48:00,MXL,S,233,19.6600,0
2025-01-02,15:00:00,MXL,B,233,19.5500,0
2025-01-02,10:20:00,PARR,S,277,16.5550,0
2025-01-02,15:00:00,PARR,B,277,16.7000,0
2025-01-02,10:23:00,IMAX,S,182,25.1500,0
2025-01-02,15:00:00,IMAX,B,182,25.0600,0
2025-01-02,10:57:00,ACHV,B,1237,3.7450,0
2025-01-02,15:00:00,ACHV,S,1237,3.7000,0
2025-01-02,13:46:00,BMI,S,21,210.6650,0
2025-01-02,15:00:00,BMI,B,21,210.2200,0
2025-01-02,14:10:00,NNBR,S,1493,3.1000,0
2025-01-02,15:00:00,NNBR,B,1493,3.1900,0
2025-01-03,08:41:00,RIVN,B,285,15.1050,0
2025-01-03,09:07:00,RIVN,S,142,15.7092,0
2025-01-03,09:07:00,RIVN,S,143,15.6389,0
2025-01-03,10:01:00,RIVN,B,287,16.2000,0
2025-01-03,10:26:00,RIVN,S,287,16.0650,0
2025-01-03,10:21:00,PLUG,B,1895,2.4550,0
2025-01-03,14:01:00,PLUG,S,947,2.5532,0
2025-01-03,14:01:00,PLUG,S,948,2.5804,0
2025-01-03,09:01:00,LCID,B,1462,3.1900,0
2025-01-03,14:31:00,LCID,S,731,3.3176,0
2025-01-03,14:31:00,LCID,S,731,3.3281,0
2025-01-03,14:27:00,PLUG,B,1793,2.6200,0
2025-01-03,14:31:00,PLUG,S,1793,2.6050,0
2025-01-06,08:45:00,PLUG,B,1644,2.8500,0
2025-01-06,08:50:00,PLUG,S,1644,2.7450,0
2025-01-06,08:41:00,FUBO,S,500,3.1600,0
2025-01-06,10:01:00,FUBO,B,500,3.9600,0
2025-01-07,08:54:00,NVDA,S,31,148.7450,0
2025-01-07,09:52:00,NVDA,B,15,142.7952,0
2025-01-07,09:52:00,NVDA,B,16,141.9775,0
2025-01-07,08:41:00,FUBO,B,430,6.3100,0
2025-01-07,11:33:00,FUBO,S,430,5.2500,0
2025-01-08,08:45:00,SANA,S,266,5.8000,0
2025-01-08,08:45:00,SANA,B,133,5.5680,0
2025-01-08,08:45:00,SANA,B,133,5.8000,0
2025-01-08,08:41:00,RGTI,S,172,10.7500,0
2025-01-08,08:46:00,RGTI,B,86,10.3200,0
2025-01-08,08:46:00,RGTI,B,86,10.2275,0
2025-01-08,08:46:00,QBTS,S,822,5.6000,0
2025-01-08,08:50:00,QBTS,B,411,5.3760,0
2025-01-08,08:50:00,QBTS,B,411,5.6000,0
2025-01-10,08:50:00,GRPN,S,389,11.8600,0
2025-01-10,09:17:00,GRPN,B,389,11.9600,0
2025-01-10,09:01:00,GPRE,S,470,9.7650,0
2025-01-10,10:02:00,GPRE,B,235,9.3744,0
2025-01-10,10:02:00,GPRE,B,235,9.3377,0
2025-01-10,08:53:00,NN,S,384,11.9700,0
2025-01-10,11:16:00,NN,B,192,11.4912,0
2025-01-10,11:16:00,NN,B,192,11.5497,0
2025-01-10,09:32:00,BMEA,S,1164,3.9650,0
2025-01-10,15:00:00,BMEA,B,1164,3.9700,0
2025-01-10,09:37:00,IMAX,B,200,23.0650,0
2025-01-10,15:00:00,IMAX,S,200,23.0900,0
2025-01-10,11:13:00,NKTX,S,2004,2.3200,0
2025-01-10,15:00:00,NKTX,B,2004,2.3500,0
2025-01-10,14:08:00,RPAY,S,637,7.3000,0
2025-01-10,15:00:00,RPAY,B,637,7.2500,0
2025-01-10,14:32:00,CADL,S,565,8.2300,0
2025-01-10,15:00:00,CADL,B,565,8.2100,0
2025-01-10,14:41:00,NEXA,S,736,6.2750,0
2025-01-10,15:00:00,NEXA,B,736,6.4100,0
2025-01-10,14:56:00,NNBR,S,1885,2.4700,0
2025-01-10,15:00:00,NNBR,B,1885,2.4500,0
2025-01-13,08:41:00,PCG,S,273,16.8900,0
2025-01-13,15:00:00,PCG,B,136,16.2144,0
2025-01-13,15:00:00,PCG,B,137,16.1800,0
2025-01-14,08:41:00,RGTI,B,381,7.5500,0
2025-01-14,08:51:00,RGTI,S,190,7.8520,0
2025-01-14,08:51:00,RGTI,S,191,7.8245,0
2025-01-14,13:03:00,RGTI,B,549,8.5100,0
2025-01-14,13:03:00,RGTI,S,549,8.3550,0
2025-01-15,09:06:00,QBTS,B,773,6.0500,0
2025-01-15,09:21:00,QBTS,S,386,6.2920,0
2025-01-15,09:21:00,QBTS,S,387,6.1705,0
2025-01-15,08:44:00,RGTI,B,308,11.3000,0
2025-01-15,10:10:00,RGTI,S,308,10.0500,0
2025-01-16,08:52:00,MYSE,B,221,5.8800,0
2025-01-16,08:53:00,MYSE,S,110,6.1152,0
2025-01-16,08:53:00,MYSE,S,111,6.0912,0
2025-01-16,09:01:00,MYSE,B,539,6.1900,0
2025-01-16,09:07:00,MYSE,S,269,6.4376,0
2025-01-16,09:07:00,MYSE,S,270,6.2111,0
2025-01-16,09:26:00,IMAX,B,204,22.7900,0
2025-01-16,09:36:00,IMAX,S,204,22.6750,0
2025-01-16,09:05:00,SPIR,B,296,15.8100,0
2025-01-16,10:22:00,SPIR,S,148,16.4424,0
2025-01-16,10:22:00,SPIR,S,148,16.2919,0
2025-01-16,09:26:00,CADL,S,602,7.7200,0
2025-01-16,10:35:00,CADL,B,602,8.0000,0
2025-01-16,08:59:00,MXL,S,211,21.8350,0
2025-01-16,10:50:00,MXL,B,211,22.6800,0
2025-01-16,09:30:00,NN,S,369,12.5550,0
2025-01-16,12:08:00,NN,B,369,12.9900,0
2025-01-16,10:22:00,GRPN,S,433,10.7300,0
2025-01-16,12:40:00,GRPN,B,433,10.9100,0
2025-01-16,09:22:00,BMEA,B,1143,4.0800,0
2025-01-16,13:00:00,BMEA,S,1143,4.0150,0
2025-01-16,09:19:00,NKTX,B,2056,2.2950,0
2025-01-16,14:16:00,NKTX,S,1028,2.3868,0
2025-01-16,14:16:00,NKTX,S,1028,2.4571,0
2025-01-16,14:17:00,PBM,B,2647,1.7700,0
2025-01-16,15:00:00,PBM,S,2647,1.7700,0
2025-01-16,14:51:00,NKTX,B,1868,2.4800,0
2025-01-16,15:00:00,NKTX,S,1868,2.4900,0
2025-01-16,14:56:00,IMAX,S,206,22.4100,0
2025-01-16,15:00:00,IMAX,B,206,22.3800,0
2025-01-17,08:48:00,PLUG,S,1810,2.5600,0
2025-01-17,14:40:00,PLUG,B,905,2.4576,0
2025-01-17,14:40:00,PLUG,B,905,2.4418,0
2025-01-17,08:43:00,INTC,B,217,21.3300,0
2025-01-17,15:00:00,INTC,S,217,21.4900,0
2025-01-21,09:11:00,NN,B,356,13.2250,0
2025-01-21,10:24:00,NN,S,178,13.7540,0
2025-01-21,10:24:00,NN,S,178,13.6677,0
2025-01-21,09:11:00,BMEA,S,1194,3.8100,0
2025-01-21,10:32:00,BMEA,B,1194,3.9800,0
2025-01-21,09:01:00,MYSE,S,828,4.8300,0
2025-01-21,11:54:00,MYSE,B,414,4.6368,0
2025-01-21,11:54:00,MYSE,B,414,4.4483,0
2025-01-21,09:16:00,CADL,S,694,6.6100,0
2025-01-21,13:38:00,CADL,B,694,6.8400,0
2025-01-21,09:16:00,RPAY,B,624,7.4900,0
2025-01-21,15:00:00,RPAY,S,624,7.4900,0
2025-01-21,09:20:00,NKTX,S,1937,2.3800,0
2025-01-21,15:00:00,NKTX,B,1937,2.4400,0
2025-01-21,09:45:00,GPRE,S,474,9.8100,0
2025-01-21,15:00:00,GPRE,B,474,9.8950,0
2025-01-21,10:24:00,SPIR,B,250,18.7450,0
2025-01-21,15:00:00,SPIR,S,250,18.1700,0
2025-01-21,10:28:00,ACHV,S,1558,2.9950,0
2025-01-21,15:00:00,ACHV,B,779,2.8752,0
2025-01-21,15:00:00,ACHV,B,779,2.8500,0
2025-01-21,10:29:00,NN,B,338,13.8000,0
2025-01-21,15:00:00,NN,S,338,13.9400,0
2025-01-21,10:58:00,NNBR,S,1668,2.7850,0
2025-01-21,15:00:00,NNBR,B,1668,2.7800,0
2025-01-21,14:58:00,ELDN,B,1142,4.0900,0
2025-01-21,15:00:00,ELDN,S,1142,4.0750,0
2025-01-22,09:27:00,CADL,B,672,7.0200,0
2025-01-22,09:50:00,CADL,S,672,6.7750,0
2025-01-22,09:58:00,CAR,S,52,89.1550,0
2025-01-22,10:28:00,CAR,B,52,90.5050,0
2025-01-22,10:18:00,IFRX,S,1966,2.3500,0
2025-01-22,12:12:00,IFRX,B,1966,2.4300,0
2025-01-22,09:53:00,BMEA,S,1093,4.2200,0
2025-01-22,13:33:00,BMEA,B,1093,4.3250,0
2025-01-22,09:12:00,PARR,B,264,17.7500,0
2025-01-22,13:58:00,PARR,S,264,17.2650,0
2025-01-22,14:03:00,VOR,S,3075,1.3200,0
2025-01-22,14:43:00,VOR,B,1537,1.2672,0
2025-01-22,14:43:00,VOR,B,1538,1.2732,0
2025-01-22,10:17:00,ACHV,B,1581,2.9600,0
2025-01-22,14:45:00,ACHV,S,790,3.0784,0
2025-01-22,14:45:00,ACHV,S,791,3.1304,0
2025-01-22,08:49:00,MYSE,B,496,5.8400,0
2025-01-22,15:00:00,MYSE,S,496,4.9800,0
2025-01-22,08:56:00,BZAI,S,629,7.0800,0
2025-01-22,15:00:00,BZAI,B,314,6.7968,0
2025-01-22,15:00:00,BZAI,B,315,6.2600,0
2025-01-22,08:57:00,NN,S,341,13.4800,0
2025-01-22,15:00:00,NN,B,341,13.1300,0
2025-01-22,09:02:00,MXL,S,186,24.9800,0
2025-01-22,15:00:00,MXL,B,186,24.2600,0
2025-01-22,09:14:00,IMAX,B,196,23.7900,0
2025-01-22,15:00:00,IMAX,S,196,23.4800,0
2025-01-22,09:21:00,SPIR,B,250,19.3950,0
2025-01-22,15:00:00,SPIR,S,250,19.1100,0
2025-01-22,09:21:00,GRPN,S,441,10.5500,0
2025-01-22,15:00:00,GRPN,B,441,10.3600,0
2025-01-22,10:16:00,NKTX,B,1918,2.4350,0
2025-01-22,15:00:00,NKTX,S,1918,2.4850,0
2025-01-22,14:10:00,GPRE,S,486,9.4800,0
2025-01-22,15:00:00,GPRE,B,486,9.2300,0
2025-01-22,14:45:00,PARR,S,268,17.2250,0
2025-01-22,15:00:00,PARR,B,268,17.1000,0
2025-01-23,09:03:00,AAL,S,277,16.7900,0
2025-01-23,15:00:00,AAL,B,277,17.0300,0
2025-01-24,09:59:00,PARR,S,263,17.6900,0
2025-01-24,11:27:00,PARR,B,263,17.9350,0
2025-01-24,09:44:00,NN,B,370,12.6050,0
2025-01-24,13:03:00,NN,S,370,12.3800,0
2025-01-24,10:19:00,GPRE,S,497,9.3550,0
2025-01-24,13:17:00,GPRE,B,497,9.5300,0
2025-01-24,09:43:00,MYSE,S,1064,4.3250,0
2025-01-24,14:28:00,MYSE,B,532,4.1520,0
2025-01-24,14:28:00,MYSE,B,532,4.2057,0
2025-01-24,09:16:00,MXL,S,198,23.5500,0
2025-01-24,15:00:00,MXL,B,198,23.1800,0
2025-01-24,09:30:00,RPAY,B,623,7.4800,0
2025-01-24,15:00:00,RPAY,S,623,7.4650,0
2025-01-24,09:37:00,IMAX,B,197,23.7000,0
2025-01-24,15:00:00,IMAX,S,197,23.5100,0
2025-01-24,09:38:00,GRPN,B,440,10.6000,0
2025-01-24,15:00:00,GRPN,S,440,10.6100,0
2025-01-24,09:47:00,CADL,B,661,7.1050,0
2025-01-24,15:00:00,CADL,S,661,6.8800,0
2025-01-24,10:23:00,NNBR,B,1504,3.1900,0
2025-01-24,15:00:00,NNBR,S,1504,3.1200,0
2025-01-24,12:03:00,PBM,B,2631,1.7700,0
2025-01-24,15:00:00,PBM,S,2631,1.8000,0
2025-01-24,14:54:00,PARR,S,265,17.5300,0
2025-01-24,15:00:00,PARR,B,265,17.5050,0
2025-01-24,14:59:00,VOR,S,2979,1.4650,0
2025-01-24,15:00:00,VOR,B,2979,1.4600,0
2025-01-27,08:41:00,AMD,S,40,115.6800,0
2025-01-27,08:54:00,AMD,B,40,118.0200,0
2025-01-27,08:41:00,VRT,S,40,114.0500,0
2025-01-27,09:22:00,VRT,B,20,109.4880,0
2025-01-27,09:22:00,VRT,B,20,108.6705,0
2025-01-27,09:14:00,WULF,S,884,5.2150,0
2025-01-27,09:49:00,WULF,B,442,5.0064,0
2025-01-27,09:49:00,WULF,B,442,5.0463,0
2025-01-27,09:56:00,WULF,S,949,4.9150,0
2025-01-27,10:13:00,WULF,B,474,4.7184,0
2025-01-27,10:13:00,WULF,B,475,4.6891,0
2025-01-27,08:43:00,CORZ,S,374,12.3200,0
2025-01-27,10:28:00,CORZ,B,187,11.8272,0
2025-01-27,10:28:00,CORZ,B,187,11.3832,0
2025-01-27,09:21:00,TSM,S,23,196.8600,0
2025-01-27,10:37:00,TSM,B,11,188.9856,0
2025-01-27,10:37:00,TSM,B,12,190.8536,0
2025-01-27,09:18:00,NVDA,S,37,123.6700,0
2025-01-27,10:37:00,NVDA,B,18,118.7232,0
2025-01-27,10:37:00,NVDA,B,19,118.5067,0
2025-01-27,09:17:00,SOXL,S,171,27.0300,0
2025-01-27,10:37:00,SOXL,B,85,25.9488,0
2025-01-27,10:37:00,SOXL,B,86,25.8903,0
2025-01-27,09:17:00,SOXS,B,218,21.2100,0
2025-01-27,10:46:00,SOXS,S,109,22.0584,0
2025-01-27,10:46:00,SOXS,S,109,21.9379,0
2025-01-27,10:31:00,CORZ,S,419,11.2600,0
2025-01-27,10:57:00,CORZ,B,419,11.3950,0
2025-01-27,10:01:00,VRT,S,43,107.5300,0
2025-01-27,12:35:00,VRT,B,21,103.2288,0
2025-01-27,12:35:00,VRT,B,22,103.0603,0
2025-01-27,10:03:00,AVGO,S,22,209.5800,0
2025-01-27,12:40:00,AVGO,B,11,201.1968,0
2025-01-27,12:40:00,AVGO,B,11,198.3258,0
2025-01-27,13:08:00,SOXS,B,210,22.9200,0
2025-01-27,13:08:00,SOXS,S,210,22.8300,0
2025-01-27,09:17:00,MU,S,49,92.8500,0
2025-01-27,13:33:00,MU,B,24,89.1360,0
2025-01-27,13:33:00,MU,B,25,89.2885,0
2025-01-27,13:56:00,SOXL,S,202,23.8600,0
2025-01-27,13:58:00,SOXL,B,202,24.0700,0
2025-01-27,08:46:00,T,B,191,24.3200,0
2025-01-27,15:00:00,T,S,191,24.1500,0
2025-01-27,09:40:00,SOFI,B,285,16.3500,0
2025-01-27,15:00:00,SOFI,S,285,16.0750,0
2025-01-27,10:02:00,PLUG,S,2371,1.9550,0
2025-01-27,15:00:00,PLUG,B,2371,1.9500,0
2025-01-27,10:24:00,AMD,S,40,115.5600,0
2025-01-27,15:00:00,AMD,B,40,115.0500,0
2025-01-28,08:41:00,JBLU,S,725,6.6450,0
2025-01-28,08:52:00,JBLU,B,362,6.3792,0
2025-01-28,08:52:00,JBLU,B,363,6.4064,0
2025-01-28,08:41:00,NVDA,S,40,117.8500,0
2025-01-28,10:39:00,NVDA,B,40,122.0100,0
2025-01-29,08:54:00,GRAB,B,1053,4.5850,0
2025-01-29,15:00:00,GRAB,S,526,4.7684,0
2025-01-29,15:00:00,GRAB,S,527,4.7800,0
2025-01-30,08:41:00,NOK,S,1028,4.7100,0
2025-01-30,15:00:00,NOK,B,1028,4.7050,0
2025-01-30,08:44:00,CMCSA,S,143,33.7900,0
2025-01-30,15:00:00,CMCSA,B,143,33.2400,0
2025-01-31,08:50:00,MXL,S,281,17.2500,0
2025-01-31,09:32:00,MXL,B,281,17.7200,0
2025-01-31,09:14:00,GPRE,B,543,8.9400,0
2025-01-31,10:06:00,GPRE,S,543,8.8300,0
2025-01-31,08:48:00,NN,B,406,12.0050,0
2025-01-31,11:09:00,NN,S,203,12.4852,0
2025-01-31,11:09:00,NN,S,203,12.4949,0
2025-01-31,11:39:00,RPAY,B,639,7.6400,0
2025-01-31,12:26:00,RPAY,S,639,7.5700,0
2025-01-31,09:44:00,GRPN,S,459,10.5100,0
2025-01-31,15:00:00,GRPN,B,459,10.4600,0
2025-01-31,10:07:00,BMI,B,22,216.1900,0
2025-01-31,15:00:00,BMI,S,22,213.5100,0
2025-01-31,10:09:00,PARR,B,287,16.9400,0
2025-01-31,15:00:00,PARR,S,287,16.7350,0
2025-01-31,10:33:00,ELDN,S,1051,4.5900,0
2025-01-31,15:00:00,ELDN,B,1051,4.5250,0
2025-02-03,08:42:00,IVVD,B,4379,0.5450,0
2025-02-03,08:53:00,IVVD,S,2189,0.5668,0
2025-02-03,08:53:00,IVVD,S,2190,0.5687,0
2025-02-03,08:47:00,SOXS,B,214,22.5950,0
2025-02-03,08:57:00,SOXS,S,214,22.2800,0
2025-02-03,09:04:00,IVVD,B,3733,0.6485,0
2025-02-03,09:06:00,IVVD,S,1866,0.6744,0
2025-02-03,09:06:00,IVVD,S,1867,0.6485,0
2025-02-04,08:41:00,PYPL,S,60,80.8800,0
2025-02-04,15:00:00,PYPL,B,30,77.6448,0
2025-02-04,15:00:00,PYPL,B,30,77.7500,0
2025-02-04,08:44:00,PLTR,B,46,104.9000,0
2025-02-04,15:00:00,PLTR,S,46,103.8300,0
2025-02-04,08:59:00,GRAB,B,948,5.1500,0
2025-02-04,15:00:00,GRAB,S,948,5.1050,0
2025-02-04,13:45:00,MRK,B,53,90.4100,0
2025-02-04,15:00:00,MRK,S,53,90.7050,0
2025-02-05,08:41:00,NVDA,S,40,121.1600,0
2025-02-05,09:00:00,NVDA,B,40,122.6350,0
2025-02-05,10:09:00,NVDA,B,39,123.4600,0
2025-02-05,10:17:00,NVDA,S,39,122.9900,0
2025-02-05,08:49:00,SNAP,S,438,11.1000,0
2025-02-05,15:00:00,SNAP,B,219,10.6560,0
2025-02-05,15:00:00,SNAP,B,219,10.6200,0
2025-02-05,09:12:00,UBER,S,75,64.7100,0
2025-02-05,15:00:00,UBER,B,75,64.4850,0
2025-02-05,09:13:00,GOOGL,S,25,188.5100,0
2025-02-05,15:00:00,GOOGL,B,25,191.4900,0
2025-02-05,09:55:00,AMD,B,44,108.4600,0
2025-02-05,15:00:00,AMD,S,44,112.0600,0
2025-02-05,09:58:00,GRAB,S,1021,4.7500,0
2025-02-05,15:00:00,GRAB,B,510,4.5600,0
2025-02-05,15:00:00,GRAB,B,511,4.5650,0
2025-02-06,08:42:00,PLTR,B,47,103.5000,0
2025-02-06,09:39:00,PLTR,S,23,107.6400,0
2025-02-06,09:39:00,PLTR,S,24,107.1450,0
2025-02-06,09:57:00,PLTR,B,45,108.1800,0
2025-02-06,10:06:00,PLTR,S,45,107.0450,0
2025-02-06,08:41:00,F,S,521,9.3850,0
2025-02-06,15:00:00,F,B,521,9.2700,0
2025-02-07,08:41:00,UBER,B,68,71.8300,0
2025-02-07,10:23:00,UBER,S,34,74.7032,0
2025-02-07,10:23:00,UBER,S,34,74.8717,0
2025-02-07,08:49:00,BBD,B,2314,2.1400,0
2025-02-07,13:20:00,BBD,S,2314,2.1000,0
2025-02-07,08:46:00,PINS,S,124,39.5000,0
2025-02-07,15:00:00,PINS,B,124,40.0250,0
2025-02-10,09:04:00,SMCI,B,127,38.7000,0
2025-02-10,12:06:00,SMCI,S,63,40.2480,0
2025-02-10,12:06:00,SMCI,S,64,41.3332,0
2025-02-10,08:41:00,PLUG,S,2134,1.6650,0
2025-02-10,15:00:00,PLUG,B,2134,1.7150,0
2025-02-11,08:46:00,INTC,B,242,20.4500,0
2025-02-11,10:16:00,INTC,S,121,21.2680,0
2025-02-11,10:16:00,INTC,S,121,21.3255,0
2025-02-11,08:47:00,SMCI,B,119,41.5100,0
2025-02-11,10:56:00,SMCI,S,119,39.8000,0
2025-02-11,09:17:00,NIO,S,1198,4.1300,0
2025-02-11,15:00:00,NIO,B,1198,4.0450,0
2025-02-12,09:05:00,EAF,B,4840,1.0450,0
2025-02-12,09:46:00,EAF,S,2420,1.0868,0
2025-02-12,09:46:00,EAF,S,2420,1.0893,0
2025-02-12,08:43:00,LYFT,B,364,13.1500,0
2025-02-12,10:53:00,LYFT,S,182,13.6760,0
2025-02-12,10:53:00,LYFT,S,182,13.7535,0
2025-02-12,13:10:00,INTC,B,224,22.2700,0
2025-02-12,14:28:00,INTC,S,224,22.1700,0
2025-02-13,08:41:00,HOOD,B,76,65.6000,0
2025-02-13,08:58:00,HOOD,S,76,62.0200,0
2025-02-13,08:51:00,LCID,B,1661,3.0100,0
2025-02-13,09:04:00,LCID,S,830,3.1304,0
2025-02-13,09:04:00,LCID,S,831,3.1349,0
2025-02-13,09:12:00,LCID,B,1567,3.1850,0
2025-02-13,09:28:00,LCID,S,1567,3.1300,0
2025-02-13,08:42:00,SMCI,S,128,38.7900,0
2025-02-13,09:28:00,SMCI,B,128,39.8200,0
2025-02-13,08:41:00,INTC,B,208,23.9900,0
2025-02-13,15:00:00,INTC,S,208,24.1100,0
2025-02-13,09:24:00,TTD,S,60,82.6050,0
2025-02-13,15:00:00,TTD,B,60,81.9300,0
2025-02-14,08:41:00,SMCI,B,110,45.0900,0
2025-02-14,09:04:00,SMCI,S,55,46.8936,0
2025-02-14,09:04:00,SMCI,S,55,46.8641,0
2025-02-14,08:50:00,DKNG,B,98,50.4950,0
2025-02-14,09:32:00,DKNG,S,49,52.5148,0
2025-02-14,09:32:00,DKNG,S,49,52.8550,0
2025-02-14,09:35:00,DKNG,B,94,53.3600,0
2025-02-14,09:38:00,DKNG,S,94,52.6700,0
2025-02-14,13:43:00,RXRX,B,331,10.3000,0
2025-02-14,14:17:00,RXRX,S,165,10.7120,0
2025-02-14,14:17:00,RXRX,S,166,10.6470,0
2025-02-14,08:41:00,SOUN,S,283,10.4200,0
2025-02-14,15:00:00,SOUN,B,283,10.9650,0
2025-02-18,08:53:00,EFOI,B,1742,2.0400,0
2025-02-18,08:58:00,EFOI,S,1742,1.7500,0
2025-02-18,09:06:00,BZAI,B,672,5.4800,0
2025-02-18,09:43:00,BZAI,S,672,4.7400,0
2025-02-18,09:34:00,ELDN,S,1082,4.5550,0
2025-02-18,09:56:00,ELDN,B,1082,4.6000,0
2025-02-18,08:56:00,CADL,B,494,10.1700,0
2025-02-18,10:39:00,CADL,S,494,9.4950,0
2025-02-18,09:38:00,IFRX,S,2543,1.8650,0
2025-02-18,10:57:00,IFRX,B,1271,1.7904,0
2025-02-18,10:57:00,IFRX,B,1272,1.7836,0
2025-02-18,10:21:00,IMAX,S,181,27.0000,0
2025-02-18,11:04:00,IMAX,B,181,27.2350,0
2025-02-18,09:37:00,CRML,S,793,3.0800,0
2025-02-18,11:07:00,CRML,B,396,2.9568,0
2025-02-18,11:07:00,CRML,B,397,2.9705,0
2025-02-18,09:01:00,GPRE,B,721,6.8950,0
2025-02-18,12:07:00,GPRE,S,721,6.7000,0
2025-02-18,09:50:00,VOR,B,3386,1.4900,0
2025-02-18,12:19:00,VOR,S,3386,1.4000,0
2025-02-18,14:15:00,GPRE,S,737,6.5800,0
2025-02-18,14:15:00,GPRE,B,737,6.6000,0
2025-02-18,14:27:00,IMAX,S,180,26.8800,0
2025-02-18,14:40:00,IMAX,B,180,26.9600,0
2025-02-18,09:29:00,CAR,B,53,93.3500,0
2025-02-18,14:47:00,CAR,S,26,97.0840,0
2025-02-18,14:47:00,CAR,S,27,96.9665,0
2025-02-18,09:03:00,PARR,B,307,16.2200,0
2025-02-18,15:00:00,PARR,S,307,15.9200,0
2025-02-18,09:57:00,EVTL,B,917,5.3600,0
2025-02-18,15:00:00,EVTL,S,917,5.4000,0
2025-02-18,10:01:00,SPIR,B,396,12.6600,0
2025-02-18,15:00:00,SPIR,S,396,12.3400,0
2025-02-18,10:10:00,MXL,B,292,16.8200,0
2025-02-18,15:00:00,MXL,S,292,16.8250,0
2025-02-18,14:53:00,NN,S,393,12.3600,0
2025-02-18,15:00:00,NN,B,393,12.3600,0
2025-02-19,08:42:00,INTC,S,188,25.6050,0
2025-02-19,09:47:00,INTC,B,188,26.2650,0
2025-02-19,08:41:00,PLTR,S,39,122.4500,0
2025-02-19,10:32:00,PLTR,B,39,124.9400,0
2025-02-19,08:46:00,SMCI,S,84,57.5100,0
2025-02-19,10:45:00,SMCI,B,84,60.4000,0
2025-02-19,14:34:00,PLTR,S,43,111.2800,0
2025-02-19,15:00:00,PLTR,B,43,112.0750,0
2025-02-20,08:41:00,CCL,S,190,25.0850,0
2025-02-20,08:44:00,CCL,B,95,24.0816,0
2025-02-20,08:44:00,CCL,B,95,24.2508,0
2025-02-20,08:54:00,PLTR,S,47,99.8400,0
2025-02-20,08:59:00,PLTR,B,23,95.8464,0
2025-02-20,08:59:00,PLTR,B,24,97.3145,0
2025-02-20,08:46:00,GRAB,S,965,4.9850,0
2025-02-20,09:01:00,GRAB,B,482,4.7856,0
2025-02-20,09:01:00,GRAB,B,483,4.8299,0
2025-02-20,08:42:00,BABA,B,33,142.1600,0
2025-02-20,09:40:00,BABA,S,33,137.6500,0
2025-02-20,09:30:00,U,B,184,26.3300,0
2025-02-20,11:22:00,U,S,92,27.3832,0
2025-02-20,11:22:00,U,S,92,27.2157,0
2025-02-20,09:01:00,IQ,B,2204,2.2050,0
2025-02-20,15:00:00,IQ,S,2204,2.1850,0
2025-02-21,09:01:00,SOXS,B,279,17.3800,0
2025-02-21,10:14:00,SOXS,S,139,18.0752,0
2025-02-21,10:14:00,SOXS,S,140,18.0562,0
2025-02-21,08:48:00,PLUG,S,2844,1.7050,0
2025-02-21,13:14:00,PLUG,B,1422,1.6368,0
2025-02-21,13:14:00,PLUG,B,1422,1.6470,0
2025-02-21,11:16:00,SOXS,B,267,18.2300,0
2025-02-21,14:22:00,SOXS,S,133,18.9592,0
2025-02-21,14:22:00,SOXS,S,134,18.9177,0
2025-02-21,09:12:00,HIMS,B,56,56.3200,0
2025-02-21,14:59:00,HIMS,S,56,49.0550,0
2025-02-21,08:45:00,BABA,B,33,144.2350,0
2025-02-21,15:00:00,BABA,S,33,143.7600,0
2025-02-21,09:49:00,NU,S,432,11.1000,0
2025-02-21,15:00:00,NU,B,432,10.8200,0
2025-02-24,08:44:00,PLTR,S,51,94.0700,0
2025-02-24,09:08:00,PLTR,B,25,90.3072,0
2025-02-24,09:08:00,PLTR,B,26,90.5207,0
2025-02-24,08:43:00,LCID,S,1695,2.8600,0
2025-02-24,09:09:00,LCID,B,847,2.7456,0
2025-02-24,09:09:00,LCID,B,848,2.7386,0
2025-02-24,08:53:00,SOXS,B,256,19.0600,0
2025-02-24,09:09:00,SOXS,S,128,19.8224,0
2025-02-24,09:09:00,SOXS,S,128,19.8094,0
2025-02-24,09:22:00,PLTR,S,55,89.5800,0
2025-02-24,10:24:00,PLTR,B,55,92.7900,0
2025-02-24,08:41:00,KWEB,S,140,34.7300,0
2025-02-24,15:00:00,KWEB,B,140,34.3400,0
2025-02-24,08:43:00,BABA,S,36,132.2950,0
2025-02-24,15:00:00,BABA,B,36,129.0150,0
2025-02-24,08:48:00,IQ,S,2321,2.1000,0
2025-02-24,15:00:00,IQ,B,2321,2.1000,0
2025-02-24,08:52:00,KEEL,S,3779,1.2800,0
2025-02-24,15:00:00,KEEL,B,3779,1.2400,0
2025-02-25,08:46:00,SOXS,S,245,20.1900,0
2025-02-25,08:52:00,SOXS,B,245,20.6900,0
2025-02-25,08:47:00,VIVS,S,1164,1.0400,0
2025-02-25,08:54:00,VIVS,B,582,0.9984,0
2025-02-25,08:54:00,VIVS,B,582,0.9504,0
2025-02-25,08:44:00,TSLL,S,307,16.0500,0
2025-02-25,09:00:00,TSLL,B,153,15.4080,0
2025-02-25,09:00:00,TSLL,B,154,15.4405,0
2025-02-25,08:51:00,HOOD,S,104,47.1600,0
2025-02-25,09:20:00,HOOD,B,52,45.2736,0
2025-02-25,09:20:00,HOOD,B,52,44.5316,0
2025-02-25,08:46:00,INTC,S,207,23.8100,0
2025-02-25,09:32:00,INTC,B,103,22.8576,0
2025-02-25,09:32:00,INTC,B,104,23.0181,0
2025-02-25,09:28:00,TSLL,S,337,14.8000,0
2025-02-25,10:06:00,TSLL,B,168,14.2080,0
2025-02-25,10:06:00,TSLL,B,169,14.3632,0
2025-02-25,08:53:00,SMCI,S,103,46.7050,0
2025-02-25,10:28:00,SMCI,B,51,44.8368,0
2025-02-25,10:28:00,SMCI,B,52,45.7661,0
2025-02-25,08:53:00,LCID,S,1772,2.7450,0
2025-02-25,11:01:00,LCID,B,886,2.6352,0
2025-02-25,11:01:00,LCID,B,886,2.6429,0
2025-02-25,08:41:00,IBIT,S,98,50.0500,0
2025-02-25,15:00:00,IBIT,B,98,50.0200,0
2025-02-25,09:00:00,SOXS,B,238,20.8200,0
2025-02-25,15:00:00,SOXS,S,119,21.6528,0
2025-02-25,15:00:00,SOXS,S,119,21.5300,0
2025-02-26,08:41:00,NIO,B,1142,4.4750,0
2025-02-26,08:55:00,NIO,S,571,4.6540,0
2025-02-26,08:55:00,NIO,S,571,4.6753,0
2025-02-26,08:41:00,SMCI,S,96,52.5800,0
2025-02-26,09:12:00,SMCI,B,96,55.1100,0
2025-02-26,08:45:00,LCID,B,2074,2.4550,0
2025-02-26,09:47:00,LCID,S,2074,2.3500,0
2025-02-26,08:49:00,GERN,S,1983,1.4750,0
2025-02-26,15:00:00,GERN,B,1983,1.6050,0
2025-02-27,08:41:00,SOXL,S,192,25.9700,0
2025-02-27,08:56:00,SOXL,B,96,24.9312,0
2025-02-27,08:56:00,SOXL,B,96,25.1497,0
2025-02-27,08:41:00,SOXS,B,243,20.6800,0
2025-02-27,08:56:00,SOXS,S,121,21.5072,0
2025-02-27,08:56:00,SOXS,S,122,21.3382,0
2025-02-27,08:41:00,SQQQ,B,167,30.0800,0
2025-02-27,09:00:00,SQQQ,S,83,31.2832,0
2025-02-27,09:00:00,SQQQ,S,84,31.2992,0
2025-02-27,08:41:00,SMCI,S,106,46.5200,0
2025-02-27,09:00:00,SMCI,B,53,44.6592,0
2025-02-27,09:00:00,SMCI,B,53,45.0652,0
2025-02-27,08:43:00,PLTR,S,55,91.0200,0
2025-02-27,09:02:00,PLTR,B,27,87.3792,0
2025-02-27,09:02:00,PLTR,B,28,87.1552,0
2025-02-27,08:45:00,TSLL,S,379,13.1700,0
2025-02-27,09:02:00,TSLL,B,189,12.6432,0
2025-02-27,09:02:00,TSLL,B,190,12.5700,0
2025-02-27,08:46:00,VTRS,B,542,9.2900,0
2025-02-27,11:02:00,VTRS,S,271,9.6616,0
2025-02-27,11:02:00,VTRS,S,271,9.6321,0
2025-02-27,08:41:00,NVDA,S,38,129.8250,0
2025-02-27,13:47:00,NVDA,B,19,124.6320,0
2025-02-27,13:47:00,NVDA,B,19,123.9282,0
2025-02-27,13:41:00,SQQQ,B,161,32.0100,0
2025-02-27,13:56:00,SQQQ,S,161,31.8400,0
2025-02-27,13:23:00,SOXL,S,214,24.1000,0
2025-02-27,14:23:00,SOXL,B,107,23.1360,0
2025-02-27,14:23:00,SOXL,B,107,22.7660,0
2025-02-27,13:22:00,SOXS,B,232,22.1400,0
2025-02-27,14:23:00,SOXS,S,116,23.0256,0
2025-02-27,14:23:00,SOXS,S,116,23.1486,0
2025-02-27,08:59:00,PBR,S,378,13.4200,0
2025-02-27,15:00:00,PBR,B,378,13.5500,0
2025-02-27,13:27:00,SMCI,S,118,43.7400,0
2025-02-27,15:00:00,SMCI,B,118,42.9650,0
2025-02-27,14:12:00,PLTR,S,60,85.3550,0
2025-02-27,15:00:00,PLTR,B,60,84.7800,0
2025-02-28,08:43:00,TSLL,B,425,12.3000,0
2025-02-28,09:14:00,TSLL,S,212,12.7920,0
2025-02-28,09:14:00,TSLL,S,213,12.8470,0
2025-02-28,09:23:00,TSLL,B,401,13.0900,0
2025-02-28,11:49:00,TSLL,S,401,12.8000,0
2025-03-03,08:42:00,SMCI,S,132,39.5900,0
2025-03-03,08:46:00,SMCI,B,132,40.4500,0
2025-03-03,08:41:00,TSLL,S,382,13.7000,0
2025-03-03,12:15:00,TSLL,B,191,13.1520,0
2025-03-03,12:15:00,TSLL,B,191,12.8970,0
2025-03-03,08:41:00,SOXL,S,233,22.4500,0
2025-03-03,12:17:00,SOXL,B,116,21.5520,0
2025-03-03,12:17:00,SOXL,B,117,21.7045,0
2025-03-03,08:41:00,SOXS,B,226,23.1700,0
2025-03-03,12:17:00,SOXS,S,113,24.0968,0
2025-03-03,12:17:00,SOXS,S,113,23.8783,0
2025-03-03,08:41:00,NVDA,S,43,120.2250,0
2025-03-03,12:18:00,NVDA,B,21,115.4160,0
2025-03-03,12:18:00,NVDA,B,22,115.7323,0
2025-03-03,08:45:00,RIG,S,1788,2.9200,0
2025-03-03,12:22:00,RIG,B,894,2.8032,0
2025-03-03,12:22:00,RIG,B,894,2.8092,0
2025-03-03,08:41:00,SQQQ,B,167,31.2100,0
2025-03-03,12:48:00,SQQQ,S,83,32.4584,0
2025-03-03,12:48:00,SQQQ,S,84,32.3179,0
2025-03-03,13:58:00,TSLL,S,425,12.5900,0
2025-03-03,14:43:00,TSLL,B,212,12.0864,0
2025-03-03,14:43:00,TSLL,B,213,12.1559,0
2025-03-03,09:48:00,NIO,S,1185,4.4100,0
2025-03-03,14:49:00,NIO,B,592,4.2336,0
2025-03-03,14:49:00,NIO,B,593,4.2441,0
2025-03-03,14:19:00,SOXL,S,265,20.1550,0
2025-03-03,14:59:00,SOXL,B,265,20.4700,0
2025-03-03,08:52:00,ADT,S,680,7.6900,0
2025-03-03,15:00:00,ADT,B,680,7.6800,0
2025-03-03,13:59:00,SQQQ,B,162,32.8400,0
2025-03-03,15:00:00,SQQQ,S,162,33.4500,0
2025-03-03,14:10:00,NVDA,S,46,114.1700,0
2025-03-03,15:00:00,NVDA,B,46,114.0600,0
2025-03-03,14:19:00,SOXS,B,210,25.4550,0
2025-03-03,15:00:00,SOXS,S,210,25.2900,0
2025-03-03,14:22:00,RIG,S,1975,2.7100,0
2025-03-03,15:00:00,RIG,B,1975,2.6600,0
2025-03-04,08:52:00,INTC,S,246,21.9300,0
2025-03-04,09:27:00,INTC,B,123,21.0528,0
2025-03-04,09:27:00,INTC,B,123,21.0793,0
2025-03-04,08:51:00,TSLL,S,475,11.2300,0
2025-03-04,09:27:00,TSLL,B,237,10.7808,0
2025-03-04,09:27:00,TSLL,B,238,10.8820,0
2025-03-04,09:19:00,T,B,194,27.9300,0
2025-03-04,10:11:00,T,S,194,27.5150,0
2025-03-04,10:24:00,SMCI,B,143,37.8150,0
2025-03-04,11:24:00,SMCI,S,71,39.3276,0
2025-03-04,11:24:00,SMCI,S,72,39.2919,0
2025-03-04,09:43:00,INTC,S,260,20.8600,0
2025-03-04,11:37:00,INTC,B,260,21.2150,0
2025-03-04,08:43:00,BAC,S,123,43.6400,0
2025-03-04,15:00:00,BAC,B,123,42.6800,0
2025-03-05,08:44:00,SOXL,B,256,21.2600,0
2025-03-05,08:57:00,SOXL,S,256,20.4400,0
2025-03-05,08:42:00,SOXS,S,225,24.2550,0
2025-03-05,08:57:00,SOXS,B,225,25.1100,0
2025-03-05,08:41:00,AAL,B,397,13.7350,0
2025-03-05,15:00:00,AAL,S,397,14.1000,0
2025-03-05,08:41:00,F,B,581,9.4050,0
2025-03-05,15:00:00,F,S,581,9.6450,0
2025-03-05,08:53:00,KWEB,B,153,35.6500,0
2025-03-05,15:00:00,KWEB,S,153,36.6600,0
2025-03-05,09:07:00,IQ,B,2397,2.2900,0
2025-03-05,15:00:00,IQ,S,2397,2.3150,0
2025-03-06,08:41:00,SOFI,S,427,12.8000,0
2025-03-06,09:05:00,SOFI,B,427,13.1200,0
2025-03-06,08:49:00,PSTV,S,4255,0.5100,0
2025-03-06,09:09:00,PSTV,B,2127,0.4896,0
2025-03-06,09:09:00,PSTV,B,2128,0.5100,0
2025-03-06,08:41:00,PLTR,S,64,85.1800,0
2025-03-06,09:22:00,PLTR,B,64,88.2600,0
2025-03-06,08:43:00,SOXL,B,273,20.0800,0
2025-03-06,09:48:00,SOXL,S,136,20.8832,0
2025-03-06,09:48:00,SOXL,S,137,20.8142,0
2025-03-06,08:48:00,AAL,S,403,13.5650,0
2025-03-06,09:51:00,AAL,B,403,13.8350,0
2025-03-06,08:51:00,SQQQ,S,160,34.1000,0
2025-03-06,11:03:00,SQQQ,B,160,34.5200,0
2025-03-06,08:43:00,NVDA,B,48,113.8700,0
2025-03-06,11:04:00,NVDA,S,48,112.3300,0
2025-03-06,08:43:00,SOXS,S,215,25.2800,0
2025-03-06,11:46:00,SOXS,B,215,26.1500,0
2025-03-06,13:26:00,AAL,S,405,13.3700,0
2025-03-06,13:28:00,AAL,B,405,13.3900,0
2025-03-06,10:58:00,TSLL,S,499,10.9000,0
2025-03-06,13:32:00,TSLL,B,249,10.4640,0
2025-03-06,13:32:00,TSLL,B,250,10.5590,0
2025-03-06,13:27:00,NVDA,S,49,110.3500,0
2025-03-06,13:33:00,NVDA,B,49,110.7400,0
2025-03-06,13:38:00,SOXL,S,285,19.0200,0
2025-03-06,13:41:00,SOXL,B,285,19.1600,0
2025-03-06,09:08:00,CORZ,B,641,8.4500,0
2025-03-06,13:44:00,CORZ,S,641,7.7650,0
2025-03-06,14:34:00,PSTV,B,2461,1.3450,0
2025-03-06,14:34:00,PSTV,S,1230,1.3988,0
2025-03-06,14:34:00,PSTV,S,1231,1.3450,0
2025-03-06,09:04:00,MRVL,B,73,75.0250,0
2025-03-06,15:00:00,MRVL,S,73,72.2200,0
2025-03-06,14:53:00,SOFI,S,434,12.4100,0
2025-03-06,15:00:00,SOFI,B,434,12.4500,0
2025-03-07,08:42:00,SOXL,B,271,19.8100,0
2025-03-07,09:32:00,SOXL,S,271,19.2600,0
2025-03-07,08:41:00,PLTR,B,65,82.1400,0
2025-03-07,10:41:00,PLTR,S,65,79.8000,0
2025-03-07,10:27:00,HPE,S,356,14.9350,0
2025-03-07,13:10:00,HPE,B,356,15.4000,0
2025-03-07,13:29:00,SOXL,B,255,20.8200,0
2025-03-07,13:44:00,SOXL,S,255,20.6800,0
2025-03-07,08:43:00,PLUG,B,3196,1.6900,0
2025-03-07,13:46:00,PLUG,S,1598,1.7576,0
2025-03-07,13:46:00,PLUG,S,1598,1.7531,0
2025-03-07,14:40:00,PLUG,B,2958,1.8050,0
2025-03-07,14:41:00,PLUG,S,2958,1.7950,0
2025-03-11,08:43:00,TSLL,B,668,7.9800,0
2025-03-11,08:50:00,TSLL,S,334,8.2992,0
2025-03-11,08:50:00,TSLL,S,334,8.2302,0
2025-03-11,08:44:00,AAL,B,426,12.5200,0
2025-03-11,08:59:00,AAL,S,426,12.2350,0
2025-03-11,08:48:00,VZ,S,124,42.9150,0
2025-03-11,09:35:00,VZ,B,124,43.5300,0
2025-03-11,09:42:00,NIO,S,1128,4.7200,0
2025-03-11,12:41:00,NIO,B,1128,4.9700,0
2025-03-11,09:22:00,AAL,S,444,12.0350,0
2025-03-11,15:00:00,AAL,B,222,11.5536,0
2025-03-11,15:00:00,AAL,B,222,11.4500,0
2025-03-11,09:23:00,DAL,S,112,47.3400,0
2025-03-11,15:00:00,DAL,B,112,46.6300,0
2025-03-12,08:39:00,SOXL,B,281,18.9850,0
2025-03-12,08:48:00,SOXL,S,281,18.7100,0
2025-03-12,08:41:00,TSLL,B,576,9.3600,0
2025-03-12,09:32:00,TSLL,S,576,8.8800,0
2025-03-12,09:32:00,NVDA,S,46,113.9200,0
2025-03-12,15:00:00,NVDA,B,46,115.7050,0
2025-03-13,08:44:00,TSLL,S,617,8.5000,0
2025-03-13,09:00:00,TSLL,B,308,8.1600,0
2025-03-13,09:00:00,TSLL,B,309,8.1850,0
2025-03-13,08:53:00,LCID,S,2498,2.1050,0
2025-03-13,11:04:00,LCID,B,1249,2.0208,0
2025-03-13,11:04:00,LCID,B,1249,2.0360,0
2025-03-13,08:44:00,SQQQ,B,138,38.1400,0
2025-03-13,13:02:00,SQQQ,S,69,39.6656,0
2025-03-13,13:02:00,SQQQ,S,69,39.6186,0
2025-03-13,08:41:00,NIO,S,1074,4.9050,0
2025-03-13,13:14:00,NIO,B,537,4.7088,0
2025-03-13,13:14:00,NIO,B,537,4.6991,0
2025-03-13,08:48:00,PATH,B,530,10.1250,0
2025-03-13,15:00:00,PATH,S,530,9.9600,0
2025-03-14,08:43:00,QBTS,B,433,8.6350,0
2025-03-14,08:46:00,QBTS,S,216,8.9804,0
2025-03-14,08:46:00,QBTS,S,217,8.9037,0
2025-03-14,08:49:00,SQQQ,S,143,37.4000,0
2025-03-14,08:58:00,SQQQ,B,143,37.7000,0
2025-03-14,08:54:00,QBTS,B,598,8.9900,0
2025-03-14,08:59:00,QBTS,S,598,8.7100,0
2025-03-14,08:44:00,NU,B,478,11.2100,0
2025-03-14,09:00:00,NU,S,478,11.1600,0
2025-03-14,08:51:00,NVDA,B,44,120.4650,0
2025-03-14,09:00:00,NVDA,S,44,119.3400,0
2025-03-14,09:01:00,SOXL,S,280,19.0700,0
2025-03-14,10:05:00,SOXL,B,280,19.6000,0
2025-03-14,08:46:00,RGTI,B,455,9.9850,0
2025-03-14,10:28:00,RGTI,S,227,10.3844,0
2025-03-14,10:28:00,RGTI,S,228,10.6709,0
2025-03-14,10:30:00,SOXL,B,272,19.6700,0
2025-03-14,11:06:00,SOXL,S,272,19.5900,0
2025-03-14,08:43:00,TSLL,S,596,8.9250,0
2025-03-14,13:37:00,TSLL,B,596,9.2700,0
2025-03-14,09:13:00,BBD,B,2543,2.1100,0
2025-03-14,15:00:00,BBD,S,2543,2.1450,0
2025-03-14,14:14:00,RGTI,B,487,10.9500,0
2025-03-14,15:00:00,RGTI,S,487,11.2000,0
2025-03-17,09:01:00,QBTS,B,488,10.9700,0
2025-03-17,14:25:00,QBTS,S,244,11.4088,0
2025-03-17,14:25:00,QBTS,S,244,11.6918,0
2025-03-17,08:47:00,BTG,B,1707,3.1400,0
2025-03-17,15:00:00,BTG,S,1707,3.2350,0
2025-03-17,09:08:00,INTC,B,209,25.7200,0
2025-03-17,15:00:00,INTC,S,209,25.7100,0
2025-03-18,08:54:00,LCID,B,2206,2.4500,0
2025-03-18,14:50:00,LCID,S,2206,2.3400,0
2025-03-18,08:41:00,TSLL,S,732,7.3300,0
2025-03-18,15:00:00,TSLL,B,732,7.4600,0
2025-03-19,09:01:00,INTC,S,219,24.4100,0
2025-03-19,15:00:00,INTC,B,219,24.1200,0
2025-03-20,08:44:00,QBTS,B,491,10.9600,0
2025-03-20,08:54:00,QBTS,S,491,10.2300,0
2025-03-20,10:04:00,NIO,S,1105,4.8300,0
2025-03-20,15:00:00,NIO,B,1105,4.7200,0
2025-03-21,08:44:00,TSLL,B,630,8.5700,0
2025-03-21,12:58:00,TSLL,S,315,8.9128,0
2025-03-21,12:58:00,TSLL,S,315,8.8543,0
2025-03-21,09:24:00,NKE,B,80,66.9300,0
2025-03-21,15:00:00,NKE,S,80,67.9800,0
2025-03-24,08:55:00,MSTU,B,772,6.9800,0
2025-03-24,09:25:00,MSTU,S,386,7.2592,0
2025-03-24,09:25:00,MSTU,S,386,7.3602,0
2025-03-24,08:44:00,TSLL,B,533,10.1400,0
2025-03-24,09:33:00,TSLL,S,266,10.5456,0
2025-03-24,09:33:00,TSLL,S,267,10.7886,0
2025-03-24,14:19:00,MSTU,B,726,7.4900,0
2025-03-24,14:24:00,MSTU,S,726,7.4600,0
2025-03-24,08:45:00,SQQQ,S,155,34.5600,0
2025-03-24,15:00:00,SQQQ,B,155,34.0800,0
2025-03-24,08:48:00,SPXS,S,798,6.7300,0
2025-03-24,15:00:00,SPXS,B,798,6.6700,0
2025-03-24,09:18:00,SOXL,B,257,20.9800,0
2025-03-24,15:00:00,SOXL,S,257,21.0000,0
2025-03-25,08:43:00,TSLL,S,503,10.7800,0
2025-03-25,13:55:00,TSLL,B,503,11.4900,0
2025-03-26,08:43:00,TSLL,B,470,11.5200,0
2025-03-26,08:56:00,TSLL,S,470,11.2400,0
2025-03-26,08:44:00,SOXS,B,232,23.3500,0
2025-03-26,09:35:00,SOXS,S,116,24.2840,0
2025-03-26,09:35:00,SOXS,S,116,24.0965,0
2025-03-26,09:08:00,TSLL,S,490,11.0000,0
2025-03-26,11:50:00,TSLL,B,245,10.5600,0
2025-03-26,11:50:00,TSLL,B,245,10.6248,0
2025-03-26,08:45:00,NVDA,S,46,117.4150,0
2025-03-26,15:00:00,NVDA,B,46,113.7150,0
2025-03-27,08:47:00,RIVN,S,449,12.0700,0
2025-03-27,08:58:00,RIVN,B,449,12.5050,0
2025-03-27,08:43:00,IQ,B,2341,2.3550,0
2025-03-27,09:31:00,IQ,S,1170,2.4492,0
2025-03-27,09:31:00,IQ,S,1171,2.4414,0
2025-03-27,09:41:00,IQ,B,2213,2.4650,0
2025-03-27,10:10:00,IQ,S,2213,2.4300,0
2025-03-27,08:45:00,GME,S,219,24.9000,0
2025-03-27,11:07:00,GME,B,109,23.9040,0
2025-03-27,11:07:00,GME,B,110,24.1273,0
2025-03-27,08:41:00,NIO,B,1386,3.9450,0
2025-03-27,15:00:00,NIO,S,1386,3.9900,0
2025-03-28,08:48:00,WOLF,S,1792,3.0550,0
2025-03-28,08:58:00,WOLF,B,896,2.9328,0
2025-03-28,08:58:00,WOLF,B,896,2.9606,0
2025-03-28,08:43:00,SOXL,B,311,17.5700,0
2025-03-28,09:00:00,SOXL,S,311,17.1700,0
2025-03-28,08:42:00,SQQQ,S,152,35.8900,0
2025-03-28,09:00:00,SQQQ,B,152,36.3100,0
2025-03-28,08:48:00,TSLL,B,510,10.8200,0
2025-03-28,09:08:00,TSLL,S,510,10.2800,0
2025-03-28,08:43:00,NU,B,513,10.6750,0
2025-03-28,09:11:00,NU,S,513,10.5000,0
2025-03-28,10:04:00,NU,S,524,10.3650,0
2025-03-28,10:33:00,NU,B,524,10.4550,0
2025-03-28,08:45:00,PLUG,S,3882,1.4000,0
2025-03-28,10:58:00,PLUG,B,1941,1.3440,0
2025-03-28,10:58:00,PLUG,B,1941,1.3440,0
2025-03-28,09:19:00,SOXL,S,324,16.7800,0
2025-03-28,11:34:00,SOXL,B,162,16.1088,0
2025-03-28,11:34:00,SOXL,B,162,16.0678,0
2025-03-28,09:19:00,BTG,S,1812,2.8800,0
2025-03-28,15:00:00,BTG,B,1812,2.8950,0
2025-03-28,10:01:00,NIO,S,1425,3.8100,0
2025-03-28,15:00:00,NIO,B,1425,3.7450,0
2025-03-31,08:41:00,RKT,S,463,11.8300,0
2025-03-31,09:13:00,RKT,B,463,12.2600,0
2025-03-31,08:45:00,UMC,B,828,6.6300,0
2025-03-31,09:35:00,UMC,S,414,6.8952,0
2025-03-31,09:35:00,UMC,S,414,6.9937,0
2025-04-01,08:46:00,BIAF,S,2850,0.6050,0
2025-04-01,08:59:00,BIAF,B,2850,0.7591,0
2025-04-01,09:37:00,TSLL,B,535,10.1900,0
2025-04-01,10:20:00,TSLL,S,267,10.5976,0
2025-04-01,10:20:00,TSLL,S,268,10.5581,0
2025-04-01,10:23:00,TSLL,B,512,10.6600,0
2025-04-01,10:39:00,TSLL,S,512,10.5200,0
2025-04-02,08:41:00,RKT,B,405,13.6200,0
2025-04-02,08:57:00,RKT,S,202,14.1648,0
2025-04-02,08:57:00,RKT,S,203,14.2138,0
2025-04-02,08:45:00,TSLL,B,577,9.4800,0
2025-04-02,09:08:00,TSLL,S,288,9.8592,0
2025-04-02,09:08:00,TSLL,S,289,9.8462,0
2025-04-02,08:45:00,TSLA,B,21,258.5600,0
2025-04-02,10:22:00,TSLA,S,10,268.9024,0
2025-04-02,10:22:00,TSLA,S,11,272.1482,0
2025-04-03,08:45:00,F,B,543,10.1700,0
2025-04-03,08:53:00,F,S,543,9.9600,0
2025-04-03,08:44:00,XLF,B,113,48.6300,0
2025-04-03,09:03:00,XLF,S,113,48.1200,0
2025-04-03,08:44:00,CCL,S,303,18.1500,0
2025-04-03,09:14:00,CCL,B,151,17.4240,0
2025-04-03,09:14:00,CCL,B,152,17.5665,0
2025-04-03,09:21:00,SQQQ,B,133,41.4800,0
2025-04-03,09:27:00,SQQQ,S,133,41.1000,0
2025-04-03,08:42:00,SOXL,S,406,13.6000,0
2025-04-03,09:42:00,SOXL,B,203,13.0560,0
2025-04-03,09:42:00,SOXL,B,203,13.1260,0
2025-04-03,08:53:00,NVDA,B,52,105.1750,0
2025-04-03,09:47:00,NVDA,S,52,103.2700,0
2025-04-03,08:48:00,UAA,S,987,5.6000,0
2025-04-03,09:50:00,UAA,B,493,5.3760,0
2025-04-03,09:50:00,UAA,B,494,5.4210,0
2025-04-03,09:59:00,TQQQ,S,109,51.0100,0
2025-04-03,10:11:00,TQQQ,B,109,51.3700,0
2025-04-03,10:05:00,CCL,S,321,17.3500,0
2025-04-03,10:12:00,CCL,B,321,17.4400,0
2025-04-03,08:41:00,MCHP,S,123,44.9600,0
2025-04-03,10:32:00,MCHP,B,61,43.1616,0
2025-04-03,10:32:00,MCHP,B,62,42.0696,0
2025-04-03,08:43:00,WBD,S,553,9.9800,0
2025-04-03,10:38:00,WBD,B,276,9.5808,0
2025-04-03,10:38:00,WBD,B,277,9.6498,0
2025-04-03,14:29:00,UAA,S,1058,5.3000,0
2025-04-03,14:32:00,UAA,B,1058,5.3450,0
2025-04-03,08:41:00,SNAP,S,662,8.3100,0
2025-04-03,14:43:00,SNAP,B,331,7.9776,0
2025-04-03,14:43:00,SNAP,B,331,8.0581,0
2025-04-03,14:22:00,NKE,S,100,55.8550,0
2025-04-03,14:44:00,NKE,B,100,56.1650,0
2025-04-03,08:41:00,AAPL,S,27,203.7850,0
2025-04-03,15:00:00,AAPL,B,27,203.0100,0
2025-04-03,08:42:00,AMZN,S,30,182.1700,0
2025-04-03,15:00:00,AMZN,B,30,178.4100,0
2025-04-03,08:48:00,SOFI,S,496,11.1000,0
2025-04-03,15:00:00,SOFI,B,248,10.6560,0
2025-04-03,15:00:00,SOFI,B,248,10.6250,0
2025-04-03,08:55:00,SLB,S,138,39.7350,0
2025-04-03,15:00:00,SLB,B,138,39.2250,0
2025-04-03,08:57:00,SPXS,B,722,7.6600,0
2025-04-03,15:00:00,SPXS,S,722,7.9350,0
2025-04-03,08:58:00,AAL,S,565,9.7550,0
2025-04-03,15:00:00,AAL,B,565,9.5000,0
2025-04-03,09:00:00,F,S,557,9.8900,0
2025-04-03,15:00:00,F,B,557,9.5450,0
2025-04-03,09:01:00,C,S,84,65.4550,0
2025-04-03,15:00:00,C,B,84,63.0400,0
2025-04-03,09:04:00,BAC,S,145,37.8050,0
2025-04-03,15:00:00,BAC,B,145,37.2050,0
2025-04-03,09:47:00,TSLL,S,458,9.7100,0
2025-04-03,15:00:00,TSLL,B,458,10.0450,0
2025-04-03,13:27:00,WBD,S,601,9.3000,0
2025-04-03,15:00:00,WBD,B,601,9.1600,0
2025-04-03,14:32:00,XLF,S,117,47.7600,0
2025-04-03,15:00:00,XLF,B,117,47.6500,0
2025-04-04,08:41:00,NIO,S,1666,3.4150,0
2025-04-04,09:46:00,NIO,B,833,3.2784,0
2025-04-04,09:46:00,NIO,B,833,3.2992,0
2025-04-04,08:41:00,ET,S,349,16.4000,0
2025-04-04,09:50:00,ET,B,174,15.7440,0
2025-04-04,09:50:00,ET,B,175,15.7940,0
2025-04-04,08:41:00,PLTR,S,73,77.7400,0
2025-04-04,09:51:00,PLTR,B,36,74.6304,0
2025-04-04,09:51:00,PLTR,B,37,72.7374,0
2025-04-04,08:41:00,NVDA,S,59,96.5400,0
2025-04-04,09:51:00,NVDA,B,29,92.6784,0
2025-04-04,09:51:00,NVDA,B,30,93.0754,0
2025-04-04,08:41:00,MU,S,84,68.0700,0
2025-04-04,09:52:00,MU,B,42,65.3472,0
2025-04-04,09:52:00,MU,B,42,64.5707,0
2025-04-04,08:41:00,AMD,S,64,87.5700,0
2025-04-04,09:52:00,AMD,B,32,84.0672,0
2025-04-04,09:52:00,AMD,B,32,84.5557,0
2025-04-04,08:41:00,INTC,S,271,21.0000,0
2025-04-04,09:52:00,INTC,B,135,20.1600,0
2025-04-04,09:52:00,INTC,B,136,20.2300,0
2025-04-04,08:40:00,GDX,S,131,43.6100,0
2025-04-04,09:52:00,GDX,B,65,41.8656,0
2025-04-04,09:52:00,GDX,B,66,41.8911,0
2025-04-04,09:50:00,WBD,S,712,8.2150,0
2025-04-04,09:52:00,WBD,B,712,8.2500,0
2025-04-04,08:41:00,CX,S,1102,5.1850,0
2025-04-04,09:53:00,CX,B,551,4.9776,0
2025-04-04,09:53:00,CX,B,551,5.0218,0
2025-04-04,08:41:00,NU,S,600,9.5200,0
2025-04-04,09:55:00,NU,B,300,9.1392,0
2025-04-04,09:55:00,NU,B,300,9.1102,0
2025-04-04,13:36:00,AAPL,S,31,188.4600,0
2025-04-04,13:49:00,AAPL,B,31,189.0950,0
2025-04-04,13:21:00,PFE,S,258,23.0850,0
2025-04-04,13:52:00,PFE,B,258,23.1300,0
2025-04-04,13:15:00,INTC,S,298,19.9900,0
2025-04-04,14:14:00,INTC,B,298,20.0250,0
2025-04-04,13:57:00,SLB,S,174,34.1800,0
2025-04-04,14:14:00,SLB,B,174,34.3300,0
2025-04-04,08:41:00,QYLD,S,366,15.6500,0
2025-04-04,15:00:00,QYLD,B,366,15.2100,0
2025-04-04,08:41:00,FXI,S,173,32.9900,0
2025-04-04,15:00:00,FXI,B,173,32.7700,0
2025-04-04,08:41:00,KWEB,S,181,31.5500,0
2025-04-04,15:00:00,KWEB,B,181,31.3100,0
2025-04-04,08:41:00,C,S,98,58.2500,0
2025-04-04,15:00:00,C,B,98,58.0900,0
2025-04-04,08:41:00,EEM,S,139,41.0400,0
2025-04-04,15:00:00,EEM,B,139,40.5900,0
2025-04-04,08:41:00,EWZ,S,230,24.8700,0
2025-04-04,15:00:00,EWZ,B,230,24.5150,0
2025-04-04,10:15:00,T,S,215,27.6100,0
2025-04-04,15:00:00,T,B,215,26.6600,0
2025-04-04,13:31:00,CMCSA,S,176,33.8250,0
2025-04-04,15:00:00,CMCSA,B,176,33.3900,0
2025-04-07,08:41:00,SOXL,S,811,7.3800,0
2025-04-07,08:49:00,SOXL,B,811,7.8650,0
2025-04-07,08:43:00,RIG,B,2140,2.2050,0
2025-04-07,08:54:00,RIG,S,1070,2.2932,0
2025-04-07,08:54:00,RIG,S,1070,2.2979,0
2025-04-07,08:43:00,FXI,S,197,30.5000,0
2025-04-07,08:54:00,FXI,B,197,30.9950,0
2025-04-07,08:52:00,LCID,B,2522,2.3550,0
2025-04-07,09:00:00,LCID,S,1261,2.4492,0
2025-04-07,09:00:00,LCID,S,1261,2.4495,0
2025-04-07,08:51:00,PLTR,B,86,69.7500,0
2025-04-07,09:00:00,PLTR,S,43,72.5400,0
2025-04-07,09:00:00,PLTR,S,43,72.4796,0
2025-04-07,08:41:00,PBR,S,487,12.3300,0
2025-04-07,09:11:00,PBR,B,487,12.5700,0
2025-04-07,09:11:00,GRAB,B,1688,3.6150,0
2025-04-07,09:18:00,GRAB,S,844,3.7596,0
2025-04-07,09:18:00,GRAB,S,844,3.7238,0
2025-04-07,08:51:00,KWEB,B,200,29.8950,0
2025-04-07,09:18:00,KWEB,S,100,31.0908,0
2025-04-07,09:18:00,KWEB,S,100,31.1710,0
2025-04-07,08:58:00,ASHR,B,249,24.0000,0
2025-04-07,10:15:00,ASHR,S,249,23.7600,0
2025-04-07,10:22:00,PBR,S,498,12.1750,0
2025-04-07,10:41:00,PBR,B,498,12.2350,0
2025-04-08,08:41:00,F,S,651,9.3050,0
2025-04-08,09:02:00,F,B,651,9.3500,0
2025-04-08,08:42:00,LCID,S,2465,2.4550,0
2025-04-08,09:14:00,LCID,B,2465,2.5300,0
2025-04-08,08:49:00,TSLL,S,745,8.1400,0
2025-04-08,09:17:00,TSLL,B,745,8.5200,0
2025-04-08,08:53:00,NIO,B,1789,3.4050,0
2025-04-08,09:54:00,NIO,S,1789,3.3150,0
2025-04-08,08:53:00,INTC,B,300,20.1600,0
2025-04-08,09:58:00,INTC,S,300,19.8300,0
2025-04-08,08:42:00,RIG,S,2542,2.3650,0
2025-04-08,10:03:00,RIG,B,1271,2.2704,0
2025-04-08,10:03:00,RIG,B,1271,2.2186,0
2025-04-08,08:47:00,TQQQ,B,132,45.7600,0
2025-04-08,10:12:00,TQQQ,S,132,44.8200,0
2025-04-08,09:04:00,SOXL,B,566,10.7700,0
2025-04-08,10:12:00,SOXL,S,566,10.2200,0
2025-04-08,08:47:00,SQQQ,S,135,44.6200,0
2025-04-08,10:12:00,SQQQ,B,135,45.8200,0
2025-04-08,08:53:00,AMD,B,68,88.2450,0
2025-04-08,10:23:00,AMD,S,68,86.1000,0
2025-04-08,10:24:00,TQQQ,S,134,44.2900,0
2025-04-08,10:38:00,TQQQ,B,134,45.0000,0
2025-04-08,10:08:00,RIG,S,2742,2.1950,0
2025-04-08,10:39:00,RIG,B,2742,2.2250,0
2025-04-08,10:23:00,INTC,S,303,19.6250,0
2025-04-08,11:11:00,INTC,B,303,19.7500,0
2025-04-08,08:52:00,IQ,S,3578,1.6950,0
2025-04-08,11:48:00,IQ,B,1789,1.6272,0
2025-04-08,11:48:00,IQ,B,1789,1.5919,0
2025-04-08,08:41:00,VALE,S,683,8.8600,0
2025-04-08,12:35:00,VALE,B,341,8.5056,0
2025-04-08,12:35:00,VALE,B,342,8.3136,0
2025-04-08,08:41:00,AAL,S,619,9.7550,0
2025-04-08,12:35:00,AAL,B,309,9.3648,0
2025-04-08,12:35:00,AAL,B,310,9.2075,0
2025-04-08,09:32:00,GGB,S,2425,2.4700,0
2025-04-08,12:41:00,GGB,B,1212,2.3712,0
2025-04-08,12:41:00,GGB,B,1213,2.3397,0
2025-04-08,09:05:00,GRAB,B,1544,3.9450,0
2025-04-08,14:12:00,GRAB,S,1544,3.7200,0
2025-04-08,13:41:00,AMD,S,74,81.0000,0
2025-04-08,14:42:00,AMD,B,37,77.7600,0
2025-04-08,14:42:00,AMD,B,37,77.5700,0
2025-04-08,14:47:00,VALE,S,735,8.2000,0
2025-04-08,14:53:00,VALE,B,735,8.2300,0
2025-04-08,14:33:00,AAL,S,666,9.0300,0
2025-04-08,15:00:00,AAL,B,666,9.0900,0
2025-04-09,08:41:00,AVGO,B,37,162.1100,0
2025-04-09,09:14:00,AVGO,S,37,158.4000,0
2025-04-09,08:41:00,B,B,325,18.5250,0
2025-04-09,09:14:00,B,S,325,18.1400,0
2025-04-09,08:41:00,EEM,B,154,39.0700,0
2025-04-09,09:48:00,EEM,S,154,38.7300,0
2025-04-09,08:41:00,EFA,B,81,73.5100,0
2025-04-09,09:50:00,EFA,S,81,73.0400,0
2025-04-09,08:41:00,IWM,B,34,175.5600,0
2025-04-09,09:51:00,IWM,S,34,172.7600,0
2025-04-09,08:41:00,SCHX,B,306,19.7300,0
2025-04-09,09:54:00,SCHX,S,306,19.4700,0
2025-04-09,08:41:00,CCL,B,344,17.5400,0
2025-04-09,09:56:00,CCL,S,344,16.7700,0
2025-04-09,08:41:00,GOOGL,B,41,145.6600,0
2025-04-09,09:59:00,GOOGL,S,41,143.9400,0
2025-04-09,08:41:00,AMZN,B,34,173.7250,0
2025-04-09,09:59:00,AMZN,S,34,171.0700,0
2025-04-09,09:03:00,ASHR,B,245,24.5500,0
2025-04-09,09:59:00,ASHR,S,245,24.3700,0
2025-04-09,10:13:00,NEOG,S,1424,4.1350,0
2025-04-09,10:59:00,NEOG,B,712,3.9696,0
2025-04-09,10:59:00,NEOG,B,712,3.9529,0
2025-04-09,08:41:00,INTC,B,328,18.4550,0
2025-04-09,11:23:00,INTC,S,164,19.1932,0
2025-04-09,11:23:00,INTC,S,164,19.1154,0
2025-04-09,09:28:00,FXI,S,196,30.5100,0
2025-04-09,12:19:00,FXI,B,196,31.0200,0
2025-04-09,08:41:00,HOOD,B,172,35.2100,0
2025-04-09,12:19:00,HOOD,S,86,36.6184,0
2025-04-09,12:19:00,HOOD,S,86,36.5879,0
2025-04-09,08:41:00,AAPL,B,33,178.4950,0
2025-04-09,12:19:00,AAPL,S,16,185.6348,0
2025-04-09,12:19:00,AAPL,S,17,185.5550,0
2025-04-09,08:41:00,AMD,B,74,80.8000,0
2025-04-09,12:19:00,AMD,S,37,84.0320,0
2025-04-09,12:19:00,AMD,S,37,84.1620,0
2025-04-09,09:53:00,GRAB,S,1582,3.7650,0
2025-04-09,12:23:00,GRAB,B,1582,3.9250,0
2025-04-09,09:28:00,KWEB,S,208,28.7000,0
2025-04-09,12:23:00,KWEB,B,208,29.4700,0
2025-04-09,08:41:00,AAL,B,642,9.4200,0
2025-04-09,12:27:00,AAL,S,321,9.7968,0
2025-04-09,12:27:00,AAL,S,321,9.9858,0
2025-04-09,08:41:00,F,B,695,8.6700,0
2025-04-09,12:29:00,F,S,347,9.0168,0
2025-04-09,12:29:00,F,S,348,9.1233,0
2025-04-09,13:04:00,EEM,B,148,40.8700,0
2025-04-09,13:06:00,EEM,S,148,40.7100,0
2025-04-09,13:04:00,SDS,S,270,22.3600,0
2025-04-09,13:06:00,SDS,B,270,22.7400,0
2025-04-09,13:12:00,SOXL,B,495,12.2000,0
2025-04-09,13:33:00,SOXL,S,247,12.6880,0
2025-04-09,13:33:00,SOXL,S,248,12.4850,0
2025-04-09,13:11:00,SNAP,B,725,8.3200,0
2025-04-09,13:34:00,SNAP,S,362,8.6528,0
2025-04-09,13:34:00,SNAP,S,363,8.6468,0
2025-04-09,13:27:00,INTC,B,282,21.3600,0
2025-04-09,13:43:00,INTC,S,282,21.0300,0
2025-04-09,13:30:00,IWM,B,31,191.7400,0
2025-04-09,13:45:00,IWM,S,31,188.1100,0
2025-04-09,13:12:00,F,B,641,9.4100,0
2025-04-09,13:59:00,F,S,641,9.2900,0
2025-04-09,13:18:00,IJH,B,108,55.8700,0
2025-04-09,13:59:00,IJH,S,108,55.0100,0
2025-04-09,13:19:00,GOOGL,B,38,156.1200,0
2025-04-09,14:00:00,GOOGL,S,38,154.2100,0
2025-04-09,13:11:00,AAL,B,563,10.7100,0
2025-04-09,14:00:00,AAL,S,563,10.5000,0
2025-04-09,14:31:00,QYLD,B,365,16.5400,0
2025-04-09,14:37:00,QYLD,S,365,16.5000,0
2025-04-09,14:31:00,SPY,B,11,541.7000,0
2025-04-09,14:38:00,SPY,S,11,539.7600,0
2025-04-09,14:31:00,SQQQ,S,173,34.8600,0
2025-04-09,14:38:00,SQQQ,B,173,35.5000,0
2025-04-09,14:31:00,TQQQ,B,115,52.1900,0
2025-04-09,14:38:00,TQQQ,S,115,51.7400,0
2025-04-09,14:31:00,SPXS,S,840,7.1700,0
2025-04-09,14:38:00,SPXS,B,840,7.2900,0
2025-04-09,13:17:00,WBD,B,671,8.9900,0
2025-04-09,14:38:00,WBD,S,335,9.3496,0
2025-04-09,14:38:00,WBD,S,336,9.4101,0
2025-04-09,14:31:00,XLE,B,72,83.0500,0
2025-04-09,14:54:00,XLE,S,72,82.4800,0
2025-04-09,13:12:00,AMD,B,64,93.9300,0
2025-04-09,14:55:00,AMD,S,32,97.6872,0
2025-04-09,14:55:00,AMD,S,32,96.9557,0
2025-04-09,14:50:00,TSLZ,S,2007,2.9800,0
2025-04-09,14:55:00,TSLZ,B,1003,2.8608,0
2025-04-09,14:55:00,TSLZ,B,1004,2.8993,0
2025-04-09,13:10:00,ET,B,365,16.5200,0
2025-04-09,15:00:00,ET,S,365,16.6750,0
2025-04-09,13:11:00,C,B,94,64.1600,0
2025-04-09,15:00:00,C,S,94,64.1100,0
2025-04-09,13:18:00,AVGO,B,33,181.1600,0
2025-04-09,15:00:00,AVGO,S,33,184.7700,0
2025-04-09,13:19:00,EFA,B,77,78.0400,0
2025-04-09,15:00:00,EFA,S,77,78.6000,0
2025-04-09,13:25:00,AMZN,B,32,187.9000,0
2025-04-09,15:00:00,AMZN,S,32,190.8100,0
2025-04-09,14:30:00,NVDA,B,53,113.2950,0
2025-04-09,15:00:00,NVDA,S,53,114.1900,0
2025-04-09,14:31:00,XLF,B,127,47.2500,0
2025-04-09,15:00:00,XLF,S,127,47.2500,0
2025-04-09,14:49:00,TSLA,B,22,270.9300,0
2025-04-09,15:00:00,TSLA,S,22,272.1200,0
2025-04-09,14:50:00,AAPL,B,30,199.0000,0
2025-04-09,15:00:00,AAPL,S,30,198.4600,0
2025-04-09,14:50:00,SCHX,B,280,21.4800,0
2025-04-09,15:00:00,SCHX,S,280,21.4300,0
2025-04-09,14:50:00,TSLL,B,615,9.7900,0
2025-04-09,15:00:00,TSLL,S,615,9.9100,0
2025-04-10,08:43:00,SOXL,S,580,10.5200,0
2025-04-10,09:01:00,SOXL,B,290,10.0992,0
2025-04-10,09:01:00,SOXL,B,290,10.0752,0
2025-04-10,08:41:00,WBD,S,705,8.5750,0
2025-04-10,09:15:00,WBD,B,352,8.2320,0
2025-04-10,09:15:00,WBD,B,353,8.1958,0
2025-04-10,08:42:00,AMZN,S,33,184.4000,0
2025-04-10,09:34:00,AMZN,B,33,186.2100,0
2025-04-10,08:41:00,AGNC,S,716,8.4950,0
2025-04-10,09:50:00,AGNC,B,358,8.1552,0
2025-04-10,09:50:00,AGNC,B,358,8.0899,0
2025-04-10,08:41:00,AAL,S,597,10.1650,0
2025-04-10,10:07:00,AAL,B,298,9.7584,0
2025-04-10,10:07:00,AAL,B,299,9.8366,0
2025-04-10,08:44:00,SOXS,B,252,24.2000,0
2025-04-10,10:36:00,SOXS,S,126,25.1680,0
2025-04-10,10:36:00,SOXS,S,126,25.5880,0
2025-04-10,08:41:00,SQQQ,B,165,36.9200,0
2025-04-10,10:54:00,SQQQ,S,82,38.3968,0
2025-04-10,10:54:00,SQQQ,S,83,38.7808,0
2025-04-10,08:41:00,TQQQ,S,126,48.1300,0
2025-04-10,10:54:00,TQQQ,B,63,46.2048,0
2025-04-10,10:54:00,TQQQ,B,63,45.2113,0
2025-04-10,08:44:00,FAZ,B,934,6.5300,0
2025-04-10,10:55:00,FAZ,S,467,6.7912,0
2025-04-10,10:55:00,FAZ,S,467,6.7447,0
2025-04-10,08:42:00,SPXS,B,804,7.5900,0
2025-04-10,10:55:00,SPXS,S,402,7.8936,0
2025-04-10,10:55:00,SPXS,S,402,7.9141,0
2025-04-10,10:23:00,TSLL,S,740,8.4000,0
2025-04-10,11:00:00,TSLL,B,370,8.0640,0
2025-04-10,11:00:00,TSLL,B,370,7.9440,0
2025-04-10,08:41:00,AMD,S,67,90.8200,0
2025-04-10,11:30:00,AMD,B,33,87.1872,0
2025-04-10,11:30:00,AMD,B,34,85.9882,0
2025-04-10,08:41:00,INTC,S,298,20.4300,0
2025-04-10,11:30:00,INTC,B,149,19.6128,0
2025-04-10,11:30:00,INTC,B,149,19.3643,0
2025-04-10,08:50:00,HBAN,S,465,13.1000,0
2025-04-10,11:30:00,HBAN,B,232,12.5760,0
2025-04-10,11:30:00,HBAN,B,233,12.5510,0
2025-04-10,08:41:00,NU,S,583,10.4450,0
2025-04-10,11:31:00,NU,B,291,10.0272,0
2025-04-10,11:31:00,NU,B,292,10.0595,0
2025-04-10,08:40:00,NKE,S,110,55.1700,0
2025-04-10,11:33:00,NKE,B,55,52.9632,0
2025-04-10,11:33:00,NKE,B,55,52.9717,0
2025-04-10,08:49:00,BTG,B,2054,2.9750,0
2025-04-10,15:00:00,BTG,S,2054,3.0600,0
2025-04-10,10:15:00,PBR,S,536,11.5550,0
2025-04-10,15:00:00,PBR,B,536,11.3200,0
2025-04-10,10:31:00,AMZN,S,34,182.3000,0
2025-04-10,15:00:00,AMZN,B,34,181.0700,0
2025-04-11,08:44:00,SOXL,B,694,9.3900,0
2025-04-11,08:55:00,SOXL,S,347,9.7656,0
2025-04-11,08:55:00,SOXL,S,347,9.7061,0
2025-04-11,08:44:00,SQQQ,S,172,37.9100,0
2025-04-11,09:21:00,SQQQ,B,172,39.0200,0
2025-04-11,09:06:00,NIO,S,1969,3.3250,0
2025-04-11,11:19:00,NIO,B,1969,3.4550,0
2025-04-11,08:54:00,BTG,S,2025,3.2200,0
2025-04-11,15:00:00,BTG,B,2025,3.2300,0
2025-04-14,08:42:00,CRML,S,2000,2.1100,0
2025-04-14,09:38:00,CRML,B,2000,2.3850,0
2025-04-14,09:22:00,NN,B,512,12.7400,0
2025-04-14,09:38:00,NN,S,512,12.5500,0
2025-04-14,09:04:00,IMAX,B,296,22.0200,0
2025-04-14,09:40:00,IMAX,S,296,21.6050,0
2025-04-14,09:37:00,PARR,S,482,13.4000,0
2025-04-14,11:19:00,PARR,B,241,12.8640,0
2025-04-14,11:19:00,PARR,B,241,12.9590,0
2025-04-14,10:18:00,BMEA,S,3745,1.7100,0
2025-04-14,11:41:00,BMEA,B,1872,1.6416,0
2025-04-14,11:41:00,BMEA,B,1873,1.6577,0
2025-04-14,09:40:00,RPAY,S,1425,4.5000,0
2025-04-14,13:16:00,RPAY,B,712,4.3200,0
2025-04-14,13:16:00,RPAY,B,713,4.3550,0
2025-04-14,08:57:00,GRPN,S,334,19.3800,0
2025-04-14,15:00:00,GRPN,B,334,18.9300,0
2025-04-14,09:37:00,CAR,B,91,71.0500,0
2025-04-14,15:00:00,CAR,S,91,71.3100,0
2025-04-14,09:56:00,GPRE,B,1657,3.8800,0
2025-04-14,15:00:00,GPRE,S,1657,3.8500,0
2025-04-14,10:29:00,SPIR,S,701,9.1500,0
2025-04-14,15:00:00,SPIR,B,701,9.2100,0
2025-04-14,14:02:00,SHMD,B,2231,2.9900,0
2025-04-14,15:00:00,SHMD,S,2231,3.0150,0
2025-04-14,14:07:00,NKTX,B,3935,1.6550,0
2025-04-14,15:00:00,NKTX,S,3935,1.6950,0
2025-04-14,14:29:00,LZM,S,2071,3.0950,0
2025-04-14,15:00:00,LZM,B,2071,3.1100,0
2025-04-14,14:53:00,VOR,B,9280,0.7161,0
2025-04-14,15:00:00,VOR,S,9280,0.7044,0
2025-04-15,09:02:00,APLD,S,1370,4.2300,0
2025-04-15,09:12:00,APLD,B,685,4.0608,0
2025-04-15,09:12:00,APLD,B,685,3.9416,0
2025-04-15,09:18:00,APLD,S,1689,3.8700,0
2025-04-15,10:02:00,APLD,B,1689,3.9700,0
2025-04-15,08:58:00,IQ,B,3828,1.7100,0
2025-04-15,10:33:00,IQ,S,1914,1.7784,0
2025-04-15,10:33:00,IQ,S,1914,1.7729,0
2025-04-16,08:43:00,PLTR,B,67,97.1250,0
2025-04-16,08:52:00,PLTR,S,67,95.5600,0
2025-04-16,08:50:00,SPXS,B,875,7.4900,0
2025-04-16,10:23:00,SPXS,S,875,7.4100,0
2025-04-16,10:20:00,PLTR,S,69,94.3100,0
2025-04-16,10:23:00,PLTR,B,69,94.7300,0
2025-04-16,08:52:00,SQQQ,B,174,37.5000,0
2025-04-16,10:24:00,SQQQ,S,174,36.9000,0
2025-04-16,14:20:00,AMD,S,76,85.7100,0
2025-04-16,14:32:00,AMD,B,76,86.1350,0
2025-04-16,14:22:00,SPXS,B,822,7.9200,0
2025-04-16,14:40:00,SPXS,S,822,7.8600,0
2025-04-16,13:49:00,SQQQ,B,165,39.3300,0
2025-04-16,14:50:00,SQQQ,S,165,39.1900,0
2025-04-17,08:42:00,HTZ,B,627,7.7000,0
2025-04-17,08:57:00,HTZ,S,627,6.8700,0
2025-04-21,09:07:00,BMEA,B,3684,1.7700,0
2025-04-21,09:48:00,BMEA,S,1842,1.8408,0
2025-04-21,09:48:00,BMEA,S,1842,1.9223,0
2025-04-21,09:02:00,CRML,S,2245,2.4600,0
2025-04-21,11:01:00,CRML,B,1122,2.3616,0
2025-04-21,11:01:00,CRML,B,1123,2.2675,0
2025-04-21,13:10:00,NNBR,B,3840,1.7000,0
2025-04-21,13:37:00,NNBR,S,3840,1.6850,0
2025-04-21,10:09:00,MXL,S,673,9.6400,0
2025-04-21,14:33:00,MXL,B,673,9.7950,0
2025-04-21,08:48:00,IMAX,S,289,22.1800,0
2025-04-21,15:00:00,IMAX,B,289,22.3500,0
2025-04-21,09:12:00,CAR,B,79,81.3100,0
2025-04-21,15:00:00,CAR,S,79,80.6400,0
2025-04-21,09:17:00,GRPN,S,342,18.8950,0
2025-04-21,15:00:00,GRPN,B,342,18.7700,0
2025-04-21,09:21:00,GPRE,S,2033,3.1750,0
2025-04-21,15:00:00,GPRE,B,2033,3.3100,0
2025-04-21,09:25:00,NKTX,B,3411,1.9150,0
2025-04-21,15:00:00,NKTX,S,3411,1.8600,0
2025-04-21,10:13:00,PARR,B,496,13.1000,0
2025-04-21,15:00:00,PARR,S,496,13.3700,0
2025-04-21,10:16:00,BMI,S,32,199.5400,0
2025-04-21,15:00:00,BMI,B,32,200.6050,0
2025-04-21,10:28:00,RPAY,S,1511,4.2800,0
2025-04-21,15:00:00,RPAY,B,1511,4.3700,0
2025-04-21,14:42:00,BZAI,S,2368,2.7050,0
2025-04-21,15:00:00,BZAI,B,2368,2.6800,0
2025-04-21,14:43:00,MYSE,B,2907,2.2500,0
2025-04-21,15:00:00,MYSE,S,2907,2.2300,0
2025-04-21,14:52:00,ACHV,B,3071,2.1800,0
2025-04-21,15:00:00,ACHV,S,3071,2.2600,0
2025-04-21,14:55:00,MXL,B,659,9.8950,0
2025-04-21,15:00:00,MXL,S,659,9.9200,0
2025-04-21,14:59:00,IFRX,B,5737,1.1450,0
2025-04-21,15:00:00,IFRX,S,5737,1.1450,0
2025-04-22,08:44:00,SPXS,S,817,7.9100,0
2025-04-22,11:41:00,SPXS,B,408,7.5936,0
2025-04-22,11:41:00,SPXS,B,409,7.6091,0
2025-04-22,08:41:00,SQQQ,S,162,39.8200,0
2025-04-22,11:41:00,SQQQ,B,81,38.2272,0
2025-04-22,11:41:00,SQQQ,B,81,37.8182,0
2025-04-22,08:41:00,SOXL,B,714,9.0800,0
2025-04-22,15:00:00,SOXL,S,714,9.2000,0
2025-04-23,08:50:00,TSLL,S,828,7.9000,0
2025-04-23,09:29:00,TSLL,B,828,8.4500,0
2025-04-23,09:33:00,SPXS,S,946,6.8700,0
2025-04-23,10:23:00,SPXS,B,946,7.0900,0
2025-04-23,08:52:00,SQQQ,S,193,33.7750,0
2025-04-23,10:23:00,SQQQ,B,193,34.9600,0
2025-04-23,08:42:00,SOXL,B,610,10.7300,0
2025-04-23,10:32:00,SOXL,S,610,10.3600,0
2025-04-23,08:46:00,INTC,B,315,20.7800,0
2025-04-23,15:00:00,INTC,S,315,20.5600,0
2025-04-24,08:45:00,SOXL,B,580,11.1100,0
2025-04-24,09:10:00,SOXL,S,290,11.5544,0
2025-04-24,09:10:00,SOXL,S,290,11.6389,0
2025-04-24,08:41:00,SQQQ,S,183,35.0200,0
2025-04-24,09:43:00,SQQQ,B,91,33.6192,0
2025-04-24,09:43:00,SQQQ,B,92,33.9102,0
2025-04-24,13:08:00,SOXL,B,537,12.0700,0
2025-04-24,13:12:00,SOXL,S,537,12.0100,0
2025-04-24,08:47:00,SPXS,S,895,7.1600,0
2025-04-24,14:12:00,SPXS,B,447,6.8736,0
2025-04-24,14:12:00,SPXS,B,448,6.8916,0
2025-04-24,08:42:00,NOK,S,1323,4.8350,0
2025-04-24,15:00:00,NOK,B,1323,4.8550,0
2025-04-24,10:10:00,SQQQ,S,193,33.5600,0
2025-04-24,15:00:00,SQQQ,B,193,32.6900,0
2025-04-25,08:44:00,OMEX,B,2043,1.6950,0
2025-04-25,08:44:00,OMEX,S,1021,1.7628,0
2025-04-25,08:44:00,OMEX,S,1022,1.7831,0
2025-04-25,08:43:00,BBAI,B,2125,3.0650,0
2025-04-25,09:05:00,BBAI,S,1062,3.1876,0
2025-04-25,09:05:00,BBAI,S,1063,3.2193,0
2025-04-25,11:17:00,BBAI,B,1981,3.3100,0
2025-04-25,11:39:00,BBAI,S,990,3.4424,0
2025-04-25,11:39:00,BBAI,S,991,3.4169,0
2025-04-25,09:50:00,INTC,B,328,19.9450,0
2025-04-25,15:00:00,INTC,S,328,20.0500,0
2025-04-28,09:13:00,PLUG,B,3763,1.1400,0
2025-04-28,09:15:00,PLUG,S,1881,1.1856,0
2025-04-28,09:15:00,PLUG,S,1882,1.1638,0
2025-04-29,09:56:00,IFRX,B,4747,1.4000,0
2025-04-29,09:57:00,IFRX,S,2373,1.4560,0
2025-04-29,09:57:00,IFRX,S,2374,1.4460,0
2025-04-29,09:28:00,SPIR,S,652,10.0950,0
2025-04-29,10:07:00,SPIR,B,326,9.6912,0
2025-04-29,10:07:00,SPIR,B,326,9.7509,0
2025-04-29,11:03:00,IFRX,B,4553,1.4600,0
2025-04-29,13:34:00,IFRX,S,2276,1.5184,0
2025-04-29,13:34:00,IFRX,S,2277,1.5154,0
2025-04-29,10:45:00,SPIR,S,688,9.6450,0
2025-04-29,13:55:00,SPIR,B,688,9.8200,0
2025-04-29,10:06:00,GPRE,S,1833,3.6100,0
2025-04-29,14:33:00,GPRE,B,1833,3.7000,0
2025-04-29,09:00:00,GRPN,B,361,18.4700,0
2025-04-29,15:00:00,GRPN,S,361,18.1050,0
2025-04-29,09:01:00,RPAY,B,1666,3.9800,0
2025-04-29,15:00:00,RPAY,S,1666,4.1000,0
2025-04-29,09:25:00,CAR,S,70,93.1200,0
2025-04-29,15:00:00,CAR,B,70,91.7850,0
2025-04-29,09:25:00,MXL,S,661,9.9700,0
2025-04-29,15:00:00,MXL,B,661,10.0500,0
2025-04-29,09:44:00,NN,B,525,12.5900,0
2025-04-29,15:00:00,NN,S,525,12.6800,0
2025-04-29,10:40:00,CRML,B,4537,1.4650,0
2025-04-29,15:00:00,CRML,S,4537,1.4400,0
2025-04-29,12:00:00,BZAI,B,2787,2.3900,0
2025-04-29,15:00:00,BZAI,S,2787,2.4000,0
2025-04-29,14:20:00,ACHV,B,2799,2.3900,0
2025-04-29,15:00:00,ACHV,S,2799,2.4200,0
2025-04-29,14:55:00,SHMD,B,1772,3.8000,0
2025-04-29,15:00:00,SHMD,S,1772,3.8400,0
2025-04-29,14:56:00,LZM,B,1937,3.4400,0
2025-04-29,15:00:00,LZM,S,1937,3.4300,0
2025-04-30,08:43:00,SBUX,B,85,77.8100,0
2025-04-30,15:00:00,SBUX,S,85,80.0400,0
2025-04-30,08:47:00,SNAP,S,874,7.6150,0
2025-04-30,15:00:00,SNAP,B,874,7.9500,0
2025-05-01,08:55:00,MSFT,S,15,430.5100,0
2025-05-01,15:00:00,MSFT,B,15,425.2200,0
2025-05-02,08:41:00,PLRZ,B,3805,0.6983,0
2025-05-02,08:41:00,PLRZ,S,1902,0.7262,0
2025-05-02,08:41:00,PLRZ,S,1903,0.7600,0
2025-05-02,08:52:00,PLRZ,B,7078,0.9428,0
2025-05-02,08:53:00,PLRZ,S,3539,0.9805,0
2025-05-02,08:53:00,PLRZ,S,3539,0.9428,0
2025-05-02,09:07:00,SNAP,B,835,8.0200,0
2025-05-02,10:27:00,SNAP,S,417,8.3408,0
2025-05-02,10:27:00,SNAP,S,418,8.2898,0
2025-05-02,09:15:00,AAL,B,637,10.5000,0
2025-05-02,15:00:00,AAL,S,637,10.5300,0
2025-05-02,10:08:00,SOXL,B,502,13.3500,0
2025-05-02,15:00:00,SOXL,S,502,13.3600,0
2025-05-05,08:45:00,LCID,S,2737,2.4500,0
2025-05-05,15:00:00,LCID,B,2737,2.3650,0
2025-05-06,08:41:00,HIMS,B,87,44.9450,0
2025-05-06,08:43:00,HIMS,S,43,46.7428,0
2025-05-06,08:43:00,HIMS,S,44,46.5006,0
2025-05-06,08:49:00,PLTR,S,62,108.4250,0
2025-05-06,15:00:00,PLTR,B,62,108.8550,0
2025-05-06,13:18:00,HIMS,B,138,48.6600,0
2025-05-06,15:00:00,HIMS,S,138,49.4500,0
2025-05-07,09:03:00,ASST,B,1203,2.2700,0
2025-05-07,09:16:00,ASST,S,601,2.3608,0
2025-05-07,09:16:00,ASST,S,602,2.4273,0
2025-05-07,09:29:00,ASST,B,2523,2.5000,0
2025-05-07,09:30:00,ASST,S,1261,2.6000,0
2025-05-07,09:30:00,ASST,S,1262,2.5000,0
2025-05-07,08:52:00,GOOG,S,40,165.4300,0
2025-05-07,11:46:00,GOOG,B,20,158.8128,0
2025-05-07,11:46:00,GOOG,B,20,151.2743,0
2025-05-07,08:50:00,GOOGL,S,41,163.6500,0
2025-05-07,11:46:00,GOOGL,B,20,157.1040,0
2025-05-07,11:46:00,GOOGL,B,21,149.4865,0
2025-05-08,08:41:00,QBTS,S,487,7.9150,0
2025-05-08,09:27:00,QBTS,B,487,9.0700,0
2025-05-08,08:41:00,IBIT,S,121,56.4500,0
2025-05-08,09:32:00,IBIT,B,121,56.6550,0
2025-05-08,08:41:00,PLTR,B,59,115.4600,0
2025-05-08,11:18:00,PLTR,S,29,120.0784,0
2025-05-08,11:18:00,PLTR,S,30,119.2154,0
2025-05-08,08:44:00,BBD,B,2595,2.6600,0
2025-05-08,15:00:00,BBD,S,2595,2.6950,0
2025-05-09,08:46:00,TSLL,B,600,11.4350,0
2025-05-09,09:10:00,TSLL,S,300,11.8924,0
2025-05-09,09:10:00,TSLL,S,300,11.8489,0
2025-05-09,08:46:00,QBTS,B,657,10.6250,0
2025-05-09,09:14:00,QBTS,S,328,11.0500,0
2025-05-09,09:14:00,QBTS,S,329,11.0550,0
2025-05-09,08:45:00,IOVA,B,2611,1.9500,0
2025-05-09,09:21:00,IOVA,S,2611,1.7300,0
2025-05-09,08:43:00,LCID,B,2867,2.4000,0
2025-05-09,10:04:00,LCID,S,1433,2.4960,0
2025-05-09,10:04:00,LCID,S,1434,2.4960,0
2025-05-09,09:21:00,QBTS,B,610,11.3250,0
2025-05-09,10:24:00,QBTS,S,610,10.9000,0
2025-05-09,08:41:00,LYFT,B,443,15.4950,0
2025-05-09,11:10:00,LYFT,S,221,16.1148,0
2025-05-09,11:10:00,LYFT,S,222,15.9750,0
2025-05-09,08:43:00,ITUB,B,1055,6.5050,0
2025-05-09,15:00:00,ITUB,S,1055,6.6050,0
2025-05-12,08:41:00,AAL,B,572,12.0350,0
2025-05-12,08:57:00,AAL,S,572,11.8300,0
2025-05-12,08:41:00,SNAP,S,790,8.7150,0
2025-05-12,09:03:00,SNAP,B,790,8.8900,0
2025-05-12,08:41:00,SOXS,B,526,13.0900,0
2025-05-12,11:10:00,SOXS,S,526,12.5700,0
2025-05-12,08:43:00,SOXL,S,413,16.5000,0
2025-05-12,11:11:00,SOXL,B,413,17.1600,0
2025-05-12,08:43:00,SPXS,B,1197,5.7600,0
2025-05-12,12:07:00,SPXS,S,1197,5.6700,0
2025-05-12,08:42:00,NVDA,S,56,120.9500,0
2025-05-12,12:08:00,NVDA,B,56,122.8100,0
2025-05-12,08:43:00,SQQQ,B,263,26.1700,0
2025-05-12,12:08:00,SQQQ,S,263,25.4600,0
2025-05-12,08:41:00,AMZN,S,33,206.5000,0
2025-05-12,15:00:00,AMZN,B,33,208.6600,0
2025-05-12,08:41:00,NIO,S,1635,4.2050,0
2025-05-12,15:00:00,NIO,B,1635,4.1900,0
2025-05-12,08:42:00,KWEB,S,199,34.5800,0
2025-05-12,15:00:00,KWEB,B,199,34.7500,0
2025-05-12,08:42:00,TSLL,S,551,12.4800,0
2025-05-12,15:00:00,TSLL,B,551,12.8600,0
2025-05-12,09:01:00,GDX,S,145,47.2700,0
2025-05-12,15:00:00,GDX,B,145,46.6100,0
2025-05-12,14:58:00,SNAP,B,736,9.1900,0
2025-05-12,15:00:00,SNAP,S,736,9.2100,0
2025-05-13,08:58:00,RKT,S,591,11.4150,0
2025-05-13,09:17:00,RKT,B,591,11.8400,0
2025-05-13,09:01:00,BTE,B,3791,1.7900,0
2025-05-13,10:28:00,BTE,S,1895,1.8616,0
2025-05-13,10:28:00,BTE,S,1896,1.8871,0
2025-05-13,08:41:00,SOXL,B,379,17.8300,0
2025-05-13,11:01:00,SOXL,S,189,18.5432,0
2025-05-13,11:01:00,SOXL,S,190,18.6317,0
2025-05-13,08:41:00,SOXS,S,558,12.0550,0
2025-05-13,11:01:00,SOXS,B,279,11.5728,0
2025-05-13,11:01:00,SOXS,B,279,11.4605,0
2025-05-13,08:57:00,TSLL,B,516,13.1000,0
2025-05-13,12:43:00,TSLL,S,258,13.6240,0
2025-05-13,12:43:00,TSLL,S,258,13.9390,0
2025-05-13,08:46:00,UNH,S,20,328.9600,0
2025-05-13,14:32:00,UNH,B,10,315.8016,0
2025-05-13,14:32:00,UNH,B,10,312.3896,0
2025-05-13,08:41:00,AAL,B,563,12.0050,0
2025-05-13,15:00:00,AAL,S,563,12.3000,0
2025-05-13,08:41:00,NVDA,B,53,126.2950,0
2025-05-13,15:00:00,NVDA,S,53,129.8300,0
2025-05-14,08:42:00,AUR,B,1059,6.5250,0
2025-05-14,09:46:00,AUR,S,529,6.7860,0
2025-05-14,09:46:00,AUR,S,530,6.7248,0
2025-05-14,10:15:00,RGTI,B,533,11.2200,0
2025-05-14,10:22:00,RGTI,S,266,11.6688,0
2025-05-14,10:22:00,RGTI,S,267,11.6378,0
2025-05-14,09:02:00,BBAI,S,1257,3.9200,0
2025-05-14,12:41:00,BBAI,B,628,3.7632,0
2025-05-14,12:41:00,BBAI,B,629,3.8200,0
2025-05-14,08:44:00,SMCI,S,154,44.6850,0
2025-05-14,15:00:00,SMCI,B,154,45.0000,0
2025-05-14,08:50:00,BTE,S,3707,1.8600,0
2025-05-14,15:00:00,BTE,B,3707,1.8100,0
2025-05-14,08:51:00,AMDL,S,1118,6.1800,0
2025-05-14,15:00:00,AMDL,B,1118,6.0700,0
2025-05-15,09:14:00,NFE,S,1418,3.0650,0
2025-05-15,09:50:00,NFE,B,709,2.9424,0
2025-05-15,09:50:00,NFE,B,709,2.6811,0
2025-05-15,08:53:00,UNH,S,27,256.3300,0
2025-05-15,15:00:00,UNH,B,27,274.1900,0
2025-05-16,08:56:00,VOR,B,24321,0.2373,0
2025-05-16,08:57:00,VOR,S,12160,0.2468,0
2025-05-16,08:57:00,VOR,S,12161,0.2560,0
2025-05-16,09:57:00,BMEA,B,4879,1.4500,0
2025-05-16,10:19:00,BMEA,S,4879,1.4100,0
2025-05-16,09:18:00,SPIR,B,585,12.0300,0
2025-05-16,10:29:00,SPIR,S,585,11.6600,0
2025-05-16,09:45:00,NN,S,513,13.5800,0
2025-05-16,13:57:00,NN,B,513,13.8600,0
2025-05-16,14:05:00,NN,B,500,13.9400,0
2025-05-16,14:12:00,NN,S,500,13.8750,0
2025-05-16,13:30:00,CADL,B,1293,5.4400,0
2025-05-16,14:20:00,CADL,S,1293,5.3500,0
2025-05-16,08:50:00,PARR,S,342,20.4000,0
2025-05-16,14:47:00,PARR,B,342,20.6300,0
2025-05-16,08:49:00,RPAY,S,1693,4.1300,0
2025-05-16,15:00:00,RPAY,B,1693,4.1000,0
2025-05-16,08:59:00,GPRE,B,1377,5.1500,0
2025-05-16,15:00:00,GPRE,S,1377,5.2400,0
2025-05-16,09:11:00,GRPN,S,271,25.8950,0
2025-05-16,15:00:00,GRPN,B,271,26.0000,0
2025-05-16,09:20:00,CAR,B,66,106.4900,0
2025-05-16,15:00:00,CAR,S,66,108.7500,0
2025-05-16,13:10:00,ACHV,B,2297,3.0400,0
2025-05-16,15:00:00,ACHV,S,2297,3.0900,0
2025-05-16,13:56:00,NNBR,B,3011,2.3300,0
2025-05-16,15:00:00,NNBR,S,3011,2.3250,0
2025-05-16,14:20:00,MYSE,B,2696,2.6400,0
2025-05-16,15:00:00,MYSE,S,2696,2.6000,0
2025-05-19,09:27:00,LCID,S,2603,2.6600,0
2025-05-19,15:00:00,LCID,B,2603,2.6900,0
2025-05-20,08:41:00,QBTS,B,416,16.0500,0
2025-05-20,09:17:00,QBTS,S,208,16.6920,0
2025-05-20,09:17:00,QBTS,S,208,16.6195,0
2025-05-20,08:57:00,LCID,B,2529,2.7700,0
2025-05-20,11:28:00,LCID,S,1264,2.8808,0
2025-05-20,11:28:00,LCID,S,1265,2.8973,0
2025-05-21,09:10:00,WOLF,S,2529,0.9128,0
2025-05-21,09:23:00,WOLF,B,1264,0.8763,0
2025-05-21,09:23:00,WOLF,B,1265,0.8834,0
2025-05-21,09:55:00,WOLF,S,7145,0.8500,0
2025-05-21,10:22:00,WOLF,B,7145,0.9289,0
2025-05-21,08:43:00,SOXS,S,587,11.9400,0
2025-05-21,12:24:00,SOXS,B,587,12.1800,0
2025-05-21,09:14:00,QBTS,S,402,16.3900,0
2025-05-21,12:28:00,QBTS,B,201,15.7344,0
2025-05-21,12:28:00,QBTS,B,201,15.6109,0
2025-05-21,08:42:00,LCID,S,2414,2.8750,0
2025-05-21,14:38:00,LCID,B,1207,2.7600,0
2025-05-21,14:38:00,LCID,B,1207,2.7788,0
2025-05-21,14:06:00,SOXS,B,563,12.4500,0
2025-05-21,14:50:00,SOXS,S,563,12.3800,0
2025-05-21,08:55:00,CCC,B,802,8.7500,0
2025-05-21,15:00:00,CCC,S,802,8.6600,0
2025-05-21,09:00:00,IQ,S,4014,1.7500,0
2025-05-21,15:00:00,IQ,B,2007,1.6800,0
2025-05-21,15:00:00,IQ,B,2007,1.7050,0
2025-05-21,09:34:00,NU,S,567,12.4000,0
2025-05-21,15:00:00,NU,B,567,11.9900,0
2025-05-22,08:53:00,WOLF,B,2452,1.2950,0
2025-05-22,08:56:00,WOLF,S,1226,1.3468,0
2025-05-22,08:56:00,WOLF,S,1226,1.3188,0
2025-05-22,08:43:00,NVTS,S,1312,4.5700,0
2025-05-22,08:58:00,NVTS,B,656,4.3872,0
2025-05-22,08:58:00,NVTS,B,656,4.1157,0
2025-05-22,08:51:00,RGTI,B,627,11.2400,0
2025-05-22,09:04:00,RGTI,S,313,11.6896,0
2025-05-22,09:04:00,RGTI,S,314,11.9376,0
2025-05-22,08:53:00,QBTS,B,449,15.7100,0
2025-05-22,09:05:00,QBTS,S,224,16.3384,0
2025-05-22,09:05:00,QBTS,S,225,16.6748,0
2025-05-22,09:08:00,WOLF,B,5275,1.3650,0
2025-05-22,09:08:00,WOLF,S,2637,1.4196,0
2025-05-22,09:08:00,WOLF,S,2638,1.3862,0
2025-05-22,09:16:00,QBTS,B,413,17.4100,0
2025-05-22,09:53:00,QBTS,S,206,18.1064,0
2025-05-22,09:53:00,QBTS,S,207,17.8389,0
2025-05-22,09:30:00,RGTI,B,579,12.4150,0
2025-05-22,10:38:00,RGTI,S,289,12.9116,0
2025-05-22,10:38:00,RGTI,S,290,12.9658,0
2025-05-23,09:08:00,IMNN,S,2319,1.0950,0
2025-05-23,09:08:00,IMNN,B,1159,1.0512,0
2025-05-23,09:08:00,IMNN,B,1160,1.0950,0
2025-05-23,08:41:00,DNN,B,4433,1.6450,0
2025-05-23,15:00:00,DNN,S,4433,1.6750,0
2025-05-27,09:52:00,IMSR,S,629,11.5300,0
2025-05-27,10:55:00,IMSR,B,629,11.7200,0
2025-05-27,10:20:00,CADL,B,1273,5.7500,0
2025-05-27,12:19:00,CADL,S,1273,5.5700,0
2025-05-27,10:22:00,NKTX,B,4082,1.8050,0
2025-05-27,12:31:00,NKTX,S,4082,1.7450,0
2025-05-27,10:10:00,ELDN,B,2336,3.1350,0
2025-05-27,13:18:00,ELDN,S,1168,3.2604,0
2025-05-27,13:18:00,ELDN,S,1168,3.2386,0
2025-05-27,09:51:00,BMEA,S,5011,1.4450,0
2025-05-27,13:21:00,BMEA,B,2505,1.3872,0
2025-05-27,13:21:00,BMEA,B,2506,1.3944,0
2025-05-27,09:47:00,BZAI,S,3229,2.1300,0
2025-05-27,14:26:00,BZAI,B,1614,2.0448,0
2025-05-27,14:26:00,BZAI,B,1615,2.0463,0
2025-05-27,08:50:00,GRPN,B,266,27.5750,0
2025-05-27,15:00:00,GRPN,S,266,28.4000,0
2025-05-27,09:04:00,IMAX,B,264,27.4900,0
2025-05-27,15:00:00,IMAX,S,264,28.0700,0
2025-05-27,09:20:00,GPRE,B,1713,4.2650,0
2025-05-27,15:00:00,GPRE,S,1713,4.3600,0
2025-05-27,09:21:00,NN,B,563,12.9150,0
2025-05-27,15:00:00,NN,S,563,13.2000,0
2025-05-27,09:28:00,PARR,B,330,22.0500,0
2025-05-27,15:00:00,PARR,S,330,22.4700,0
2025-05-27,09:39:00,CAR,B,59,122.5700,0
2025-05-27,15:00:00,CAR,S,59,122.6100,0
2025-05-27,10:15:00,CRML,S,4765,1.5000,0
2025-05-27,15:00:00,CRML,B,4765,1.4900,0
2025-05-27,10:20:00,MXL,B,616,11.8100,0
2025-05-27,15:00:00,MXL,S,616,11.9000,0
2025-05-27,10:42:00,RPAY,B,1614,4.5300,0
2025-05-27,15:00:00,RPAY,S,1614,4.5500,0
2025-05-27,14:37:00,ACHV,B,2306,3.1600,0
2025-05-27,15:00:00,ACHV,S,2306,3.1600,0
2025-05-27,14:47:00,BMI,B,29,249.7050,0
2025-05-27,15:00:00,BMI,S,29,249.7400,0
2025-05-27,14:54:00,NNBR,B,3495,2.1150,0
2025-05-27,15:00:00,NNBR,S,3495,2.1300,0
2025-05-28,08:42:00,BBAI,S,1753,4.2150,0
2025-05-28,09:31:00,BBAI,B,876,4.0464,0
2025-05-28,09:31:00,BBAI,B,877,4.0872,0
2025-05-29,08:49:00,EOSE,B,1454,5.2950,0
2025-05-29,09:31:00,EOSE,S,1454,4.7850,0
2025-05-29,08:44:00,LCID,S,2886,2.5500,0
2025-05-29,11:58:00,LCID,B,1443,2.4480,0
2025-05-29,11:58:00,LCID,B,1443,2.4005,0
2025-05-29,08:42:00,DNN,S,4388,1.6850,0
2025-05-29,12:41:00,DNN,B,2194,1.6176,0
2025-05-29,12:41:00,DNN,B,2194,1.6119,0
2025-05-29,08:49:00,NVDQ,B,4337,1.7300,0
2025-05-29,13:14:00,NVDQ,S,2168,1.7992,0
2025-05-29,13:14:00,NVDQ,S,2169,1.7827,0
2025-05-30,08:39:00,SOXL,S,456,16.2750,0
2025-05-30,08:40:00,SOXL,B,456,16.3800,0
2025-05-30,08:39:00,SOXS,B,577,12.8900,0
2025-05-30,08:40:00,SOXS,S,577,12.8200,0
2025-05-30,08:57:00,PLTR,S,60,123.0950,0
2025-05-30,09:12:00,PLTR,B,60,125.6900,0
2025-05-30,09:15:00,BBAI,B,1862,4.0000,0
2025-05-30,09:23:00,BBAI,S,931,4.1600,0
2025-05-30,09:23:00,BBAI,S,931,4.1300,0
2025-05-30,09:29:00,BBAI,B,1775,4.1900,0
2025-05-30,10:45:00,BBAI,S,1775,4.1400,0
2025-05-30,09:17:00,TSLZ,S,5076,1.4500,0
2025-05-30,11:28:00,TSLZ,B,5076,1.4900,0
2025-05-30,08:47:00,TSLL,B,467,15.9300,0
2025-05-30,11:29:00,TSLL,S,467,15.6300,0
2025-05-30,08:43:00,SOXS,B,575,12.9250,0
2025-05-30,11:36:00,SOXS,S,287,13.4420,0
2025-05-30,11:36:00,SOXS,S,288,13.4507,0
2025-05-30,08:43:00,SOXL,S,457,16.2150,0
2025-05-30,11:37:00,SOXL,B,228,15.5664,0
2025-05-30,11:37:00,SOXL,B,229,15.4822,0
2025-05-30,08:53:00,NVDQ,B,3993,1.8600,0
2025-05-30,12:02:00,NVDQ,S,1996,1.9344,0
2025-05-30,12:02:00,NVDQ,S,1997,1.9214,0
2025-05-30,08:45:00,LCID,S,3201,2.3200,0
2025-05-30,14:04:00,LCID,B,1600,2.2272,0
2025-05-30,14:04:00,LCID,B,1601,2.2332,0
2025-05-30,08:50:00,GAP,S,332,22.3100,0
2025-05-30,15:00:00,GAP,B,332,22.3300,0
2025-05-30,09:01:00,EOSE,S,1829,4.0600,0
2025-05-30,15:00:00,EOSE,B,1829,4.1600,0
2025-06-02,08:41:00,APLD,B,330,9.8800,0
2025-06-02,10:44:00,APLD,S,165,10.2752,0
2025-06-02,10:44:00,APLD,S,165,10.2812,0
2025-06-02,08:51:00,BBAI,S,1878,3.9800,0
2025-06-02,10:52:00,BBAI,B,1878,4.1000,0
2025-06-02,08:41:00,CLF,B,1030,7.2850,0
2025-06-02,12:18:00,CLF,S,1030,7.0000,0
2025-06-02,08:41:00,GDX,B,141,53.1200,0
2025-06-02,15:00:00,GDX,S,141,53.7500,0
2025-06-03,08:56:00,DNN,S,4754,1.5700,0
2025-06-03,09:10:00,DNN,B,4754,1.6050,0
2025-06-03,08:42:00,SOXL,B,440,16.9900,0
2025-06-03,12:09:00,SOXL,S,220,17.6696,0
2025-06-03,12:09:00,SOXL,S,220,18.1301,0
2025-06-03,08:42:00,SOXS,S,603,12.2800,0
2025-06-03,12:09:00,SOXS,B,301,11.7888,0
2025-06-03,12:09:00,SOXS,B,302,11.4728,0
2025-06-03,09:12:00,KVUE,S,330,22.5550,0
2025-06-03,15:00:00,KVUE,B,330,22.2000,0
2025-06-04,08:42:00,APLD,B,413,12.1350,0
2025-06-04,08:45:00,APLD,S,206,12.6204,0
2025-06-04,08:45:00,APLD,S,207,12.5037,0
2025-06-04,09:10:00,NIO,B,2067,3.6550,0
2025-06-04,09:53:00,NIO,S,1033,3.8012,0
2025-06-04,09:53:00,NIO,S,1034,3.8184,0
2025-06-04,09:45:00,BBAI,B,1930,3.9350,0
2025-06-04,11:45:00,BBAI,S,965,4.0924,0
2025-06-04,11:45:00,BBAI,S,965,4.0707,0
2025-06-05,08:42:00,PLTR,B,57,132.1600,0
2025-06-05,11:39:00,PLTR,S,57,128.9200,0
2025-06-05,08:45:00,TSLL,S,619,12.3000,0
2025-06-05,11:54:00,TSLL,B,309,11.8080,0
2025-06-05,11:54:00,TSLL,B,310,11.4611,0
2025-06-05,08:45:00,TSLA,S,24,314.8000,0
2025-06-05,12:07:00,TSLA,B,12,302.2080,0
2025-06-05,12:07:00,TSLA,B,12,304.8080,0
2025-06-05,13:25:00,TSLL,S,702,10.9200,0
2025-06-05,13:52:00,TSLL,B,351,10.4832,0
2025-06-05,13:52:00,TSLL,B,351,10.4092,0
2025-06-05,13:25:00,TSLA,S,25,298.3250,0
2025-06-05,14:10:00,TSLA,B,12,286.3920,0
2025-06-05,14:10:00,TSLA,B,13,286.8682,0
2025-06-05,08:42:00,HL,B,1120,6.8050,0
2025-06-05,14:16:00,HL,S,1120,6.4550,0
2025-06-05,08:46:00,AMDL,S,1269,5.9600,0
2025-06-05,14:27:00,AMDL,B,634,5.7216,0
2025-06-05,14:27:00,AMDL,B,635,5.7596,0
2025-06-05,08:47:00,BBAI,S,1933,3.9200,0
2025-06-05,14:27:00,BBAI,B,966,3.7632,0
2025-06-05,14:27:00,BBAI,B,967,3.7077,0
2025-06-05,08:41:00,AG,B,935,8.1700,0
2025-06-05,15:00:00,AG,S,935,8.4000,0
2025-06-06,08:52:00,TSLL,S,735,10.5200,0
2025-06-06,09:56:00,TSLL,B,735,11.0100,0
2025-06-06,08:55:00,TSLZ,B,3849,2.0400,0
2025-06-06,09:56:00,TSLZ,S,3849,1.9100,0
2025-06-06,08:42:00,TGB,B,2662,2.9300,0
2025-06-06,10:12:00,TGB,S,1331,3.0472,0
2025-06-06,10:12:00,TGB,S,1331,3.0357,0
2025-06-09,08:41:00,TSLL,B,776,10.0100,0
2025-06-09,09:00:00,TSLL,S,388,10.4104,0
2025-06-09,09:00:00,TSLL,S,388,10.3199,0
2025-06-09,10:10:00,TSLL,B,725,10.6700,0
2025-06-09,10:13:00,TSLL,S,725,10.5800,0
2025-06-09,09:34:00,PCG,S,506,15.2800,0
2025-06-09,12:02:00,PCG,B,253,14.6688,0
2025-06-09,12:02:00,PCG,B,253,14.7228,0
2025-06-09,08:52:00,PLUG,B,7493,1.0500,0
2025-06-09,13:13:00,PLUG,S,3746,1.0920,0
2025-06-09,13:13:00,PLUG,S,3747,1.1887,0
2025-06-09,11:13:00,AMDL,S,1256,6.1600,0
2025-06-09,13:26:00,AMDL,B,1256,6.3700,0
2025-06-09,13:29:00,PLUG,B,6521,1.2000,0
2025-06-09,14:14:00,PLUG,S,3260,1.2480,0
2025-06-09,14:14:00,PLUG,S,3261,1.2411,0
2025-06-09,09:01:00,SOXL,B,378,20.4600,0
2025-06-09,15:00:00,SOXL,S,378,20.5700,0
2025-06-09,09:01:00,SOXS,S,766,10.1000,0
2025-06-09,15:00:00,SOXS,B,766,10.0200,0
2025-06-09,09:03:00,TSLZ,S,3778,2.0400,0
2025-06-09,15:00:00,TSLZ,B,1889,1.9584,0
2025-06-09,15:00:00,TSLZ,B,1889,1.8400,0
2025-06-10,08:47:00,TSLL,S,677,11.6450,0
2025-06-10,08:56:00,TSLL,B,677,11.9800,0
2025-06-10,08:47:00,WBD,S,864,9.1200,0
2025-06-10,09:05:00,WBD,B,864,9.5350,0
2025-06-10,08:41:00,INTC,S,387,20.3800,0
2025-06-10,09:16:00,INTC,B,387,20.6350,0
2025-06-10,08:41:00,PLUG,B,4360,1.5150,0
2025-06-10,09:35:00,PLUG,S,4360,1.3650,0
2025-06-10,08:51:00,RIG,B,2683,2.9450,0
2025-06-10,09:55:00,RIG,S,1341,3.0628,0
2025-06-10,09:55:00,RIG,S,1342,3.0555,0
2025-06-10,08:56:00,BTE,B,4237,1.8800,0
2025-06-10,10:38:00,BTE,S,2118,1.9552,0
2025-06-10,10:38:00,BTE,S,2119,1.9662,0
2025-06-10,08:45:00,DNN,S,4648,1.6750,0
2025-06-10,10:38:00,DNN,B,2324,1.6080,0
2025-06-10,10:38:00,DNN,B,2324,1.6118,0
2025-06-10,08:50:00,SOXS,S,806,9.7900,0
2025-06-10,12:28:00,SOXS,B,403,9.3984,0
2025-06-10,12:28:00,SOXS,B,403,9.3929,0
2025-06-10,08:50:00,SOXL,B,375,21.0800,0
2025-06-10,12:28:00,SOXL,S,187,21.9232,0
2025-06-10,12:28:00,SOXL,S,188,21.8892,0
2025-06-10,09:02:00,TSLZ,S,4503,1.7300,0
2025-06-10,14:43:00,TSLZ,B,2251,1.6608,0
2025-06-10,14:43:00,TSLZ,B,2252,1.6273,0
2025-06-10,08:44:00,GRAB,S,1655,4.7750,0
2025-06-10,15:00:00,GRAB,B,1655,4.6550,0
2025-06-11,09:11:00,RGTI,B,630,12.6700,0
2025-06-11,09:18:00,RGTI,S,315,13.1768,0
2025-06-11,09:18:00,RGTI,S,315,13.3611,0
2025-06-11,09:29:00,RGTI,B,592,13.5400,0
2025-06-11,09:49:00,RGTI,S,592,13.1500,0
2025-06-11,09:35:00,PLUG,S,6219,1.2900,0
2025-06-11,10:29:00,PLUG,B,6219,1.3500,0
2025-06-11,08:41:00,NU,B,651,12.2700,0
2025-06-11,12:15:00,NU,S,325,12.7608,0
2025-06-11,12:15:00,NU,S,326,12.6523,0
2025-06-11,08:40:00,INTC,S,375,21.2500,0
2025-06-11,14:23:00,INTC,B,187,20.4000,0
2025-06-11,14:23:00,INTC,B,188,20.5925,0
2025-06-11,08:48:00,AAL,S,676,11.7900,0
2025-06-11,15:00:00,AAL,B,338,11.3184,0
2025-06-11,15:00:00,AAL,B,338,11.0550,0
2025-06-12,08:48:00,EQX,S,1261,6.3900,0
2025-06-12,09:33:00,EQX,B,1261,6.4400,0
2025-06-12,08:44:00,GME,B,340,23.7050,0
2025-06-12,10:22:00,GME,S,340,22.8200,0
2025-06-12,08:44:00,HPP,S,2974,2.7000,0
2025-06-12,15:00:00,HPP,B,2974,2.6900,0
2025-06-12,08:45:00,NU,S,649,12.4100,0
2025-06-12,15:00:00,NU,B,649,12.0100,0
2025-06-13,08:45:00,SOXL,B,385,20.8800,0
2025-06-13,09:20:00,SOXL,S,385,20.2400,0
2025-06-13,08:45:00,SOXS,S,818,9.8300,0
2025-06-13,09:20:00,SOXS,B,818,10.1100,0
2025-06-13,08:50:00,FAZ,B,1579,5.1100,0
2025-06-13,10:47:00,FAZ,S,1579,5.0200,0
2025-06-13,08:52:00,RUN,B,958,8.4350,0
2025-06-13,12:44:00,RUN,S,479,8.7724,0
2025-06-13,12:44:00,RUN,S,479,8.7157,0
2025-06-13,09:08:00,ACHR,B,796,10.1300,0
2025-06-13,15:00:00,ACHR,S,796,9.9800,0
2025-06-16,08:42:00,BBAI,B,2082,3.8550,0
2025-06-16,09:20:00,BBAI,S,1041,4.0092,0
2025-06-16,09:20:00,BBAI,S,1041,4.0015,0
2025-06-16,08:43:00,AMDL,B,1281,6.2500,0
2025-06-16,09:56:00,AMDL,S,640,6.5000,0
2025-06-16,09:56:00,AMDL,S,641,6.8675,0
2025-06-16,08:46:00,SOXL,B,378,21.1900,0
2025-06-16,10:23:00,SOXL,S,189,22.0376,0
2025-06-16,10:23:00,SOXL,S,189,21.9981,0
2025-06-16,08:46:00,SOXS,S,831,9.6100,0
2025-06-16,10:23:00,SOXS,B,415,9.2256,0
2025-06-16,10:23:00,SOXS,B,416,9.1961,0
2025-06-16,10:04:00,AMDL,B,1172,6.9300,0
2025-06-16,10:28:00,AMDL,S,1172,6.8100,0
2025-06-16,08:48:00,DNN,B,4294,1.8700,0
2025-06-16,14:07:00,DNN,S,4294,1.8200,0
2025-06-16,08:55:00,AAL,B,752,10.6700,0
2025-06-16,15:00:00,AAL,S,752,10.9200,0
2025-06-17,08:42:00,PLUG,S,6814,1.1900,0
2025-06-17,12:51:00,PLUG,B,3407,1.1424,0
2025-06-17,12:51:00,PLUG,B,3407,1.1419,0
2025-06-18,08:43:00,BMEA,B,3912,2.1100,0
2025-06-18,08:43:00,BMEA,S,1956,2.1944,0
2025-06-18,08:43:00,BMEA,S,1956,2.1789,0
2025-06-18,08:59:00,GRPN,S,230,35.6000,0
2025-06-18,09:57:00,GRPN,B,230,36.4500,0
2025-06-18,08:49:00,CRML,B,2477,2.9400,0
2025-06-18,10:05:00,CRML,S,2477,2.6350,0
2025-06-18,09:01:00,GPRE,B,1397,5.8900,0
2025-06-18,10:33:00,GPRE,S,1397,5.7300,0
2025-06-18,09:36:00,RPAY,B,1734,4.7350,0
2025-06-18,12:12:00,RPAY,S,1734,4.6450,0
2025-06-18,09:22:00,CAR,B,63,130.1000,0
2025-06-18,15:00:00,CAR,S,63,129.6900,0
2025-06-18,09:26:00,NN,B,564,14.5500,0
2025-06-18,15:00:00,NN,S,564,14.3850,0
2025-06-18,09:30:00,IMAX,B,280,29.2700,0
2025-06-18,15:00:00,IMAX,S,280,29.1900,0
2025-06-18,09:36:00,EVTL,B,1400,5.9350,0
2025-06-18,15:00:00,EVTL,S,1400,5.8600,0
2025-06-18,09:38:00,MXL,B,624,13.1500,0
2025-06-18,15:00:00,MXL,S,624,13.1150,0
2025-06-18,09:43:00,PARR,S,298,27.4200,0
2025-06-18,15:00:00,PARR,B,298,27.3800,0
2025-06-18,10:03:00,SPIR,B,809,10.1200,0
2025-06-18,15:00:00,SPIR,S,809,10.1400,0
2025-06-18,14:22:00,ELDN,S,2898,2.7800,0
2025-06-18,15:00:00,ELDN,B,2898,2.7800,0
2025-06-20,08:54:00,GRPN,B,195,41.0950,0
2025-06-20,09:59:00,GRPN,S,195,38.3800,0
2025-06-20,09:47:00,MXL,S,613,12.9700,0
2025-06-20,11:13:00,MXL,B,613,13.3700,0
2025-06-20,10:31:00,SPIR,B,787,10.1650,0
2025-06-20,12:41:00,SPIR,S,787,10.0700,0
2025-06-20,09:35:00,CRML,S,3476,2.2900,0
2025-06-20,13:24:00,CRML,B,3476,2.4900,0
2025-06-20,09:22:00,PARR,B,286,28.1400,0
2025-06-20,13:51:00,PARR,S,286,27.4800,0
2025-06-20,08:49:00,BMEA,S,4236,1.8550,0
2025-06-20,15:00:00,BMEA,B,4236,1.8100,0
2025-06-20,09:23:00,IMAX,S,276,29.0300,0
2025-06-20,15:00:00,IMAX,B,276,28.4500,0
2025-06-20,09:32:00,GPRE,S,1424,5.6450,0
2025-06-20,15:00:00,GPRE,B,1424,5.6900,0
2025-06-20,09:55:00,EVTL,S,1405,5.5900,0
2025-06-20,15:00:00,EVTL,B,702,5.3664,0
2025-06-20,15:00:00,EVTL,B,703,5.2200,0
2025-06-20,10:00:00,RPAY,S,1730,4.5850,0
2025-06-20,15:00:00,RPAY,B,1730,4.6300,0
2025-06-20,10:18:00,CADL,S,1658,4.8200,0
2025-06-20,15:00:00,CADL,B,1658,4.7550,0
2025-06-20,10:38:00,CAR,B,60,133.0950,0
2025-06-20,15:00:00,CAR,S,60,134.3200,0
2025-06-20,14:06:00,IMSR,S,692,11.3700,0
2025-06-20,15:00:00,IMSR,B,692,11.6300,0
2025-06-20,14:47:00,SPIR,S,796,9.9100,0
2025-06-20,15:00:00,SPIR,B,796,9.9200,0
2025-06-20,14:54:00,BMI,B,32,243.7800,0
2025-06-20,15:00:00,BMI,S,32,243.6600,0
2025-06-23,08:45:00,IBO,B,3368,1.2200,0
2025-06-23,08:46:00,IBO,S,1684,1.2688,0
2025-06-23,08:46:00,IBO,S,1684,1.3478,0
2025-06-23,09:03:00,IBO,B,3354,1.4200,0
2025-06-23,09:10:00,IBO,S,3354,1.2300,0
2025-06-23,08:48:00,TSLL,B,592,13.5300,0
2025-06-23,09:12:00,TSLL,S,296,14.0712,0
2025-06-23,09:12:00,TSLL,S,296,14.0273,0
2025-06-23,08:49:00,TSLZ,S,5241,1.4900,0
2025-06-23,09:13:00,TSLZ,B,2620,1.4304,0
2025-06-23,09:13:00,TSLZ,B,2621,1.4349,0
2025-06-23,09:40:00,TSLZ,S,5943,1.3400,0
2025-06-23,11:18:00,TSLZ,B,5943,1.3600,0
2025-06-23,09:42:00,TSLL,B,539,14.7600,0
2025-06-23,11:22:00,TSLL,S,539,14.5000,0
2025-06-23,09:27:00,HIMS,S,158,44.0400,0
2025-06-23,11:39:00,HIMS,B,79,42.2784,0
2025-06-23,11:39:00,HIMS,B,79,42.6227,0
2025-06-23,09:08:00,BTE,S,3838,2.0800,0
2025-06-23,13:30:00,BTE,B,1919,1.9968,0
2025-06-23,13:30:00,BTE,B,1919,1.8908,0
2025-06-24,08:41:00,BBAI,B,1742,4.6200,0
2025-06-24,08:45:00,BBAI,S,871,4.8048,0
2025-06-24,08:45:00,BBAI,S,871,4.8038,0
2025-06-24,08:59:00,BBAI,B,1647,4.8850,0
2025-06-24,09:19:00,BBAI,S,1647,4.7500,0
2025-06-24,08:41:00,NU,B,623,12.8500,0
2025-06-24,11:54:00,NU,S,311,13.3640,0
2025-06-24,11:54:00,NU,S,312,13.3365,0
2025-06-24,08:42:00,INTC,B,369,21.7100,0
2025-06-24,12:23:00,INTC,S,184,22.5784,0
2025-06-24,12:23:00,INTC,S,185,22.4629,0
2025-06-24,08:41:00,SOXS,S,930,8.6100,0
2025-06-24,15:00:00,SOXS,B,465,8.2656,0
2025-06-24,15:00:00,SOXS,B,465,8.2500,0
2025-06-24,08:41:00,TSLL,S,566,14.0400,0
2025-06-24,15:00:00,TSLL,B,566,13.6400,0
2025-06-24,08:42:00,SOXL,B,345,23.1800,0
2025-06-24,15:00:00,SOXL,S,345,23.9200,0
2025-06-25,08:42:00,BBAI,S,1293,5.3800,0
2025-06-25,09:01:00,BBAI,B,646,5.1648,0
2025-06-25,09:01:00,BBAI,B,647,5.2138,0
2025-06-25,08:45:00,TSLL,S,615,13.2800,0
2025-06-25,09:02:00,TSLL,B,307,12.7488,0
2025-06-25,09:02:00,TSLL,B,308,12.8436,0
2025-06-25,08:42:00,QS,B,1334,6.1700,0
2025-06-25,09:42:00,QS,S,1334,5.6850,0
2025-06-25,09:14:00,BBAI,S,1631,5.0400,0
2025-06-25,09:52:00,BBAI,B,815,4.8384,0
2025-06-25,09:52:00,BBAI,B,816,4.8161,0
2025-06-26,08:41:00,BBAI,B,1606,5.1500,0
2025-06-26,08:48:00,BBAI,S,803,5.3560,0
2025-06-26,08:48:00,BBAI,S,803,5.3385,0
2025-06-26,08:51:00,QS,B,1329,6.2000,0
2025-06-26,09:10:00,QS,S,664,6.4480,0
2025-06-26,09:10:00,QS,S,665,6.3859,0
2025-06-26,08:58:00,BBAI,B,1508,5.4650,0
2025-06-26,09:14:00,BBAI,S,1508,5.2500,0
2025-06-26,09:21:00,QS,B,1261,6.5150,0
2025-06-26,09:31:00,QS,S,630,6.7756,0
2025-06-26,09:31:00,QS,S,631,6.7046,0
2025-06-26,08:49:00,PLUG,B,7213,1.1400,0
2025-06-26,09:38:00,PLUG,S,3606,1.1856,0
2025-06-26,09:38:00,PLUG,S,3607,1.1886,0
2025-06-26,09:51:00,PLUG,B,6901,1.2000,0
2025-06-26,10:32:00,PLUG,S,3450,1.2480,0
2025-06-26,10:32:00,PLUG,S,3451,1.2380,0
2025-06-26,09:12:00,CORZ,S,687,12.0050,0
2025-06-26,11:27:00,CORZ,B,687,12.2500,0
2025-06-26,09:07:00,BTBT,S,4336,1.9000,0
2025-06-26,14:35:00,BTBT,B,4336,1.9950,0
2025-06-27,10:05:00,QS,S,985,7.0150,0
2025-06-27,12:05:00,QS,B,492,6.7344,0
2025-06-27,12:05:00,QS,B,493,6.6601,0
2025-06-27,08:49:00,PLTR,S,59,139.2000,0
2025-06-27,14:54:00,PLTR,B,29,133.6320,0
2025-06-27,14:54:00,PLTR,B,30,134.3970,0
2025-06-27,08:44:00,NKE,B,113,72.5100,0
2025-06-27,15:00:00,NKE,S,113,72.0700,0
2025-06-30,08:41:00,SOFI,B,464,17.9100,0
2025-06-30,09:06:00,SOFI,S,232,18.6264,0
2025-06-30,09:06:00,SOFI,S,232,18.5109,0
2025-06-30,08:41:00,HPE,S,405,20.3500,0
2025-06-30,09:09:00,HPE,B,405,20.9050,0
2025-06-30,08:44:00,BBAI,B,1240,6.7050,0
2025-06-30,09:26:00,BBAI,S,620,6.9732,0
2025-06-30,09:26:00,BBAI,S,620,6.9929,0
2025-06-30,10:00:00,BBAI,B,1171,7.1300,0
2025-06-30,10:10:00,BBAI,S,1171,7.0100,0
2025-06-30,08:59:00,PLUG,S,5540,1.2600,0
2025-06-30,11:07:00,PLUG,B,5540,1.4000,0
2025-06-30,09:23:00,SOFI,B,445,18.6900,0
2025-06-30,13:12:00,SOFI,S,445,18.3500,0
2025-07-01,08:44:00,BTBT,S,3723,2.2150,0
2025-07-01,09:06:00,BTBT,B,3723,2.2700,0
2025-07-01,08:48:00,TSLL,B,794,10.3750,0
2025-07-01,09:08:00,TSLL,S,397,10.7900,0
2025-07-01,09:08:00,TSLL,S,397,10.7330,0
2025-07-01,08:43:00,PLUG,S,5932,1.3900,0
2025-07-01,11:19:00,PLUG,B,5932,1.4450,0
2025-07-01,08:50:00,SNAP,B,901,9.1500,0
2025-07-01,13:40:00,SNAP,S,450,9.5160,0
2025-07-01,13:40:00,SNAP,S,451,9.4385,0
2025-07-01,08:51:00,TSLZ,S,4445,1.8300,0
2025-07-01,15:00:00,TSLZ,B,4445,1.8300,0
2025-07-01,08:51:00,TSLY,B,1071,7.7200,0
2025-07-01,15:00:00,TSLY,S,1071,7.7500,0
2025-07-02,08:49:00,BBAI,B,1209,6.8750,0
2025-07-02,09:20:00,BBAI,S,604,7.1500,0
2025-07-02,09:20:00,BBAI,S,605,7.1916,0
2025-07-02,08:56:00,TSLL,S,751,10.9200,0
2025-07-02,09:24:00,TSLL,B,751,11.3700,0
2025-07-02,08:58:00,TSLZ,B,4772,1.7600,0
2025-07-02,09:25:00,TSLZ,S,4772,1.6850,0
2025-07-02,08:49:00,CNC,S,226,36.3100,0
2025-07-02,09:41:00,CNC,B,113,34.8576,0
2025-07-02,09:41:00,CNC,B,113,34.4829,0
2025-07-02,09:31:00,BBAI,B,1116,7.3800,0
2025-07-02,09:42:00,BBAI,S,558,7.6752,0
2025-07-02,09:42:00,BBAI,S,558,7.6062,0
2025-07-02,09:07:00,SOXL,B,332,24.8800,0
2025-07-02,10:13:00,SOXL,S,166,25.8752,0
2025-07-02,10:13:00,SOXL,S,166,25.9212,0
2025-07-02,09:08:00,SOXS,S,1037,7.9400,0
2025-07-02,10:13:00,SOXS,B,518,7.6224,0
2025-07-02,10:13:00,SOXS,B,519,7.6194,0
2025-07-02,08:42:00,CIFR,S,1584,5.1750,0
2025-07-02,14:02:00,CIFR,B,1584,5.4800,0
2025-07-03,08:46:00,LCID,B,3846,2.1600,0
2025-07-03,15:00:00,LCID,S,3846,2.1650,0
2025-07-07,08:45:00,VOR,B,2110,2.4000,0
2025-07-07,09:01:00,VOR,S,1055,2.4960,0
2025-07-07,09:01:00,VOR,S,1055,2.4582,0
2025-07-07,10:22:00,VOR,B,3118,2.6700,0
2025-07-07,10:24:00,VOR,S,3118,2.6100,0
2025-07-07,11:05:00,MXL,B,569,14.5900,0
2025-07-07,11:22:00,MXL,S,569,14.4300,0
2025-07-07,13:11:00,NN,B,518,16.0100,0
2025-07-07,13:18:00,NN,S,518,15.9700,0
2025-07-07,08:58:00,GPRE,B,1193,6.9850,0
2025-07-07,15:00:00,GPRE,S,1193,7.0100,0
2025-07-07,09:17:00,GRPN,B,227,36.6600,0
2025-07-07,15:00:00,GRPN,S,227,36.7250,0
2025-07-07,09:25:00,IMAX,S,308,26.9600,0
2025-07-07,15:00:00,IMAX,B,308,26.5700,0
2025-07-07,09:34:00,ACHV,S,4051,2.0400,0
2025-07-07,15:00:00,ACHV,B,4051,2.0700,0
2025-07-07,09:36:00,CRML,S,2561,3.2200,0
2025-07-07,15:00:00,CRML,B,2561,3.2150,0
2025-07-07,09:37:00,RPAY,S,1685,4.8800,0
2025-07-07,15:00:00,RPAY,B,1685,4.8800,0
2025-07-07,10:00:00,BMEA,B,5015,1.6600,0
2025-07-07,15:00:00,BMEA,S,5015,1.6900,0
2025-07-07,10:20:00,EVTL,S,1227,6.7650,0
2025-07-07,15:00:00,EVTL,B,1227,6.8500,0
2025-07-07,10:39:00,NKTX,S,4829,1.7150,0
2025-07-07,15:00:00,NKTX,B,4829,1.6900,0
2025-07-07,14:04:00,ELDN,B,2702,3.0750,0
2025-07-07,15:00:00,ELDN,S,2702,3.1200,0
2025-07-07,14:28:00,BMI,S,34,237.6700,0
2025-07-07,15:00:00,BMI,B,34,239.1400,0
2025-07-08,08:41:00,PROK,S,3097,1.1750,0
2025-07-08,08:45:00,PROK,B,1548,1.1280,0
2025-07-08,08:45:00,PROK,B,1549,1.1267,0
2025-07-08,08:44:00,BTBT,B,1965,4.2350,0
2025-07-08,08:48:00,BTBT,S,1965,4.0800,0
2025-07-08,08:41:00,WOLF,S,1850,2.9650,0
2025-07-08,09:16:00,WOLF,B,925,2.8464,0
2025-07-08,09:16:00,WOLF,B,925,2.8697,0
2025-07-08,09:30:00,PROK,B,2613,1.7750,0
2025-07-08,09:35:00,PROK,S,1306,1.8460,0
2025-07-08,09:35:00,PROK,S,1307,1.8709,0
2025-07-08,09:05:00,BTE,B,4431,1.8750,0
2025-07-08,09:37:00,BTE,S,2215,1.9500,0
2025-07-08,09:37:00,BTE,S,2216,1.9363,0
2025-07-08,08:42:00,SOXL,B,323,25.7500,0
2025-07-08,10:19:00,SOXL,S,161,26.7800,0
2025-07-08,10:19:00,SOXL,S,162,26.7625,0
2025-07-08,08:43:00,SOXS,S,1089,7.5750,0
2025-07-08,10:19:00,SOXS,B,544,7.2720,0
2025-07-08,10:19:00,SOXS,B,545,7.3058,0
2025-07-08,08:41:00,INTC,B,370,22.4700,0
2025-07-08,10:23:00,INTC,S,185,23.3688,0
2025-07-08,10:23:00,INTC,S,185,23.2753,0
2025-07-08,08:53:00,LCID,B,3847,2.1700,0
2025-07-08,11:12:00,LCID,S,1923,2.2568,0
2025-07-08,11:12:00,LCID,S,1924,2.2383,0
2025-07-08,08:45:00,SOUN,B,645,12.9150,0
2025-07-08,15:00:00,SOUN,S,645,12.7000,0
2025-07-09,08:48:00,PLUG,B,5479,1.5550,0
2025-07-09,08:59:00,PLUG,S,2739,1.6172,0
2025-07-09,08:59:00,PLUG,S,2740,1.6296,0
2025-07-09,09:30:00,PLUG,B,4931,1.7300,0
2025-07-09,09:44:00,PLUG,S,4931,1.6800,0
2025-07-09,09:21:00,AES,B,657,12.9750,0
2025-07-09,15:00:00,AES,S,657,13.2650,0
2025-07-10,08:43:00,AAL,S,701,12.1450,0
2025-07-10,08:52:00,AAL,B,701,12.3600,0
2025-07-10,08:57:00,NIO,S,2431,3.5000,0
2025-07-10,09:03:00,NIO,B,2431,3.5400,0
2025-07-10,09:18:00,NIO,B,2381,3.5700,0
2025-07-10,09:18:00,NIO,S,2381,3.5450,0
2025-07-11,08:46:00,NIO,B,2259,3.7950,0
2025-07-11,09:09:00,NIO,S,1129,3.9468,0
2025-07-11,09:09:00,NIO,S,1130,3.9121,0
2025-07-11,08:44:00,AAL,S,675,12.5700,0
2025-07-11,15:00:00,AAL,B,675,12.2300,0
2025-07-14,08:50:00,NIO,B,2042,4.1900,0
2025-07-14,09:10:00,NIO,S,2042,4.1000,0
2025-07-15,08:53:00,KAPA,S,1364,1.3200,0
2025-07-15,08:53:00,KAPA,B,682,1.2672,0
2025-07-15,08:53:00,KAPA,B,682,1.3200,0
2025-07-15,08:41:00,ERIC,S,1135,7.5100,0
2025-07-15,15:00:00,ERIC,B,567,7.2096,0
2025-07-15,15:00:00,ERIC,B,568,7.2300,0
2025-07-16,08:54:00,OPEN,B,4726,1.2900,0
2025-07-16,09:54:00,OPEN,S,2363,1.3416,0
2025-07-16,09:54:00,OPEN,S,2363,1.3312,0
2025-07-16,10:04:00,RGTI,B,572,15.1450,0
2025-07-16,11:11:00,RGTI,S,286,15.7508,0
2025-07-16,11:11:00,RGTI,S,286,15.7435,0
2025-07-16,08:48:00,ETHA,B,354,24.1500,0
2025-07-16,13:49:00,ETHA,S,177,25.1160,0
2025-07-16,13:49:00,ETHA,S,177,25.2985,0
2025-07-16,13:22:00,OPEN,B,5999,1.4400,0
2025-07-16,14:07:00,OPEN,S,5999,1.4050,0
2025-07-16,09:48:00,DNN,B,4392,1.9600,0
2025-07-16,14:50:00,DNN,S,2196,2.0384,0
2025-07-16,14:50:00,DNN,S,2196,2.0204,0
2025-07-16,09:01:00,TSLZ,S,5387,1.5900,0
2025-07-16,15:00:00,TSLZ,B,5387,1.5450,0
2025-07-17,08:41:00,GAME,B,5537,1.5750,0
2025-07-17,08:42:00,GAME,S,2768,1.6380,0
2025-07-17,08:42:00,GAME,S,2769,1.6342,0
2025-07-17,08:46:00,BBAI,B,1138,7.6650,0
2025-07-17,09:23:00,BBAI,S,569,7.9716,0
2025-07-17,09:23:00,BBAI,S,569,8.1770,0
2025-07-17,08:45:00,NIO,B,2068,4.2250,0
2025-07-17,09:26:00,NIO,S,1034,4.3940,0
2025-07-17,09:26:00,NIO,S,1034,4.3877,0
2025-07-17,08:41:00,OPEN,S,3023,1.7500,0
2025-07-17,09:27:00,OPEN,B,1511,1.6800,0
2025-07-17,09:27:00,OPEN,B,1512,1.6775,0
2025-07-17,08:46:00,LCID,B,2828,3.0850,0
2025-07-17,10:26:00,LCID,S,1414,3.2084,0
2025-07-17,10:26:00,LCID,S,1414,3.2370,0
2025-07-17,08:45:00,QS,B,667,13.0700,0
2025-07-17,14:11:00,QS,S,333,13.5928,0
2025-07-17,14:11:00,QS,S,334,13.3500,0
2025-07-18,08:51:00,OPEN,B,4186,1.9850,0
2025-07-18,08:55:00,OPEN,S,2093,2.0644,0
2025-07-18,08:55:00,OPEN,S,2093,2.0296,0
2025-07-18,08:47:00,QS,B,632,14.3000,0
2025-07-18,09:06:00,QS,S,316,14.8720,0
2025-07-18,09:06:00,QS,S,316,14.5473,0
2025-07-18,08:41:00,SRPT,B,476,18.7400,0
2025-07-18,11:09:00,SRPT,S,476,16.8750,0
2025-07-18,10:11:00,TSLZ,S,6045,1.4800,0
2025-07-18,11:36:00,TSLZ,B,6045,1.5000,0
2025-07-18,08:41:00,NU,S,647,13.7300,0
2025-07-18,15:00:00,NU,B,323,13.1808,0
2025-07-18,15:00:00,NU,B,324,13.0300,0
2025-07-18,13:09:00,TSLZ,S,5989,1.4600,0
2025-07-18,15:00:00,TSLZ,B,5989,1.4700,0
2025-07-21,08:41:00,OPEN,B,3121,2.8550,0
2025-07-21,08:50:00,OPEN,S,1560,2.9692,0
2025-07-21,08:50:00,OPEN,S,1561,2.9415,0
2025-07-21,08:44:00,QS,S,390,12.1700,0
2025-07-21,08:50:00,QS,B,195,11.6832,0
2025-07-21,08:50:00,QS,B,195,11.6817,0
2025-07-21,08:50:00,PMN,S,1984,0.9979,0
2025-07-21,08:50:00,PMN,B,992,0.9580,0
2025-07-21,08:50:00,PMN,B,992,0.9979,0
2025-07-21,08:41:00,BTBT,S,2318,3.8300,0
2025-07-21,09:05:00,BTBT,B,1159,3.6768,0
2025-07-21,09:05:00,BTBT,B,1159,3.6983,0
2025-07-21,08:57:00,OPEN,B,2901,3.0800,0
2025-07-21,09:06:00,OPEN,S,1450,3.2032,0
2025-07-21,09:06:00,OPEN,S,1451,3.1355,0
2025-07-21,08:44:00,LCID,S,2980,2.9500,0
2025-07-21,10:06:00,LCID,B,1490,2.8320,0
2025-07-21,10:06:00,LCID,B,1490,2.8295,0
2025-07-21,08:41:00,ETHA,B,307,28.8800,0
2025-07-21,11:12:00,ETHA,S,307,28.6900,0
2025-07-21,08:43:00,RKT,B,611,14.5450,0
2025-07-21,13:06:00,RKT,S,305,15.1268,0
2025-07-21,13:06:00,RKT,S,306,15.0795,0
2025-07-21,13:25:00,RKT,B,593,15.2650,0
2025-07-21,13:30:00,RKT,S,593,15.2150,0
2025-07-21,08:50:00,XYZ,B,113,78.9450,0
2025-07-21,15:00:00,XYZ,S,113,78.0650,0
2025-07-22,08:41:00,REPL,B,1556,3.1450,0
2025-07-22,08:41:00,REPL,S,778,3.2708,0
2025-07-22,08:41:00,REPL,S,778,3.3186,0
2025-07-22,08:42:00,OPEN,S,1577,3.3400,0
2025-07-22,08:42:00,OPEN,B,788,3.2064,0
2025-07-22,08:42:00,OPEN,B,789,3.2034,0
2025-07-22,08:45:00,KSS,S,117,15.0600,0
2025-07-22,08:47:00,KSS,B,58,14.4576,0
2025-07-22,08:47:00,KSS,B,59,14.2306,0
2025-07-22,08:44:00,LCID,B,3112,2.9300,0
2025-07-22,08:52:00,LCID,S,3112,2.8800,0
2025-07-22,08:39:00,OSCR,B,670,13.5000,0
2025-07-22,08:56:00,OSCR,S,670,13.2700,0
2025-07-22,09:07:00,NOK,B,1894,4.7950,0
2025-07-22,11:00:00,NOK,S,1894,4.7600,0
2025-07-22,08:47:00,RIG,B,3357,2.7150,0
2025-07-22,11:40:00,RIG,S,1678,2.8236,0
2025-07-22,11:40:00,RIG,S,1679,2.8179,0
2025-07-22,08:43:00,NIO,B,1887,4.8250,0
2025-07-22,12:25:00,NIO,S,943,5.0180,0
2025-07-22,12:25:00,NIO,S,944,5.0417,0
2025-07-22,13:00:00,OPEN,S,864,2.8350,0
2025-07-22,13:04:00,OPEN,B,432,2.7216,0
2025-07-22,13:04:00,OPEN,B,432,2.7229,0
2025-07-22,08:41:00,RKT,B,560,16.3350,0
2025-07-22,15:00:00,RKT,S,560,16.0050,0
2025-07-22,13:24:00,RIG,B,3180,2.8750,0
2025-07-22,15:00:00,RIG,S,3180,2.9050,0
2025-07-23,08:42:00,IOVA,B,2388,3.8250,0
2025-07-23,08:44:00,IOVA,S,1194,3.9780,0
2025-07-23,08:44:00,IOVA,S,1194,3.9417,0
2025-07-23,08:50:00,MARA,S,524,17.4700,0
2025-07-23,09:02:00,MARA,B,524,17.8050,0
2025-07-23,08:41:00,STLA,S,925,9.8200,0
2025-07-23,09:08:00,STLA,B,925,9.9450,0
2025-07-23,08:56:00,IOVA,B,2291,4.0000,0
2025-07-23,09:14:00,IOVA,S,1145,4.1600,0
2025-07-23,09:14:00,IOVA,S,1146,4.1091,0
2025-07-23,09:51:00,OPEN,S,2292,2.2700,0
2025-07-23,09:57:00,OPEN,B,1146,2.1792,0
2025-07-23,09:57:00,OPEN,B,1146,2.1711,0
2025-07-23,10:03:00,GPRO,S,1771,1.9550,0
2025-07-23,10:08:00,GPRO,B,885,1.8768,0
2025-07-23,10:08:00,GPRO,B,886,1.8857,0
2025-07-23,09:35:00,STLA,B,911,10.0650,0
2025-07-23,15:00:00,STLA,S,911,10.3500,0
2025-07-24,08:41:00,OPEN,B,3684,2.5900,0
2025-07-24,08:47:00,OPEN,S,1842,2.6936,0
2025-07-24,08:47:00,OPEN,S,1842,2.6941,0
2025-07-24,08:59:00,LIDR,S,737,3.7350,0
2025-07-24,08:59:00,LIDR,B,368,3.5856,0
2025-07-24,08:59:00,LIDR,B,369,3.7350,0
2025-07-24,08:45:00,AAL,S,810,11.3900,0
2025-07-24,09:51:00,AAL,B,810,11.7900,0
2025-07-24,08:43:00,CMG,B,200,46.1600,0
2025-07-24,12:11:00,CMG,S,200,45.3300,0
2025-07-24,08:44:00,DOW,S,346,26.6650,0
2025-07-24,14:42:00,DOW,B,173,25.5984,0
2025-07-24,14:42:00,DOW,B,173,24.6416,0
2025-07-25,09:01:00,TSLL,B,840,11.0600,0
2025-07-25,11:40:00,TSLL,S,420,11.5024,0
2025-07-25,11:40:00,TSLL,S,420,11.6894,0
2025-07-25,09:02:00,TSLZ,S,5762,1.6000,0
2025-07-25,11:52:00,TSLZ,B,2881,1.5360,0
2025-07-25,11:52:00,TSLZ,B,2881,1.5060,0
2025-07-25,08:47:00,INTC,S,451,20.5400,0
2025-07-25,15:00:00,INTC,B,451,20.7000,0
2025-07-25,09:21:00,CNC,B,331,28.1800,0
2025-07-25,15:00:00,CNC,S,331,28.4000,0
2025-07-28,08:46:00,TSLL,B,814,11.5200,0
2025-07-28,09:22:00,TSLL,S,407,11.9808,0
2025-07-28,09:22:00,TSLL,S,407,11.8948,0
2025-07-28,09:12:00,TSLZ,S,6225,1.4900,0
2025-07-28,11:10:00,TSLZ,B,3112,1.4304,0
2025-07-28,11:10:00,TSLZ,B,3113,1.4449,0
2025-07-28,08:45:00,OPEN,S,3659,2.5600,0
2025-07-28,15:00:00,OPEN,B,1829,2.4576,0
2025-07-28,15:00:00,OPEN,B,1830,2.3350,0
2025-07-28,08:45:00,SOXL,B,351,26.7300,0
2025-07-28,15:00:00,SOXL,S,351,26.9400,0
2025-07-28,08:45:00,SOXS,S,1279,7.3000,0
2025-07-28,15:00:00,SOXS,B,1279,7.2300,0
2025-07-29,08:41:00,QS,S,912,10.3850,0
2025-07-29,08:56:00,QS,B,456,9.9696,0
2025-07-29,08:56:00,QS,B,456,10.0588,0
2025-07-29,08:41:00,OPEN,B,4227,2.2900,0
2025-07-29,09:01:00,OPEN,S,4227,2.1400,0
2025-07-29,09:07:00,QS,S,977,9.7000,0
2025-07-29,11:58:00,QS,B,488,9.3120,0
2025-07-29,11:58:00,QS,B,489,9.3852,0
2025-07-29,08:49:00,LCID,S,3575,2.6450,0
2025-07-29,15:00:00,LCID,B,3575,2.5650,0
2025-07-29,13:19:00,SOFI,S,375,23.0000,0
2025-07-29,15:00:00,SOFI,B,375,22.4150,0
2025-07-30,08:42:00,REPL,S,1297,5.9800,0
2025-07-30,08:45:00,REPL,B,648,5.7408,0
2025-07-30,08:45:00,REPL,B,649,5.7798,0
2025-07-30,09:00:00,FCX,S,224,42.7300,0
2025-07-30,12:44:00,FCX,B,224,43.1550,0
2025-07-30,13:07:00,FCX,S,234,40.8300,0
2025-07-30,13:49:00,FCX,B,117,39.1968,0
2025-07-30,13:49:00,FCX,B,117,39.3659,0
2025-07-30,08:41:00,QS,S,1095,8.6600,0
2025-07-30,15:00:00,QS,B,1095,8.7900,0
2025-07-31,08:42:00,TSLL,B,830,11.6000,0
2025-07-31,08:48:00,TSLL,S,830,11.4500,0
2025-07-31,08:52:00,GRAB,S,1990,4.8200,0
2025-07-31,09:09:00,GRAB,B,1990,5.1050,0
2025-07-31,09:15:00,BAX,S,421,22.5500,0
2025-07-31,10:02:00,BAX,B,210,21.6480,0
2025-07-31,10:02:00,BAX,B,211,21.8305,0
2025-07-31,10:01:00,NIO,B,2055,4.6500,0
2025-07-31,10:50:00,NIO,S,1027,4.8360,0
2025-07-31,10:50:00,NIO,S,1028,4.8635,0
2025-07-31,09:21:00,TSLL,S,841,11.3300,0
2025-07-31,12:36:00,TSLL,B,420,10.8768,0
2025-07-31,12:36:00,TSLL,B,421,10.8733,0
2025-07-31,08:45:00,SOXS,B,1294,7.4200,0
2025-07-31,13:01:00,SOXS,S,647,7.7168,0
2025-07-31,13:01:00,SOXS,S,647,7.7208,0
2025-07-31,09:27:00,TSLZ,B,6194,1.5550,0
2025-07-31,13:34:00,TSLZ,S,3097,1.6172,0
2025-07-31,13:34:00,TSLZ,S,3097,1.6244,0
2025-07-31,13:06:00,SOXS,B,1245,7.7950,0
2025-07-31,13:36:00,SOXS,S,1245,7.7100,0
2025-07-31,08:56:00,ABEV,B,4381,2.1950,0
2025-07-31,15:00:00,ABEV,S,4381,2.1900,0
2025-08-01,08:46:00,TNON,B,2392,1.8050,0
2025-08-01,08:48:00,TNON,S,1196,1.8772,0
2025-08-01,08:48:00,TNON,S,1196,1.8050,0
2025-08-01,08:41:00,ETHA,S,353,27.5000,0
2025-08-01,09:34:00,ETHA,B,353,27.6300,0
2025-08-01,08:54:00,OPEN,S,5079,1.8950,0
2025-08-01,09:45:00,OPEN,B,5079,2.0500,0
2025-08-01,08:57:00,AVTR,S,865,11.2450,0
2025-08-01,10:13:00,AVTR,B,865,11.4300,0
2025-08-01,08:42:00,AMZN,B,44,218.9400,0
2025-08-01,10:29:00,AMZN,S,44,215.2600,0
2025-08-01,13:16:00,ETHA,S,359,26.7700,0
2025-08-01,13:27:00,ETHA,B,359,26.9500,0
2025-08-01,08:41:00,SQQQ,B,503,19.3200,0
2025-08-01,15:00:00,SQQQ,S,503,19.5200,0
2025-08-01,08:42:00,RKT,B,580,16.7550,0
2025-08-01,15:00:00,RKT,S,580,16.5300,0
2025-08-04,08:43:00,VISN,S,696,13.7800,0
2025-08-04,09:23:00,VISN,B,348,13.2288,0
2025-08-04,09:23:00,VISN,B,348,13.2978,0
2025-08-04,08:50:00,OPEN,S,4389,2.1700,0
2025-08-04,11:25:00,OPEN,B,4389,2.3450,0
2025-08-04,08:43:00,SQQQ,S,511,18.7600,0
2025-08-04,15:00:00,SQQQ,B,511,18.4600,0
2025-08-04,08:45:00,PCG,B,663,14.4700,0
2025-08-04,15:00:00,PCG,S,331,15.0488,0
2025-08-04,15:00:00,PCG,S,332,15.0600,0
2025-08-04,09:07:00,NIO,S,2019,4.7400,0
2025-08-04,15:00:00,NIO,B,2019,4.6000,0
2025-08-05,08:42:00,SMXT,B,2030,1.9700,0
2025-08-05,08:42:00,SMXT,S,1015,2.0488,0
2025-08-05,08:42:00,SMXT,S,1015,2.0703,0
2025-08-05,09:01:00,PFE,S,397,24.3300,0
2025-08-05,09:41:00,PFE,B,397,24.6800,0
2025-08-05,09:53:00,PFE,B,389,24.7400,0
2025-08-05,10:00:00,PFE,S,389,24.6650,0
2025-08-06,08:42:00,OPEN,B,3588,2.1000,0
2025-08-06,08:46:00,OPEN,S,1794,2.1840,0
2025-08-06,08:46:00,OPEN,S,1794,2.1690,0
2025-08-06,08:45:00,LPSN,S,4061,1.2450,0
2025-08-06,09:00:00,LPSN,B,2030,1.1952,0
2025-08-06,09:00:00,LPSN,B,2031,1.2334,0
2025-08-06,08:43:00,LCID,B,4315,2.2350,0
2025-08-06,10:55:00,LCID,S,4315,2.1700,0
2025-08-06,08:57:00,SNAP,B,1286,7.5350,0
2025-08-06,13:15:00,SNAP,S,643,7.8364,0
2025-08-06,13:15:00,SNAP,S,643,7.7696,0
2025-08-06,08:45:00,TSLL,B,880,11.0200,0
2025-08-06,14:34:00,TSLL,S,440,11.4608,0
2025-08-06,14:34:00,TSLL,S,440,11.3898,0
2025-08-06,08:43:00,AAPL,B,46,209.4500,0
2025-08-06,15:00:00,AAPL,S,46,213.2750,0
2025-08-06,09:47:00,TSLZ,S,6289,1.5300,0
2025-08-06,15:00:00,TSLZ,B,6289,1.5000,0
2025-08-07,08:41:00,YHC,S,2693,1.4600,0
2025-08-07,08:41:00,YHC,B,1346,1.4016,0
2025-08-07,08:41:00,YHC,B,1347,1.3846,0
2025-08-07,08:51:00,SABR,S,2898,1.9550,0
2025-08-07,08:57:00,SABR,B,1449,1.8768,0
2025-08-07,08:57:00,SABR,B,1449,1.9243,0
2025-08-07,08:51:00,YHC,S,7140,1.3700,0
2025-08-07,09:09:00,YHC,B,3570,1.3152,0
2025-08-07,09:09:00,YHC,B,3570,1.3288,0
2025-08-07,09:11:00,BTBT,S,2939,3.3400,0
2025-08-07,10:21:00,BTBT,B,2939,3.5900,0
2025-08-07,09:07:00,SABR,S,5296,1.8500,0
2025-08-07,11:53:00,SABR,B,2648,1.7760,0
2025-08-07,11:53:00,SABR,B,2648,1.7864,0
2025-08-07,08:41:00,WBD,S,691,12.0400,0
2025-08-07,15:00:00,WBD,B,691,11.8600,0
2025-08-07,13:01:00,HL,B,1333,7.3600,0
2025-08-07,15:00:00,HL,S,1333,7.2200,0
2025-08-08,08:59:00,UAA,B,1771,5.5250,0
2025-08-08,09:36:00,UAA,S,1771,5.2700,0
2025-08-08,08:49:00,WBD,S,830,11.7850,0
2025-08-08,09:49:00,WBD,B,415,11.3136,0
2025-08-08,09:49:00,WBD,B,415,11.3529,0
2025-08-08,08:45:00,TTD,B,173,56.4500,0
2025-08-08,09:52:00,TTD,S,173,54.0000,0
2025-08-08,08:46:00,SOUN,B,728,13.5600,0
2025-08-08,10:07:00,SOUN,S,364,14.1024,0
2025-08-08,10:07:00,SOUN,S,364,13.9304,0
2025-08-08,08:58:00,PBR,S,771,12.6500,0
2025-08-08,11:42:00,PBR,B,385,12.1440,0
2025-08-08,11:42:00,PBR,B,386,12.2415,0
2025-08-08,09:05:00,PSKY,B,854,11.4500,0
2025-08-08,12:04:00,PSKY,S,854,11.0850,0
2025-08-08,13:51:00,PBR,S,807,12.1050,0
2025-08-08,14:11:00,PBR,B,807,12.1150,0
2025-08-11,08:46:00,BMNR,B,154,63.1100,0
2025-08-11,09:04:00,BMNR,S,77,65.6344,0
2025-08-11,09:04:00,BMNR,S,77,64.2502,0
2025-08-11,08:44:00,CGC,B,6560,1.5200,0
2025-08-11,09:55:00,CGC,S,6560,1.4000,0
2025-08-11,08:43:00,OPEN,B,4768,2.0800,0
2025-08-11,10:56:00,OPEN,S,2384,2.1632,0
2025-08-11,10:56:00,OPEN,S,2384,2.1492,0
2025-08-11,08:47:00,TSLL,B,751,13.1000,0
2025-08-11,15:00:00,TSLL,S,751,12.8400,0
2025-08-11,10:02:00,TSLZ,S,7423,1.3000,0
2025-08-11,15:00:00,TSLZ,B,7423,1.3200,0
2025-08-12,08:44:00,ETHA,S,292,33.2100,0
2025-08-12,10:04:00,ETHA,B,292,33.5500,0
2025-08-12,08:47:00,OPEN,S,4156,2.3400,0
2025-08-12,10:11:00,OPEN,B,2078,2.2464,0
2025-08-12,10:11:00,OPEN,B,2078,2.2657,0
2025-08-12,08:41:00,BBAI,B,1353,5.3950,0
2025-08-12,11:42:00,BBAI,S,676,5.6108,0
2025-08-12,11:42:00,BBAI,S,677,5.6310,0
2025-08-12,08:54:00,AAL,B,792,12.2950,0
2025-08-12,11:58:00,AAL,S,396,12.7868,0
2025-08-12,11:58:00,AAL,S,396,12.7771,0
2025-08-12,08:43:00,NIO,S,2091,4.6400,0
2025-08-12,13:10:00,NIO,B,1045,4.4544,0
2025-08-12,13:10:00,NIO,B,1046,4.4964,0
2025-08-12,08:41:00,SOXS,S,1330,7.3000,0
2025-08-12,15:00:00,SOXS,B,665,7.0080,0
2025-08-12,15:00:00,SOXS,B,665,6.7800,0
2025-08-12,08:41:00,SOXL,B,369,26.3300,0
2025-08-12,15:00:00,SOXL,S,184,27.3832,0
2025-08-12,15:00:00,SOXL,S,185,28.0300,0
2025-08-12,08:46:00,BTG,B,2650,3.6700,0
2025-08-12,15:00:00,BTG,S,2650,3.7750,0
2025-08-12,09:22:00,INTC,B,459,21.1750,0
2025-08-12,15:00:00,INTC,S,459,21.8000,0
2025-08-12,10:33:00,ETHA,B,291,33.6300,0
2025-08-12,15:00:00,ETHA,S,291,34.2400,0
2025-08-12,14:50:00,AAL,B,762,12.9800,0
2025-08-12,15:00:00,AAL,S,762,13.0000,0
2025-08-13,08:42:00,MNTS,B,2973,2.1700,0
2025-08-13,08:43:00,MNTS,S,1486,2.2568,0
2025-08-13,08:43:00,MNTS,S,1487,2.2483,0
2025-08-13,08:41:00,PSKY,B,851,11.9900,0
2025-08-13,08:44:00,PSKY,S,425,12.4696,0
2025-08-13,08:44:00,PSKY,S,426,12.3701,0
2025-08-13,08:41:00,PLUG,B,6272,1.6200,0
2025-08-13,08:51:00,PLUG,S,3136,1.6848,0
2025-08-13,08:51:00,PLUG,S,3136,1.7038,0
2025-08-13,09:05:00,PSKY,B,746,13.5800,0
2025-08-13,09:05:00,PSKY,S,373,14.1232,0
2025-08-13,09:05:00,PSKY,S,373,13.7000,0
2025-08-13,08:41:00,WBD,B,862,11.7000,0
2025-08-13,11:58:00,WBD,S,431,12.1680,0
2025-08-13,11:58:00,WBD,S,431,12.0880,0
2025-08-13,08:41:00,RKT,B,533,18.8700,0
2025-08-13,14:42:00,RKT,S,266,19.6248,0
2025-08-13,14:42:00,RKT,S,267,19.4713,0
2025-08-14,09:00:00,XPON,B,831,4.4400,0
2025-08-14,09:00:00,XPON,S,415,4.6176,0
2025-08-14,09:00:00,XPON,S,416,4.4689,0
2025-08-14,08:44:00,OPEN,B,4223,2.4250,0
2025-08-14,09:03:00,OPEN,S,2111,2.5220,0
2025-08-14,09:03:00,OPEN,S,2112,2.5158,0
2025-08-14,08:48:00,WULF,B,1321,7.3700,0
2025-08-14,09:49:00,WULF,S,660,7.6648,0
2025-08-14,09:49:00,WULF,S,661,7.8318,0
2025-08-14,09:51:00,OPEN,B,3752,2.7550,0
2025-08-14,10:06:00,OPEN,S,1876,2.8652,0
2025-08-14,10:06:00,OPEN,S,1876,2.8218,0
2025-08-14,10:07:00,WULF,B,1286,8.0600,0
2025-08-14,10:25:00,WULF,S,1286,7.7600,0
2025-08-14,08:43:00,AMCR,S,1155,8.8650,0
2025-08-14,11:26:00,AMCR,B,577,8.5104,0
2025-08-14,11:26:00,AMCR,B,578,8.5886,0
2025-08-14,09:24:00,INTC,B,464,22.1900,0
2025-08-14,14:41:00,INTC,S,232,23.0776,0
2025-08-14,14:41:00,INTC,S,232,23.9681,0
2025-08-15,09:02:00,PGEN,B,2567,2.8450,0
2025-08-15,09:24:00,PGEN,S,1283,2.9588,0
2025-08-15,09:24:00,PGEN,S,1284,2.9200,0
2025-08-15,08:44:00,NU,B,755,13.8500,0
2025-08-15,09:29:00,NU,S,755,13.3450,0
2025-08-15,09:51:00,PGEN,B,3286,3.1700,0
2025-08-15,09:54:00,PGEN,S,1643,3.2968,0
2025-08-15,09:54:00,PGEN,S,1643,3.2513,0
2025-08-15,08:40:00,SOXS,B,1536,6.7900,0
2025-08-15,15:00:00,SOXS,S,1536,6.9200,0
2025-08-15,08:43:00,NIO,B,2217,4.7050,0
2025-08-15,15:00:00,NIO,S,2217,4.8050,0
2025-08-18,08:42:00,OPEN,B,2269,3.7000,0
2025-08-18,09:06:00,OPEN,S,1134,3.8480,0
2025-08-18,09:06:00,OPEN,S,1135,3.8630,0
2025-08-19,08:41:00,GXAI,B,2592,1.9200,0
2025-08-19,08:42:00,GXAI,S,1296,1.9968,0
2025-08-19,08:42:00,GXAI,S,1296,2.0308,0
2025-08-19,09:18:00,GXAI,B,2345,2.0500,0
2025-08-19,09:19:00,GXAI,S,1172,2.1320,0
2025-08-19,09:19:00,GXAI,S,1173,2.0891,0
2025-08-19,08:46:00,PRFX,S,1055,2.5700,0
2025-08-19,09:27:00,PRFX,B,527,2.4672,0
2025-08-19,09:27:00,PRFX,B,528,2.4657,0
2025-08-19,08:42:00,ETHA,S,324,32.4700,0
2025-08-19,14:21:00,ETHA,B,162,31.1712,0
2025-08-19,14:21:00,ETHA,B,162,31.4147,0
2025-08-19,08:41:00,WULF,S,1166,8.9800,0
2025-08-19,15:00:00,WULF,B,1166,8.7750,0
2025-08-19,08:42:00,INTC,B,411,25.7650,0
2025-08-19,15:00:00,INTC,S,411,25.3400,0
2025-08-19,08:45:00,AUR,S,1761,5.9500,0
2025-08-19,15:00:00,AUR,B,1761,5.9900,0
2025-08-20,08:48:00,OPEN,S,2928,3.3300,0
2025-08-20,08:54:00,OPEN,B,1464,3.1968,0
2025-08-20,08:54:00,OPEN,B,1464,3.2255,0
2025-08-20,08:43:00,CNTN,B,4718,1.5300,0
2025-08-20,08:55:00,CNTN,S,2359,1.5912,0
2025-08-20,08:55:00,CNTN,S,2359,1.6547,0
2025-08-20,09:11:00,CNTN,B,3565,1.9600,0
2025-08-20,09:11:00,CNTN,S,1782,2.0384,0
2025-08-20,09:11:00,CNTN,S,1783,1.9600,0
2025-08-20,08:47:00,ETHA,S,336,31.4350,0
2025-08-20,09:39:00,ETHA,B,336,31.8900,0
2025-08-20,08:41:00,INTC,S,446,23.7950,0
2025-08-20,15:00:00,INTC,B,446,23.5300,0
2025-08-20,08:49:00,JHX,S,433,18.4100,0
2025-08-20,15:00:00,JHX,B,433,18.6500,0
2025-08-21,08:43:00,APM,S,2760,2.4650,0
2025-08-21,08:54:00,APM,B,2760,2.9500,0
2025-08-21,09:05:00,OPEN,B,3195,3.3050,0
2025-08-21,09:43:00,OPEN,S,1597,3.4372,0
2025-08-21,09:43:00,OPEN,S,1598,3.4070,0
2025-08-21,10:02:00,OPEN,B,2944,3.6000,0
2025-08-21,10:09:00,OPEN,S,2944,3.5500,0
2025-08-21,08:42:00,NIO,B,1995,5.3900,0
2025-08-21,11:00:00,NIO,S,997,5.6056,0
2025-08-21,11:00:00,NIO,S,998,5.6211,0
2025-08-22,08:44:00,OPEN,B,2960,3.6200,0
2025-08-22,08:49:00,OPEN,S,1480,3.7648,0
2025-08-22,08:49:00,OPEN,S,1480,3.7338,0
2025-08-22,08:41:00,SOXS,S,1456,7.2700,0
2025-08-22,09:00:00,SOXS,B,728,6.9792,0
2025-08-22,09:00:00,SOXS,B,728,7.0227,0
2025-08-22,08:41:00,TSLL,B,916,11.6700,0
2025-08-22,09:01:00,TSLL,S,458,12.1368,0
2025-08-22,09:01:00,TSLL,S,458,12.1433,0
2025-08-22,08:41:00,ETHA,B,328,32.3500,0
2025-08-22,09:17:00,ETHA,S,164,33.6440,0
2025-08-22,09:17:00,ETHA,S,164,34.9065,0
2025-08-22,08:43:00,SOFI,B,456,23.3150,0
2025-08-22,09:17:00,SOFI,S,228,24.2476,0
2025-08-22,09:17:00,SOFI,S,228,24.3869,0
2025-08-22,08:42:00,NIO,B,1778,5.9750,0
2025-08-22,09:20:00,NIO,S,889,6.2140,0
2025-08-22,09:20:00,NIO,S,889,6.1952,0
2025-08-22,09:14:00,SOXS,S,1610,6.7000,0
2025-08-22,09:21:00,SOXS,B,1610,6.7700,0
2025-08-22,08:54:00,EEIQ,B,3555,1.6400,0
2025-08-22,09:30:00,EEIQ,S,3555,1.3500,0
2025-08-22,09:42:00,OPEN,B,2401,4.4900,0
2025-08-22,09:45:00,OPEN,S,2401,4.4200,0
2025-08-22,08:41:00,INTC,B,441,24.1050,0
2025-08-22,14:10:00,INTC,S,220,25.0692,0
2025-08-22,14:10:00,INTC,S,221,24.9889,0
2025-08-22,09:08:00,TSLL,B,870,12.3700,0
2025-08-22,15:00:00,TSLL,S,870,12.7900,0
2025-08-22,09:44:00,SOFI,B,438,24.6200,0
2025-08-22,15:00:00,SOFI,S,438,24.9950,0
2025-08-25,08:41:00,IBIT,S,172,63.0500,0
2025-08-25,09:05:00,IBIT,B,172,63.4550,0
2025-08-25,08:46:00,ETHA,S,310,34.8550,0
2025-08-25,09:07:00,ETHA,B,310,35.2600,0
2025-08-25,08:41:00,TLRY,B,8166,1.3300,0
2025-08-25,09:14:00,TLRY,S,4083,1.3832,0
2025-08-25,09:14:00,TLRY,S,4083,1.3817,0
2025-08-25,09:07:00,CAPS,S,2713,1.7100,0
2025-08-25,09:18:00,CAPS,B,1356,1.6416,0
2025-08-25,09:18:00,CAPS,B,1357,1.6955,0
2025-08-25,08:41:00,OPEN,B,2061,5.2700,0
2025-08-25,09:42:00,OPEN,S,1030,5.4808,0
2025-08-25,09:42:00,OPEN,S,1031,5.4373,0
2025-08-25,08:45:00,CSX,S,313,34.4000,0
2025-08-25,12:09:00,CSX,B,156,33.0240,0
2025-08-25,12:09:00,CSX,B,157,32.7140,0
2025-08-25,09:25:00,KDP,B,334,32.5300,0
2025-08-25,12:16:00,KDP,S,334,32.0100,0
2025-08-25,14:13:00,ETHA,S,317,34.5300,0
2025-08-25,15:00:00,ETHA,B,317,33.4600,0
2025-08-26,08:41:00,IVVD,S,8635,0.8587,0
2025-08-26,08:52:00,IVVD,B,4317,0.8244,0
2025-08-26,08:52:00,IVVD,B,4318,0.8258,0
2025-08-26,08:42:00,ALLR,B,2838,2.2500,0
2025-08-26,09:01:00,ALLR,S,2838,1.9200,0
2025-08-26,08:47:00,KDP,S,360,30.5000,0
2025-08-26,12:24:00,KDP,B,180,29.2800,0
2025-08-26,12:24:00,KDP,B,180,29.5400,0
2025-08-26,13:25:00,KDP,S,377,29.0700,0
2025-08-26,13:57:00,KDP,B,377,29.2200,0
2025-08-26,08:41:00,NIO,B,1640,6.7400,0
2025-08-26,15:00:00,NIO,S,1640,6.7000,0
2025-08-26,08:58:00,DNN,B,5094,2.1900,0
2025-08-26,15:00:00,DNN,S,5094,2.2100,0
2025-08-27,08:44:00,SDEV,S,4388,1.7000,0
2025-08-27,09:00:00,SDEV,B,2194,1.6320,0
2025-08-27,09:00:00,SDEV,B,2194,1.6470,0
2025-08-27,08:44:00,AZTR,S,4501,1.1350,0
2025-08-27,09:19:00,AZTR,B,2250,1.0896,0
2025-08-27,09:19:00,AZTR,B,2251,1.0814,0
2025-08-27,09:14:00,NIO,B,1669,6.6150,0
2025-08-27,09:32:00,NIO,S,1669,6.4500,0
2025-08-27,08:46:00,OPEN,S,2369,4.6000,0
2025-08-27,09:41:00,OPEN,B,1184,4.4160,0
2025-08-27,09:41:00,OPEN,B,1185,4.4887,0
2025-08-27,14:26:00,OPEN,S,2743,4.0200,0
2025-08-27,15:00:00,OPEN,B,2743,4.0200,0
2025-08-28,08:47:00,OPEN,S,2676,4.0950,0
2025-08-28,09:09:00,OPEN,B,2676,4.3700,0
2025-08-28,08:55:00,CWD,S,1729,2.8200,0
2025-08-28,09:30:00,CWD,B,864,2.7072,0
2025-08-28,09:30:00,CWD,B,865,2.7921,0
2025-08-29,08:45:00,TSLL,S,835,13.1300,0
2025-08-29,09:29:00,TSLL,B,417,12.6048,0
2025-08-29,09:29:00,TSLL,B,418,12.6963,0
2025-08-29,09:00:00,MRVL,B,168,64.9600,0
2025-08-29,12:33:00,MRVL,S,168,63.3200,0
2025-08-29,08:45:00,SOXS,B,1575,6.9600,0
2025-08-29,15:00:00,SOXS,S,1575,7.1500,0
2025-09-02,08:48:00,GPRE,S,1022,10.7700,0
2025-09-02,09:00:00,GPRE,B,1022,11.0200,0
2025-09-02,08:52:00,IFRX,B,6327,1.7800,0
2025-09-02,09:32:00,IFRX,S,6327,1.6500,0
2025-09-02,08:49:00,FRMM,B,3757,2.9300,0
2025-09-02,09:47:00,FRMM,S,3757,2.7900,0
2025-09-02,09:28:00,NN,B,608,18.0750,0
2025-09-02,09:48:00,NN,S,608,17.8400,0
2025-09-02,09:02:00,EVTL,B,2203,5.0200,0
2025-09-02,10:30:00,EVTL,S,2203,4.8000,0
2025-09-02,08:46:00,CRML,B,1834,6.0400,0
2025-09-02,10:52:00,CRML,S,1834,5.6500,0
2025-09-02,10:02:00,BZAI,B,3086,3.5100,0
2025-09-02,11:45:00,BZAI,S,3086,3.4100,0
2025-09-02,08:52:00,ACHV,B,3757,2.9500,0
2025-09-02,12:18:00,ACHV,S,3757,2.8800,0
2025-09-02,08:55:00,VOR,B,5318,2.0700,0
2025-09-02,15:00:00,VOR,S,5318,2.0300,0
2025-09-02,08:57:00,IMAX,B,376,29.3650,0
2025-09-02,15:00:00,IMAX,S,376,29.2950,0
2025-09-02,09:58:00,GRPN,S,421,25.6450,0
2025-09-02,15:00:00,GRPN,B,421,25.8500,0
2025-09-02,10:01:00,CAR,B,68,159.3500,0
2025-09-02,15:00:00,CAR,S,68,161.0750,0
2025-09-02,10:06:00,RPAY,S,1866,5.7950,0
2025-09-02,15:00:00,RPAY,B,1866,5.6600,0
2025-09-02,10:18:00,ELDN,S,4199,2.5700,0
2025-09-02,15:00:00,ELDN,B,4199,2.5500,0
2025-09-02,14:51:00,PARR,B,303,35.2500,0
2025-09-02,15:00:00,PARR,S,303,35.3600,0
2025-09-03,08:41:00,GOOGL,B,46,228.0100,0
2025-09-03,15:00:00,GOOGL,S,46,230.6450,0
2025-09-04,08:41:00,OPEN,S,2095,5.1000,0
2025-09-04,08:53:00,OPEN,B,2095,5.2800,0
2025-09-04,08:41:00,RIVN,S,755,14.1050,0
2025-09-04,11:19:00,RIVN,B,377,13.5408,0
2025-09-04,11:19:00,RIVN,B,378,13.5211,0
2025-09-04,08:44:00,AEO,S,618,17.2700,0
2025-09-04,11:25:00,AEO,B,618,18.3000,0
2025-09-05,08:45:00,PRSO,S,3270,1.3350,0
2025-09-05,09:01:00,PRSO,B,1635,1.2816,0
2025-09-05,09:01:00,PRSO,B,1635,1.3350,0
2025-09-05,08:44:00,TSLL,B,778,13.7500,0
2025-09-05,09:17:00,TSLL,S,778,13.2750,0
2025-09-05,08:45:00,KVUE,B,515,20.6200,0
2025-09-05,09:24:00,KVUE,S,515,20.4300,0
2025-09-05,09:16:00,OPEN,S,1688,6.2400,0
2025-09-05,09:49:00,OPEN,B,844,5.9904,0
2025-09-05,09:49:00,OPEN,B,844,6.0061,0
2025-09-05,08:42:00,EQX,B,1153,9.2350,0
2025-09-05,10:50:00,EQX,S,576,9.6044,0
2025-09-05,10:50:00,EQX,S,577,9.6426,0
2025-09-05,13:07:00,KVUE,S,589,18.1200,0
2025-09-05,13:10:00,KVUE,B,589,18.3500,0
2025-09-05,13:13:00,OPEN,B,1559,6.8350,0
2025-09-05,13:19:00,OPEN,S,1559,6.7700,0
2025-09-05,09:01:00,AMD,S,69,152.9550,0
2025-09-05,15:00:00,AMD,B,69,151.1300,0
2025-09-05,09:21:00,TSLZ,B,8582,1.2400,0
2025-09-05,15:00:00,TSLZ,S,8582,1.2100,0
2025-09-08,08:47:00,NFE,S,6332,1.6600,0
2025-09-08,08:52:00,NFE,B,3166,1.5936,0
2025-09-08,08:52:00,NFE,B,3166,1.5863,0
2025-09-08,08:47:00,OPEN,B,1466,7.3000,0
2025-09-08,09:25:00,OPEN,S,1466,6.8650,0
2025-09-08,08:46:00,SOUN,S,749,14.1900,0
2025-09-08,10:25:00,SOUN,B,749,14.6150,0
2025-09-08,08:42:00,HL,B,1083,9.8250,0
2025-09-08,11:17:00,HL,S,541,10.2180,0
2025-09-08,11:17:00,HL,S,542,10.1817,0
2025-09-08,08:42:00,CPNG,B,348,30.6150,0
2025-09-08,15:00:00,CPNG,S,348,31.4900,0
2025-09-08,08:45:00,HOOD,B,93,113.4900,0
2025-09-08,15:00:00,HOOD,S,93,117.2600,0
2025-09-09,08:41:00,WULF,S,1157,9.2350,0
2025-09-09,09:00:00,WULF,B,1157,9.5950,0
2025-09-09,08:41:00,CIFR,S,1346,7.9400,0
2025-09-09,09:00:00,CIFR,B,1346,8.2600,0
2025-09-09,08:45:00,ONDS,B,1944,5.5400,0
2025-09-09,10:34:00,ONDS,S,1944,5.2500,0
2025-09-09,08:42:00,KEEL,B,7805,1.3950,0
2025-09-09,11:17:00,KEEL,S,3902,1.4508,0
2025-09-09,11:17:00,KEEL,S,3903,1.4411,0
2025-09-09,08:41:00,TECK,S,264,40.4000,0
2025-09-09,14:57:00,TECK,B,132,38.7840,0
2025-09-09,14:57:00,TECK,B,132,38.9690,0
2025-09-10,09:36:00,SOXS,S,1648,6.4500,0
2025-09-10,09:52:00,SOXS,B,1648,6.4850,0
2025-09-10,08:41:00,ORCL,B,32,331.5600,0
2025-09-10,10:31:00,ORCL,S,16,344.8224,0
2025-09-10,10:31:00,ORCL,S,16,342.3944,0
2025-09-10,08:46:00,CORZ,B,686,15.4950,0
2025-09-10,12:31:00,CORZ,S,343,16.1148,0
2025-09-10,12:31:00,CORZ,S,343,15.9750,0
2025-09-10,10:12:00,SOXS,S,1650,6.4300,0
2025-09-10,13:19:00,SOXS,B,1650,6.5800,0
2025-09-11,08:43:00,TSLL,S,802,13.2700,0
2025-09-11,08:53:00,TSLL,B,802,13.5300,0
2025-09-11,08:42:00,OPEN,B,1186,8.1900,0
2025-09-11,08:55:00,OPEN,S,593,8.5176,0
2025-09-11,08:55:00,OPEN,S,593,8.5481,0
2025-09-11,08:47:00,KEEL,B,5420,1.9800,0
2025-09-11,09:39:00,KEEL,S,2710,2.0592,0
2025-09-11,09:39:00,KEEL,S,2710,2.0741,0
2025-09-11,09:45:00,OPEN,B,1140,9.4250,0
2025-09-11,09:49:00,OPEN,S,1140,9.2000,0
2025-09-11,08:43:00,AG,B,1112,9.6050,0
2025-09-11,12:21:00,AG,S,556,9.9892,0
2025-09-11,12:21:00,AG,S,556,10.2439,0
2025-09-11,08:41:00,WBD,B,810,13.1950,0
2025-09-11,12:31:00,WBD,S,405,13.7228,0
2025-09-11,12:31:00,WBD,S,405,14.0480,0
2025-09-11,08:44:00,NIO,B,1808,5.9050,0
2025-09-11,15:00:00,NIO,S,1808,6.0650,0
2025-09-11,09:15:00,TSLZ,S,8952,1.1900,0
2025-09-11,15:00:00,TSLZ,B,4476,1.1424,0
2025-09-11,15:00:00,TSLZ,B,4476,1.1050,0
2025-09-12,08:41:00,RGTI,B,635,17.1900,0
2025-09-12,08:46:00,RGTI,S,317,17.8776,0
2025-09-12,08:46:00,RGTI,S,318,17.8681,0
2025-09-12,08:41:00,TSLL,B,702,15.5800,0
2025-09-12,08:58:00,TSLL,S,351,16.2032,0
2025-09-12,08:58:00,TSLL,S,351,16.1442,0
2025-09-12,08:41:00,OPEN,B,1071,10.3500,0
2025-09-12,09:41:00,OPEN,S,1071,9.6100,0
2025-09-12,08:42:00,WBD,B,614,17.7900,0
2025-09-12,09:58:00,WBD,S,307,18.5016,0
2025-09-12,09:58:00,WBD,S,307,18.4121,0
2025-09-12,09:06:00,RGTI,B,568,19.3700,0
2025-09-12,10:17:00,RGTI,S,568,18.6600,0
2025-09-12,08:44:00,GRAB,B,1950,5.6050,0
2025-09-12,10:22:00,GRAB,S,975,5.8292,0
2025-09-12,10:22:00,GRAB,S,975,5.9189,0
2025-09-12,10:15:00,WBD,B,591,18.5900,0
2025-09-12,11:05:00,WBD,S,591,18.1850,0
2025-09-12,08:55:00,KEEL,S,5258,2.0850,0
2025-09-12,11:18:00,KEEL,B,5258,2.1600,0
2025-09-12,08:55:00,ETHA,B,319,34.3000,0
2025-09-12,15:00:00,ETHA,S,319,35.3600,0
2025-09-12,09:25:00,TSLL,B,670,16.4200,0
2025-09-12,15:00:00,TSLL,S,670,17.0000,0
2025-09-15,08:43:00,ATYR,S,4751,1.1500,0
2025-09-15,08:45:00,ATYR,B,2375,1.1040,0
2025-09-15,08:45:00,ATYR,B,2376,1.1115,0
2025-09-15,08:52:00,ATYR,S,10146,1.0850,0
2025-09-15,09:08:00,ATYR,B,5073,1.0416,0
2025-09-15,09:08:00,ATYR,B,5073,1.0418,0
2025-09-15,08:42:00,KEEL,S,4377,2.5050,0
2025-09-15,11:42:00,KEEL,B,2188,2.4048,0
2025-09-15,11:42:00,KEEL,B,2189,2.3850,0
2025-09-15,10:04:00,DNN,B,4624,2.3950,0
2025-09-15,13:00:00,DNN,S,2312,2.4908,0
2025-09-15,13:00:00,DNN,S,2312,2.4710,0
2025-09-15,08:44:00,TSLL,S,581,18.8700,0
2025-09-15,13:41:00,TSLL,B,290,18.1152,0
2025-09-15,13:41:00,TSLL,B,291,17.7687,0
2025-09-15,10:01:00,OPEN,S,916,9.5050,0
2025-09-15,15:00:00,OPEN,B,916,9.5000,0
2025-09-15,13:29:00,DNN,B,4377,2.5500,0
2025-09-15,15:00:00,DNN,S,4377,2.5650,0
2025-09-16,08:43:00,NIO,S,1723,6.5000,0
2025-09-16,09:01:00,NIO,B,1723,6.6400,0
2025-09-16,08:41:00,KEEL,S,4746,2.3400,0
2025-09-16,09:21:00,KEEL,B,4746,2.5100,0
2025-09-16,08:52:00,RIVN,B,798,14.0350,0
2025-09-16,09:32:00,RIVN,S,798,13.7600,0
2025-09-16,09:13:00,MARA,S,689,16.1900,0
2025-09-16,09:37:00,MARA,B,689,16.5150,0
2025-09-16,09:10:00,WOLF,B,2353,3.4800,0
2025-09-16,10:55:00,WOLF,S,2353,3.0900,0
2025-09-16,09:58:00,BBAI,B,1961,5.6350,0
2025-09-16,11:33:00,BBAI,S,980,5.8604,0
2025-09-16,11:33:00,BBAI,S,981,5.8336,0
2025-09-16,08:41:00,OPEN,S,1194,9.0050,0
2025-09-16,15:00:00,OPEN,B,1194,8.9100,0
2025-09-16,08:41:00,WBD,S,617,18.1150,0
2025-09-16,15:00:00,WBD,B,617,18.2400,0
2025-09-17,08:47:00,QBTS,B,568,19.4300,0
2025-09-17,09:02:00,QBTS,S,284,20.2072,0
2025-09-17,09:02:00,QBTS,S,284,20.6814,0
2025-09-17,08:45:00,OPEN,B,1153,9.5400,0
2025-09-17,09:08:00,OPEN,S,576,9.9216,0
2025-09-17,09:08:00,OPEN,S,577,9.8438,0
2025-09-17,08:43:00,KEEL,B,3821,2.8900,0
2025-09-17,09:30:00,KEEL,S,3821,2.7750,0
2025-09-17,08:44:00,PLUG,B,6289,1.7700,0
2025-09-17,10:35:00,PLUG,S,3144,1.8408,0
2025-09-17,10:35:00,PLUG,S,3145,1.8673,0
2025-09-17,13:41:00,QBTS,B,509,21.8200,0
2025-09-17,13:46:00,QBTS,S,509,21.3900,0
2025-09-17,08:41:00,LYFT,S,501,21.9500,0
2025-09-17,15:00:00,LYFT,B,501,22.8700,0
2025-09-17,08:51:00,NIO,B,1515,7.2650,0
2025-09-17,15:00:00,NIO,S,1515,7.4400,0
2025-09-18,08:41:00,SOXS,B,1959,5.6700,0
2025-09-18,08:49:00,SOXS,S,1959,5.6000,0
2025-09-18,08:41:00,SOXL,S,339,32.5700,0
2025-09-18,08:50:00,SOXL,B,339,32.8900,0
2025-09-18,08:45:00,MARA,S,632,17.5050,0
2025-09-18,09:06:00,MARA,B,632,17.8600,0
2025-09-18,08:58:00,RGTI,B,468,23.7200,0
2025-09-18,09:12:00,RGTI,S,234,24.6688,0
2025-09-18,09:12:00,RGTI,S,234,24.5695,0
2025-09-18,09:22:00,SOXS,S,2034,5.4400,0
2025-09-18,09:58:00,SOXS,B,2034,5.4800,0
2025-09-18,08:42:00,INTC,S,360,30.6000,0
2025-09-18,10:19:00,INTC,B,360,31.7900,0
2025-09-18,09:01:00,QBTS,B,471,23.4750,0
2025-09-18,12:29:00,QBTS,S,235,24.4140,0
2025-09-18,12:29:00,QBTS,S,236,24.2052,0
2025-09-18,13:30:00,QBTS,B,447,24.6900,0
2025-09-18,13:42:00,QBTS,S,447,24.5600,0
2025-09-18,08:43:00,SNAP,B,1323,8.3650,0
2025-09-18,15:00:00,SNAP,S,1323,8.4450,0
2025-09-18,09:00:00,SOXL,B,333,33.1200,0
2025-09-18,15:00:00,SOXL,S,333,33.6100,0
2025-09-19,08:43:00,QBTS,B,449,24.6500,0
2025-09-19,10:00:00,QBTS,S,224,25.6360,0
2025-09-19,10:00:00,QBTS,S,225,25.4135,0
2025-09-19,08:47:00,ACHR,B,1175,9.4600,0
2025-09-19,11:40:00,ACHR,S,587,9.8384,0
2025-09-19,11:40:00,ACHR,S,588,9.8054,0
2025-09-19,08:42:00,BBAI,B,1727,6.4600,0
2025-09-19,11:50:00,BBAI,S,863,6.7184,0
2025-09-19,11:50:00,BBAI,S,864,6.7654,0
2025-09-19,08:41:00,B,B,350,31.6000,0
2025-09-19,15:00:00,B,S,175,32.8640,0
2025-09-19,15:00:00,B,S,175,33.0100,0
2025-09-19,09:03:00,DNN,B,4235,2.6300,0
2025-09-19,15:00:00,DNN,S,4235,2.7000,0
2025-09-22,08:41:00,PLUG,S,5346,2.1000,0
2025-09-22,08:51:00,PLUG,B,5346,2.1850,0
2025-09-22,08:42:00,IAG,S,993,11.3600,0
2025-09-22,10:27:00,IAG,B,993,11.6200,0
2025-09-22,08:42:00,NIO,S,1553,7.2350,0
2025-09-22,11:50:00,NIO,B,776,6.9456,0
2025-09-22,11:50:00,NIO,B,777,6.9623,0
2025-09-22,09:18:00,COMP,S,1318,8.5000,0
2025-09-22,11:54:00,COMP,B,659,8.1600,0
2025-09-22,11:54:00,COMP,B,659,7.9700,0
2025-09-22,13:11:00,NIO,S,1651,6.8500,0
2025-09-22,13:18:00,NIO,B,1651,6.8700,0
2025-09-22,08:57:00,OPEN,B,1210,9.3250,0
2025-09-22,14:22:00,OPEN,S,1210,8.7100,0
2025-09-22,08:42:00,KVUE,S,642,17.5600,0
2025-09-22,15:00:00,KVUE,B,642,16.9650,0
2025-09-22,09:45:00,B,S,329,34.0550,0
2025-09-22,15:00:00,B,B,329,35.3800,0
2025-09-23,08:42:00,BBAI,S,1538,7.2200,0
2025-09-23,08:51:00,BBAI,B,1538,7.6000,0
2025-09-23,08:42:00,ONDS,S,1533,7.2800,0
2025-09-23,08:57:00,ONDS,B,1533,7.5950,0
2025-09-23,08:42:00,KEEL,S,3780,2.9600,0
2025-09-23,09:33:00,KEEL,B,1890,2.8416,0
2025-09-23,09:33:00,KEEL,B,1890,2.8296,0
2025-09-23,08:42:00,RGTI,S,384,29.0400,0
2025-09-23,10:13:00,RGTI,B,384,31.3200,0
2025-09-23,08:48:00,OPEN,S,1481,7.5600,0
2025-09-23,14:37:00,OPEN,B,740,7.2576,0
2025-09-23,14:37:00,OPEN,B,741,7.0680,0
2025-09-24,08:59:00,OPEN,B,1443,7.7150,0
2025-09-24,09:10:00,OPEN,S,721,8.0236,0
2025-09-24,09:10:00,OPEN,S,722,7.9264,0
2025-09-24,08:54:00,LAC,B,1837,5.8650,0
2025-09-24,09:42:00,LAC,S,918,6.0996,0
2025-09-24,09:42:00,LAC,S,919,6.0543,0
2025-09-24,08:47:00,FCX,S,272,40.8350,0
2025-09-24,12:26:00,FCX,B,136,39.2016,0
2025-09-24,12:26:00,FCX,B,136,38.8334,0
2025-09-24,13:11:00,FCX,S,297,37.8150,0
2025-09-24,13:16:00,FCX,B,297,37.9900,0
2025-09-24,14:27:00,OPEN,B,1333,8.4450,0
2025-09-24,14:32:00,OPEN,S,1333,8.3700,0
2025-09-24,08:41:00,INTC,B,369,30.1700,0
2025-09-24,14:48:00,INTC,S,184,31.3768,0
2025-09-24,14:48:00,INTC,S,185,31.3633,0
2025-09-25,08:42:00,LAC,S,1678,6.6600,0
2025-09-25,08:45:00,LAC,B,839,6.3936,0
2025-09-25,08:45:00,LAC,B,839,6.4416,0
2025-09-25,08:42:00,OPEN,S,1429,7.9000,0
2025-09-25,08:49:00,OPEN,B,1429,8.3700,0
2025-09-25,08:44:00,INTC,S,359,31.3450,0
2025-09-25,09:01:00,INTC,B,359,32.2000,0
2025-09-25,08:41:00,ETHA,S,377,29.9300,0
2025-09-25,09:14:00,ETHA,B,377,30.2700,0
2025-09-25,08:48:00,NAKA,B,9525,1.1900,0
2025-09-25,09:16:00,NAKA,S,4762,1.2376,0
2025-09-25,09:16:00,NAKA,S,4763,1.2381,0
2025-09-25,08:48:00,RIG,S,3692,3.0650,0
2025-09-25,09:23:00,RIG,B,3692,3.1700,0
2025-09-25,09:07:00,CIFR,S,761,12.3900,0
2025-09-25,13:06:00,CIFR,B,380,11.8944,0
2025-09-25,13:06:00,CIFR,B,381,11.6057,0
2025-09-25,13:04:00,ETHA,S,389,28.9000,0
2025-09-25,13:06:00,ETHA,B,389,29.0200,0
2025-09-25,08:43:00,FCX,S,311,36.2000,0
2025-09-25,15:00:00,FCX,B,311,35.2600,0
2025-09-26,08:42:00,WOLF,S,6029,1.4950,0
2025-09-26,09:21:00,WOLF,B,3014,1.4352,0
2025-09-26,09:21:00,WOLF,B,3015,1.4349,0
2025-09-26,10:08:00,DVLT,B,4775,1.3400,0
2025-09-26,11:29:00,DVLT,S,4775,1.1450,0
2025-09-26,08:45:00,NIO,S,1563,7.2150,0
2025-09-26,15:00:00,NIO,B,1563,7.0200,0
2025-09-29,08:41:00,DVLT,S,8880,1.2700,0
2025-09-29,08:44:00,DVLT,B,4440,1.2192,0
2025-09-29,08:44:00,DVLT,B,4440,1.2227,0
2025-09-29,08:41:00,TLRY,B,5155,1.5300,0
2025-09-29,08:51:00,TLRY,S,2577,1.5912,0
2025-09-29,08:51:00,TLRY,S,2578,1.5847,0
2025-09-29,08:45:00,CSX,S,324,34.9000,0
2025-09-29,09:00:00,CSX,B,324,35.3600,0
2025-09-29,08:46:00,MARA,B,680,16.6700,0
2025-09-29,09:45:00,MARA,S,340,17.3368,0
2025-09-29,09:45:00,MARA,S,340,17.3633,0
2025-09-29,09:51:00,MARA,B,649,17.5300,0
2025-09-29,10:00:00,MARA,S,649,17.3450,0
2025-09-29,08:52:00,CGC,B,7207,1.5750,0
2025-09-29,11:03:00,CGC,S,7207,1.5000,0
2025-09-29,13:51:00,CSX,B,318,35.5400,0
2025-09-29,13:53:00,CSX,S,318,35.5200,0
2025-09-29,13:37:00,TLRY,B,6541,1.7300,0
2025-09-29,14:55:00,TLRY,S,3270,1.7992,0
2025-09-29,14:55:00,TLRY,S,3271,1.8127,0
2025-09-29,08:42:00,OPEN,S,1342,8.3850,0
2025-09-29,15:00:00,OPEN,B,1342,8.1900,0
2025-09-30,08:41:00,DKNG,S,279,40.7000,0
2025-09-30,09:43:00,DKNG,B,139,39.0720,0
2025-09-30,09:43:00,DKNG,B,140,38.6820,0
2025-09-30,08:49:00,TLRY,S,5696,1.6300,0
2025-09-30,10:17:00,TLRY,B,5696,1.8100,0
2025-09-30,08:41:00,PFE,B,474,24.0200,0
2025-09-30,11:52:00,PFE,S,237,24.9808,0
2025-09-30,11:52:00,PFE,S,237,24.9448,0
2025-09-30,08:51:00,SNAP,S,1380,8.2500,0
2025-09-30,12:34:00,SNAP,B,690,7.9200,0
2025-09-30,12:34:00,SNAP,B,690,7.7675,0
2025-09-30,09:25:00,PATH,S,805,14.1800,0
2025-09-30,13:13:00,PATH,B,402,13.6128,0
2025-09-30,13:13:00,PATH,B,403,13.5118,0
2025-09-30,08:41:00,NIO,B,1481,7.7300,0
2025-09-30,15:00:00,NIO,S,1481,7.6200,0
2025-09-30,10:23:00,DKNG,S,296,38.2750,0
2025-09-30,15:00:00,DKNG,B,296,37.3900,0
2025-10-01,08:44:00,PLUG,B,4646,2.5300,0
2025-10-01,08:47:00,PLUG,S,2323,2.6312,0
2025-10-01,08:47:00,PLUG,S,2323,2.6147,0
2025-10-01,08:58:00,PALI,B,3898,1.2250,0
2025-10-01,08:58:00,PALI,S,1949,1.2740,0
2025-10-01,08:58:00,PALI,S,1949,1.3032,0
2025-10-01,09:08:00,PALI,B,5444,1.4050,0
2025-10-01,09:17:00,PALI,S,5444,1.2350,0
2025-10-01,08:58:00,BBAI,B,1746,6.6250,0
2025-10-01,09:57:00,BBAI,S,873,6.8900,0
2025-10-01,09:57:00,BBAI,S,873,6.8287,0
2025-10-01,09:27:00,PLUG,B,4266,2.6900,0
2025-10-01,11:13:00,PLUG,S,2133,2.7976,0
2025-10-01,11:13:00,PLUG,S,2133,2.8081,0
2025-10-01,09:14:00,INTC,B,338,34.1550,0
2025-10-01,13:00:00,INTC,S,169,35.5212,0
2025-10-01,13:00:00,INTC,S,169,35.2234,0
2025-10-01,08:52:00,PFE,B,441,26.1250,0
2025-10-01,13:03:00,PFE,S,220,27.1700,0
2025-10-01,13:03:00,PFE,S,221,27.1887,0
2025-10-01,08:41:00,NU,S,732,15.6850,0
2025-10-01,15:00:00,NU,B,732,15.2000,0
2025-10-01,08:41:00,LAC,S,1363,6.7800,0
2025-10-01,15:00:00,LAC,B,1363,7.0300,0
2025-10-01,08:43:00,NKE,S,158,72.5100,0
2025-10-01,15:00:00,NKE,B,158,74.2400,0
2025-10-01,08:45:00,SOXS,S,2196,5.2250,0
2025-10-01,15:00:00,SOXS,B,1098,5.0160,0
2025-10-01,15:00:00,SOXS,B,1098,4.8900,0
2025-10-01,09:52:00,AES,B,748,15.3600,0
2025-10-01,15:00:00,AES,S,748,15.3600,0
2025-10-02,08:45:00,ONDS,B,1471,7.9650,0
2025-10-02,08:46:00,ONDS,S,735,8.2836,0
2025-10-02,08:46:00,ONDS,S,736,8.2118,0
2025-10-02,08:48:00,TSHA,B,1996,4.4550,0
2025-10-02,09:02:00,TSHA,S,998,4.6332,0
2025-10-02,09:02:00,TSHA,S,998,4.5166,0
2025-10-02,08:54:00,ONDS,B,1405,8.3550,0
2025-10-02,09:03:00,ONDS,S,702,8.6892,0
2025-10-02,09:03:00,ONDS,S,703,8.5920,0
2025-10-02,08:41:00,RGTI,B,376,31.2000,0
2025-10-02,09:05:00,RGTI,S,188,32.4480,0
2025-10-02,09:05:00,RGTI,S,188,32.4430,0
2025-10-02,08:46:00,RKT,B,625,18.8200,0
2025-10-02,09:08:00,RKT,S,625,18.1400,0
2025-10-02,09:17:00,RGTI,B,350,33.6800,0
2025-10-02,09:25:00,RGTI,S,175,35.0272,0
2025-10-02,09:25:00,RGTI,S,175,34.6975,0
2025-10-02,08:42:00,TSLL,S,514,22.5850,0
2025-10-02,10:07:00,TSLL,B,257,21.6816,0
2025-10-02,10:07:00,TSLL,B,257,21.7559,0
2025-10-02,08:42:00,SOXS,B,2502,4.7100,0
2025-10-02,11:19:00,SOXS,S,2502,4.6000,0
2025-10-02,08:42:00,QUBT,B,594,19.6600,0
2025-10-02,12:54:00,QUBT,S,297,20.4464,0
2025-10-02,12:54:00,QUBT,S,297,20.2584,0
2025-10-02,13:36:00,TSLL,S,579,20.5400,0
2025-10-02,14:01:00,TSLL,B,579,20.7550,0
2025-10-02,08:42:00,RXRX,B,2192,5.3450,0
2025-10-02,14:38:00,RXRX,S,1096,5.5588,0
2025-10-02,14:38:00,RXRX,S,1096,5.5516,0
2025-10-02,08:44:00,SNAP,B,1495,7.8200,0
2025-10-02,15:00:00,SNAP,S,747,8.1328,0
2025-10-02,15:00:00,SNAP,S,748,8.2200,0
2025-10-03,08:41:00,QUBT,B,537,22.3000,0
2025-10-03,08:42:00,QUBT,S,268,23.1920,0
2025-10-03,08:42:00,QUBT,S,269,23.0470,0
2025-10-03,08:41:00,ACHR,B,1132,10.5800,0
2025-10-03,08:49:00,ACHR,S,566,11.0032,0
2025-10-03,08:49:00,ACHR,S,566,10.9192,0
2025-10-03,08:46:00,LAC,B,1173,7.7700,0
2025-10-03,08:58:00,LAC,S,586,8.0808,0
2025-10-03,08:58:00,LAC,S,587,8.2059,0
2025-10-03,08:42:00,PLTR,S,64,184.6700,0
2025-10-03,09:14:00,PLTR,B,32,177.2832,0
2025-10-03,09:14:00,PLTR,B,32,178.0967,0
2025-10-03,09:07:00,LAC,B,1437,8.4250,0
2025-10-03,09:15:00,LAC,S,718,8.7620,0
2025-10-03,09:15:00,LAC,S,719,8.6845,0
2025-10-03,08:57:00,RGTI,S,335,36.0200,0
2025-10-03,09:18:00,RGTI,B,335,37.5550,0
2025-10-03,08:47:00,DFLI,S,3773,1.4050,0
2025-10-03,09:31:00,DFLI,B,1886,1.3488,0
2025-10-03,09:31:00,DFLI,B,1887,1.4050,0
2025-10-03,08:57:00,RR,S,2338,5.1500,0
2025-10-03,09:56:00,RR,B,2338,5.4700,0
2025-10-03,09:00:00,PLUG,B,2453,3.6100,0
2025-10-03,10:11:00,PLUG,S,1226,3.7544,0
2025-10-03,10:11:00,PLUG,S,1227,3.7382,0
2025-10-03,14:07:00,ACHR,B,1054,11.5000,0
2025-10-03,15:00:00,ACHR,S,1054,11.5700,0
2025-10-06,08:42:00,PLUG,S,2622,4.1400,0
2025-10-06,08:47:00,PLUG,B,1311,3.9744,0
2025-10-06,08:47:00,PLUG,B,1311,4.0114,0
2025-10-06,08:46:00,SOXS,S,2957,4.1000,0
2025-10-06,08:56:00,SOXS,B,2957,4.1500,0
2025-10-06,08:47:00,QUBT,S,576,21.1100,0
2025-10-06,09:11:00,QUBT,B,576,21.7500,0
2025-10-06,08:51:00,NAKA,S,10862,1.1200,0
2025-10-06,09:16:00,NAKA,B,5431,1.0752,0
2025-10-06,09:16:00,NAKA,B,5431,1.0862,0
2025-10-06,08:43:00,MARA,S,621,19.5250,0
2025-10-06,09:31:00,MARA,B,621,19.9800,0
2025-10-06,08:47:00,ACHR,B,997,12.2700,0
2025-10-06,09:33:00,ACHR,S,498,12.7608,0
2025-10-06,09:33:00,ACHR,S,499,12.6768,0
2025-10-06,09:54:00,PATH,B,837,14.6100,0
2025-10-06,12:58:00,PATH,S,418,15.1944,0
2025-10-06,12:58:00,PATH,S,419,15.0739,0
2025-10-06,08:44:00,OPEN,S,1469,8.2400,0
2025-10-06,13:42:00,OPEN,B,1469,8.6850,0
2025-10-06,08:44:00,AMD,S,56,213.5700,0
2025-10-06,14:55:00,AMD,B,28,205.0272,0
2025-10-06,14:55:00,AMD,B,28,205.3057,0
2025-10-06,08:42:00,BBAI,B,1593,7.6400,0
2025-10-06,15:00:00,BBAI,S,1593,7.6950,0
2025-10-06,08:49:00,KEEL,B,3583,3.3950,0
2025-10-06,15:00:00,KEEL,S,3583,3.4550,0
2025-10-06,08:57:00,ETHD,S,4133,2.9300,0
2025-10-06,15:00:00,ETHD,B,2066,2.8128,0
2025-10-06,15:00:00,ETHD,B,2067,2.8100,0
2025-10-06,08:59:00,VZ,S,284,42.6200,0
2025-10-06,15:00:00,VZ,B,284,41.4400,0
2025-10-06,13:35:00,LAC,S,1286,8.6800,0
2025-10-06,15:00:00,LAC,B,1286,8.4700,0
2025-10-06,14:10:00,ACHR,B,897,13.5700,0
2025-10-06,15:00:00,ACHR,S,897,13.6300,0
2025-10-07,08:43:00,TMQ,S,931,6.7750,0
2025-10-07,08:46:00,TMQ,B,465,6.5040,0
2025-10-07,08:46:00,TMQ,B,466,6.5377,0
2025-10-07,09:20:00,RGTI,B,276,45.0400,0
2025-10-07,09:50:00,RGTI,S,276,41.9400,0
2025-10-07,08:41:00,ACHR,S,975,12.6000,0
2025-10-07,09:55:00,ACHR,B,975,13.5800,0
2025-10-07,09:02:00,PLUG,S,2569,3.9200,0
2025-10-07,10:07:00,PLUG,B,1284,3.7632,0
2025-10-07,10:07:00,PLUG,B,1285,3.7792,0
2025-10-07,08:51:00,SOXS,B,2958,4.1800,0
2025-10-07,10:11:00,SOXS,S,1479,4.3472,0
2025-10-07,10:11:00,SOXS,S,1479,4.4232,0
2025-10-07,08:41:00,SOFI,B,444,27.7750,0
2025-10-07,10:36:00,SOFI,S,444,27.0550,0
2025-10-07,08:43:00,ETHA,S,345,35.5900,0
2025-10-07,11:35:00,ETHA,B,172,34.1664,0
2025-10-07,11:35:00,ETHA,B,173,34.0659,0
2025-10-07,08:59:00,HIVE,S,2164,5.7000,0
2025-10-07,11:43:00,HIVE,B,2164,6.0400,0
2025-10-07,08:43:00,F,S,1019,12.1100,0
2025-10-07,15:00:00,F,B,1019,11.9250,0
2025-10-07,08:47:00,TLRY,B,7383,1.6900,0
2025-10-07,15:00:00,TLRY,S,7383,1.7250,0
2025-10-08,08:49:00,KEEL,S,3477,3.5200,0
2025-10-08,09:01:00,KEEL,B,3477,3.6000,0
2025-10-08,08:46:00,RXRX,B,2333,5.3150,0
2025-10-08,09:28:00,RXRX,S,1166,5.5276,0
2025-10-08,09:28:00,RXRX,S,1167,5.7469,0
2025-10-08,09:28:00,NXL,S,2337,1.5400,0
2025-10-08,09:39:00,NXL,B,1168,1.4784,0
2025-10-08,09:39:00,NXL,B,1169,1.5300,0
2025-10-08,09:17:00,PLUG,B,3255,3.7850,0
2025-10-08,10:06:00,PLUG,S,3255,3.6200,0
2025-10-08,08:57:00,OPEN,S,1348,9.1000,0
2025-10-08,10:22:00,OPEN,B,1348,9.4350,0
2025-10-08,08:44:00,AMD,B,56,215.9550,0
2025-10-08,10:59:00,AMD,S,28,224.5932,0
2025-10-08,10:59:00,AMD,S,28,222.8305,0
2025-10-08,09:08:00,JOBY,S,733,16.6550,0
2025-10-08,11:12:00,JOBY,B,733,17.1000,0
2025-10-08,08:41:00,SOXS,S,2740,4.4800,0
2025-10-08,15:00:00,SOXS,B,1370,4.3008,0
2025-10-08,15:00:00,SOXS,B,1370,4.1000,0
2025-10-09,08:42:00,RGTI,B,273,45.0050,0
2025-10-09,08:51:00,RGTI,S,136,46.8052,0
2025-10-09,08:51:00,RGTI,S,137,46.5150,0
2025-10-09,08:57:00,TLRY,B,4946,2.1600,0
2025-10-09,09:00:00,TLRY,S,2473,2.2464,0
2025-10-09,09:00:00,TLRY,S,2473,2.2061,0
2025-10-09,09:17:00,RGTI,B,261,47.4350,0
2025-10-09,09:30:00,RGTI,S,261,46.5800,0
2025-10-09,08:52:00,ONDS,B,1109,11.1450,0
2025-10-09,09:45:00,ONDS,S,1109,10.8600,0
2025-10-09,08:52:00,PATH,B,720,17.3400,0
2025-10-09,11:57:00,PATH,S,360,18.0336,0
2025-10-09,11:57:00,PATH,S,360,17.8616,0
2025-10-09,08:42:00,BTG,S,2348,5.2350,0
2025-10-09,14:14:00,BTG,B,1174,5.0256,0
2025-10-09,14:14:00,BTG,B,1174,5.0523,0
2025-10-09,08:55:00,ETHD,B,3792,3.2700,0
2025-10-09,15:00:00,ETHD,S,3792,3.3150,0
2025-10-10,08:45:00,UVXY,S,1185,10.5000,0
2025-10-10,08:46:00,UVXY,B,1185,10.5300,0
2025-10-10,08:48:00,TZA,S,1601,7.7700,0
2025-10-10,08:56:00,TZA,B,1601,7.8300,0
2025-10-10,08:43:00,AMZN,B,54,227.5650,0
2025-10-10,09:17:00,AMZN,S,54,226.0800,0
2025-10-10,08:48:00,CAN,B,9358,1.3300,0
2025-10-10,09:29:00,CAN,S,9358,1.2650,0
2025-10-10,08:46:00,SQQQ,S,865,14.3600,0
2025-10-10,09:57:00,SQQQ,B,865,14.5000,0
2025-10-10,08:46:00,FXI,B,306,40.5800,0
2025-10-10,09:58:00,FXI,S,306,40.4300,0
2025-10-10,08:46:00,KWEB,B,302,41.1500,0
2025-10-10,09:58:00,KWEB,S,302,40.8350,0
2025-10-10,08:44:00,SOFI,B,424,29.5300,0
2025-10-10,09:59:00,SOFI,S,424,28.5350,0
2025-10-10,08:45:00,SOXS,B,3007,4.1600,0
2025-10-10,10:00:00,SOXS,S,1503,4.3264,0
2025-10-10,10:00:00,SOXS,S,1504,4.3084,0
2025-10-10,08:45:00,SOXL,S,294,42.2000,0
2025-10-10,10:00:00,SOXL,B,147,40.5120,0
2025-10-10,10:00:00,SOXL,B,147,40.6820,0
2025-10-10,09:31:00,TLRY,S,6509,1.9000,0
2025-10-10,10:02:00,TLRY,B,3254,1.8240,0
2025-10-10,10:02:00,TLRY,B,3255,1.8390,0
2025-10-10,08:52:00,BTBT,B,2908,4.2950,0
2025-10-10,10:08:00,BTBT,S,2908,4.0500,0
2025-10-10,10:08:00,UVXY,B,1105,11.1900,0
2025-10-10,10:10:00,UVXY,S,1105,11.0400,0
2025-10-10,10:09:00,SQQQ,B,822,15.0300,0
2025-10-10,10:11:00,SQQQ,S,822,14.8500,0
2025-10-10,10:09:00,SOXS,B,2785,4.4400,0
2025-10-10,10:11:00,SOXS,S,2785,4.3600,0
2025-10-10,08:41:00,QUBT,S,591,21.0400,0
2025-10-10,10:23:00,QUBT,B,295,20.1984,0
2025-10-10,10:23:00,QUBT,B,296,20.2304,0
2025-10-10,09:01:00,OPEN,S,1570,7.8800,0
2025-10-10,10:24:00,OPEN,B,785,7.5648,0
2025-10-10,10:24:00,OPEN,B,785,7.6388,0
2025-10-10,09:15:00,NIO,S,1725,7.2100,0
2025-10-10,10:27:00,NIO,B,862,6.9216,0
2025-10-10,10:27:00,NIO,B,863,6.9371,0
2025-10-10,08:50:00,ETHA,S,377,32.9900,0
2025-10-10,10:31:00,ETHA,B,188,31.6704,0
2025-10-10,10:31:00,ETHA,B,189,31.1299,0
2025-10-10,10:17:00,TSLL,S,637,19.3500,0
2025-10-10,10:32:00,TSLL,B,318,18.5760,0
2025-10-10,10:32:00,TSLL,B,319,18.5848,0
2025-10-10,08:43:00,AMD,S,54,230.1000,0
2025-10-10,10:36:00,AMD,B,27,220.8960,0
2025-10-10,10:36:00,AMD,B,27,215.5610,0
2025-10-10,08:47:00,HPE,S,479,25.9300,0
2025-10-10,10:42:00,HPE,B,239,24.8928,0
2025-10-10,10:42:00,HPE,B,240,24.9393,0
2025-10-10,10:31:00,AMZN,S,57,219.4500,0
2025-10-10,10:44:00,AMZN,B,57,220.8100,0
2025-10-10,10:30:00,PLUG,S,3539,3.5400,0
2025-10-10,10:44:00,PLUG,B,3539,3.5900,0
2025-10-10,10:41:00,NIO,S,1843,6.8650,0
2025-10-10,10:44:00,NIO,B,1843,6.9800,0
2025-10-10,10:29:00,FXI,S,321,38.9600,0
2025-10-10,10:45:00,FXI,B,321,39.3200,0
2025-10-10,10:30:00,QUBT,S,631,19.8500,0
2025-10-10,10:50:00,QUBT,B,631,20.2350,0
2025-10-10,10:30:00,SOXL,S,333,37.5400,0
2025-10-10,12:17:00,SOXL,B,166,36.0384,0
2025-10-10,12:17:00,SOXL,B,167,36.6098,0
2025-10-10,09:59:00,RIG,S,3791,3.2500,0
2025-10-10,13:10:00,RIG,B,1895,3.1200,0
2025-10-10,13:10:00,RIG,B,1896,3.1375,0
2025-10-10,14:54:00,TLRY,S,7372,1.7200,0
2025-10-10,14:54:00,TLRY,B,7372,1.7350,0
2025-10-10,10:16:00,GRAB,S,2055,5.9900,0
2025-10-10,15:00:00,GRAB,B,2055,5.8400,0
2025-10-10,10:18:00,KWEB,S,311,39.6200,0
2025-10-10,15:00:00,KWEB,B,311,38.4350,0
2025-10-10,14:05:00,ETHA,S,414,30.5850,0
2025-10-10,15:00:00,ETHA,B,414,30.2100,0
2025-10-10,14:22:00,TZA,B,1490,8.5100,0
2025-10-10,15:00:00,TZA,S,1490,8.6300,0
2025-10-13,08:41:00,LAC,B,1615,8.0050,0
2025-10-13,08:48:00,LAC,S,807,8.3252,0
2025-10-13,08:48:00,LAC,S,808,8.2650,0
2025-10-13,08:41:00,SOXS,B,2863,4.4600,0
2025-10-13,08:51:00,SOXS,S,2863,4.3300,0
2025-10-13,08:57:00,ASST,S,10234,0.9500,0
2025-10-13,09:09:00,ASST,B,10234,1.0500,0
2025-10-13,08:41:00,PLUG,B,3338,3.8750,0
2025-10-13,09:12:00,PLUG,S,1669,4.0300,0
2025-10-13,09:12:00,PLUG,S,1669,4.0112,0
2025-10-13,08:55:00,LAC,B,1521,8.4000,0
2025-10-13,09:13:00,LAC,S,1521,8.2150,0
2025-10-13,08:46:00,BBAI,B,1566,8.1500,0
2025-10-13,09:13:00,BBAI,S,783,8.4760,0
2025-10-13,09:13:00,BBAI,S,783,8.5477,0
2025-10-13,08:58:00,TZA,S,1579,8.0950,0
2025-10-13,09:27:00,TZA,B,1579,8.2100,0
2025-10-13,09:23:00,ETHA,S,411,31.0300,0
2025-10-13,12:06:00,ETHA,B,411,31.6000,0
2025-10-13,08:51:00,SQQQ,S,844,15.1600,0
2025-10-13,15:00:00,SQQQ,B,844,15.0100,0
2025-10-14,08:41:00,CAN,B,6787,1.5600,0
2025-10-14,08:45:00,CAN,S,3393,1.6224,0
2025-10-14,08:45:00,CAN,S,3394,1.6444,0
2025-10-14,09:19:00,KEEL,B,1473,5.4250,0
2025-10-14,09:27:00,KEEL,S,736,5.6420,0
2025-10-14,09:27:00,KEEL,S,737,5.6037,0
2025-10-14,08:41:00,BCRX,S,1916,6.6000,0
2025-10-14,09:28:00,BCRX,B,958,6.3360,0
2025-10-14,09:28:00,BCRX,B,958,6.3960,0
2025-10-14,08:49:00,WULF,B,901,14.1900,0
2025-10-14,09:31:00,WULF,S,450,14.7576,0
2025-10-14,09:31:00,WULF,S,451,15.0525,0
2025-10-14,09:05:00,LAC,B,1559,8.1950,0
2025-10-14,09:34:00,LAC,S,779,8.5228,0
2025-10-14,09:34:00,LAC,S,780,8.9380,0
2025-10-14,09:25:00,CAN,B,7728,1.6650,0
2025-10-14,09:43:00,CAN,S,3864,1.7316,0
2025-10-14,09:43:00,CAN,S,3864,1.7168,0
2025-10-14,09:38:00,LAC,B,1441,9.0200,0
2025-10-14,09:48:00,LAC,S,1441,8.8600,0
2025-10-14,09:38:00,WULF,B,852,15.2400,0
2025-10-14,09:52:00,WULF,S,852,14.9550,0
2025-10-14,08:44:00,OPEN,B,1775,7.2000,0
2025-10-14,11:23:00,OPEN,S,887,7.4880,0
2025-10-14,11:23:00,OPEN,S,888,7.4980,0
2025-10-14,09:21:00,SOXS,S,2876,4.4450,0
2025-10-14,11:57:00,SOXS,B,1438,4.2672,0
2025-10-14,11:57:00,SOXS,B,1438,4.2845,0
2025-10-14,13:05:00,KEEL,B,2145,6.1050,0
2025-10-14,13:52:00,KEEL,S,2145,6.0400,0
2025-10-14,08:53:00,NIO,B,1840,6.9400,0
2025-10-14,14:50:00,NIO,S,1840,6.8250,0
2025-10-14,09:13:00,ERIC,B,1339,9.5850,0
2025-10-14,15:00:00,ERIC,S,1339,9.8600,0
2025-10-15,08:42:00,NVTS,B,957,13.6750,0
2025-10-15,08:47:00,NVTS,S,478,14.2220,0
2025-10-15,08:47:00,NVTS,S,479,14.1833,0
2025-10-15,08:47:00,FHN,S,572,22.7500,0
2025-10-15,08:53:00,FHN,B,286,21.8400,0
2025-10-15,08:53:00,FHN,B,286,21.8575,0
2025-10-15,08:43:00,RXRX,B,2092,6.3700,0
2025-10-15,09:07:00,RXRX,S,1046,6.6248,0
2025-10-15,09:07:00,RXRX,S,1046,6.6563,0
2025-10-15,08:51:00,NVTS,B,918,14.3200,0
2025-10-15,09:12:00,NVTS,S,459,14.8928,0
2025-10-15,09:12:00,NVTS,S,459,14.7030,0
2025-10-15,09:00:00,FHN,S,649,20.3800,0
2025-10-15,09:24:00,FHN,B,649,21.0600,0
2025-10-15,09:50:00,RXRX,B,1964,6.7500,0
2025-10-15,10:03:00,RXRX,S,1964,6.5850,0
2025-10-15,08:44:00,CAN,S,6787,1.8850,0
2025-10-15,10:36:00,CAN,B,3393,1.8096,0
2025-10-15,10:36:00,CAN,B,3394,1.8089,0
2025-10-15,08:45:00,KEEL,S,2129,6.1350,0
2025-10-15,10:55:00,KEEL,B,1064,5.8896,0
2025-10-15,10:55:00,KEEL,B,1065,5.9152,0
2025-10-15,10:14:00,TLRY,S,8265,1.6000,0
2025-10-15,11:47:00,TLRY,B,8265,1.6600,0
2025-10-15,12:10:00,SOXS,B,3104,4.2850,0
2025-10-15,12:50:00,SOXS,S,3104,4.1450,0
2025-10-15,08:47:00,LAC,S,1325,9.8800,0
2025-10-15,13:01:00,LAC,B,662,9.4848,0
2025-10-15,13:01:00,LAC,B,663,9.3454,0
2025-10-15,14:31:00,KEEL,B,2023,6.5700,0
2025-10-15,14:36:00,KEEL,S,2023,6.4650,0
2025-10-15,08:47:00,RIG,B,4036,3.2500,0
2025-10-15,15:00:00,RIG,S,4036,3.3050,0
2025-10-16,08:40:00,LAC,S,1567,8.4800,0
2025-10-16,08:49:00,LAC,B,783,8.1408,0
2025-10-16,08:49:00,LAC,B,784,8.1848,0
2025-10-16,08:41:00,KEEL,S,2314,5.6700,0
2025-10-16,08:53:00,KEEL,B,1157,5.4432,0
2025-10-16,08:53:00,KEEL,B,1157,5.4717,0
2025-10-16,08:57:00,TLRY,S,8242,1.6200,0
2025-10-16,09:30:00,TLRY,B,8242,1.6800,0
2025-10-16,08:47:00,PLUG,B,2836,4.2350,0
2025-10-16,09:50:00,PLUG,S,2836,3.8600,0
2025-10-16,08:41:00,RGTI,S,250,52.7100,0
2025-10-16,09:56:00,RGTI,B,125,50.6016,0
2025-10-16,09:56:00,RGTI,B,125,50.7771,0
2025-10-16,08:42:00,KVUE,B,815,16.3450,0
2025-10-16,10:08:00,KVUE,S,815,16.2050,0
2025-10-16,08:42:00,HPE,B,578,23.0250,0
2025-10-16,11:01:00,HPE,S,578,22.3900,0
2025-10-16,10:36:00,RGTI,S,277,47.8900,0
2025-10-16,11:06:00,RGTI,B,277,49.3000,0
2025-10-16,10:28:00,KVUE,S,821,16.1600,0
2025-10-16,11:13:00,KVUE,B,410,15.5136,0
2025-10-16,11:13:00,KVUE,B,411,15.3966,0
2025-10-16,14:27:00,KEEL,S,2530,5.2600,0
2025-10-16,14:42:00,KEEL,B,2530,5.3100,0
2025-10-16,13:16:00,KEY,S,795,16.6700,0
2025-10-16,14:48:00,KEY,B,795,16.7000,0
2025-10-16,08:40:00,KRE,S,219,60.6400,0
2025-10-16,15:00:00,KRE,B,109,58.2144,0
2025-10-16,15:00:00,KRE,B,110,58.1000,0
2025-10-16,08:40:00,HBAN,S,828,16.0450,0
2025-10-16,15:00:00,HBAN,B,414,15.4032,0
2025-10-16,15:00:00,HBAN,B,414,15.3600,0
2025-10-17,08:46:00,SLI,S,3131,4.2250,0
2025-10-17,09:06:00,SLI,B,1565,4.0560,0
2025-10-17,09:06:00,SLI,B,1566,4.1104,0
2025-10-17,08:45:00,RANI,S,5478,1.2500,0
2025-10-17,09:10:00,RANI,B,2739,1.2000,0
2025-10-17,09:10:00,RANI,B,2739,1.2500,0
2025-10-17,10:22:00,SLI,S,3378,3.9700,0
2025-10-17,10:52:00,SLI,B,3378,4.0300,0
2025-10-17,08:43:00,GDX,S,164,81.0400,0
2025-10-17,12:41:00,GDX,B,82,77.7984,0
2025-10-17,12:41:00,GDX,B,82,77.9904,0
2025-10-17,08:43:00,BTG,S,2322,5.7400,0
2025-10-17,12:52:00,BTG,B,1161,5.5104,0
2025-10-17,12:52:00,BTG,B,1161,5.5224,0
2025-10-17,08:43:00,KVUE,B,892,14.9800,0
2025-10-17,15:00:00,KVUE,S,892,15.3000,0
2025-10-17,08:56:00,KEEL,B,2646,5.0850,0
2025-10-17,15:00:00,KEEL,S,2646,5.0100,0
2025-10-17,10:09:00,DNN,S,4640,2.8850,0
2025-10-17,15:00:00,DNN,B,4640,2.9200,0
2025-10-20,08:41:00,BTBT,B,3338,4.0550,0
2025-10-20,08:47:00,BTBT,S,1669,4.2172,0
2025-10-20,08:47:00,BTBT,S,1669,4.1895,0
2025-10-20,08:45:00,CAN,B,7061,1.9100,0
2025-10-20,08:47:00,CAN,S,3530,1.9864,0
2025-10-20,08:47:00,CAN,S,3531,1.9825,0
2025-10-20,08:51:00,BTBT,B,3212,4.2300,0
2025-10-20,09:00:00,BTBT,S,1606,4.3992,0
2025-10-20,09:00:00,BTBT,S,1606,4.4025,0
2025-10-20,08:47:00,BYND,S,9695,0.9000,0
2025-10-20,10:04:00,BYND,B,9695,1.0250,0
2025-10-20,08:51:00,SOXS,S,3539,3.8400,0
2025-10-20,15:00:00,SOXS,B,3539,3.8600,0
2025-10-21,08:41:00,KEEL,S,2944,4.5900,0
2025-10-21,08:56:00,KEEL,B,1472,4.4064,0
2025-10-21,08:56:00,KEEL,B,1472,4.4359,0
2025-10-21,08:51:00,BYND,S,2605,2.0650,0
2025-10-21,09:34:00,BYND,B,1302,1.9824,0
2025-10-21,09:34:00,BYND,B,1303,2.0516,0
2025-10-21,08:45:00,OPEN,S,1895,7.0900,0
2025-10-21,09:51:00,OPEN,B,1895,7.2700,0
2025-10-21,09:03:00,HAL,S,561,24.1700,0
2025-10-21,11:38:00,HAL,B,561,24.8700,0
2025-10-21,13:35:00,BYND,B,4609,2.9300,0
2025-10-21,13:40:00,BYND,S,4609,2.7950,0
2025-10-21,08:41:00,PLUG,S,4250,3.1800,0
2025-10-21,15:00:00,PLUG,B,4250,3.1100,0
2025-10-21,08:41:00,WBD,B,662,20.5000,0
2025-10-21,15:00:00,WBD,S,662,20.3450,0
2025-10-21,08:44:00,BTG,S,2594,5.1800,0
2025-10-21,15:00:00,BTG,B,2594,5.1800,0
2025-10-21,08:44:00,DNN,S,4862,2.7500,0
2025-10-21,15:00:00,DNN,B,4862,2.7200,0
2025-10-21,08:46:00,GDX,S,183,73.8200,0
2025-10-21,15:00:00,GDX,B,183,72.7900,0
2025-10-21,08:47:00,SLV,S,301,44.6900,0
2025-10-21,15:00:00,SLV,B,301,43.7600,0
2025-10-22,08:43:00,SOXS,S,3335,4.0500,0
2025-10-22,09:24:00,SOXS,B,3335,4.1000,0
2025-10-22,08:45:00,CIFR,B,764,17.7250,0
2025-10-22,09:26:00,CIFR,S,764,16.9600,0
2025-10-22,08:47:00,ONDS,B,1907,7.1600,0
2025-10-22,09:35:00,ONDS,S,1907,6.7900,0
2025-10-22,09:08:00,QBTS,S,458,29.4900,0
2025-10-22,09:38:00,QBTS,B,229,28.3104,0
2025-10-22,09:38:00,QBTS,B,229,28.4245,0
2025-10-22,09:13:00,QS,S,920,14.6900,0
2025-10-22,09:40:00,QS,B,460,14.1024,0
2025-10-22,09:40:00,QS,B,460,14.1119,0
2025-10-22,08:57:00,BBAI,B,1943,6.9600,0
2025-10-22,09:46:00,BBAI,S,1943,6.7150,0
2025-10-22,09:27:00,KEEL,S,2907,4.0500,0
2025-10-22,10:24:00,KEEL,B,1453,3.8880,0
2025-10-22,10:24:00,KEEL,B,1454,3.8861,0
2025-10-22,09:04:00,RGTI,S,359,37.6100,0
2025-10-22,10:36:00,RGTI,B,179,36.1056,0
2025-10-22,10:36:00,RGTI,B,180,36.4561,0
2025-10-22,10:30:00,KEEL,S,3511,3.8400,0
2025-10-22,10:38:00,KEEL,B,3511,3.8900,0
2025-10-22,09:30:00,PLUG,S,4637,2.8900,0
2025-10-22,15:00:00,PLUG,B,4637,2.9000,0
2025-10-23,08:41:00,BYND,B,3001,3.2200,0
2025-10-23,08:43:00,BYND,S,1500,3.3488,0
2025-10-23,08:43:00,BYND,S,1501,3.3778,0
2025-10-23,08:55:00,SCNX,B,6377,1.0600,0
2025-10-23,09:06:00,SCNX,S,3188,1.1024,0
2025-10-23,09:06:00,SCNX,S,3189,1.0600,0
2025-10-23,08:49:00,RGTI,S,351,38.4400,0
2025-10-23,09:23:00,RGTI,B,351,40.5400,0
2025-10-23,08:41:00,SOXS,S,3282,4.0900,0
2025-10-23,12:08:00,SOXS,B,1641,3.9264,0
2025-10-23,12:08:00,SOXS,B,1641,3.9509,0
2025-10-23,13:04:00,AAL,B,1051,12.9000,0
2025-10-23,13:35:00,AAL,S,1051,12.8750,0
2025-10-23,08:54:00,RIG,B,3785,3.5800,0
2025-10-23,14:07:00,RIG,S,1892,3.7232,0
2025-10-23,14:07:00,RIG,S,1893,3.8842,0
2025-10-23,14:07:00,SOXS,S,3497,3.8950,0
2025-10-23,14:08:00,SOXS,B,3497,3.9050,0
2025-10-23,14:17:00,SCNX,B,4111,1.7400,0
2025-10-23,14:19:00,SCNX,S,2055,1.8096,0
2025-10-23,14:19:00,SCNX,S,2056,1.7523,0
2025-10-23,08:42:00,NOK,B,2247,6.0150,0
2025-10-23,15:00:00,NOK,S,2247,6.1750,0
2025-10-24,08:42:00,OPEN,B,1796,7.6200,0
2025-10-24,08:44:00,OPEN,S,898,7.9248,0
2025-10-24,08:44:00,OPEN,S,898,7.9338,0
2025-10-24,08:51:00,WGRX,B,5606,1.0800,0
2025-10-24,08:52:00,WGRX,S,2803,1.1232,0
2025-10-24,08:52:00,WGRX,S,2803,1.1157,0
2025-10-24,08:42:00,KEEL,S,3011,4.5350,0
2025-10-24,08:56:00,KEEL,B,3011,4.7000,0
2025-10-24,08:49:00,OPEN,B,1713,8.0100,0
2025-10-24,08:59:00,OPEN,S,856,8.3304,0
2025-10-24,08:59:00,OPEN,S,857,8.2263,0
2025-10-24,08:44:00,ASST,B,14239,0.9641,0
2025-10-24,09:02:00,ASST,S,14239,0.9424,0
2025-10-24,08:59:00,BYND,S,2678,2.9400,0
2025-10-24,09:30:00,BYND,B,1339,2.8224,0
2025-10-24,09:30:00,BYND,B,1339,2.8779,0
2025-10-24,10:00:00,BYND,S,5145,2.6700,0
2025-10-24,10:06:00,BYND,B,2572,2.5632,0
2025-10-24,10:06:00,BYND,B,2573,2.6025,0
2025-10-24,08:41:00,AAL,B,1024,13.3400,0
2025-10-24,11:02:00,AAL,S,512,13.8736,0
2025-10-24,11:02:00,AAL,S,512,13.7416,0
2025-10-24,08:45:00,F,B,1031,13.3100,0
2025-10-24,14:51:00,F,S,515,13.8424,0
2025-10-24,14:51:00,F,S,516,13.8238,0
2025-10-24,08:42:00,ONDS,S,1787,7.6500,0
2025-10-24,15:00:00,ONDS,B,1787,7.4550,0
2025-10-27,08:46:00,CODX,B,5942,0.7769,0
2025-10-27,08:46:00,CODX,S,2971,0.8080,0
2025-10-27,08:46:00,CODX,S,2971,0.7769,0
2025-10-27,08:46:00,BKYI,S,4454,1.6600,0
2025-10-27,08:53:00,BKYI,B,2227,1.5936,0
2025-10-27,08:53:00,BKYI,B,2227,1.6600,0
2025-10-27,08:53:00,BYND,B,5871,2.0950,0
2025-10-27,09:01:00,BYND,S,2935,2.1788,0
2025-10-27,09:01:00,BYND,S,2936,2.1700,0
2025-10-27,09:15:00,ASST,B,5891,1.5700,0
2025-10-27,09:20:00,ASST,S,2945,1.6328,0
2025-10-27,09:20:00,ASST,S,2946,1.6102,0
2025-10-27,09:25:00,ASST,B,8524,1.6450,0
2025-10-27,09:32:00,ASST,S,8524,1.5800,0
2025-10-27,08:41:00,TSLL,B,674,20.7400,0
2025-10-27,10:44:00,TSLL,S,337,21.5696,0
2025-10-27,10:44:00,TSLL,S,337,21.4876,0
2025-10-27,10:19:00,NAKA,B,15148,0.9230,0
2025-10-27,11:20:00,NAKA,S,7574,0.9599,0
2025-10-27,11:20:00,NAKA,S,7574,0.9500,0
2025-10-27,14:10:00,BYND,S,7483,1.8800,0
2025-10-27,14:11:00,BYND,B,7483,1.8900,0
2025-10-27,08:43:00,RNA,S,198,70.1200,0
2025-10-27,15:00:00,RNA,B,198,69.9000,0
2025-10-27,09:01:00,SOXS,S,3991,3.5000,0
2025-10-27,15:00:00,SOXS,B,3991,3.4100,0
2025-10-27,09:02:00,SQQQ,S,1044,13.3950,0
2025-10-27,15:00:00,SQQQ,B,1044,13.2250,0
2025-10-28,08:46:00,BYND,B,7203,1.9900,0
2025-10-28,08:46:00,BYND,S,3601,2.0696,0
2025-10-28,08:46:00,BYND,S,3602,2.0159,0
2025-10-28,08:47:00,WULF,B,902,15.8850,0
2025-10-28,08:57:00,WULF,S,451,16.5204,0
2025-10-28,08:57:00,WULF,S,451,16.2282,0
2025-10-28,08:41:00,KEEL,S,3179,4.4300,0
2025-10-28,09:18:00,KEEL,B,3179,4.6000,0
2025-10-28,08:41:00,DNN,S,4777,2.9550,0
2025-10-28,09:23:00,DNN,B,4777,3.1000,0
2025-10-28,08:43:00,CAN,S,8688,1.5400,0
2025-10-28,09:26:00,CAN,B,4344,1.4784,0
2025-10-28,09:26:00,CAN,B,4344,1.4504,0
2025-10-28,09:46:00,BYND,B,6399,2.2100,0
2025-10-28,09:58:00,BYND,S,6399,2.1400,0
2025-10-28,08:45:00,ASST,B,5134,1.4700,0
2025-10-28,10:19:00,ASST,S,2567,1.5288,0
2025-10-28,10:19:00,ASST,S,2567,1.5320,0
2025-10-28,08:46:00,NOK,B,2186,6.4900,0
2025-10-28,10:45:00,NOK,S,1093,6.7496,0
2025-10-28,10:45:00,NOK,S,1093,7.6551,0
2025-10-28,09:30:00,NVDA,S,73,192.6750,0
2025-10-28,11:49:00,NVDA,B,73,195.4550,0
2025-10-28,08:59:00,INTC,B,350,40.5900,0
2025-10-28,12:39:00,INTC,S,175,42.2136,0
2025-10-28,12:39:00,INTC,S,175,42.0741,0
2025-10-28,08:43:00,SOFI,S,472,29.7900,0
2025-10-28,13:18:00,SOFI,B,472,31.3600,0
2025-10-28,08:46:00,CCL,B,498,28.4500,0
2025-10-28,14:37:00,CCL,S,498,27.8200,0
2025-10-28,09:03:00,WULF,B,857,16.5550,0
2025-10-28,14:54:00,WULF,S,857,16.0900,0
2025-10-28,08:42:00,PLUG,S,4885,2.8800,0
2025-10-28,15:00:00,PLUG,B,4885,2.8000,0
2025-10-28,08:53:00,CX,B,1410,10.0400,0
2025-10-28,15:00:00,CX,S,1410,10.3050,0
2025-10-29,08:47:00,PPBT,B,5428,1.2100,0
2025-10-29,08:47:00,PPBT,S,2714,1.2584,0
2025-10-29,08:47:00,PPBT,S,2714,1.2100,0
2025-10-29,08:41:00,LUMN,B,1363,10.4500,0
2025-10-29,09:20:00,LUMN,S,681,10.8680,0
2025-10-29,09:20:00,LUMN,S,682,10.7955,0
2025-10-29,08:49:00,ERNA,S,2925,1.8700,0
2025-10-29,09:24:00,ERNA,B,2925,2.3000,0
2025-10-29,08:57:00,BYND,S,7240,1.9700,0
2025-10-29,09:24:00,BYND,B,3620,1.8912,0
2025-10-29,09:24:00,BYND,B,3620,1.8854,0
2025-10-29,08:44:00,ASST,S,10289,1.3800,0
2025-10-29,09:26:00,ASST,B,5144,1.3248,0
2025-10-29,09:26:00,ASST,B,5145,1.3238,0
2025-10-29,08:45:00,FISV,B,199,71.5600,0
2025-10-29,10:12:00,FISV,S,99,74.4224,0
2025-10-29,10:12:00,FISV,S,100,73.2546,0
2025-10-29,09:52:00,ASST,S,11026,1.3000,0
2025-10-29,10:44:00,ASST,B,11026,1.3400,0
2025-10-29,08:52:00,SOXS,S,4499,3.1650,0
2025-10-29,11:04:00,SOXS,B,4499,3.2100,0
2025-10-29,08:50:00,RKT,B,814,17.5950,0
2025-10-29,12:11:00,RKT,S,814,17.2900,0
2025-10-29,08:44:00,WULF,B,904,15.8100,0
2025-10-29,12:19:00,WULF,S,904,15.0500,0
2025-10-29,09:15:00,AVTR,S,1115,12.3500,0
2025-10-29,14:05:00,AVTR,B,557,11.8560,0
2025-10-29,14:05:00,AVTR,B,558,11.9311,0
2025-10-29,14:17:00,AVTR,S,1207,11.7950,0
2025-10-29,15:00:00,AVTR,B,1207,11.5800,0
2025-10-30,08:43:00,TSLL,S,682,20.9200,0
2025-10-30,08:48:00,TSLL,B,682,21.4200,0
2025-10-30,08:53:00,CLF,B,1134,12.5500,0
2025-10-30,09:05:00,CLF,S,1134,12.3000,0
2025-10-30,09:04:00,FISV,B,206,69.1250,0
2025-10-30,10:36:00,FISV,S,206,66.0700,0
2025-10-30,08:50:00,CMG,B,436,32.5950,0
2025-10-30,10:51:00,CMG,S,218,33.8988,0
2025-10-30,10:51:00,CMG,S,218,33.5954,0
2025-10-30,08:42:00,BMY,B,323,44.1800,0
2025-10-30,15:00:00,BMY,S,323,45.6400,0
2025-10-30,08:43:00,ETHA,S,499,28.5300,0
2025-10-30,15:00:00,ETHA,B,499,27.8800,0
2025-10-30,08:50:00,META,B,21,669.3400,0
2025-10-30,15:00:00,META,S,21,665.8900,0
2025-10-30,08:57:00,ABEV,S,6257,2.2650,0
2025-10-30,15:00:00,ABEV,B,6257,2.2950,0
2025-10-30,08:58:00,BYND,S,8524,1.6550,0
2025-10-30,15:00:00,BYND,B,8524,1.6700,0
2025-10-30,09:05:00,CAN,S,11276,1.2600,0
2025-10-30,15:00:00,CAN,B,11276,1.2400,0
2025-10-31,08:48:00,HKD,B,2327,2.9300,0
2025-10-31,08:48:00,HKD,S,1163,3.0472,0
2025-10-31,08:48:00,HKD,S,1164,2.9300,0
2025-10-31,08:42:00,ETHA,S,491,29.0100,0
2025-10-31,08:54:00,ETHA,B,491,29.1300,0
2025-10-31,08:43:00,BTG,S,2970,4.7900,0
2025-10-31,08:59:00,BTG,B,2970,4.8400,0
2025-10-31,08:50:00,TSLL,S,690,20.6550,0
2025-10-31,09:03:00,TSLL,B,690,20.9850,0
2025-10-31,09:04:00,HKD,B,3455,3.1600,0
2025-10-31,09:04:00,HKD,S,1727,3.2864,0
2025-10-31,09:04:00,HKD,S,1728,3.1600,0
2025-10-31,08:45:00,NWL,S,3802,3.4700,0
2025-10-31,09:44:00,NWL,B,1901,3.3312,0
2025-10-31,09:44:00,NWL,B,1901,3.1700,0
2025-10-31,08:47:00,OPEN,B,1891,7.5800,0
2025-10-31,10:02:00,OPEN,S,945,7.8832,0
2025-10-31,10:02:00,OPEN,S,946,7.9142,0
2025-10-31,10:16:00,ETHA,B,490,29.3200,0
2025-10-31,10:22:00,ETHA,S,490,29.2400,0
2025-10-31,08:50:00,ASST,B,11327,1.2650,0
2025-10-31,11:10:00,ASST,S,11327,1.2150,0
2025-10-31,09:09:00,AMZN,S,57,246.6700,0
2025-10-31,15:00:00,AMZN,B,57,244.2900,0
2025-11-03,08:44:00,BBAI,S,2151,6.6700,0
2025-11-03,08:45:00,BBAI,B,2151,6.7350,0
2025-11-03,08:45:00,TSLL,B,644,22.2500,0
2025-11-03,09:01:00,TSLL,S,322,23.1400,0
2025-11-03,09:01:00,TSLL,S,322,22.9375,0
2025-11-03,08:50:00,ETHA,B,508,28.1700,0
2025-11-03,09:11:00,ETHA,S,508,28.0200,0
2025-11-03,08:44:00,BYND,S,10033,1.4250,0
2025-11-03,09:31:00,BYND,B,5016,1.3680,0
2025-11-03,09:31:00,BYND,B,5017,1.3793,0
2025-11-03,08:51:00,CIFR,B,593,24.1400,0
2025-11-03,09:33:00,CIFR,S,593,22.5700,0
2025-11-03,08:54:00,BBAI,S,2148,6.6600,0
2025-11-03,09:40:00,BBAI,B,1074,6.3936,0
2025-11-03,09:40:00,BBAI,B,1074,6.3816,0
2025-11-03,09:43:00,BYND,S,10661,1.3500,0
2025-11-03,09:44:00,BYND,B,10661,1.3700,0
2025-11-03,09:35:00,DNN,S,4678,3.0650,0
2025-11-03,11:51:00,DNN,B,2339,2.9424,0
2025-11-03,11:51:00,DNN,B,2339,2.9657,0
2025-11-03,14:47:00,KVUE,S,887,16.2600,0
2025-11-03,15:00:00,KVUE,B,887,16.1600,0
2025-11-04,08:42:00,HTZ,B,2421,5.9600,0
2025-11-04,08:46:00,HTZ,S,1210,6.1984,0
2025-11-04,08:46:00,HTZ,S,1211,6.1454,0
2025-11-04,08:42:00,PLUG,B,5425,2.6850,0
2025-11-04,08:50:00,PLUG,S,2712,2.7924,0
2025-11-04,08:50:00,PLUG,S,2713,2.7731,0
2025-11-04,08:43:00,KEEL,B,3672,3.9450,0
2025-11-04,09:02:00,KEEL,S,1836,4.1028,0
2025-11-04,09:02:00,KEEL,S,1836,4.0855,0
2025-11-04,08:57:00,DNN,B,5155,2.8200,0
2025-11-04,09:10:00,DNN,S,5155,2.7550,0
2025-11-04,08:54:00,MSTU,B,5364,2.7300,0
2025-11-04,09:52:00,MSTU,S,5364,2.6150,0
2025-11-04,08:43:00,IBIT,B,245,58.9200,0
2025-11-04,10:18:00,IBIT,S,245,58.3300,0
2025-11-04,08:42:00,ETHA,B,544,26.5300,0
2025-11-04,10:20:00,ETHA,S,544,26.2300,0
2025-11-04,08:46:00,NCLH,S,716,20.0700,0
2025-11-04,10:21:00,NCLH,B,358,19.2672,0
2025-11-04,10:21:00,NCLH,B,358,19.4179,0
2025-11-04,09:11:00,HTZ,B,2163,6.7300,0
2025-11-04,10:44:00,HTZ,S,1081,6.9992,0
2025-11-04,10:44:00,HTZ,S,1082,6.9709,0
2025-11-04,08:58:00,OPEN,B,1977,7.3500,0
2025-11-04,10:51:00,OPEN,S,1977,7.1100,0
2025-11-04,08:42:00,SQQQ,S,1067,13.5000,0
2025-11-04,11:19:00,SQQQ,B,1067,13.6500,0
2025-11-04,08:41:00,SOXS,S,4123,3.4800,0
2025-11-04,12:40:00,SOXS,B,4123,3.5700,0
2025-11-04,08:43:00,TZA,S,1780,8.0900,0
2025-11-04,14:56:00,TZA,B,1780,8.2150,0
2025-11-04,08:41:00,CDE,S,1027,14.0100,0
2025-11-04,15:00:00,CDE,B,1027,13.7900,0
2025-11-04,08:48:00,BTG,S,3571,4.0550,0
2025-11-04,15:00:00,BTG,B,3571,3.9850,0
2025-11-04,08:53:00,CCL,S,545,26.6250,0
2025-11-04,15:00:00,CCL,B,545,26.1300,0
2025-11-04,09:05:00,UBER,B,156,93.1500,0
2025-11-04,15:00:00,UBER,S,156,94.7300,0
2025-11-04,09:26:00,PLTD,S,2321,6.2300,0
2025-11-04,15:00:00,PLTD,B,2321,6.3500,0
2025-11-04,09:56:00,INTC,S,387,37.5200,0
2025-11-04,15:00:00,INTC,B,387,37.0500,0
2025-11-05,08:46:00,BYND,S,11271,1.2900,0
2025-11-05,08:49:00,BYND,B,11271,1.3100,0
2025-11-05,08:51:00,MTC,B,5303,0.5450,0
2025-11-05,08:51:00,MTC,S,2651,0.5668,0
2025-11-05,08:51:00,MTC,S,2652,0.5788,0
2025-11-05,08:44:00,ASST,B,10770,1.3550,0
2025-11-05,09:21:00,ASST,S,5385,1.4092,0
2025-11-05,09:21:00,ASST,S,5385,1.4064,0
2025-11-05,08:47:00,RIVN,B,1069,13.6100,0
2025-11-05,09:51:00,RIVN,S,534,14.1544,0
2025-11-05,09:51:00,RIVN,S,535,14.3214,0
2025-11-05,08:41:00,SOXS,S,4118,3.5200,0
2025-11-05,10:08:00,SOXS,B,2059,3.3792,0
2025-11-05,10:08:00,SOXS,B,2059,3.4052,0
2025-11-05,10:10:00,MTC,B,12412,0.6448,0
2025-11-05,10:11:00,MTC,S,6206,0.6706,0
2025-11-05,10:11:00,MTC,S,6206,0.6529,0
2025-11-05,09:56:00,ASST,B,10321,1.4200,0
2025-11-05,10:55:00,ASST,S,5160,1.4768,0
2025-11-05,10:55:00,ASST,S,5161,1.4708,0
2025-11-05,08:42:00,TSLL,S,712,20.4200,0
2025-11-05,12:11:00,TSLL,B,712,21.3000,0
2025-11-05,13:56:00,RIVN,B,936,15.7550,0
2025-11-05,14:07:00,RIVN,S,936,15.5900,0
2025-11-05,08:52:00,AAL,B,1122,12.9850,0
2025-11-05,14:55:00,AAL,S,561,13.5044,0
2025-11-05,14:55:00,AAL,S,561,13.4052,0
2025-11-05,08:48:00,ETHA,B,574,25.3000,0
2025-11-05,14:57:00,ETHA,S,287,26.3120,0
2025-11-05,14:57:00,ETHA,S,287,26.0770,0
2025-11-05,08:41:00,TEVA,B,604,24.3500,0
2025-11-05,15:00:00,TEVA,S,604,24.5900,0
2025-11-05,09:32:00,PINS,S,561,25.9550,0
2025-11-05,15:00:00,PINS,B,561,25.7500,0
2025-11-06,08:42:00,SOFI,S,497,29.8000,0
2025-11-06,08:49:00,SOFI,B,497,30.6200,0
2025-11-06,08:48:00,SOXS,S,4469,3.3200,0
2025-11-06,08:51:00,SOXS,B,4469,3.3600,0
2025-11-06,08:44:00,BTG,S,3956,3.7300,0
2025-11-06,08:54:00,BTG,B,3956,3.8600,0
2025-11-06,08:46:00,TSLL,B,670,22.3550,0
2025-11-06,08:58:00,TSLL,S,670,21.5400,0
2025-11-06,08:50:00,BYND,B,6230,1.5100,0
2025-11-06,09:54:00,BYND,S,6230,1.2900,0
2025-11-06,08:42:00,BBAI,S,2497,5.9400,0
2025-11-06,10:05:00,BBAI,B,1248,5.7024,0
2025-11-06,10:05:00,BBAI,B,1249,5.7394,0
2025-11-06,08:50:00,PLUG,S,5779,2.5600,0
2025-11-06,10:05:00,PLUG,B,2889,2.4576,0
2025-11-06,10:05:00,PLUG,B,2890,2.4806,0
2025-11-06,09:36:00,ONDS,S,2574,5.7000,0
2025-11-06,11:00:00,ONDS,B,1287,5.4720,0
2025-11-06,11:00:00,ONDS,B,1287,5.4070,0
2025-11-06,08:42:00,SQQQ,B,1082,13.7400,0
2025-11-06,11:11:00,SQQQ,S,541,14.2896,0
2025-11-06,11:11:00,SQQQ,S,541,14.2126,0
2025-11-06,08:55:00,OPEN,S,2086,7.0550,0
2025-11-06,11:35:00,OPEN,B,1043,6.7728,0
2025-11-06,11:35:00,OPEN,B,1043,6.8305,0
2025-11-06,13:49:00,ONDS,S,2777,5.3300,0
2025-11-06,13:50:00,ONDS,B,2777,5.3550,0
2025-11-06,14:41:00,BBAI,S,2651,5.5850,0
2025-11-06,14:47:00,BBAI,B,2651,5.6100,0
2025-11-06,08:42:00,SNAP,S,1823,8.1350,0
2025-11-06,15:00:00,SNAP,B,1823,8.0200,0
2025-11-06,13:20:00,LYFT,B,564,22.0800,0
2025-11-06,15:00:00,LYFT,S,564,21.2500,0
2025-11-06,14:39:00,OPEN,S,2199,6.7350,0
2025-11-06,15:00:00,OPEN,B,2199,6.5450,0
2025-11-07,08:47:00,PLUG,S,6266,2.3650,0
2025-11-07,09:15:00,PLUG,B,6266,2.4500,0
2025-11-07,08:52:00,PBR,B,1202,12.3250,0
2025-11-07,09:59:00,PBR,S,601,12.8180,0
2025-11-07,09:59:00,PBR,S,601,12.6967,0
2025-11-07,08:41:00,BYND,B,12506,1.2000,0
2025-11-07,10:03:00,BYND,S,12506,1.1500,0
2025-11-07,08:59:00,PRMB,S,883,16.7300,0
2025-11-07,10:05:00,PRMB,B,441,16.0608,0
2025-11-07,10:05:00,PRMB,B,442,16.1623,0
2025-11-07,09:03:00,ACHR,S,1916,7.7350,0
2025-11-07,10:27:00,ACHR,B,958,7.4256,0
2025-11-07,10:27:00,ACHR,B,958,7.4774,0
2025-11-07,08:56:00,ONDS,B,2844,5.2250,0
2025-11-07,11:28:00,ONDS,S,1422,5.4340,0
2025-11-07,11:28:00,ONDS,S,1422,5.3878,0
2025-11-07,10:28:00,PRMB,S,938,15.8400,0
2025-11-07,11:39:00,PRMB,B,469,15.2064,0
2025-11-07,11:39:00,PRMB,B,469,14.9234,0
2025-11-07,13:34:00,ONDS,B,2607,5.7500,0
2025-11-07,14:20:00,ONDS,S,2607,5.6850,0
2025-11-07,08:52:00,TSLL,S,803,18.4450,0
2025-11-07,15:00:00,TSLL,B,803,18.8800,0
2025-11-10,08:51:00,NVDA,S,76,194.0700,0
2025-11-10,08:59:00,NVDA,B,76,195.4000,0
2025-11-10,08:53:00,RIG,S,3758,3.9700,0
2025-11-10,08:59:00,RIG,B,3758,4.0400,0
2025-11-10,08:43:00,OPEN,B,2057,7.2600,0
2025-11-10,09:11:00,OPEN,S,1028,7.5504,0
2025-11-10,09:11:00,OPEN,S,1029,7.4924,0
2025-11-10,08:41:00,RIVN,S,980,15.1350,0
2025-11-10,09:38:00,RIVN,B,980,15.6150,0
2025-11-10,09:05:00,NVDA,B,76,195.5650,0
2025-11-10,09:58:00,NVDA,S,76,194.7600,0
2025-11-10,08:41:00,SQQQ,S,1093,13.6600,0
2025-11-10,09:59:00,SQQQ,B,1093,13.8100,0
2025-11-10,14:11:00,OPEN,B,1839,8.0950,0
2025-11-10,14:15:00,OPEN,S,1839,7.9700,0
2025-11-10,08:44:00,OSCR,S,979,15.2550,0
2025-11-10,14:54:00,OSCR,B,489,14.6448,0
2025-11-10,14:54:00,OSCR,B,490,14.6525,0
2025-11-10,08:41:00,PLTR,B,79,188.5750,0
2025-11-10,15:00:00,PLTR,S,79,193.6300,0
2025-11-10,08:41:00,SOFI,B,497,30.0100,0
2025-11-10,15:00:00,SOFI,S,497,30.5500,0
2025-11-10,08:42:00,GRAB,B,2529,5.9100,0
2025-11-10,15:00:00,GRAB,S,2529,5.8900,0
2025-11-10,08:43:00,PLTD,S,2339,6.3700,0
2025-11-10,15:00:00,PLTD,B,2339,6.1800,0
2025-11-10,08:50:00,SNAP,B,1779,8.4200,0
2025-11-10,15:00:00,SNAP,S,1779,8.7000,0
2025-11-10,08:51:00,SOXS,B,4393,3.4300,0
2025-11-10,15:00:00,SOXS,S,4393,3.4000,0
2025-11-11,08:43:00,BYND,S,12349,1.2100,0
2025-11-11,08:47:00,BYND,B,12349,1.2800,0
2025-11-11,08:48:00,RIVN,B,886,16.9000,0
2025-11-11,09:34:00,RIVN,S,443,17.5760,0
2025-11-11,09:34:00,RIVN,S,443,17.4552,0
2025-11-11,09:52:00,ACHR,S,1824,8.2350,0
2025-11-11,11:05:00,ACHR,B,1824,8.4950,0
2025-11-11,09:14:00,BBAI,S,2066,6.3400,0
2025-11-11,11:37:00,BBAI,B,1033,6.0864,0
2025-11-11,11:37:00,BBAI,B,1033,6.1532,0
2025-11-11,08:57:00,OPEN,B,1827,8.2800,0
2025-11-11,14:54:00,OPEN,S,913,8.6112,0
2025-11-11,14:54:00,OPEN,S,914,8.4886,0
2025-11-11,08:41:00,SOXS,B,4304,3.5200,0
2025-11-11,15:00:00,SOXS,S,4304,3.6350,0
2025-11-11,08:42:00,ASST,S,10839,1.3850,0
2025-11-11,15:00:00,ASST,B,10839,1.3550,0
2025-11-12,08:45:00,CYPH,B,21060,0.7200,0
2025-11-12,08:45:00,CYPH,S,10530,0.7488,0
2025-11-12,08:45:00,CYPH,S,10530,0.7200,0
2025-11-12,08:42:00,PLUG,B,5923,2.5700,0
2025-11-12,08:47:00,PLUG,S,2961,2.6728,0
2025-11-12,08:47:00,PLUG,S,2962,2.6543,0
2025-11-12,08:46:00,CYPH,B,9010,0.7401,0
2025-11-12,08:48:00,CYPH,S,4505,0.7697,0
2025-11-12,08:48:00,CYPH,S,4505,0.7401,0
2025-11-12,08:47:00,AMD,S,60,252.1600,0
2025-11-12,09:10:00,AMD,B,60,258.5700,0
2025-11-12,08:41:00,BYND,B,12328,1.2500,0
2025-11-12,09:35:00,BYND,S,12328,1.2000,0
2025-11-12,08:42:00,OPEN,S,1807,8.3800,0
2025-11-12,09:46:00,OPEN,B,1807,8.6950,0
2025-11-12,08:43:00,MSTU,S,6892,2.1900,0
2025-11-12,09:57:00,MSTU,B,3446,2.1024,0
2025-11-12,09:57:00,MSTU,B,3446,2.0919,0
2025-11-12,08:49:00,KEEL,S,4625,3.3000,0
2025-11-12,10:17:00,KEEL,B,2312,3.1680,0
2025-11-12,10:17:00,KEEL,B,2313,3.1230,0
2025-11-12,10:09:00,MSTU,S,7343,2.0700,0
2025-11-12,14:27:00,MSTU,B,3671,1.9872,0
2025-11-12,14:27:00,MSTU,B,3672,1.9907,0
2025-11-12,14:50:00,PLUG,B,5646,2.7100,0
2025-11-12,15:00:00,PLUG,S,5646,2.7400,0
2025-11-13,08:42:00,OPEN,S,1742,8.7900,0
2025-11-13,08:46:00,OPEN,B,1742,9.0900,0
2025-11-13,08:44:00,SOFI,S,503,30.4500,0
2025-11-13,08:57:00,SOFI,B,503,30.8700,0
2025-11-13,08:48:00,RIVN,B,871,17.5350,0
2025-11-13,09:04:00,RIVN,S,871,17.1200,0
2025-11-13,09:03:00,QBTS,S,634,24.0100,0
2025-11-13,09:09:00,QBTS,B,634,24.7000,0
2025-11-13,08:44:00,INTC,S,416,36.7500,0
2025-11-13,09:14:00,INTC,B,416,36.9900,0
2025-11-13,08:41:00,SQQQ,B,1089,14.0600,0
2025-11-13,09:16:00,SQQQ,S,1089,13.8350,0
2025-11-13,08:42:00,SOXS,B,4196,3.6950,0
2025-11-13,09:16:00,SOXS,S,4196,3.5900,0
2025-11-13,08:42:00,TSLL,S,856,17.8750,0
2025-11-13,09:23:00,TSLL,B,428,17.1600,0
2025-11-13,09:23:00,TSLL,B,428,17.2387,0
2025-11-13,08:52:00,ETHA,B,588,26.0600,0
2025-11-13,09:33:00,ETHA,S,588,25.6400,0
2025-11-13,09:10:00,WULF,B,1242,12.2900,0
2025-11-13,10:06:00,WULF,S,1242,11.7100,0
2025-11-13,08:51:00,KEEL,B,5201,2.9600,0
2025-11-13,10:18:00,KEEL,S,5201,2.7250,0
2025-11-13,09:27:00,RGTI,S,582,26.0200,0
2025-11-13,10:22:00,RGTI,B,291,24.9792,0
2025-11-13,10:22:00,RGTI,B,291,25.0152,0
2025-11-13,09:26:00,PLUG,S,5813,2.6050,0
2025-11-13,10:23:00,PLUG,B,2906,2.5008,0
2025-11-13,10:23:00,PLUG,B,2907,2.4861,0
2025-11-13,08:41:00,BBAI,S,2299,6.6450,0
2025-11-13,10:27:00,BBAI,B,1149,6.3792,0
2025-11-13,10:27:00,BBAI,B,1150,6.3314,0
2025-11-13,09:00:00,ASST,B,12195,1.2600,0
2025-11-13,11:44:00,ASST,S,12195,1.1800,0
2025-11-13,13:13:00,BBAI,S,2448,6.1450,0
2025-11-13,13:14:00,BBAI,B,2448,6.1900,0
2025-11-13,08:43:00,MARA,S,1102,13.8900,0
2025-11-13,13:24:00,MARA,B,551,13.3344,0
2025-11-13,13:24:00,MARA,B,551,12.9739,0
2025-11-13,08:44:00,SNAP,S,1715,8.8600,0
2025-11-13,15:00:00,SNAP,B,1715,8.6000,0
2025-11-13,09:07:00,TSLS,B,2696,5.6400,0
2025-11-13,15:00:00,TSLS,S,2696,5.7800,0
2025-11-13,09:08:00,ONDS,B,1549,7.0950,0
2025-11-13,15:00:00,ONDS,S,1549,6.6000,0
2025-11-14,08:44:00,ONDS,B,2108,7.1600,0
2025-11-14,08:46:00,ONDS,S,1054,7.4464,0
2025-11-14,08:46:00,ONDS,S,1054,7.4184,0
2025-11-14,08:41:00,OPEN,B,1788,8.4500,0
2025-11-14,08:57:00,OPEN,S,894,8.7880,0
2025-11-14,08:57:00,OPEN,S,894,8.7655,0
2025-11-14,09:01:00,MSTU,B,9331,1.6300,0
2025-11-14,09:09:00,MSTU,S,9331,1.5500,0
2025-11-14,09:23:00,IVVD,B,2917,2.5800,0
2025-11-14,10:04:00,IVVD,S,1458,2.6832,0
2025-11-14,10:04:00,IVVD,S,1459,2.6355,0
2025-11-14,08:45:00,PLUG,B,6289,2.4000,0
2025-11-14,14:20:00,PLUG,S,6289,2.3000,0
2025-11-14,08:46:00,WULF,B,1306,11.6850,0
2025-11-14,14:56:00,WULF,S,1306,10.9700,0
2025-11-17,08:51:00,ONDS,S,2149,6.9800,0
2025-11-17,09:07:00,ONDS,B,1074,6.7008,0
2025-11-17,09:07:00,ONDS,B,1075,6.6827,0
2025-11-17,09:19:00,ONDS,S,2313,6.5100,0
2025-11-17,10:03:00,ONDS,B,1156,6.2496,0
2025-11-17,10:03:00,ONDS,B,1157,6.2755,0
2025-11-17,08:44:00,HPE,B,685,21.9550,0
2025-11-17,10:15:00,HPE,S,685,21.2600,0
2025-11-17,08:41:00,SOXS,S,3937,3.8000,0
2025-11-17,12:02:00,SOXS,B,3937,4.0050,0
2025-11-17,08:49:00,PLUG,B,6945,2.1600,0
2025-11-17,15:00:00,PLUG,S,6945,2.0800,0
2025-11-18,08:43:00,SOXL,S,426,34.9600,0
2025-11-18,09:05:00,SOXL,B,213,33.5616,0
2025-11-18,09:05:00,SOXL,B,213,33.5246,0
2025-11-18,08:43:00,SOXS,B,3498,4.2800,0
2025-11-18,09:06:00,SOXS,S,1749,4.4512,0
2025-11-18,09:06:00,SOXS,S,1749,4.4272,0
2025-11-18,09:16:00,SOXS,B,3367,4.4700,0
2025-11-18,09:21:00,SOXS,S,3367,4.3700,0
2025-11-18,09:17:00,SOXL,S,453,33.1750,0
2025-11-18,09:21:00,SOXL,B,453,34.1800,0
2025-11-18,08:48:00,UVXY,B,1213,12.3600,0
2025-11-18,10:45:00,UVXY,S,1213,12.0400,0
2025-11-18,08:41:00,ONDS,B,2115,6.7500,0
2025-11-18,11:59:00,ONDS,S,1057,7.0200,0
2025-11-18,11:59:00,ONDS,S,1058,7.3325,0
2025-11-18,08:41:00,WULF,B,1275,11.7300,0
2025-11-18,12:25:00,WULF,S,637,12.1992,0
2025-11-18,12:25:00,WULF,S,638,12.2677,0
2025-11-18,13:58:00,ONDS,B,1912,7.8900,0
2025-11-18,14:31:00,ONDS,S,1912,7.7200,0
2025-11-19,08:41:00,EOSE,B,1178,12.7850,0
2025-11-19,09:16:00,EOSE,S,589,13.2964,0
2025-11-19,09:16:00,EOSE,S,589,13.3821,0
2025-11-19,08:53:00,PLUG,B,8341,1.8300,0
2025-11-19,09:21:00,PLUG,S,4170,1.9032,0
2025-11-19,09:21:00,PLUG,S,4171,1.8936,0
2025-11-19,08:45:00,ETHA,B,650,23.1350,0
2025-11-19,09:30:00,ETHA,S,650,22.8500,0
2025-11-19,09:47:00,OPEN,S,2189,6.8950,0
2025-11-19,11:17:00,OPEN,B,1094,6.6192,0
2025-11-19,11:17:00,OPEN,B,1095,6.6239,0
2025-11-19,13:25:00,EOSE,S,1241,12.2600,0
2025-11-19,13:45:00,EOSE,B,1241,12.4000,0
2025-11-19,08:41:00,NOK,S,2482,6.0600,0
2025-11-19,15:00:00,NOK,B,2482,6.0350,0
2025-11-20,08:54:00,DVLT,B,8641,1.7750,0
2025-11-20,09:02:00,DVLT,S,4320,1.8460,0
2025-11-20,09:02:00,DVLT,S,4321,1.8436,0
2025-11-20,08:45:00,ACHR,S,1970,7.7200,0
2025-11-20,09:03:00,ACHR,B,1970,7.8600,0
2025-11-20,08:57:00,WULF,B,1107,13.7400,0
2025-11-20,09:04:00,WULF,S,553,14.2896,0
2025-11-20,09:04:00,WULF,S,554,14.2916,0
2025-11-20,09:24:00,DVLT,B,7888,1.9400,0
2025-11-20,09:32:00,DVLT,S,7888,1.8600,0
2025-11-20,08:59:00,TZA,S,1801,8.4400,0
2025-11-20,10:05:00,TZA,B,1801,8.5950,0
2025-11-20,08:48:00,BBAI,B,2437,6.2650,0
2025-11-20,10:10:00,BBAI,S,2437,6.1000,0
2025-11-20,09:00:00,SOFI,B,541,28.1350,0
2025-11-20,10:11:00,SOFI,S,541,27.6100,0
2025-11-20,08:41:00,SOXL,S,396,38.3300,0
2025-11-20,10:18:00,SOXL,B,198,36.7968,0
2025-11-20,10:18:00,SOXL,B,198,37.1333,0
2025-11-20,08:48:00,MSTU,S,10942,1.3900,0
2025-11-20,10:20:00,MSTU,B,5471,1.3344,0
2025-11-20,10:20:00,MSTU,B,5471,1.2589,0
2025-11-20,08:42:00,SOXS,B,3950,3.8600,0
2025-11-20,10:27:00,SOXS,S,1975,4.0144,0
2025-11-20,10:27:00,SOXS,S,1975,4.0414,0
2025-11-20,09:14:00,ONDS,S,2069,7.3650,0
2025-11-20,10:28:00,ONDS,B,1034,7.0704,0
2025-11-20,10:28:00,ONDS,B,1035,6.9436,0
2025-11-20,10:22:00,SOXL,S,417,36.7500,0
2025-11-20,10:43:00,SOXL,B,208,35.2800,0
2025-11-20,10:43:00,SOXL,B,209,35.6275,0
2025-11-20,10:30:00,SOXS,B,3784,4.0800,0
2025-11-20,10:54:00,SOXS,S,1892,4.2432,0
2025-11-20,10:54:00,SOXS,S,1892,4.2692,0
2025-11-20,08:41:00,OPEN,S,2251,6.7050,0
2025-11-20,11:21:00,OPEN,B,1125,6.4368,0
2025-11-20,11:21:00,OPEN,B,1126,6.4271,0
2025-11-20,09:06:00,GRAB,S,2881,5.3000,0
2025-11-20,11:39:00,GRAB,B,1440,5.0880,0
2025-11-20,11:39:00,GRAB,B,1441,5.1130,0
2025-11-20,13:06:00,MSTU,S,13661,1.1500,0
2025-11-20,13:07:00,MSTU,B,13661,1.1600,0
2025-11-20,13:03:00,ONDS,S,2445,6.4250,0
2025-11-20,13:11:00,ONDS,B,2445,6.4900,0
2025-11-20,13:04:00,OPEN,S,2495,6.2700,0
2025-11-20,13:18:00,OPEN,B,2495,6.3350,0
2025-11-20,08:41:00,UBER,S,170,88.9700,0
2025-11-20,13:55:00,UBER,B,85,85.4112,0
2025-11-20,13:55:00,UBER,B,85,83.8297,0
2025-11-20,14:24:00,WULF,S,1317,11.9200,0
2025-11-20,14:29:00,WULF,B,1317,12.0550,0
2025-11-20,09:16:00,BBWI,S,975,15.6750,0
2025-11-20,15:00:00,BBWI,B,975,15.8500,0
2025-11-21,08:41:00,PLUG,B,8141,1.9300,0
2025-11-21,08:45:00,PLUG,S,8141,1.9100,0
2025-11-21,08:42:00,DVLT,B,6269,1.9500,0
2025-11-21,08:51:00,DVLT,S,3134,2.0280,0
2025-11-21,08:51:00,DVLT,S,3135,2.0155,0
2025-11-21,08:51:00,OPEN,B,2333,6.7300,0
2025-11-21,09:21:00,OPEN,S,2333,6.5500,0
2025-11-21,09:02:00,ONDS,S,2508,6.2600,0
2025-11-21,09:32:00,ONDS,B,1254,6.0096,0
2025-11-21,09:32:00,ONDS,B,1254,6.0482,0
2025-11-21,08:42:00,MSTU,B,12588,1.2600,0
2025-11-21,09:35:00,MSTU,S,12588,1.1550,0
2025-11-21,08:46:00,KEEL,S,6152,2.5300,0
2025-11-21,09:44:00,KEEL,B,3076,2.4288,0
2025-11-21,09:44:00,KEEL,B,3076,2.4059,0
2025-11-21,13:56:00,ONDS,B,2305,6.7900,0
2025-11-21,14:28:00,ONDS,S,2305,6.6850,0
2025-11-24,08:42:00,BBAI,B,2638,5.9250,0
2025-11-24,08:44:00,BBAI,S,2638,5.8200,0
2025-11-24,08:40:00,OPEN,B,2167,7.2100,0
2025-11-24,08:44:00,OPEN,S,2167,7.0700,0
2025-11-24,08:42:00,SOXS,S,3677,4.2500,0
2025-11-24,08:44:00,SOXS,B,3677,4.3000,0
2025-11-24,08:41:00,ENLV,S,6581,1.4700,0
2025-11-24,08:45:00,ENLV,B,3290,1.4112,0
2025-11-24,08:45:00,ENLV,B,3291,1.4097,0
2025-11-24,08:42:00,ONDS,B,2164,7.2800,0
2025-11-24,08:59:00,ONDS,S,1082,7.5712,0
2025-11-24,08:59:00,ONDS,S,1082,7.5472,0
2025-11-24,08:51:00,CCL,S,587,26.5250,0
2025-11-24,09:00:00,CCL,B,587,26.7850,0
2025-11-24,08:41:00,IBIT,S,320,48.6400,0
2025-11-24,09:07:00,IBIT,B,320,49.1400,0
2025-11-24,09:13:00,ONDS,B,1935,8.0700,0
2025-11-24,09:21:00,ONDS,S,1935,7.8450,0
2025-11-24,08:45:00,NVO,S,359,43.4300,0
2025-11-24,09:21:00,NVO,B,359,44.0800,0
2025-11-24,08:51:00,ETHA,S,737,21.1300,0
2025-11-24,09:42:00,ETHA,B,737,21.5300,0
2025-11-24,08:42:00,GOOGL,B,49,316.5250,0
2025-11-24,10:43:00,GOOGL,S,49,313.2700,0
2025-11-24,08:54:00,TSLL,B,917,17.0150,0
2025-11-24,13:27:00,TSLL,S,458,17.6956,0
2025-11-24,13:27:00,TSLL,S,459,17.6259,0
2025-11-24,08:43:00,TZA,S,1819,8.5900,0
2025-11-24,15:00:00,TZA,B,909,8.2464,0
2025-11-24,15:00:00,TZA,B,910,8.2500,0
2025-11-24,08:55:00,TSLS,S,2755,5.6600,0
2025-11-24,15:00:00,TSLS,B,2755,5.5450,0
2025-11-24,09:25:00,GRAB,B,2929,5.3100,0
2025-11-24,15:00:00,GRAB,S,2929,5.2600,0
2025-11-25,08:42:00,CETY,B,3129,2.1200,0
2025-11-25,08:42:00,CETY,S,1564,2.2048,0
2025-11-25,08:42:00,CETY,S,1565,2.2188,0
2025-11-25,08:41:00,WULF,S,1279,12.0700,0
2025-11-25,08:57:00,WULF,B,1279,12.5450,0
2025-11-25,08:46:00,RKT,B,842,18.6000,0
2025-11-25,09:48:00,RKT,S,421,19.3440,0
2025-11-25,09:48:00,RKT,S,421,19.2040,0
2025-11-25,08:43:00,CMG,B,490,32.0300,0
2025-11-25,15:00:00,CMG,S,245,33.3112,0
2025-11-25,15:00:00,CMG,S,245,33.4050,0
2025-11-26,08:50:00,SOXL,B,413,38.0800,0
2025-11-26,08:59:00,SOXL,S,413,37.5500,0
2025-11-26,09:43:00,KEEL,S,5653,2.7700,0
2025-11-26,11:47:00,KEEL,B,5653,2.8600,0
2025-11-26,08:51:00,SOXS,S,4185,3.7300,0
2025-11-26,14:48:00,SOXS,B,2092,3.5808,0
2025-11-26,14:48:00,SOXS,B,2093,3.5773,0
2025-11-28,08:46:00,CRML,B,1971,8.0350,0
2025-11-28,09:28:00,CRML,S,985,8.3564,0
2025-11-28,09:28:00,CRML,S,986,8.2654,0
2025-11-28,08:51:00,IMSR,B,1652,9.5700,0
2025-11-28,09:32:00,IMSR,S,1652,9.3850,0
2025-11-28,09:21:00,RPAY,B,4752,3.3200,0
2025-11-28,10:27:00,RPAY,S,4752,3.2800,0
2025-11-28,09:15:00,GPRE,S,1587,9.8600,0
2025-11-28,10:28:00,GPRE,B,1587,10.1750,0
2025-11-28,09:42:00,IMAX,B,420,37.5700,0
2025-11-28,10:30:00,IMAX,S,420,37.0950,0
2025-11-28,09:29:00,FRMM,B,1419,11.1800,0
2025-11-28,11:30:00,FRMM,S,1419,10.8000,0
2025-11-28,09:09:00,ELDN,B,9532,1.6550,0
2025-11-28,15:00:00,ELDN,S,9532,1.6300,0
2025-11-28,09:13:00,BZAI,B,6368,2.4800,0
2025-11-28,15:00:00,BZAI,S,6368,2.4950,0
2025-11-28,09:18:00,NN,B,1090,14.5950,0
2025-11-28,15:00:00,NN,S,1090,14.2650,0
2025-11-28,09:40:00,BMEA,B,14452,1.1050,0
2025-11-28,15:00:00,BMEA,S,14452,1.1100,0
2025-11-28,09:57:00,MXL,S,1005,15.6600,0
2025-11-28,15:00:00,MXL,B,1005,15.5800,0
2025-11-28,09:58:00,ACHV,B,3254,4.8750,0
2025-11-28,15:00:00,ACHV,S,3254,4.8900,0
2025-11-28,09:58:00,VOR,S,1897,8.2400,0
2025-11-28,15:00:00,VOR,B,1897,8.3100,0
2025-11-28,10:23:00,LGN,S,341,46.0000,0
2025-11-28,15:00:00,LGN,B,341,45.8800,0
2025-11-28,10:42:00,GRPN,S,927,16.8200,0
2025-11-28,15:00:00,GRPN,B,927,16.9100,0
2025-12-01,08:49:00,BYND,B,15809,0.9844,0
2025-12-01,09:25:00,BYND,S,15809,0.9711,0
2025-12-01,09:20:00,MSTU,S,15109,1.0100,0
2025-12-01,09:34:00,MSTU,B,7554,0.9696,0
2025-12-01,09:34:00,MSTU,B,7555,0.9457,0
2025-12-01,09:39:00,MSTU,S,16695,0.9351,0
2025-12-01,09:53:00,MSTU,B,16695,0.9540,0
2025-12-01,08:44:00,NIO,S,2939,5.2650,0
2025-12-01,15:00:00,NIO,B,2939,5.1850,0
2025-12-01,08:47:00,KEEL,B,4687,3.3500,0
2025-12-01,15:00:00,KEEL,S,4687,3.2900,0
2025-12-01,09:03:00,IBIT,S,319,48.7500,0
2025-12-01,15:00:00,IBIT,B,319,48.5200,0
2025-12-02,08:41:00,IBIT,S,310,50.2100,0
2025-12-02,08:45:00,IBIT,B,310,50.4500,0
2025-12-02,08:53:00,KEEL,S,4703,3.2900,0
2025-12-02,09:05:00,KEEL,B,4703,3.4200,0
2025-12-02,08:50:00,INTC,B,378,41.1500,0
2025-12-02,10:00:00,INTC,S,189,42.7960,0
2025-12-02,10:00:00,INTC,S,189,42.9285,0
2025-12-02,08:45:00,ONDS,S,2045,7.5050,0
2025-12-02,10:05:00,ONDS,B,2045,8.0300,0
2025-12-02,08:41:00,SOXS,S,4872,3.1900,0
2025-12-02,10:24:00,SOXS,B,4872,3.3400,0
2025-12-02,09:13:00,MSTU,B,12247,1.2700,0
2025-12-02,10:24:00,MSTU,S,12247,1.2100,0
2025-12-02,08:41:00,SOXL,B,352,44.2400,0
2025-12-02,10:24:00,SOXL,S,352,42.3450,0
2025-12-02,08:43:00,PLUG,B,7874,2.0000,0
2025-12-02,11:51:00,PLUG,S,3937,2.0800,0
2025-12-02,11:51:00,PLUG,S,3937,2.0750,0
2025-12-02,08:42:00,IREN,B,338,46.0800,0
2025-12-02,12:10:00,IREN,S,338,44.6000,0
2025-12-02,14:09:00,INTC,B,351,43.4200,0
2025-12-02,14:14:00,INTC,S,351,43.3200,0
2025-12-02,14:22:00,PLUG,B,7006,2.1800,0
2025-12-02,14:28:00,PLUG,S,7006,2.1650,0
2025-12-02,09:12:00,IBIT,B,303,51.1900,0
2025-12-02,15:00:00,IBIT,S,303,51.6500,0
2025-12-03,08:44:00,NIO,B,3074,4.9750,0
2025-12-03,09:02:00,NIO,S,3074,4.8750,0
2025-12-03,09:04:00,RR,B,4060,3.7550,0
2025-12-03,12:01:00,RR,S,2030,3.9052,0
2025-12-03,12:01:00,RR,S,2030,3.9266,0
2025-12-03,09:10:00,ONDS,S,1780,7.5900,0
2025-12-03,13:55:00,ONDS,B,1780,8.3650,0
2025-12-03,13:55:00,RR,B,3634,4.1750,0
2025-12-03,14:04:00,RR,S,3634,4.1200,0
2025-12-03,08:43:00,PLUG,B,7073,2.1600,0
2025-12-03,15:00:00,PLUG,S,7073,2.2100,0
2025-12-03,09:04:00,SOXS,S,4794,3.1750,0
2025-12-03,15:00:00,SOXS,B,2397,3.0480,0
2025-12-03,15:00:00,SOXS,B,2397,3.0200,0
2025-12-03,09:06:00,TZA,S,2022,7.5400,0
2025-12-03,15:00:00,TZA,B,2022,7.3000,0
2025-12-04,08:48:00,BBAI,B,2448,6.2500,0
2025-12-04,09:20:00,BBAI,S,1224,6.5000,0
2025-12-04,09:20:00,BBAI,S,1224,6.5075,0
2025-12-04,08:41:00,RGTI,B,583,26.2400,0
2025-12-04,09:24:00,RGTI,S,291,27.2896,0
2025-12-04,09:24:00,RGTI,S,292,27.5176,0
2025-12-04,09:42:00,RGTI,B,552,27.9300,0
2025-12-04,11:32:00,RGTI,S,276,29.0472,0
2025-12-04,11:32:00,RGTI,S,276,28.8307,0
2025-12-04,09:28:00,BBAI,B,2324,6.6400,0
2025-12-04,12:40:00,BBAI,S,1162,6.9056,0
2025-12-04,12:40:00,BBAI,S,1162,6.9236,0
2025-12-04,08:50:00,OPEN,B,2160,7.1100,0
2025-12-04,12:51:00,OPEN,S,1080,7.3944,0
2025-12-04,12:51:00,OPEN,S,1080,7.4089,0
2025-12-04,08:43:00,INTC,S,358,42.6500,0
2025-12-04,15:00:00,INTC,B,179,40.9440,0
2025-12-04,15:00:00,INTC,B,179,40.5300,0
2025-12-04,08:45:00,PATH,B,900,17.0000,0
2025-12-04,15:00:00,PATH,S,450,17.6800,0
2025-12-04,15:00:00,PATH,S,450,18.4800,0
2025-12-04,13:26:00,OPEN,B,2089,7.5050,0
2025-12-04,15:00:00,OPEN,S,2089,7.5750,0
2025-12-05,09:14:00,DBRG,B,1608,12.0700,0
2025-12-05,09:14:00,DBRG,S,804,12.5528,0
2025-12-05,09:14:00,DBRG,S,804,12.4393,0
2025-12-05,09:14:00,GGB,B,4304,3.6750,0
2025-12-05,09:54:00,GGB,S,4304,3.6500,0
2025-12-05,09:01:00,ITUB,B,1956,8.0750,0
2025-12-05,09:54:00,ITUB,S,1956,8.0400,0
2025-12-05,09:11:00,BBD,B,4346,3.6400,0
2025-12-05,09:54:00,BBD,S,4346,3.6100,0
2025-12-05,08:49:00,EWZ,B,456,34.6150,0
2025-12-05,09:54:00,EWZ,S,456,34.5100,0
2025-12-05,10:04:00,WBD,B,622,25.4500,0
2025-12-05,11:41:00,WBD,S,622,25.0000,0
2025-12-05,10:04:00,BBD,S,4447,3.5600,0
2025-12-05,13:38:00,BBD,B,2223,3.4176,0
2025-12-05,13:38:00,BBD,B,2224,3.3506,0
2025-12-05,10:04:00,EWZ,S,465,34.0050,0
2025-12-05,13:44:00,EWZ,B,232,32.6448,0
2025-12-05,13:44:00,EWZ,B,233,32.7700,0
2025-12-05,09:55:00,NU,S,902,17.5100,0
2025-12-05,14:17:00,NU,B,451,16.8096,0
2025-12-05,14:17:00,NU,B,451,16.7751,0
2025-12-05,08:44:00,SOFI,B,575,27.4350,0
2025-12-05,15:00:00,SOFI,S,575,27.7900,0
2025-12-05,13:08:00,GGB,S,4529,3.5100,0
2025-12-05,15:00:00,GGB,B,4529,3.4800,0
2025-12-08,08:43:00,WVE,B,947,14.3450,0
2025-12-08,09:10:00,WVE,S,473,14.9188,0
2025-12-08,09:10:00,WVE,S,474,14.8065,0
2025-12-08,09:23:00,WVE,B,1017,15.8200,0
2025-12-08,09:30:00,WVE,S,508,16.4528,0
2025-12-08,09:30:00,WVE,S,509,16.2061,0
2025-12-09,09:00:00,ETHA,B,684,23.5950,0
2025-12-09,11:24:00,ETHA,S,342,24.5388,0
2025-12-09,11:24:00,ETHA,S,342,25.4541,0
2025-12-10,08:46:00,BEAT,S,5904,1.3800,0
2025-12-10,08:58:00,BEAT,B,2952,1.3248,0
2025-12-10,08:58:00,BEAT,B,2952,1.3454,0
2025-12-10,08:44:00,OPEN,S,2252,7.1900,0
2025-12-10,09:50:00,OPEN,B,2252,7.2650,0
2025-12-11,08:48:00,RZLT,B,6499,1.4100,0
2025-12-11,09:17:00,RZLT,S,6499,1.2000,0
2025-12-11,09:07:00,CDE,B,975,16.7650,0
2025-12-11,11:57:00,CDE,S,487,17.4356,0
2025-12-11,11:57:00,CDE,S,488,17.5574,0
2025-12-11,08:44:00,RIVN,S,968,16.7350,0
2025-12-11,12:22:00,RIVN,B,484,16.0656,0
2025-12-11,12:22:00,RIVN,B,484,15.8974,0
2025-12-11,09:19:00,PLUG,B,7208,2.2500,0
2025-12-11,13:55:00,PLUG,S,3604,2.3400,0
2025-12-11,13:55:00,PLUG,S,3604,2.3575,0
2025-12-12,08:48:00,BBAI,S,2455,6.6500,0
2025-12-12,08:53:00,BBAI,B,2455,6.7600,0
2025-12-12,08:42:00,MSOS,S,3401,4.7750,0
2025-12-12,08:56:00,MSOS,B,3401,5.1300,0
2025-12-12,08:41:00,RIVN,B,806,18.4900,0
2025-12-12,09:00:00,RIVN,S,403,19.2296,0
2025-12-12,09:00:00,RIVN,S,403,19.0451,0
2025-12-12,09:01:00,SOXS,B,5365,3.0350,0
2025-12-12,09:32:00,SOXS,S,2682,3.1564,0
2025-12-12,09:32:00,SOXS,S,2683,3.1497,0
2025-12-12,09:40:00,SOXS,B,5128,3.1800,0
2025-12-12,09:45:00,SOXS,S,5128,3.1400,0
2025-12-12,09:05:00,YCBD,S,6334,1.0950,0
2025-12-12,09:46:00,YCBD,B,3167,1.0512,0
2025-12-12,09:46:00,YCBD,B,3167,1.0236,0
2025-12-12,09:11:00,RIVN,B,844,19.2300,0
2025-12-12,10:09:00,RIVN,S,844,18.8650,0
2025-12-12,08:55:00,CGC,B,11280,1.4500,0
2025-12-12,10:11:00,CGC,S,5640,1.5080,0
2025-12-12,10:11:00,CGC,S,5640,1.4959,0
2025-12-12,08:49:00,TQQQ,S,297,54.8900,0
2025-12-12,10:29:00,TQQQ,B,148,52.6944,0
2025-12-12,10:29:00,TQQQ,B,149,52.8989,0
2025-12-12,13:31:00,CGC,B,9479,1.7300,0
2025-12-12,14:00:00,CGC,S,9479,1.6850,0
2025-12-12,08:43:00,AVGO,S,43,372.2850,0
2025-12-12,14:54:00,AVGO,B,21,357.3936,0
2025-12-12,14:54:00,AVGO,B,22,358.8929,0
2025-12-15,08:42:00,ONDS,S,1981,8.2850,0
2025-12-15,08:47:00,ONDS,B,990,7.9536,0
2025-12-15,08:47:00,ONDS,B,991,7.7828,0
2025-12-15,08:41:00,CLSK,S,1249,13.1400,0
2025-12-15,08:51:00,CLSK,B,624,12.6144,0
2025-12-15,08:51:00,CLSK,B,625,12.4664,0
2025-12-15,08:41:00,BBAI,S,2674,6.1300,0
2025-12-15,09:05:00,BBAI,B,1337,5.8848,0
2025-12-15,09:05:00,BBAI,B,1337,5.8913,0
2025-12-15,08:44:00,CGC,S,7297,1.6800,0
2025-12-15,09:14:00,CGC,B,7297,1.8650,0
2025-12-15,09:24:00,CLSK,S,1402,11.7700,0
2025-12-15,09:29:00,CLSK,B,1402,11.9100,0
2025-12-15,09:16:00,BBAI,S,2831,5.8200,0
2025-12-15,09:32:00,BBAI,B,2831,5.9400,0
2025-12-15,09:17:00,ONDS,S,2143,7.7000,0
2025-12-15,09:44:00,ONDS,B,2143,8.0000,0
2025-12-15,10:29:00,TSDD,S,2185,7.4800,0
2025-12-15,15:00:00,TSDD,B,2185,7.6900,0
2025-12-16,08:42:00,CGC,B,5563,1.8000,0
2025-12-16,09:52:00,CGC,S,2781,1.8720,0
2025-12-16,09:52:00,CGC,S,2782,1.8620,0
2025-12-16,08:46:00,CMCSA,B,578,28.2750,0
2025-12-16,11:26:00,CMCSA,S,289,29.4060,0
2025-12-16,11:26:00,CMCSA,S,289,29.2772,0
2025-12-16,08:41:00,EWZ,S,511,31.9000,0
2025-12-16,15:00:00,EWZ,B,511,31.6000,0
2025-12-16,14:52:00,CMCSA,B,551,29.8300,0
2025-12-16,15:00:00,CMCSA,S,551,29.7400,0
2025-12-17,08:44:00,PLUG,B,6854,2.4150,0
2025-12-17,09:33:00,PLUG,S,6854,2.2900,0
2025-12-17,08:47:00,SOXS,B,4810,3.4200,0
2025-12-17,09:52:00,SOXS,S,2405,3.5568,0
2025-12-17,09:52:00,SOXS,S,2405,3.6208,0
2025-12-17,08:41:00,TQQQ,S,315,52.0900,0
2025-12-17,11:24:00,TQQQ,B,157,50.0064,0
2025-12-17,11:24:00,TQQQ,B,158,50.5209,0
2025-12-17,08:44:00,PLTD,B,2574,6.4000,0
2025-12-17,15:00:00,PLTD,S,1287,6.6560,0
2025-12-17,15:00:00,PLTD,S,1287,6.6700,0
2025-12-17,08:46:00,OPEN,S,2470,6.6400,0
2025-12-17,15:00:00,OPEN,B,1235,6.3744,0
2025-12-17,15:00:00,OPEN,B,1235,6.1200,0
2025-12-17,08:48:00,BBAI,S,2824,5.8100,0
2025-12-17,15:00:00,BBAI,B,1412,5.5776,0
2025-12-17,15:00:00,BBAI,B,1412,5.4600,0
2025-12-17,09:18:00,RXRX,B,3385,4.9000,0
2025-12-17,15:00:00,RXRX,S,3385,4.6850,0
2025-12-17,10:15:00,SOXS,B,4469,3.6800,0
2025-12-17,15:00:00,SOXS,S,4469,3.7700,0
2025-12-18,08:41:00,MSOS,B,2315,7.2200,0
2025-12-18,08:46:00,MSOS,S,2315,7.0200,0
2025-12-18,08:44:00,SOXS,B,4931,3.3900,0
2025-12-18,09:22:00,SOXS,S,2465,3.5256,0
2025-12-18,09:22:00,SOXS,S,2466,3.5061,0
2025-12-18,08:42:00,CGC,B,5815,2.3450,0
2025-12-18,12:00:00,CGC,S,5815,2.0500,0
2025-12-18,08:59:00,RIVN,B,874,19.1100,0
2025-12-18,14:50:00,RIVN,S,437,19.8744,0
2025-12-18,14:50:00,RIVN,S,437,20.1389,0
2025-12-18,09:05:00,INFY,B,900,18.5300,0
2025-12-18,15:00:00,INFY,S,900,19.2700,0
2025-12-19,08:41:00,ETHA,S,749,22.2550,0
2025-12-19,08:44:00,ETHA,B,749,22.4400,0
2025-12-19,08:41:00,INFY,B,829,20.2750,0
2025-12-19,08:52:00,INFY,S,414,21.0860,0
2025-12-19,08:52:00,INFY,S,415,20.9522,0
2025-12-19,08:56:00,INFY,B,792,21.1550,0
2025-12-19,09:03:00,INFY,S,396,22.0012,0
2025-12-19,09:03:00,INFY,S,396,21.8254,0
2025-12-19,08:41:00,CCL,B,568,29.5700,0
2025-12-19,09:32:00,CCL,S,284,30.7528,0
2025-12-19,09:32:00,CCL,S,284,30.8443,0
2025-12-19,09:59:00,BBAI,B,2852,5.9700,0
2025-12-19,10:30:00,BBAI,S,1426,6.2088,0
2025-12-19,10:30:00,BBAI,S,1426,6.2303,0
2025-12-19,08:47:00,RIVN,B,786,21.2350,0
2025-12-19,11:33:00,RIVN,S,393,22.0844,0
2025-12-19,11:33:00,RIVN,S,393,22.3371,0
2025-12-19,09:22:00,NKE,B,280,60.0250,0
2025-12-19,12:39:00,NKE,S,280,58.7500,0
2025-12-19,14:28:00,CCL,B,541,31.4150,0
2025-12-19,14:34:00,CCL,S,541,31.3300,0
2025-12-19,08:41:00,FOLD,B,1172,14.2700,0
2025-12-19,15:00:00,FOLD,S,1172,14.2100,0
2025-12-19,08:44:00,SOXS,S,5136,3.2300,0
2025-12-19,15:00:00,SOXS,B,5136,3.2050,0
2025-12-19,09:05:00,WIT,B,5623,3.0150,0
2025-12-19,15:00:00,WIT,S,5623,3.0650,0
2025-12-19,09:21:00,DNN,B,6240,2.7100,0
2025-12-19,15:00:00,DNN,S,6240,2.7500,0
2025-12-22,08:42:00,QBTS,B,601,28.8300,0
2025-12-22,08:49:00,QBTS,S,300,29.9832,0
2025-12-22,08:49:00,QBTS,S,301,29.8517,0
2025-12-22,08:42:00,SIDU,S,4703,1.8300,0
2025-12-22,09:11:00,SIDU,B,4703,2.1900,0
2025-12-22,09:15:00,QBTS,B,556,30.4300,0
2025-12-22,11:03:00,QBTS,S,278,31.6472,0
2025-12-22,11:03:00,QBTS,S,278,31.7957,0
2025-12-23,08:54:00,HIHO,B,4538,1.5400,0
2025-12-23,09:00:00,HIHO,S,2269,1.6016,0
2025-12-23,09:00:00,HIHO,S,2269,1.5632,0
2025-12-23,08:51:00,TRIB,S,4538,1.4100,0
2025-12-23,09:01:00,TRIB,B,2269,1.3536,0
2025-12-23,09:01:00,TRIB,B,2269,1.4100,0
2025-12-23,08:47:00,NVO,B,321,52.9950,0
2025-12-23,12:41:00,NVO,S,321,51.7600,0
2025-12-24,08:41:00,CRML,B,2077,8.1900,0
2025-12-24,10:45:00,CRML,S,2077,8.0300,0
2025-12-24,08:46:00,BZAI,S,8005,2.1250,0
2025-12-24,15:00:00,BZAI,B,8005,2.1400,0
2025-12-24,09:03:00,GRPN,S,926,18.3650,0
2025-12-24,15:00:00,GRPN,B,926,18.1800,0
2025-12-24,09:13:00,IMAX,B,451,37.6600,0
2025-12-24,15:00:00,IMAX,S,451,37.7600,0
2025-12-24,09:30:00,MXL,S,971,17.4800,0
2025-12-24,15:00:00,MXL,B,971,17.5300,0
2025-12-24,09:33:00,ACHV,B,3928,4.3400,0
2025-12-24,15:00:00,ACHV,S,3928,4.4500,0
2025-12-24,09:37:00,IMSR,B,2433,7.0600,0
2025-12-24,15:00:00,IMSR,S,2433,7.0200,0
2025-12-24,09:37:00,LZM,S,3840,4.3950,0
2025-12-24,15:00:00,LZM,B,3840,4.4350,0
2025-12-24,09:39:00,VOR,B,951,15.2150,0
2025-12-24,15:00:00,VOR,S,951,14.5600,0
2025-12-24,09:41:00,FRMM,S,3293,5.1500,0
2025-12-24,15:00:00,FRMM,B,3293,5.1600,0
2025-12-24,10:01:00,LGN,S,382,44.4500,0
2025-12-24,15:00:00,LGN,B,382,44.3400,0
2025-12-24,10:02:00,NEXA,S,1926,8.8100,0
2025-12-24,15:00:00,NEXA,B,1926,8.8700,0
2025-12-24,10:03:00,RPAY,S,4579,3.7150,0
2025-12-24,15:00:00,RPAY,B,4579,3.7100,0
2025-12-24,10:20:00,CADL,B,2788,6.1300,0
2025-12-24,15:00:00,CADL,S,2788,6.0850,0
2025-12-24,11:00:00,PARR,B,480,35.3200,0
2025-12-24,15:00:00,PARR,S,480,35.5000,0
2025-12-26,09:31:00,RPAY,B,4599,3.6850,0
2025-12-26,10:18:00,RPAY,S,4599,3.6450,0
2025-12-26,09:24:00,EVTL,S,3181,5.3100,0
2025-12-26,10:25:00,EVTL,B,3181,5.5000,0
2025-12-26,09:42:00,LZM,S,3869,4.3700,0
2025-12-26,12:10:00,LZM,B,3869,4.4300,0
2025-12-26,13:51:00,BMEA,B,12650,1.3300,0
2025-12-26,14:11:00,BMEA,S,12650,1.3200,0
2025-12-26,14:26:00,MXL,B,943,17.8300,0
2025-12-26,14:45:00,MXL,S,943,17.7900,0
2025-12-26,08:43:00,CRML,S,2170,7.8000,0
2025-12-26,15:00:00,CRML,B,2170,7.7400,0
2025-12-26,08:49:00,IMSR,S,2553,6.6200,0
2025-12-26,15:00:00,IMSR,B,2553,6.8400,0
2025-12-26,08:52:00,BZAI,S,8177,2.0700,0
2025-12-26,15:00:00,BZAI,B,8177,2.0000,0
2025-12-26,09:25:00,LGN,B,383,44.1850,0
2025-12-26,15:00:00,LGN,S,383,44.6050,0
2025-12-26,09:29:00,CADL,B,2821,6.0100,0
2025-12-26,15:00:00,CADL,S,2821,6.0100,0
2025-12-26,09:36:00,NEXA,B,1830,9.2450,0
2025-12-26,15:00:00,NEXA,S,1830,9.3900,0
2025-12-26,09:55:00,VOR,B,1199,14.1800,0
2025-12-26,15:00:00,VOR,S,1199,14.7400,0
2025-12-26,09:59:00,IMAX,B,447,38.0100,0
2025-12-26,15:00:00,IMAX,S,447,37.6800,0
2025-12-26,10:05:00,NN,B,1004,16.8850,0
2025-12-26,15:00:00,NN,S,1004,17.0700,0
2025-12-26,10:06:00,GRPN,B,931,18.2000,0
2025-12-26,15:00:00,GRPN,S,931,18.0650,0
2025-12-26,10:11:00,GPRE,B,1685,10.0500,0
2025-12-26,15:00:00,GPRE,S,1685,9.8700,0
2025-12-26,10:11:00,FRMM,B,3274,5.2000,0
2025-12-26,15:00:00,FRMM,S,3274,5.1800,0
2025-12-26,14:00:00,PARR,S,480,35.0400,0
2025-12-26,15:00:00,PARR,B,480,35.0000,0
2025-12-26,14:22:00,XNDU,S,1541,10.8900,0
2025-12-26,15:00:00,XNDU,B,1541,10.8800,0
2025-12-26,14:57:00,ACHV,B,3743,4.4900,0
2025-12-26,15:00:00,ACHV,S,3743,4.4700,0
2025-12-29,08:47:00,SLV,B,254,66.2950,0
2025-12-29,09:07:00,SLV,S,254,65.1500,0
2025-12-30,09:08:00,VOR,S,1298,12.9800,0
2025-12-30,10:24:00,VOR,B,1298,13.5700,0
2025-12-30,09:33:00,IMAX,S,451,37.2750,0
2025-12-30,10:25:00,IMAX,B,451,37.5450,0
2025-12-30,09:03:00,FRMM,B,3185,5.2900,0
2025-12-30,12:42:00,FRMM,S,3185,5.1400,0
2025-12-30,09:59:00,SPIR,B,2152,7.8800,0
2025-12-30,12:53:00,SPIR,S,2152,7.7000,0
2025-12-30,09:09:00,RPAY,B,4586,3.6850,0
2025-12-30,14:06:00,RPAY,S,4586,3.6300,0
2025-12-30,09:09:00,BZAI,B,8469,1.9900,0
2025-12-30,14:49:00,BZAI,S,8469,1.9400,0
2025-12-30,08:44:00,CRML,S,2337,7.2000,0
2025-12-30,15:00:00,CRML,B,1168,6.9120,0
2025-12-30,15:00:00,CRML,B,1169,6.9000,0
2025-12-30,09:02:00,GRPN,B,954,17.7650,0
2025-12-30,15:00:00,GRPN,S,954,17.8450,0
2025-12-30,09:04:00,IMSR,S,2736,6.1200,0
2025-12-30,15:00:00,IMSR,B,2736,6.1050,0
2025-12-30,09:22:00,IFRX,B,16362,1.0500,0
2025-12-30,15:00:00,IFRX,S,16362,1.0250,0
2025-12-30,09:30:00,LGN,B,385,43.7300,0
2025-12-30,15:00:00,LGN,S,385,43.5200,0
2025-12-30,09:34:00,GPRE,S,1735,9.7050,0
2025-12-30,15:00:00,GPRE,B,1735,9.7300,0
2025-12-30,09:54:00,NEXA,B,1868,9.0250,0
2025-12-30,15:00:00,NEXA,S,1868,9.0650,0
2025-12-30,10:03:00,PARR,S,473,35.5000,0
2025-12-30,15:00:00,PARR,B,473,35.5400,0
2025-12-30,10:05:00,ACHV,B,3457,4.8500,0
2025-12-30,15:00:00,ACHV,S,3457,4.7150,0
2025-12-30,10:31:00,CADL,S,2910,5.7450,0
2025-12-30,15:00:00,CADL,B,2910,5.7150,0
2025-12-30,14:48:00,LZM,B,3832,4.3800,0
2025-12-30,15:00:00,LZM,S,3832,4.3100,0
2025-12-30,14:53:00,NN,S,997,16.6050,0
2025-12-30,15:00:00,NN,B,997,16.6450,0
2025-12-31,09:26:00,ONDS,B,1733,9.5600,0
2025-12-31,09:30:00,ONDS,S,866,9.9424,0
2025-12-31,09:30:00,ONDS,S,867,9.9244,0
2025-12-31,09:39:00,ONDS,B,1635,10.1750,0
2025-12-31,09:54:00,ONDS,S,1635,9.9800,0
2025-12-31,08:48:00,SLV,B,249,66.4600,0
2025-12-31,10:04:00,SLV,S,249,65.3500,0
2025-12-31,08:41:00,NIO,S,3265,5.0750,0
2025-12-31,15:00:00,NIO,B,3265,5.1000,0
2026-01-02,08:44:00,CRML,B,2221,7.5400,0
2026-01-02,08:54:00,CRML,S,1110,7.8416,0
2026-01-02,08:54:00,CRML,S,1111,7.7946,0
2026-01-02,09:02:00,CRML,B,2108,7.8900,0
2026-01-02,09:13:00,CRML,S,2108,7.6700,0
2026-01-02,09:15:00,IMAX,S,463,35.7650,0
2026-01-02,09:24:00,IMAX,B,463,36.0300,0
2026-01-02,08:44:00,BZAI,B,8369,1.9950,0
2026-01-02,09:32:00,BZAI,S,4184,2.0748,0
2026-01-02,09:32:00,BZAI,S,4185,2.0551,0
2026-01-02,10:01:00,GRPN,S,960,17.3050,0
2026-01-02,10:02:00,GRPN,B,960,17.3450,0
2026-01-02,09:13:00,RPAY,S,4563,3.6450,0
2026-01-02,10:35:00,RPAY,B,4563,3.6800,0
2026-01-02,09:40:00,FRMM,B,3242,5.1400,0
2026-01-02,10:45:00,FRMM,S,3242,5.1000,0
2026-01-02,10:18:00,NN,B,1000,16.6600,0
2026-01-02,10:58:00,NN,S,1000,16.2000,0
2026-01-02,09:21:00,VOR,S,1228,12.3300,0
2026-01-02,11:42:00,VOR,B,614,11.8368,0
2026-01-02,11:42:00,VOR,B,614,11.8833,0
2026-01-02,10:05:00,NKTX,B,8822,1.8950,0
2026-01-02,12:16:00,NKTX,S,8822,1.8500,0
2026-01-02,10:11:00,MXL,S,924,17.9800,0
2026-01-02,14:14:00,MXL,B,924,18.3600,0
2026-01-02,09:42:00,EVTL,B,3013,5.5650,0
2026-01-02,14:57:00,EVTL,S,1506,5.7876,0
2026-01-02,14:57:00,EVTL,S,1507,5.8293,0
2026-01-02,09:21:00,NEXA,S,1840,8.9700,0
2026-01-02,15:00:00,NEXA,B,1840,8.8050,0
2026-01-02,09:25:00,IMSR,B,2620,6.3400,0
2026-01-02,15:00:00,IMSR,S,2620,6.5150,0
2026-01-02,09:35:00,PARR,B,465,35.7900,0
2026-01-02,15:00:00,PARR,S,465,35.7950,0
2026-01-02,10:01:00,SPIR,B,2174,7.6600,0
2026-01-02,15:00:00,SPIR,S,2174,7.8050,0
2026-01-02,10:43:00,ELDN,B,10515,1.5850,0
2026-01-02,15:00:00,ELDN,S,10515,1.6200,0
2026-01-02,14:44:00,IFRX,B,15202,1.1150,0
2026-01-02,15:00:00,IFRX,S,15202,1.0950,0
2026-01-05,08:41:00,SLV,S,243,68.7100,0
2026-01-05,08:52:00,SLV,B,243,69.4500,0
2026-01-05,09:06:00,SLB,S,388,42.9300,0
2026-01-05,09:24:00,SLB,B,388,43.8050,0
2026-01-05,08:43:00,HAL,S,529,31.5950,0
2026-01-05,09:25:00,HAL,B,529,32.2000,0
2026-01-05,08:59:00,PLUG,S,7409,2.2500,0
2026-01-05,09:52:00,PLUG,B,7409,2.3050,0
2026-01-05,08:53:00,CVE,S,1033,16.1600,0
2026-01-05,12:28:00,CVE,B,1033,16.4100,0
2026-01-05,08:46:00,ONDS,B,1465,11.4500,0
2026-01-05,12:57:00,ONDS,S,732,11.9080,0
2026-01-05,12:57:00,ONDS,S,733,12.1107,0
2026-01-05,08:44:00,ASST,B,17066,0.9840,0
2026-01-05,13:00:00,ASST,S,8533,1.0234,0
2026-01-05,13:00:00,ASST,S,8533,1.0150,0
2026-01-05,08:48:00,NU,B,962,17.3850,0
2026-01-05,13:57:00,NU,S,481,18.0804,0
2026-01-05,13:57:00,NU,S,481,17.9611,0
2026-01-05,13:55:00,ONDS,B,1365,12.3150,0
2026-01-05,14:06:00,ONDS,S,1365,12.2200,0
2026-01-05,08:41:00,ACHR,B,2007,8.3300,0
2026-01-05,14:07:00,ACHR,S,1003,8.6632,0
2026-01-05,14:07:00,ACHR,S,1004,8.7367,0
2026-01-05,08:41:00,RKT,B,822,20.4800,0
2026-01-05,14:30:00,RKT,S,411,21.2992,0
2026-01-05,14:30:00,RKT,S,411,21.2202,0
2026-01-05,08:41:00,NIO,S,3385,4.9350,0
2026-01-05,15:00:00,NIO,B,3385,4.8650,0
2026-01-05,09:05:00,BTCZ,S,4564,3.6600,0
2026-01-05,15:00:00,BTCZ,B,4564,3.5950,0
2026-01-06,08:43:00,CDE,S,907,18.6900,0
2026-01-06,08:54:00,CDE,B,907,18.9900,0
2026-01-06,08:45:00,SOXS,S,6782,2.4900,0
2026-01-06,09:08:00,SOXS,B,3391,2.3904,0
2026-01-06,09:08:00,SOXS,B,3391,2.4149,0
2026-01-06,08:41:00,SOFI,S,601,28.1850,0
2026-01-06,09:17:00,SOFI,B,300,27.0576,0
2026-01-06,09:17:00,SOFI,B,301,27.3218,0
2026-01-06,08:41:00,SNAP,B,2016,8.4500,0
2026-01-06,10:33:00,SNAP,S,1008,8.7880,0
2026-01-06,10:33:00,SNAP,S,1008,8.7155,0
2026-01-06,08:41:00,ZSL,S,4156,4.0800,0
2026-01-06,12:26:00,ZSL,B,2078,3.9168,0
2026-01-06,12:26:00,ZSL,B,2078,3.9208,0
2026-01-06,08:41:00,TSLL,S,937,18.0950,0
2026-01-06,12:45:00,TSLL,B,468,17.3712,0
2026-01-06,12:45:00,TSLL,B,469,17.4760,0
2026-01-06,08:45:00,SLV,B,234,72.2900,0
2026-01-06,15:00:00,SLV,S,234,73.7150,0
2026-01-06,09:23:00,BBAI,B,2797,6.1200,0
2026-01-06,15:00:00,BBAI,S,1398,6.3648,0
2026-01-06,15:00:00,BBAI,S,1399,6.4100,0
2026-01-06,09:24:00,SOFI,S,630,27.0400,0
2026-01-06,15:00:00,SOFI,B,630,26.9900,0
2026-01-07,08:41:00,LUCY,S,6609,1.7300,0
2026-01-07,08:49:00,LUCY,B,6609,1.9400,0
2026-01-07,08:39:00,INTC,B,417,41.5500,0
2026-01-07,09:33:00,INTC,S,208,43.2120,0
2026-01-07,09:33:00,INTC,S,209,44.1545,0
2026-01-07,08:45:00,COMP,S,1514,11.4300,0
2026-01-07,10:03:00,COMP,B,1514,12.0100,0
2026-01-07,09:00:00,OPEN,S,2578,6.6750,0
2026-01-07,11:50:00,OPEN,B,1289,6.4080,0
2026-01-07,11:50:00,OPEN,B,1289,6.3967,0
2026-01-07,13:07:00,OPEN,S,2856,6.0500,0
2026-01-07,13:08:00,OPEN,B,2856,6.0950,0
2026-01-08,08:42:00,ONDS,B,952,14.6600,0
2026-01-08,15:00:00,ONDS,S,952,14.0000,0
2026-01-08,08:43:00,SOXS,B,6812,2.5600,0
2026-01-08,15:00:00,SOXS,S,6812,2.5800,0
2026-01-09,08:43:00,INTC,B,401,42.9400,0
2026-01-09,08:52:00,INTC,S,200,44.6576,0
2026-01-09,08:52:00,INTC,S,201,44.2506,0
2026-01-09,08:55:00,INTC,B,386,44.6800,0
2026-01-09,09:08:00,INTC,S,386,44.2200,0
2026-01-09,09:19:00,OPEN,B,2295,7.5200,0
2026-01-09,10:35:00,OPEN,S,1147,7.8208,0
2026-01-09,10:35:00,OPEN,S,1148,7.7379,0
2026-01-09,08:45:00,UWMC,B,3331,5.1700,0
2026-01-09,11:42:00,UWMC,S,1665,5.3768,0
2026-01-09,11:42:00,UWMC,S,1666,5.3866,0
2026-01-09,08:44:00,SOXS,S,7000,2.4550,0
2026-01-09,14:51:00,SOXS,B,3500,2.3568,0
2026-01-09,14:51:00,SOXS,B,3500,2.3396,0
2026-01-09,08:49:00,PLUG,S,7722,2.2300,0
2026-01-09,15:00:00,PLUG,B,7722,2.1900,0
2026-01-12,09:19:00,EVTV,B,6363,1.2700,0
2026-01-12,09:19:00,EVTV,S,3181,1.3208,0
2026-01-12,09:19:00,EVTV,S,3182,1.2986,0
2026-01-12,09:33:00,EVTV,B,11417,1.5350,0
2026-01-12,09:35:00,EVTV,S,5708,1.5964,0
2026-01-12,09:35:00,EVTV,S,5709,1.5584,0
2026-01-12,08:50:00,ASST,B,17326,1.0100,0
2026-01-12,10:11:00,ASST,S,8663,1.0504,0
2026-01-12,10:11:00,ASST,S,8663,1.0499,0
2026-01-12,09:07:00,ZSL,S,5124,3.4150,0
2026-01-12,15:00:00,ZSL,B,5124,3.4350,0
2026-01-12,09:12:00,SLV,B,226,77.3950,0
2026-01-12,15:00:00,SLV,S,226,77.2150,0
2026-01-12,09:21:00,KWEB,B,472,37.1400,0
2026-01-12,15:00:00,KWEB,S,472,37.6300,0
2026-01-13,08:41:00,XAIR,B,4483,1.7100,0
2026-01-13,08:53:00,XAIR,S,2241,1.7784,0
2026-01-13,08:53:00,XAIR,S,2242,1.8679,0
2026-01-13,09:01:00,INTC,B,379,46.6800,0
2026-01-13,15:00:00,INTC,S,379,47.2800,0
2026-01-13,11:20:00,ONDS,B,1264,14.0000,0
2026-01-13,15:00:00,ONDS,S,1264,13.9000,0
2026-01-14,08:42:00,INFY,B,959,18.4700,0
2026-01-14,08:55:00,INFY,S,479,19.2088,0
2026-01-14,08:55:00,INFY,S,480,19.1703,0
2026-01-14,08:44:00,UVIX,B,2952,6.0550,0
2026-01-14,09:12:00,UVIX,S,2952,5.9000,0
2026-01-14,09:05:00,INFY,B,918,19.3550,0
2026-01-14,09:16:00,INFY,S,918,18.9800,0
2026-01-14,08:42:00,SLV,S,215,82.3100,0
2026-01-14,09:42:00,SLV,B,215,83.2900,0
2026-01-14,08:43:00,ZSL,B,5914,3.0100,0
2026-01-14,10:19:00,ZSL,S,5914,2.9050,0
2026-01-14,08:47:00,ETHA,B,703,25.2300,0
2026-01-14,15:00:00,ETHA,S,703,25.5900,0
2026-01-14,08:58:00,FNGD,B,3259,5.4800,0
2026-01-14,15:00:00,FNGD,S,3259,5.5150,0
2026-01-14,09:12:00,BTCZ,S,5224,3.3800,0
2026-01-14,15:00:00,BTCZ,B,5224,3.3200,0
2026-01-15,08:41:00,AUID,S,4287,1.7900,0
2026-01-15,09:19:00,AUID,B,4287,2.1200,0
2026-01-15,08:45:00,SOXS,S,8606,2.0500,0
2026-01-15,09:29:00,SOXS,B,8606,2.1050,0
2026-01-15,08:46:00,IBRX,B,3628,3.4700,0
2026-01-15,10:54:00,IBRX,S,1814,3.6088,0
2026-01-15,10:54:00,IBRX,S,1814,3.6555,0
2026-01-15,08:45:00,ONDS,S,1324,13.3500,0
2026-01-15,12:41:00,ONDS,B,1324,13.7450,0
2026-01-16,08:44:00,NEXR,B,8001,1.4050,0
2026-01-16,08:44:00,NEXR,S,4000,1.4612,0
2026-01-16,08:44:00,NEXR,S,4001,1.4610,0
2026-01-16,08:41:00,SMCI,B,573,30.5750,0
2026-01-16,08:55:00,SMCI,S,286,31.7980,0
2026-01-16,08:55:00,SMCI,S,287,31.6442,0
2026-01-16,09:05:00,IBRX,B,2609,4.9400,0
2026-01-16,09:17:00,IBRX,S,1304,5.1376,0
2026-01-16,09:17:00,IBRX,S,1305,5.1164,0
2026-01-16,09:20:00,NEXR,B,4872,1.8400,0
2026-01-16,09:23:00,NEXR,S,2436,1.9136,0
2026-01-16,09:23:00,NEXR,S,2436,1.8504,0
2026-01-16,08:49:00,ZSL,S,5716,3.0600,0
2026-01-16,09:24:00,ZSL,B,5716,3.1400,0
2026-01-16,09:02:00,SMCI,B,551,31.9500,0
2026-01-16,09:30:00,SMCI,S,551,31.5500,0
2026-01-16,08:51:00,ONDS,S,1314,13.3550,0
2026-01-16,10:17:00,ONDS,B,657,12.8208,0
2026-01-16,10:17:00,ONDS,B,657,12.6516,0
2026-01-16,08:41:00,RIOT,B,967,18.2400,0
2026-01-16,12:41:00,RIOT,S,483,18.9696,0
2026-01-16,12:41:00,RIOT,S,484,18.8576,0
2026-01-16,14:55:00,RIOT,B,923,19.2350,0
2026-01-16,15:00:00,RIOT,S,923,19.2250,0
2026-01-20,08:46:00,VOR,B,1119,16.0100,0
2026-01-20,08:51:00,VOR,S,559,16.6504,0
2026-01-20,08:51:00,VOR,S,560,16.5299,0
2026-01-20,08:47:00,CRML,S,855,17.3100,0
2026-01-20,08:52:00,CRML,B,427,16.6176,0
2026-01-20,08:52:00,CRML,B,428,17.0248,0
2026-01-20,09:30:00,VOR,B,1039,17.2800,0
2026-01-20,09:42:00,VOR,S,519,17.9712,0
2026-01-20,09:42:00,VOR,S,520,18.0022,0
2026-01-20,09:05:00,FRMM,S,3449,5.1500,0
2026-01-20,09:44:00,FRMM,B,3449,5.2300,0
2026-01-20,09:57:00,ACHV,B,3153,5.6800,0
2026-01-20,10:07:00,ACHV,S,3153,5.6600,0
2026-01-20,09:05:00,IFRX,S,18612,0.9401,0
2026-01-20,10:36:00,IFRX,B,18612,0.9950,0
2026-01-20,09:31:00,IMSR,S,1643,10.8750,0
2026-01-20,11:07:00,IMSR,B,1643,11.1900,0
2026-01-20,10:00:00,IMAX,B,475,37.6900,0
2026-01-20,11:33:00,IMAX,S,475,37.3950,0
2026-01-20,09:39:00,CADL,B,2813,6.3500,0
2026-01-20,13:15:00,CADL,S,2813,6.0850,0
2026-01-20,12:58:00,SHMD,B,2026,8.7550,0
2026-01-20,13:22:00,SHMD,S,1013,9.1052,0
2026-01-20,13:22:00,SHMD,S,1013,9.4011,0
2026-01-20,09:22:00,LGN,B,369,48.7500,0
2026-01-20,13:30:00,LGN,S,369,47.7050,0
2026-01-20,09:04:00,MXL,B,925,19.3100,0
2026-01-20,13:31:00,MXL,S,925,18.9950,0
2026-01-20,08:52:00,NEXA,B,1473,12.1700,0
2026-01-20,15:00:00,NEXA,S,736,12.6568,0
2026-01-20,15:00:00,NEXA,S,737,12.6300,0
2026-01-20,08:54:00,BMEA,B,13138,1.3850,0
2026-01-20,15:00:00,BMEA,S,13138,1.3850,0
2026-01-20,08:56:00,BZAI,S,8330,2.1250,0
2026-01-20,15:00:00,BZAI,B,8330,2.0700,0
2026-01-20,08:56:00,ELDN,B,8122,2.2100,0
2026-01-20,15:00:00,ELDN,S,8122,2.2000,0
2026-01-20,09:02:00,PARR,S,487,36.5500,0
2026-01-20,15:00:00,PARR,B,487,36.8600,0
2026-01-20,09:39:00,GRPN,B,1116,16.1650,0
2026-01-20,15:00:00,GRPN,S,1116,16.2050,0
2026-01-20,09:49:00,GPRE,S,1654,10.8300,0
2026-01-20,15:00:00,GPRE,B,1654,11.1350,0
2026-01-20,10:41:00,LZM,B,3030,5.9100,0
2026-01-20,15:00:00,LZM,S,3030,5.6850,0
2026-01-20,12:55:00,EVTL,S,3090,5.7400,0
2026-01-20,15:00:00,EVTL,B,3090,5.7400,0
2026-01-20,14:39:00,XNDU,S,1594,11.1100,0
2026-01-20,15:00:00,XNDU,B,1594,11.1200,0
2026-01-20,14:59:00,NNBR,B,11823,1.5000,0
2026-01-20,15:00:00,NNBR,S,11823,1.5000,0
2026-01-21,08:43:00,TE,S,2142,8.2500,0
2026-01-21,08:49:00,TE,B,2142,8.4650,0
2026-01-21,08:48:00,UVIX,S,2834,6.1800,0
2026-01-21,09:16:00,UVIX,B,1417,5.9328,0
2026-01-21,09:16:00,UVIX,B,1417,5.9775,0
2026-01-21,08:45:00,IBRX,B,2719,6.2400,0
2026-01-21,09:24:00,IBRX,S,1359,6.4896,0
2026-01-21,09:24:00,IBRX,S,1360,6.4004,0
2026-01-21,09:51:00,UVIX,S,3032,5.8650,0
2026-01-21,10:23:00,UVIX,B,3032,5.9700,0
2026-01-21,08:46:00,NVD,S,2307,7.6500,0
2026-01-21,10:28:00,NVD,B,1153,7.3440,0
2026-01-21,10:28:00,NVD,B,1154,7.3865,0
2026-01-21,08:44:00,SOXS,S,8538,2.0650,0
2026-01-21,10:33:00,SOXS,B,4269,1.9824,0
2026-01-21,10:33:00,SOXS,B,4269,1.9607,0
2026-01-21,08:48:00,TZA,S,2940,6.0000,0
2026-01-21,10:52:00,TZA,B,2940,6.0600,0
2026-01-21,08:52:00,TSDD,S,2049,8.6000,0
2026-01-21,11:13:00,TSDD,B,2049,8.7000,0
2026-01-21,08:53:00,TSLG,B,2165,8.1700,0
2026-01-21,14:06:00,TSLG,S,1082,8.4968,0
2026-01-21,14:06:00,TSLG,S,1083,8.6283,0
2026-01-21,14:00:00,NVD,S,2490,7.1700,0
2026-01-21,14:07:00,NVD,B,2490,7.2300,0
2026-01-21,14:09:00,SOXS,S,9319,1.9200,0
2026-01-21,14:21:00,SOXS,B,9319,1.9350,0
2026-01-21,08:41:00,PBR,B,1342,13.1850,0
2026-01-21,15:00:00,PBR,S,1342,13.5200,0
2026-01-21,08:44:00,INTC,B,338,52.2500,0
2026-01-21,15:00:00,INTC,S,169,54.3400,0
2026-01-21,15:00:00,INTC,S,169,54.2500,0
2026-01-22,08:44:00,PLUG,B,7576,2.3900,0
2026-01-22,08:58:00,PLUG,S,3788,2.4856,0
2026-01-22,08:58:00,PLUG,S,3788,2.4811,0
2026-01-22,08:42:00,CDE,B,737,24.4100,0
2026-01-22,09:25:00,CDE,S,368,25.3864,0
2026-01-22,09:25:00,CDE,S,369,25.1809,0
2026-01-22,09:09:00,ZSL,B,6569,2.7500,0
2026-01-22,09:26:00,ZSL,S,6569,2.7100,0
2026-01-22,09:09:00,PLUG,B,7211,2.5050,0
2026-01-22,09:36:00,PLUG,S,7211,2.4500,0
2026-01-22,08:56:00,JDST,S,10224,1.7500,0
2026-01-22,10:31:00,JDST,B,5112,1.6800,0
2026-01-22,10:31:00,JDST,B,5112,1.6475,0
2026-01-22,08:55:00,DUST,S,3521,5.0900,0
2026-01-22,10:32:00,DUST,B,1760,4.8864,0
2026-01-22,10:32:00,DUST,B,1761,4.8809,0
2026-01-22,09:21:00,TSLG,B,2099,8.6400,0
2026-01-22,12:26:00,TSLG,S,1049,8.9856,0
2026-01-22,12:26:00,TSLG,S,1050,9.0236,0
2026-01-22,08:55:00,TSDD,S,2222,8.0900,0
2026-01-22,12:28:00,TSDD,B,1111,7.7664,0
2026-01-22,12:28:00,TSDD,B,1111,7.6959,0
2026-01-22,08:42:00,HBAN,S,1005,17.9000,0
2026-01-22,15:00:00,HBAN,B,1005,17.6600,0
2026-01-22,09:23:00,BTG,B,3480,5.2100,0
2026-01-22,15:00:00,BTG,S,3480,5.2000,0
2026-01-23,08:44:00,SLV,B,203,90.3700,0
2026-01-23,08:59:00,SLV,S,203,89.9300,0
2026-01-23,08:50:00,TZA,B,3153,5.8500,0
2026-01-23,15:00:00,TZA,S,3153,6.0300,0
2026-01-23,08:52:00,INTC,S,398,45.9200,0
2026-01-23,15:00:00,INTC,B,398,45.0650,0
2026-01-23,09:11:00,ZSL,S,7679,2.3950,0
2026-01-23,15:00:00,ZSL,B,3839,2.2992,0
2026-01-23,15:00:00,ZSL,B,3840,2.2500,0
2026-01-26,08:41:00,USAR,S,620,29.9200,0
2026-01-26,08:49:00,USAR,B,310,28.7232,0
2026-01-26,08:49:00,USAR,B,310,28.8492,0
2026-01-26,08:42:00,DNN,B,4615,4.0250,0
2026-01-26,09:10:00,DNN,S,4615,3.9050,0
2026-01-26,08:53:00,ZSL,S,9711,1.9000,0
2026-01-26,10:01:00,ZSL,B,4855,1.8240,0
2026-01-26,10:01:00,ZSL,B,4856,1.8340,0
2026-01-26,08:50:00,SLV,B,186,100.2450,0
2026-01-26,11:24:00,SLV,S,93,104.2548,0
2026-01-26,11:24:00,SLV,S,93,103.8175,0
2026-01-26,08:49:00,PSLV,B,515,36.0300,0
2026-01-26,11:25:00,PSLV,S,257,37.4712,0
2026-01-26,11:25:00,PSLV,S,258,37.2147,0
2026-01-26,10:17:00,PLUG,S,7889,2.3650,0
2026-01-26,14:24:00,PLUG,B,3944,2.2704,0
2026-01-26,14:24:00,PLUG,B,3945,2.2936,0
2026-01-26,08:41:00,INTC,S,429,43.1550,0
2026-01-26,15:00:00,INTC,B,429,42.4850,0
2026-01-26,08:42:00,TSLG,S,2122,8.7300,0
2026-01-26,15:00:00,TSLG,B,2122,8.5800,0
2026-01-27,08:44:00,ZSL,S,10312,1.8250,0
2026-01-27,08:50:00,ZSL,B,10312,1.8850,0
2026-01-27,08:40:00,AAL,S,1357,13.9450,0
2026-01-27,08:50:00,AAL,B,1357,14.1600,0
2026-01-27,08:45:00,CVS,S,252,75.0000,0
2026-01-27,08:58:00,CVS,B,252,75.6000,0
2026-01-27,09:06:00,RR,B,4291,4.4650,0
2026-01-27,09:36:00,RR,S,2145,4.6436,0
2026-01-27,09:36:00,RR,S,2146,4.5830,0
2026-01-27,09:57:00,RR,B,3962,4.7750,0
2026-01-27,10:24:00,RR,S,1981,4.9660,0
2026-01-27,10:24:00,RR,S,1981,5.0175,0
2026-01-27,08:43:00,WULF,B,1324,14.3300,0
2026-01-27,10:35:00,WULF,S,662,14.9032,0
2026-01-27,10:35:00,WULF,S,662,14.8717,0
2026-01-27,09:10:00,BBAI,B,3241,5.8200,0
2026-01-27,12:07:00,BBAI,S,1620,6.0528,0
2026-01-27,12:07:00,BBAI,S,1621,6.0368,0
2026-01-27,14:12:00,WULF,B,1241,15.3900,0
2026-01-27,14:26:00,WULF,S,1241,15.2750,0
2026-01-27,08:41:00,PINS,S,777,24.1850,0
2026-01-27,15:00:00,PINS,B,777,23.4000,0
2026-01-27,08:48:00,SOXS,S,9654,1.9600,0
2026-01-27,15:00:00,SOXS,B,9654,1.9100,0
2026-01-27,13:20:00,BBAI,B,3118,6.1300,0
2026-01-27,15:00:00,BBAI,S,3118,6.1600,0
2026-01-28,08:51:00,FEED,S,4959,1.6300,0
2026-01-28,08:54:00,FEED,B,2479,1.5648,0
2026-01-28,08:54:00,FEED,B,2480,1.6300,0
2026-01-28,08:41:00,SOXS,S,10919,1.7550,0
2026-01-28,08:59:00,SOXS,B,10919,1.8000,0
2026-01-28,09:01:00,ZSL,S,11990,1.6000,0
2026-01-28,09:07:00,ZSL,B,11990,1.6300,0
2026-01-28,10:01:00,FEED,B,8743,2.2000,0
2026-01-28,10:01:00,FEED,S,4371,2.2880,0
2026-01-28,10:01:00,FEED,S,4372,2.2000,0
2026-01-28,08:43:00,DNN,B,4756,4.0450,0
2026-01-28,12:52:00,DNN,S,2378,4.2068,0
2026-01-28,12:52:00,DNN,S,2378,4.1795,0
2026-01-28,08:42:00,DUST,S,4438,4.3300,0
2026-01-28,12:54:00,DUST,B,4438,4.4850,0
2026-01-28,08:41:00,RR,S,3892,4.6750,0
2026-01-28,13:12:00,RR,B,3892,5.1400,0
2026-01-28,13:26:00,DNN,B,4493,4.2300,0
2026-01-28,13:29:00,DNN,S,4493,4.2200,0
2026-01-28,08:42:00,INTC,B,395,48.7000,0
2026-01-28,15:00:00,INTC,S,395,48.7500,0
2026-01-28,09:41:00,PLTD,B,2666,7.1800,0
2026-01-28,15:00:00,PLTD,S,2666,7.3900,0
2026-01-29,08:41:00,NOK,B,2971,6.4350,0
2026-01-29,09:01:00,NOK,S,2971,6.1800,0
2026-01-29,08:53:00,JOBY,B,1679,11.3500,0
2026-01-29,09:08:00,JOBY,S,1679,11.1050,0
2026-01-29,08:42:00,RR,S,3546,4.6100,0
2026-01-29,09:15:00,RR,B,1773,4.4256,0
2026-01-29,09:15:00,RR,B,1773,4.4711,0
2026-01-29,08:46:00,MSTX,S,5222,3.6500,0
2026-01-29,09:18:00,MSTX,B,2611,3.5040,0
2026-01-29,09:18:00,MSTX,B,2611,3.3934,0
2026-01-29,08:46:00,DUST,B,4474,4.2850,0
2026-01-29,09:21:00,DUST,S,2237,4.4564,0
2026-01-29,09:21:00,DUST,S,2237,4.5222,0
2026-01-29,08:49:00,JDST,B,12793,1.4900,0
2026-01-29,09:21:00,JDST,S,6396,1.5496,0
2026-01-29,09:21:00,JDST,S,6397,1.5851,0
2026-01-29,09:08:00,BTCZ,B,4551,4.1900,0
2026-01-29,09:55:00,BTCZ,S,2275,4.3576,0
2026-01-29,09:55:00,BTCZ,S,2276,4.3181,0
2026-01-29,09:26:00,MSTX,S,5760,3.3500,0
2026-01-29,09:55:00,MSTX,B,2880,3.2160,0
2026-01-29,09:55:00,MSTX,B,2880,3.1798,0
2026-01-29,08:54:00,ONDS,S,1604,11.8500,0
2026-01-29,09:56:00,ONDS,B,802,11.3760,0
2026-01-29,09:56:00,ONDS,B,802,11.2859,0
2026-01-29,08:41:00,TSLG,S,2324,8.2000,0
2026-01-29,09:58:00,TSLG,B,1162,7.8720,0
2026-01-29,09:58:00,TSLG,B,1162,7.8520,0
2026-01-29,10:02:00,RR,S,4615,4.2500,0
2026-01-29,10:11:00,RR,B,4615,4.3100,0
2026-01-29,09:36:00,JDST,B,11647,1.6600,0
2026-01-29,10:11:00,JDST,S,11647,1.6300,0
2026-01-29,10:32:00,BTCZ,B,4484,4.3600,0
2026-01-29,10:55:00,BTCZ,S,4484,4.3200,0
2026-01-29,08:41:00,ETHA,S,869,21.9300,0
2026-01-29,12:40:00,ETHA,B,434,21.0528,0
2026-01-29,12:40:00,ETHA,B,435,21.1393,0
2026-01-29,08:52:00,IBIT,S,384,49.5400,0
2026-01-29,13:33:00,IBIT,B,192,47.5584,0
2026-01-29,13:33:00,IBIT,B,192,47.6154,0
2026-01-29,14:29:00,ONDS,S,1770,11.1400,0
2026-01-29,14:39:00,ONDS,B,1770,11.1900,0
2026-01-29,08:53:00,BITO,S,1574,12.0900,0
2026-01-29,14:50:00,BITO,B,787,11.6064,0
2026-01-29,14:50:00,BITO,B,787,11.6459,0
2026-01-29,08:41:00,CCL,B,616,31.0500,0
2026-01-29,15:00:00,CCL,S,616,31.1300,0
2026-01-29,08:41:00,NCLH,B,852,22.4600,0
2026-01-29,15:00:00,NCLH,S,852,22.9300,0
2026-01-29,08:42:00,SNAP,S,2563,7.4350,0
2026-01-29,15:00:00,SNAP,B,2563,7.2350,0
2026-01-29,08:53:00,MSFT,S,44,429.2000,0
2026-01-29,15:00:00,MSFT,B,44,433.1200,0
2026-01-30,08:46:00,ZSL,S,9741,2.0350,0
2026-01-30,09:01:00,ZSL,B,9741,2.1050,0
2026-01-30,08:46:00,SLV,B,216,91.4800,0
2026-01-30,09:04:00,SLV,S,216,88.6000,0
2026-01-30,08:48:00,TSLG,S,2447,8.1000,0
2026-01-30,09:07:00,TSLG,B,2447,8.3100,0
2026-01-30,08:41:00,U,S,529,37.3200,0
2026-01-30,09:09:00,U,B,264,35.8272,0
2026-01-30,09:09:00,U,B,265,34.5032,0
2026-01-30,09:20:00,U,S,600,32.9400,0
2026-01-30,09:28:00,U,B,300,31.6224,0
2026-01-30,09:28:00,U,B,300,31.1634,0
2026-01-30,08:46:00,UWMC,S,3925,5.0500,0
2026-01-30,09:30:00,UWMC,B,1962,4.8480,0
2026-01-30,09:30:00,UWMC,B,1963,4.9034,0
2026-01-30,09:18:00,BTG,B,3799,5.2300,0
2026-01-30,10:02:00,BTG,S,3799,5.1100,0
2026-01-30,08:45:00,RKT,S,1106,17.9100,0
2026-01-30,10:02:00,RKT,B,553,17.1936,0
2026-01-30,10:02:00,RKT,B,553,17.3984,0
2026-01-30,08:46:00,PSLV,B,624,31.7300,0
2026-01-30,10:23:00,PSLV,S,624,30.1900,0
2026-01-30,08:51:00,JDST,S,11013,1.7900,0
2026-01-30,10:23:00,JDST,B,11013,1.9000,0
2026-01-30,08:51:00,AG,B,846,23.4200,0
2026-01-30,10:33:00,AG,S,846,22.3250,0
2026-01-30,09:17:00,PLUG,S,8682,2.2750,0
2026-01-30,10:33:00,PLUG,B,4341,2.1840,0
2026-01-30,10:33:00,PLUG,B,4341,2.1877,0
2026-01-30,08:43:00,VALE,B,1190,16.6500,0
2026-01-30,10:53:00,VALE,S,1190,16.4250,0
2026-01-30,08:41:00,SOFI,S,828,23.8750,0
2026-01-30,11:11:00,SOFI,B,414,22.9200,0
2026-01-30,11:11:00,SOFI,B,414,23.0487,0
2026-01-30,08:42:00,DNN,B,4748,4.1800,0
2026-01-30,11:17:00,DNN,S,4748,4.0850,0
2026-01-30,10:19:00,DUST,B,3703,5.4100,0
2026-01-30,11:47:00,DUST,S,1851,5.6264,0
2026-01-30,11:47:00,DUST,S,1852,5.5859,0
2026-01-30,10:27:00,VZ,B,453,43.5950,0
2026-01-30,11:47:00,VZ,S,453,43.4300,0
2026-01-30,08:55:00,IAU,S,208,95.0300,0
2026-01-30,12:00:00,IAU,B,104,91.2288,0
2026-01-30,12:00:00,IAU,B,104,91.3503,0
2026-01-30,10:22:00,CDE,S,923,21.6350,0
2026-01-30,12:33:00,CDE,B,461,20.7696,0
2026-01-30,12:33:00,CDE,B,462,20.2563,0
2026-01-30,10:23:00,GDX,S,203,98.0600,0
2026-01-30,12:45:00,GDX,B,101,94.1376,0
2026-01-30,12:45:00,GDX,B,102,94.1006,0
2026-01-30,08:41:00,FCX,S,323,61.2800,0
2026-01-30,12:47:00,FCX,B,161,58.8288,0
2026-01-30,12:47:00,FCX,B,162,59.2928,0
2026-01-30,09:27:00,SOXS,B,10751,1.8450,0
2026-01-30,12:50:00,SOXS,S,5375,1.9188,0
2026-01-30,12:50:00,SOXS,S,5376,1.9315,0
2026-01-30,08:42:00,BBAI,S,3677,5.3850,0
2026-01-30,12:51:00,BBAI,B,1838,5.1696,0
2026-01-30,12:51:00,BBAI,B,1839,5.1538,0
2026-01-30,08:49:00,DKNG,S,687,28.8150,0
2026-01-30,12:54:00,DKNG,B,343,27.6624,0
2026-01-30,12:54:00,DKNG,B,344,27.8182,0
2026-01-30,14:10:00,PLUG,S,9621,2.1150,0
2026-01-30,14:16:00,PLUG,B,9621,2.1450,0
2026-01-30,13:37:00,SOFI,S,901,22.5850,0
2026-01-30,14:55:00,SOFI,B,901,22.6950,0
2026-01-30,13:59:00,BBAI,S,4045,5.0300,0
2026-01-30,15:00:00,BBAI,B,4045,5.0350,0
2026-02-02,08:41:00,IBIT,B,454,44.7400,0
2026-02-02,08:56:00,IBIT,S,454,44.2100,0
2026-02-02,08:41:00,BITO,B,1859,10.9300,0
2026-02-02,08:56:00,BITO,S,1859,10.8300,0
2026-02-02,08:46:00,ZSL,B,8091,2.5200,0
2026-02-02,09:03:00,ZSL,S,4045,2.6208,0
2026-02-02,09:03:00,ZSL,S,4046,2.6464,0
2026-02-02,08:47:00,NVD,B,2880,7.0500,0
2026-02-02,09:11:00,NVD,S,2880,6.9800,0
2026-02-02,08:57:00,BTCZ,B,4053,5.0200,0
2026-02-02,09:23:00,BTCZ,S,4053,4.9300,0
2026-02-02,08:42:00,INTC,B,426,47.6100,0
2026-02-02,13:08:00,INTC,S,213,49.5144,0
2026-02-02,13:08:00,INTC,S,213,49.3639,0
2026-02-02,09:10:00,SOXS,S,10714,1.8900,0
2026-02-02,13:35:00,SOXS,B,5357,1.8144,0
2026-02-02,13:35:00,SOXS,B,5357,1.8289,0
2026-02-02,08:41:00,ETHA,B,1137,17.8750,0
2026-02-02,14:35:00,ETHA,S,1137,17.4900,0
2026-02-02,08:41:00,HOOD,S,220,91.9800,0
2026-02-02,15:00:00,HOOD,B,220,89.9400,0
2026-02-03,08:41:00,WULF,S,1387,14.7450,0
2026-02-03,08:48:00,WULF,B,1387,15.4500,0
2026-02-03,08:50:00,SAN,B,1555,13.1100,0
2026-02-03,08:56:00,SAN,S,1555,13.0500,0
2026-02-03,08:41:00,SOXS,B,11056,1.8600,0
2026-02-03,09:03:00,SOXS,S,5528,1.9344,0
2026-02-03,09:03:00,SOXS,S,5528,1.9614,0
2026-02-03,08:49:00,OPEN,B,4171,4.9100,0
2026-02-03,09:21:00,OPEN,S,2085,5.1064,0
2026-02-03,09:21:00,OPEN,S,2086,5.0809,0
2026-02-03,09:20:00,SAN,S,1577,12.9850,0
2026-02-03,09:42:00,SAN,B,1577,13.0050,0
2026-02-03,09:24:00,SOXS,B,10311,1.9900,0
2026-02-03,09:48:00,SOXS,S,10311,1.9450,0
2026-02-03,08:47:00,FUBO,B,11687,1.7250,0
2026-02-03,10:34:00,FUBO,S,5843,1.7940,0
2026-02-03,10:34:00,FUBO,S,5844,1.8125,0
2026-02-03,08:57:00,OWL,S,1625,12.5050,0
2026-02-03,10:53:00,OWL,B,812,12.0048,0
2026-02-03,10:53:00,OWL,B,813,12.1200,0
2026-02-03,08:49:00,NVO,S,350,58.0200,0
2026-02-03,10:56:00,NVO,B,175,55.6992,0
2026-02-03,10:56:00,NVO,B,175,54.1152,0
2026-02-03,08:41:00,SLV,B,256,79.8600,0
2026-02-03,11:00:00,SLV,S,256,78.2700,0
2026-02-03,08:42:00,ZSL,S,10382,1.9600,0
2026-02-03,11:00:00,ZSL,B,10382,2.0900,0
2026-02-03,08:49:00,VALE,B,1207,16.8700,0
2026-02-03,12:17:00,VALE,S,1207,16.7200,0
2026-02-03,08:45:00,SNAP,S,3190,6.4100,0
2026-02-03,13:41:00,SNAP,B,1595,6.1536,0
2026-02-03,13:41:00,SNAP,B,1595,6.0641,0
2026-02-03,08:58:00,NVD,B,2768,7.4500,0
2026-02-03,13:56:00,NVD,S,1384,7.7480,0
2026-02-03,13:56:00,NVD,S,1384,7.7855,0
2026-02-03,13:30:00,OWL,S,1750,11.7500,0
2026-02-03,14:00:00,OWL,B,1750,11.8250,0
2026-02-03,08:41:00,RKT,B,999,20.4600,0
2026-02-03,14:28:00,RKT,S,999,20.0200,0
2026-02-03,08:43:00,ONDS,S,1895,10.7900,0
2026-02-03,14:36:00,ONDS,B,1895,11.1600,0
2026-02-03,08:43:00,PLTR,S,130,157.1000,0
2026-02-03,15:00:00,PLTR,B,130,157.8900,0
2026-02-03,08:43:00,PLTD,B,2782,7.3900,0
2026-02-03,15:00:00,PLTD,S,2782,7.3300,0
2026-02-03,08:45:00,INFY,S,1141,17.8750,0
2026-02-03,15:00:00,INFY,B,1141,17.3300,0
2026-02-03,08:57:00,DNN,B,4966,4.1050,0
2026-02-03,15:00:00,DNN,S,4966,4.0800,0
2026-02-03,10:14:00,PYPL,S,484,42.3200,0
2026-02-03,15:00:00,PYPL,B,484,41.5400,0
2026-02-04,08:41:00,SOXS,S,10180,2.0300,0
2026-02-04,09:01:00,SOXS,B,10180,2.0950,0
2026-02-04,08:41:00,SOXL,B,346,59.6600,0
2026-02-04,09:01:00,SOXL,S,346,57.5100,0
2026-02-04,08:42:00,TSLG,B,2567,8.0550,0
2026-02-04,09:01:00,TSLG,S,2567,7.8500,0
2026-02-04,08:54:00,ONDS,S,1931,10.6800,0
2026-02-04,09:07:00,ONDS,B,965,10.2528,0
2026-02-04,09:07:00,ONDS,B,966,10.3598,0
2026-02-04,08:45:00,PLTD,B,2673,7.7700,0
2026-02-04,09:13:00,PLTD,S,1336,8.0808,0
2026-02-04,09:13:00,PLTD,S,1337,8.0223,0
2026-02-04,08:45:00,MUD,S,5285,3.9000,0
2026-02-04,09:14:00,MUD,B,5285,3.9800,0
2026-02-04,09:18:00,PLTD,B,2540,8.1000,0
2026-02-04,09:23:00,PLTD,S,2540,8.0100,0
2026-02-04,09:07:00,HPE,B,914,22.4700,0
2026-02-04,09:34:00,HPE,S,914,22.3350,0
2026-02-04,08:41:00,ZSL,B,10333,2.0150,0
2026-02-04,09:36:00,ZSL,S,5166,2.0956,0
2026-02-04,09:36:00,ZSL,S,5167,2.1448,0
2026-02-04,08:52:00,WULF,S,1545,13.3700,0
2026-02-04,09:38:00,WULF,B,772,12.8352,0
2026-02-04,09:38:00,WULF,B,773,12.8764,0
2026-02-04,08:41:00,BSX,S,262,78.3900,0
2026-02-04,09:45:00,BSX,B,131,75.2544,0
2026-02-04,09:45:00,BSX,B,131,75.7839,0
2026-02-04,09:11:00,ONDS,S,2004,10.2500,0
2026-02-04,10:12:00,ONDS,B,1002,9.8400,0
2026-02-04,10:12:00,ONDS,B,1002,9.9025,0
2026-02-04,10:36:00,WULF,S,1671,12.4900,0
2026-02-04,11:14:00,WULF,B,1671,12.7950,0
2026-02-04,09:03:00,NVD,B,2621,7.8300,0
2026-02-04,11:57:00,NVD,S,1310,8.1432,0
2026-02-04,11:57:00,NVD,S,1311,8.1717,0
2026-02-04,10:10:00,ETHA,S,1293,16.1200,0
2026-02-04,12:40:00,ETHA,B,1293,16.3900,0
2026-02-04,08:41:00,NU,S,1175,17.5800,0
2026-02-04,15:00:00,NU,B,1175,17.0000,0
2026-02-04,08:42:00,SMCI,B,599,34.7000,0
2026-02-04,15:00:00,SMCI,S,599,33.7500,0
2026-02-04,08:42:00,UBER,S,279,73.8700,0
2026-02-04,15:00:00,UBER,B,279,73.8750,0
2026-02-04,08:49:00,RIG,B,3989,5.1850,0
2026-02-04,15:00:00,RIG,S,3989,5.3500,0
2026-02-04,08:51:00,CCC,S,3039,6.7950,0
2026-02-04,15:00:00,CCC,B,1519,6.5232,0
2026-02-04,15:00:00,CCC,B,1520,6.5000,0
2026-02-04,08:54:00,PCG,B,1321,15.6450,0
2026-02-04,15:00:00,PCG,S,1321,16.2200,0
2026-02-04,10:05:00,BBAI,S,4551,4.5800,0
2026-02-04,15:00:00,BBAI,B,4551,4.5000,0
2026-02-04,10:19:00,SQQQ,B,293,71.1100,0
2026-02-04,15:00:00,SQQQ,S,293,71.3100,0
2026-02-05,08:41:00,SOFI,S,1066,19.8500,0
2026-02-05,08:42:00,SOFI,B,1066,20.0300,0
2026-02-05,08:43:00,MARA,B,2669,7.9400,0
2026-02-05,08:51:00,MARA,S,2669,7.7300,0
2026-02-05,08:43:00,NVO,B,466,45.3600,0
2026-02-05,08:51:00,NVO,S,466,44.6700,0
2026-02-05,08:44:00,BMNU,B,9481,2.2500,0
2026-02-05,09:01:00,BMNU,S,9481,2.0750,0
2026-02-05,08:41:00,DNN,B,5790,3.6600,0
2026-02-05,09:07:00,DNN,S,5790,3.5350,0
2026-02-05,08:44:00,UVIX,S,3367,6.2700,0
2026-02-05,09:07:00,UVIX,B,3367,6.6100,0
2026-02-05,08:45:00,TZA,S,3322,6.3250,0
2026-02-05,09:11:00,TZA,B,3322,6.4500,0
2026-02-05,08:41:00,WULF,B,1556,13.6200,0
2026-02-05,09:13:00,WULF,S,1556,12.8200,0
2026-02-05,08:52:00,MSTX,S,9703,2.1300,0
2026-02-05,09:16:00,MSTX,B,4851,2.0448,0
2026-02-05,09:16:00,MSTX,B,4852,1.9613,0
2026-02-05,08:55:00,ETHA,S,1349,15.5800,0
2026-02-05,09:23:00,ETHA,B,674,14.9568,0
2026-02-05,09:23:00,ETHA,B,675,14.8658,0
2026-02-05,08:43:00,SNAP,S,3796,5.5700,0
2026-02-05,09:25:00,SNAP,B,1898,5.3472,0
2026-02-05,09:25:00,SNAP,B,1898,5.2407,0
2026-02-05,08:55:00,IBIT,S,532,39.5500,0
2026-02-05,09:25:00,IBIT,B,266,37.9680,0
2026-02-05,09:25:00,IBIT,B,266,38.2955,0
2026-02-05,08:41:00,ZSL,S,7695,2.7350,0
2026-02-05,09:27:00,ZSL,B,7695,2.8650,0
2026-02-05,09:01:00,ONDS,S,2331,8.9800,0
2026-02-05,09:34:00,ONDS,B,1165,8.6208,0
2026-02-05,09:34:00,ONDS,B,1166,8.6520,0
2026-02-05,08:56:00,BITO,S,2179,9.6200,0
2026-02-05,09:39:00,BITO,B,1089,9.2352,0
2026-02-05,09:39:00,BITO,B,1090,9.3162,0
2026-02-05,08:41:00,SLV,B,308,68.9500,0
2026-02-05,09:43:00,SLV,S,308,66.6000,0
2026-02-05,09:28:00,ETHA,S,1416,14.7100,0
2026-02-05,09:50:00,ETHA,B,1416,14.9450,0
2026-02-05,09:29:00,IBIT,S,549,37.9000,0
2026-02-05,09:50:00,IBIT,B,549,38.4300,0
2026-02-05,09:22:00,MSTX,S,10693,1.9400,0
2026-02-05,10:17:00,MSTX,B,5346,1.8624,0
2026-02-05,10:17:00,MSTX,B,5347,1.8720,0
2026-02-05,08:42:00,NIO,S,4469,4.7300,0
2026-02-05,10:33:00,NIO,B,4469,4.8300,0
2026-02-05,09:03:00,OPEN,S,4259,4.9050,0
2026-02-05,10:35:00,OPEN,B,4259,5.0650,0
2026-02-05,08:48:00,CCC,S,3280,6.4450,0
2026-02-05,10:51:00,CCC,B,1640,6.1872,0
2026-02-05,10:51:00,CCC,B,1640,6.2444,0
2026-02-05,14:39:00,ONDS,S,2472,8.4500,0
2026-02-05,14:40:00,ONDS,B,2472,8.4800,0
2026-02-05,14:42:00,PTON,S,5026,4.1550,0
2026-02-05,14:54:00,PTON,B,5026,4.2050,0
2026-02-05,09:01:00,PLUG,S,11024,1.9100,0
2026-02-05,15:00:00,PLUG,B,11024,1.8500,0
2026-02-05,09:14:00,JDST,B,10208,2.0300,0
2026-02-05,15:00:00,JDST,S,10208,2.0850,0
2026-02-05,13:41:00,CPNG,S,1223,17.0750,0
2026-02-05,15:00:00,CPNG,B,1223,16.7950,0
2026-02-05,14:22:00,BITO,S,2358,8.8500,0
2026-02-05,15:00:00,BITO,B,2358,8.8900,0
2026-02-06,08:41:00,ONDS,S,2461,8.5150,0
2026-02-06,08:52:00,ONDS,B,2461,8.9700,0
2026-02-06,08:41:00,STLA,S,2971,7.0600,0
2026-02-06,09:07:00,STLA,B,2971,7.2000,0
2026-02-06,08:46:00,TZA,S,3374,6.2200,0
2026-02-06,09:07:00,TZA,B,3374,6.2800,0
2026-02-06,08:43:00,WULF,B,1601,13.1200,0
2026-02-06,09:12:00,WULF,S,800,13.6448,0
2026-02-06,09:12:00,WULF,S,801,13.5138,0
2026-02-06,09:24:00,COTY,S,7859,2.6600,0
2026-02-06,09:34:00,COTY,B,3929,2.5536,0
2026-02-06,09:34:00,COTY,B,3930,2.5766,0
2026-02-06,08:45:00,NIO,B,4055,5.1850,0
2026-02-06,09:35:00,NIO,S,4055,5.0600,0
2026-02-06,09:27:00,DUST,S,4028,5.2000,0
2026-02-06,09:39:00,DUST,B,4028,5.2800,0
2026-02-06,08:41:00,NVD,S,2735,7.6200,0
2026-02-06,09:53:00,NVD,B,1367,7.3152,0
2026-02-06,09:53:00,NVD,B,1368,7.3162,0
2026-02-06,09:45:00,TSLG,B,2768,7.5900,0
2026-02-06,09:53:00,TSLG,S,2768,7.5300,0
2026-02-06,08:45:00,MARA,B,2815,7.4600,0
2026-02-06,09:54:00,MARA,S,1407,7.7584,0
2026-02-06,09:54:00,MARA,S,1408,7.7148,0
2026-02-06,08:41:00,CPNG,S,1226,17.0450,0
2026-02-06,10:11:00,CPNG,B,1226,17.4450,0
2026-02-06,09:11:00,RIG,B,4105,5.0850,0
2026-02-06,10:17:00,RIG,S,2052,5.2884,0
2026-02-06,10:17:00,RIG,S,2053,5.2492,0
2026-02-06,08:45:00,BMNU,B,10399,2.0300,0
2026-02-06,11:35:00,BMNU,S,5199,2.1112,0
2026-02-06,11:35:00,BMNU,S,5200,2.1920,0
2026-02-06,10:20:00,ETHA,B,1392,15.1650,0
2026-02-06,11:36:00,ETHA,S,696,15.7716,0
2026-02-06,11:36:00,ETHA,S,696,15.6383,0
2026-02-06,09:39:00,BITO,B,2209,9.4900,0
2026-02-06,11:54:00,BITO,S,1104,9.8696,0
2026-02-06,11:54:00,BITO,S,1105,9.7901,0
2026-02-06,10:44:00,IBIT,B,533,39.6050,0
2026-02-06,12:24:00,IBIT,S,533,39.3800,0
2026-02-06,14:24:00,NVD,S,3056,6.9800,0
2026-02-06,14:30:00,NVD,B,3056,7.0000,0
2026-02-06,08:41:00,NVDA,B,117,178.8200,0
2026-02-06,15:00:00,NVDA,S,58,185.9728,0
2026-02-06,15:00:00,NVDA,S,59,185.3300,0
2026-02-06,08:41:00,AAL,B,1417,14.8900,0
2026-02-06,15:00:00,AAL,S,1417,15.2300,0
2026-02-06,08:41:00,SQQQ,S,291,72.0900,0
2026-02-06,15:00:00,SQQQ,B,291,70.1000,0
2026-02-06,08:42:00,OWL,B,1726,12.1700,0
2026-02-06,15:00:00,OWL,S,1726,12.5300,0
2026-02-06,08:43:00,SOFI,B,1029,20.5150,0
2026-02-06,15:00:00,SOFI,S,1029,20.8600,0
2026-02-06,08:44:00,NVO,B,450,46.5900,0
2026-02-06,15:00:00,NVO,S,450,47.6800,0
2026-02-06,08:44:00,TQQQ,B,426,49.2700,0
2026-02-06,15:00:00,TQQQ,S,426,50.5300,0
2026-02-06,09:56:00,PLUG,B,10391,2.0250,0
2026-02-06,15:00:00,PLUG,S,10391,2.0700,0
2026-02-09,08:47:00,PLTD,S,2686,8.0950,0
2026-02-09,08:55:00,PLTD,B,2686,8.1500,0
2026-02-09,08:43:00,MSTX,B,9339,2.3500,0
2026-02-09,09:12:00,MSTX,S,4669,2.4440,0
2026-02-09,09:12:00,MSTX,S,4670,2.4365,0
2026-02-09,09:15:00,MSTX,B,8873,2.4600,0
2026-02-09,09:17:00,MSTX,S,8873,2.4200,0
2026-02-09,08:43:00,ONDS,B,2158,10.1650,0
2026-02-09,09:18:00,ONDS,S,1079,10.5716,0
2026-02-09,09:18:00,ONDS,S,1079,10.5334,0
2026-02-09,08:41:00,CIFR,B,1388,15.6700,0
2026-02-09,09:22:00,CIFR,S,694,16.2968,0
2026-02-09,09:22:00,CIFR,S,694,16.2283,0
2026-02-09,08:47:00,BMNU,B,7105,2.2500,0
2026-02-09,11:07:00,BMNU,S,3552,2.3400,0
2026-02-09,11:07:00,BMNU,S,3553,2.3325,0
2026-02-09,08:45:00,ZSL,S,9104,2.3500,0
2026-02-09,11:09:00,ZSL,B,4552,2.2560,0
2026-02-09,11:09:00,ZSL,B,4552,2.2435,0
2026-02-09,09:49:00,RIG,B,4047,5.4250,0
2026-02-09,12:05:00,RIG,S,2023,5.6420,0
2026-02-09,12:05:00,RIG,S,2024,5.6307,0
2026-02-09,10:03:00,HIMS,B,1148,17.9000,0
2026-02-09,12:20:00,HIMS,S,574,18.6160,0
2026-02-09,12:20:00,HIMS,S,574,18.5171,0
2026-02-09,09:33:00,KD,B,1541,11.2800,0
2026-02-09,13:50:00,KD,S,1541,10.1150,0
2026-02-09,09:07:00,WULF,B,1357,16.0550,0
2026-02-09,14:30:00,WULF,S,678,16.6972,0
2026-02-09,14:30:00,WULF,S,679,16.6195,0
2026-02-09,08:41:00,CLF,S,1000,11.3900,0
2026-02-09,15:00:00,CLF,B,1000,12.3050,0
2026-02-09,08:44:00,DUST,S,4365,4.9550,0
2026-02-09,15:00:00,DUST,B,2182,4.7568,0
2026-02-09,15:00:00,DUST,B,2183,4.6550,0
2026-02-09,08:44:00,BTG,B,4168,5.2250,0
2026-02-09,15:00:00,BTG,S,2084,5.4340,0
2026-02-09,15:00:00,BTG,S,2084,5.4450,0
2026-02-09,09:40:00,JDST,S,12917,1.6600,0
2026-02-09,15:00:00,JDST,B,6458,1.5936,0
2026-02-09,15:00:00,JDST,B,6459,1.5900,0
2026-02-09,13:26:00,BMNU,B,9147,2.4400,0
2026-02-09,15:00:00,BMNU,S,9147,2.4350,0
2026-02-10,08:46:00,ZSL,B,9682,2.3200,0
2026-02-10,10:07:00,ZSL,S,4841,2.4128,0
2026-02-10,10:07:00,ZSL,S,4841,2.3918,0
2026-02-10,10:40:00,ZSL,B,9256,2.4250,0
2026-02-10,10:44:00,ZSL,S,9256,2.4100,0
2026-02-10,09:36:00,BMNU,B,9518,2.3600,0
2026-02-10,12:28:00,BMNU,S,9518,2.2300,0
2026-02-10,08:46:00,GTM,B,3522,6.4600,0
2026-02-10,13:25:00,GTM,S,1761,6.7184,0
2026-02-10,13:25:00,GTM,S,1761,6.7704,0
2026-02-10,08:41:00,INTC,S,452,49.2950,0
2026-02-10,15:00:00,INTC,B,226,47.3232,0
2026-02-10,15:00:00,INTC,B,226,47.1300,0
2026-02-10,09:34:00,CCO,S,9457,2.3650,0
2026-02-10,15:00:00,CCO,B,9457,2.3700,0
2026-02-10,12:53:00,MSTX,S,8959,2.4950,0
2026-02-10,15:00:00,MSTX,B,8959,2.4650,0
2026-02-11,08:41:00,U,S,1088,20.2650,0
2026-02-11,08:55:00,U,B,544,19.4544,0
2026-02-11,08:55:00,U,B,544,19.6376,0
2026-02-11,08:42:00,SOXS,S,13289,1.6950,0
2026-02-11,09:02:00,SOXS,B,13289,1.7200,0
2026-02-11,08:41:00,RIG,B,3944,5.7100,0
2026-02-11,09:13:00,RIG,S,3944,5.6100,0
2026-02-11,08:57:00,MSTX,S,9721,2.3100,0
2026-02-11,09:14:00,MSTX,B,4860,2.2176,0
2026-02-11,09:14:00,MSTX,B,4861,2.2131,0
2026-02-11,08:59:00,BMNU,S,11080,2.0000,0
2026-02-11,09:23:00,BMNU,B,5540,1.9200,0
2026-02-11,09:23:00,BMNU,B,5540,1.9300,0
2026-02-11,08:52:00,COMP,S,1835,12.2600,0
2026-02-11,09:28:00,COMP,B,917,11.7696,0
2026-02-11,09:28:00,COMP,B,918,11.6776,0
2026-02-11,09:06:00,U,S,1170,19.3200,0
2026-02-11,09:44:00,U,B,1170,19.7700,0
2026-02-11,09:42:00,COMP,S,1977,11.5550,0
2026-02-11,10:59:00,COMP,B,1977,11.7100,0
2026-02-11,08:46:00,SHOP,S,184,122.3600,0
2026-02-11,11:15:00,SHOP,B,92,117.4656,0
2026-02-11,11:15:00,SHOP,B,92,111.9675,0
2026-02-11,08:51:00,RKT,S,1164,19.2900,0
2026-02-11,12:38:00,RKT,B,582,18.5184,0
2026-02-11,12:38:00,RKT,B,582,18.4479,0
2026-02-11,08:41:00,AVTR,B,2346,9.7400,0
2026-02-11,15:00:00,AVTR,S,2346,9.6350,0
2026-02-11,08:41:00,ZSL,B,10262,2.2050,0
2026-02-11,15:00:00,ZSL,S,10262,2.1550,0
2026-02-11,08:42:00,DUST,B,4966,4.6150,0
2026-02-11,15:00:00,DUST,S,4966,4.3800,0
2026-02-11,09:17:00,LYFT,S,1600,14.2150,0
2026-02-11,15:00:00,LYFT,B,1600,14.0000,0
2026-02-11,09:22:00,JDST,B,14312,1.5900,0
2026-02-11,15:00:00,JDST,S,14312,1.5000,0
2026-02-11,10:02:00,MAT,B,1415,16.1300,0
2026-02-11,15:00:00,MAT,S,1415,15.8050,0
2026-02-12,08:42:00,SOXS,S,13878,1.6300,0
2026-02-12,08:45:00,SOXS,B,13878,1.6500,0
2026-02-12,08:56:00,GDX,S,216,104.2800,0
2026-02-12,09:30:00,GDX,B,216,105.4400,0
2026-02-12,08:57:00,JDST,B,14483,1.5700,0
2026-02-12,09:30:00,JDST,S,14483,1.5300,0
2026-02-12,08:42:00,COMP,S,2034,11.0750,0
2026-02-12,09:39:00,COMP,B,1017,10.6320,0
2026-02-12,09:39:00,COMP,B,1017,9.9507,0
2026-02-12,08:54:00,ICLR,B,142,79.4900,0
2026-02-12,09:57:00,ICLR,S,71,82.6696,0
2026-02-12,09:57:00,ICLR,S,71,84.6111,0
2026-02-12,08:45:00,UVIX,B,4098,5.5300,0
2026-02-12,10:05:00,UVIX,S,2049,5.7512,0
2026-02-12,10:05:00,UVIX,S,2049,5.9347,0
2026-02-12,08:56:00,ZSL,B,10109,2.2450,0
2026-02-12,10:10:00,ZSL,S,5054,2.3348,0
2026-02-12,10:10:00,ZSL,S,5055,2.3175,0
2026-02-12,10:27:00,UVIX,B,3725,6.2300,0
2026-02-12,10:35:00,UVIX,S,3725,6.1000,0
2026-02-12,08:45:00,TQQQ,S,437,51.5600,0
2026-02-12,10:36:00,TQQQ,B,218,49.4976,0
2026-02-12,10:36:00,TQQQ,B,219,49.0156,0
2026-02-12,08:44:00,SOFI,S,1115,20.2750,0
2026-02-12,10:36:00,SOFI,B,557,19.4640,0
2026-02-12,10:36:00,SOFI,B,558,19.3877,0
2026-02-12,08:50:00,TZA,B,3803,5.9700,0
2026-02-12,10:37:00,TZA,S,1901,6.2088,0
2026-02-12,10:37:00,TZA,S,1902,6.3103,0
2026-02-12,08:48:00,CLF,S,1966,11.4900,0
2026-02-12,10:38:00,CLF,B,983,11.0304,0
2026-02-12,10:38:00,CLF,B,983,10.8349,0
2026-02-12,08:43:00,BBAI,S,5285,4.2750,0
2026-02-12,10:43:00,BBAI,B,2642,4.1040,0
2026-02-12,10:43:00,BBAI,B,2643,4.0377,0
2026-02-12,08:48:00,BTG,S,4093,5.4900,0
2026-02-12,10:43:00,BTG,B,2046,5.2704,0
2026-02-12,10:43:00,BTG,B,2047,5.2699,0
2026-02-12,08:42:00,CSCO,S,287,78.7450,0
2026-02-12,11:50:00,CSCO,B,143,75.5952,0
2026-02-12,11:50:00,CSCO,B,144,75.8725,0
2026-02-12,09:40:00,INFY,S,1517,14.9100,0
2026-02-12,13:21:00,INFY,B,758,14.3136,0
2026-02-12,13:21:00,INFY,B,759,14.4191,0
2026-02-12,08:45:00,PLUG,S,11813,1.9150,0
2026-02-12,14:59:00,PLUG,B,5906,1.8384,0
2026-02-12,14:59:00,PLUG,B,5907,1.8292,0
2026-02-12,08:54:00,HPE,S,1001,22.5300,0
2026-02-12,15:00:00,HPE,B,1001,22.2200,0
2026-02-12,14:23:00,BTG,S,4623,5.1200,0
2026-02-12,15:00:00,BTG,B,4623,5.0100,0
2026-02-12,14:46:00,ZSL,B,8900,2.6650,0
2026-02-12,15:00:00,ZSL,S,8900,2.6650,0
2026-02-13,08:41:00,BITO,S,2564,9.2700,0
2026-02-13,08:45:00,BITO,B,2564,9.3400,0
2026-02-13,08:42:00,ETHA,S,1601,14.8700,0
2026-02-13,08:45:00,ETHA,B,1601,15.0200,0
2026-02-13,08:41:00,IBIT,S,626,38.0400,0
2026-02-13,08:45:00,IBIT,B,626,38.3200,0
2026-02-13,09:13:00,MSTX,B,10038,2.3700,0
2026-02-13,09:35:00,MSTX,S,5019,2.4648,0
2026-02-13,09:35:00,MSTX,S,5019,2.4411,0
2026-02-13,09:11:00,RIG,B,3929,6.0550,0
2026-02-13,11:23:00,RIG,S,1964,6.2972,0
2026-02-13,11:23:00,RIG,S,1965,6.3395,0
2026-02-13,08:44:00,PINS,B,1643,14.6200,0
2026-02-13,11:28:00,PINS,S,821,15.2048,0
2026-02-13,11:28:00,PINS,S,822,15.1288,0
2026-02-13,08:55:00,DUST,S,5116,4.6450,0
2026-02-13,12:29:00,DUST,B,2558,4.4592,0
2026-02-13,12:29:00,DUST,B,2558,4.4871,0
2026-02-13,08:41:00,RIVN,S,1403,16.8700,0
2026-02-13,12:46:00,RIVN,B,1403,17.9350,0
2026-02-13,08:46:00,DKNG,B,1087,21.9100,0
2026-02-13,15:00:00,DKNG,S,1087,21.7600,0
2026-02-13,09:03:00,JDST,S,14870,1.5900,0
2026-02-13,15:00:00,JDST,B,14870,1.5500,0
2026-02-17,09:40:00,IMSR,S,3523,6.7800,0
2026-02-17,09:49:00,IMSR,B,3523,6.9000,0
2026-02-17,09:09:00,BZAI,B,19713,1.2250,0
2026-02-17,10:05:00,BZAI,S,9856,1.2740,0
2026-02-17,10:05:00,BZAI,S,9857,1.2977,0
2026-02-17,08:58:00,GPRE,S,1812,13.2600,0
2026-02-17,10:22:00,GPRE,B,1812,13.5050,0
2026-02-17,09:40:00,LGN,S,519,46.0600,0
2026-02-17,10:43:00,LGN,B,519,47.2300,0
2026-02-17,09:26:00,FRMM,S,7265,3.2550,0
2026-02-17,11:40:00,FRMM,B,7265,3.4500,0
2026-02-17,08:43:00,CRML,S,2739,8.7800,0
2026-02-17,12:34:00,CRML,B,2739,9.1400,0
2026-02-17,09:20:00,MXL,B,1268,19.0000,0
2026-02-17,13:48:00,MXL,S,634,19.7600,0
2026-02-17,13:48:00,MXL,S,634,19.9400,0
2026-02-17,09:32:00,NKTX,B,11965,2.0100,0
2026-02-17,14:09:00,NKTX,S,5982,2.0904,0
2026-02-17,14:09:00,NKTX,S,5983,2.0799,0
2026-02-17,09:50:00,BMEA,B,18942,1.2850,0
2026-02-17,14:56:00,BMEA,S,9471,1.3364,0
2026-02-17,14:56:00,BMEA,S,9471,1.3372,0
2026-02-17,09:08:00,RPAY,B,7821,3.0750,0
2026-02-17,15:00:00,RPAY,S,7821,3.0550,0
2026-02-17,09:09:00,IMAX,B,650,37.2300,0
2026-02-17,15:00:00,IMAX,S,650,37.8700,0
2026-02-17,09:26:00,PARR,S,563,42.5000,0
2026-02-17,15:00:00,PARR,B,563,42.9800,0
2026-02-17,09:36:00,VOR,S,1846,12.9300,0
2026-02-17,15:00:00,VOR,B,1846,12.9900,0
2026-02-17,09:57:00,NEXA,S,2181,10.9900,0
2026-02-17,15:00:00,NEXA,B,2181,11.1300,0
2026-02-17,09:59:00,EVTL,B,5517,4.4100,0
2026-02-17,15:00:00,EVTL,S,5517,4.4650,0
2026-02-17,10:03:00,ACHV,B,5693,4.2400,0
2026-02-17,15:00:00,ACHV,S,5693,4.2400,0
2026-02-17,10:06:00,SPIR,B,2631,9.1800,0
2026-02-17,15:00:00,SPIR,S,2631,9.1200,0
2026-02-17,10:08:00,CADL,B,4236,5.7000,0
2026-02-17,15:00:00,CADL,S,4236,5.6300,0
2026-02-18,08:44:00,RXT,B,8149,1.2000,0
2026-02-18,08:50:00,RXT,S,4074,1.2480,0
2026-02-18,08:50:00,RXT,S,4075,1.2780,0
2026-02-18,08:44:00,PINS,B,1521,15.8100,0
2026-02-18,09:18:00,PINS,S,760,16.4424,0
2026-02-18,09:18:00,PINS,S,761,16.3069,0
2026-02-18,08:57:00,MSTX,B,10746,2.2500,0
2026-02-18,09:48:00,MSTX,S,5373,2.3400,0
2026-02-18,09:48:00,MSTX,S,5373,2.3564,0
2026-02-18,10:01:00,PINS,B,1470,16.4950,0
2026-02-18,10:07:00,PINS,S,1470,16.4500,0
2026-02-18,09:00:00,ZSL,S,9926,2.4250,0
2026-02-18,13:30:00,ZSL,B,9926,2.4900,0
2026-02-18,08:41:00,SLV,B,341,70.2600,0
2026-02-18,13:30:00,SLV,S,341,69.4200,0
2026-02-18,14:15:00,MSTX,S,11479,2.1000,0
2026-02-18,14:39:00,MSTX,B,11479,2.1450,0
2026-02-19,08:41:00,FIG,S,855,23.5800,0
2026-02-19,11:10:00,FIG,B,855,26.0050,0
2026-02-19,08:52:00,MSTX,B,11427,2.1400,0
2026-02-19,13:10:00,MSTX,S,5713,2.2256,0
2026-02-19,13:10:00,MSTX,S,5714,2.2086,0
2026-02-19,08:41:00,AAL,S,1763,13.6150,0
2026-02-19,15:00:00,AAL,B,1763,13.3550,0
2026-02-19,08:41:00,OWL,S,2118,11.3750,0
2026-02-19,15:00:00,OWL,B,2118,11.5750,0
2026-02-19,08:56:00,JDST,S,15456,1.5400,0
2026-02-19,15:00:00,JDST,B,15456,1.5050,0
2026-02-20,08:41:00,SLV,B,326,73.6000,0
2026-02-20,09:03:00,SLV,S,326,72.9800,0
2026-02-20,08:41:00,ZSL,S,10932,2.2000,0
2026-02-20,09:03:00,ZSL,B,10932,2.2400,0
2026-02-20,08:56:00,JDST,S,16472,1.4500,0
2026-02-20,09:07:00,JDST,B,16472,1.5000,0
2026-02-20,08:41:00,PINS,B,1420,16.9400,0
2026-02-20,09:14:00,PINS,S,710,17.6176,0
2026-02-20,09:14:00,PINS,S,710,17.5306,0
2026-02-20,09:21:00,OPEN,B,4346,5.5200,0
2026-02-20,10:17:00,OPEN,S,4346,5.1500,0
2026-02-20,08:43:00,ONDS,B,2149,11.2500,0
2026-02-20,10:20:00,ONDS,S,2149,10.8700,0
2026-02-20,08:58:00,OWL,B,2202,10.9200,0
2026-02-20,13:07:00,OWL,S,1101,11.3568,0
2026-02-20,13:07:00,OWL,S,1101,11.4158,0
2026-02-23,08:42:00,COMP,S,2380,9.9400,0
2026-02-23,09:38:00,COMP,B,1190,9.5424,0
2026-02-23,09:38:00,COMP,B,1190,9.5694,0
2026-02-23,08:41:00,NVO,B,582,40.9800,0
2026-02-23,09:45:00,NVO,S,582,39.9800,0
2026-02-23,08:54:00,MSTX,B,10601,2.2700,0
2026-02-23,09:52:00,MSTX,S,10601,2.1900,0
2026-02-23,08:41:00,SLV,B,300,79.3900,0
2026-02-23,09:56:00,SLV,S,300,78.3500,0
2026-02-23,08:46:00,ZSL,S,12824,1.8500,0
2026-02-23,09:56:00,ZSL,B,12824,1.9250,0
2026-02-23,08:56:00,BMNU,B,12296,1.9750,0
2026-02-23,09:56:00,BMNU,S,12296,1.8900,0
2026-02-23,08:57:00,JDST,S,18071,1.3200,0
2026-02-23,10:06:00,JDST,B,18071,1.3700,0
2026-02-23,08:41:00,PYPL,S,584,40.7850,0
2026-02-23,10:27:00,PYPL,B,584,41.2300,0
2026-02-23,09:45:00,COMP,S,2543,9.4150,0
2026-02-23,11:48:00,COMP,B,1271,9.0384,0
2026-02-23,11:48:00,COMP,B,1272,9.1292,0
2026-02-23,08:43:00,NU,S,1382,17.2350,0
2026-02-23,11:57:00,NU,B,691,16.5456,0
2026-02-23,11:57:00,NU,B,691,16.3874,0
2026-02-23,08:41:00,TSLL,S,1600,14.8300,0
2026-02-23,12:03:00,TSLL,B,800,14.2368,0
2026-02-23,12:03:00,TSLL,B,800,14.2983,0
2026-02-23,13:24:00,NU,S,1467,16.1700,0
2026-02-23,13:56:00,NU,B,1467,16.2000,0
2026-02-23,08:41:00,PATH,S,2324,10.2500,0
2026-02-23,15:00:00,PATH,B,2324,10.1700,0
2026-02-23,08:41:00,BTG,B,4233,5.6550,0
2026-02-23,15:00:00,BTG,S,4233,5.7350,0
2026-02-23,08:46:00,DUST,S,6054,3.9000,0
2026-02-23,15:00:00,DUST,B,6054,3.9250,0
2026-02-23,08:55:00,TSDD,B,2587,9.2200,0
2026-02-23,15:00:00,TSDD,S,2587,9.3600,0
2026-02-23,10:04:00,BITO,S,2606,9.0350,0
2026-02-23,15:00:00,BITO,B,2606,8.9100,0
2026-02-24,08:45:00,BTG,B,4174,5.7200,0
2026-02-24,08:46:00,BTG,S,4174,5.6950,0
2026-02-24,08:41:00,IOVA,B,5085,3.6300,0
2026-02-24,08:46:00,IOVA,S,2542,3.7752,0
2026-02-24,08:46:00,IOVA,S,2543,3.7937,0
2026-02-24,08:44:00,WULF,B,1478,16.1200,0
2026-02-24,08:51:00,WULF,S,739,16.7648,0
2026-02-24,08:51:00,WULF,S,739,16.6288,0
2026-02-24,09:16:00,WULF,B,1411,17.0000,0
2026-02-24,09:21:00,WULF,S,1411,16.8800,0
2026-02-24,08:44:00,PYPL,B,544,43.7900,0
2026-02-24,14:32:00,PYPL,S,272,45.5416,0
2026-02-24,14:32:00,PYPL,S,272,45.7121,0
2026-02-24,13:13:00,CLVT,B,10560,2.2800,0
2026-02-24,14:52:00,CLVT,S,5280,2.3712,0
2026-02-24,14:52:00,CLVT,S,5280,2.3672,0
2026-02-24,09:29:00,INTC,B,532,45.1000,0
2026-02-24,15:00:00,INTC,S,532,46.1200,0
2026-02-25,08:41:00,XWEL,B,13550,0.9292,0
2026-02-25,08:42:00,XWEL,S,6775,0.9664,0
2026-02-25,08:42:00,XWEL,S,6775,1.0600,0
2026-02-25,08:42:00,IBIT,S,644,37.5600,0
2026-02-25,08:47:00,IBIT,B,644,37.8600,0
2026-02-25,09:00:00,BMNG,B,15687,1.5500,0
2026-02-25,09:09:00,BMNG,S,15687,1.5300,0
2026-02-25,08:46:00,UWMC,S,5556,4.3700,0
2026-02-25,09:10:00,UWMC,B,2778,4.1952,0
2026-02-25,09:10:00,UWMC,B,2778,4.2309,0
2026-02-25,08:41:00,OWL,S,2289,10.5800,0
2026-02-25,09:14:00,OWL,B,2289,10.8500,0
2026-02-25,09:16:00,UWMC,S,5815,4.1800,0
2026-02-25,09:44:00,UWMC,B,2907,4.0128,0
2026-02-25,09:44:00,UWMC,B,2908,4.0468,0
2026-02-25,08:48:00,BMNU,B,10904,2.2300,0
2026-02-25,09:56:00,BMNU,S,5452,2.3192,0
2026-02-25,09:56:00,BMNU,S,5452,2.3521,0
2026-02-25,08:54:00,MSTX,B,10436,2.3500,0
2026-02-25,11:05:00,MSTX,S,5218,2.4440,0
2026-02-25,11:05:00,MSTX,S,5218,2.4365,0
2026-02-25,08:50:00,BITO,B,2637,9.2300,0
2026-02-25,13:32:00,BITO,S,1318,9.5992,0
2026-02-25,13:32:00,BITO,S,1319,9.5177,0
2026-02-25,08:41:00,NFLX,B,299,80.9900,0
2026-02-25,15:00:00,NFLX,S,299,82.7000,0
2026-02-26,08:41:00,OPEN,B,4832,5.1450,0
2026-02-26,09:01:00,OPEN,S,2416,5.3508,0
2026-02-26,09:01:00,OPEN,S,2416,5.3086,0
2026-02-26,08:41:00,SOXS,B,15180,1.6450,0
2026-02-26,09:03:00,SOXS,S,7590,1.7108,0
2026-02-26,09:03:00,SOXS,S,7590,1.7186,0
2026-02-26,08:45:00,ARRY,S,3213,7.6200,0
2026-02-26,09:06:00,ARRY,B,1606,7.3152,0
2026-02-26,09:06:00,ARRY,B,1607,7.0723,0
2026-02-26,08:46:00,EOSE,S,3583,6.9050,0
2026-02-26,09:06:00,EOSE,B,1791,6.6288,0
2026-02-26,09:06:00,EOSE,B,1792,6.7566,0
2026-02-26,08:45:00,NVD,B,3726,6.6400,0
2026-02-26,09:38:00,NVD,S,1863,6.9056,0
2026-02-26,09:38:00,NVD,S,1863,6.8886,0
2026-02-26,08:46:00,BMNU,S,10805,2.2700,0
2026-02-26,09:39:00,BMNU,B,5402,2.1792,0
2026-02-26,09:39:00,BMNU,B,5403,2.1827,0
2026-02-26,09:16:00,BMNG,S,16332,1.5200,0
2026-02-26,11:04:00,BMNG,B,8166,1.4592,0
2026-02-26,11:04:00,BMNG,B,8166,1.4152,0
2026-02-26,08:57:00,ALBT,S,9957,0.9660,0
2026-02-26,11:54:00,ALBT,B,4978,0.9274,0
2026-02-26,11:54:00,ALBT,B,4979,0.9214,0
2026-02-26,08:46:00,NVDA,S,130,188.8600,0
2026-02-26,15:00:00,NVDA,B,130,184.8600,0
2026-02-26,08:48:00,COMP,B,2509,9.8600,0
2026-02-26,15:00:00,COMP,S,2509,10.0050,0
2026-02-26,09:17:00,NU,S,1630,15.4300,0
2026-02-26,15:00:00,NU,B,1630,15.0600,0
2026-02-26,09:46:00,JDST,S,19346,1.3000,0
2026-02-26,15:00:00,JDST,B,9673,1.2480,0
2026-02-26,15:00:00,JDST,B,9673,1.2100,0
2026-02-27,08:42:00,RUN,S,819,16.0900,0
2026-02-27,08:46:00,RUN,B,409,15.4464,0
2026-02-27,08:46:00,RUN,B,410,15.5709,0
2026-02-27,08:42:00,PSKY,B,2255,11.4500,0
2026-02-27,08:49:00,PSKY,S,1127,11.9080,0
2026-02-27,08:49:00,PSKY,S,1128,11.8005,0
2026-02-27,08:42:00,SLV,S,312,82.5200,0
2026-02-27,08:53:00,SLV,B,312,83.2750,0
2026-02-27,08:56:00,NVD,B,3538,7.3300,0
2026-02-27,09:06:00,NVD,S,3538,7.1900,0
2026-02-27,08:42:00,UVIX,B,4026,6.4400,0
2026-02-27,09:08:00,UVIX,S,4026,6.2900,0
2026-02-27,10:17:00,PSKY,B,2034,12.6900,0
2026-02-27,10:35:00,PSKY,S,1017,13.1976,0
2026-02-27,10:35:00,PSKY,S,1017,13.0981,0
2026-02-27,09:42:00,EOSE,B,3128,6.1800,0
2026-02-27,11:07:00,EOSE,S,1564,6.4272,0
2026-02-27,11:07:00,EOSE,S,1564,6.3882,0
2026-02-27,08:53:00,BMNU,S,13536,1.9100,0
2026-02-27,11:53:00,BMNU,B,6768,1.8336,0
2026-02-27,11:53:00,BMNU,B,6768,1.8391,0
2026-02-27,14:36:00,NFLX,B,269,96.7100,0
2026-02-27,14:46:00,NFLX,S,269,96.1400,0
2026-02-27,08:41:00,KRE,S,377,68.1900,0
2026-02-27,15:00:00,KRE,B,377,66.7400,0
2026-02-27,08:41:00,KEY,S,1216,21.1350,0
2026-02-27,15:00:00,KEY,B,1216,20.7400,0
2026-02-27,08:42:00,SOFI,S,1456,17.7150,0
2026-02-27,15:00:00,SOFI,B,1456,17.7600,0
2026-02-27,08:42:00,TZA,B,4152,6.2400,0
2026-02-27,15:00:00,TZA,S,4152,6.2200,0
2026-02-27,08:47:00,AAL,S,1983,13.0600,0
2026-02-27,15:00:00,AAL,B,1983,13.0850,0
2026-02-27,08:52:00,PLUG,S,14256,1.8200,0
2026-02-27,15:00:00,PLUG,B,14256,1.8000,0
2026-02-27,10:05:00,MARA,S,2772,9.3100,0
2026-02-27,15:00:00,MARA,B,1386,8.9376,0
2026-02-27,15:00:00,MARA,B,1386,8.9300,0
2026-02-27,10:09:00,MSTX,S,11627,2.2200,0
2026-02-27,15:00:00,MSTX,B,11627,2.2500,0
2026-03-02,08:43:00,ONDS,B,2266,11.5800,0
2026-03-02,08:46:00,ONDS,S,1133,12.0432,0
2026-03-02,08:46:00,ONDS,S,1133,11.9642,0
2026-03-02,08:43:00,BMNU,B,13884,1.9200,0
2026-03-02,09:11:00,BMNU,S,6942,1.9968,0
2026-03-02,09:11:00,BMNU,S,6942,2.0808,0
2026-03-02,08:43:00,BMNR,B,1347,19.5700,0
2026-03-02,09:11:00,BMNR,S,673,20.3528,0
2026-03-02,09:11:00,BMNR,S,674,20.4143,0
2026-03-02,08:44:00,MSTX,B,11096,2.4100,0
2026-03-02,09:29:00,MSTX,S,5548,2.5064,0
2026-03-02,09:29:00,MSTX,S,5548,2.4959,0
2026-03-02,08:43:00,ETHA,B,1776,14.7750,0
2026-03-02,09:32:00,ETHA,S,888,15.3660,0
2026-03-02,09:32:00,ETHA,S,888,15.3123,0
2026-03-02,08:43:00,BITO,B,2863,9.1700,0
2026-03-02,09:54:00,BITO,S,1431,9.5368,0
2026-03-02,09:54:00,BITO,S,1432,9.5083,0
2026-03-02,08:43:00,IBIT,B,696,37.7050,0
2026-03-02,09:54:00,IBIT,S,348,39.2132,0
2026-03-02,09:54:00,IBIT,S,348,39.1230,0
2026-03-02,09:33:00,AES,B,1871,14.3300,0
2026-03-02,10:14:00,AES,S,1871,14.2500,0
2026-03-02,08:55:00,SABR,B,12769,1.4850,0
2026-03-02,11:20:00,SABR,S,6384,1.5444,0
2026-03-02,11:20:00,SABR,S,6385,1.5475,0
2026-03-02,08:43:00,NVD,S,3594,7.3000,0
2026-03-02,11:35:00,NVD,B,1797,7.0080,0
2026-03-02,11:35:00,NVD,B,1797,7.0730,0
2026-03-02,10:09:00,ETHA,B,1730,15.6100,0
2026-03-02,11:43:00,ETHA,S,1730,15.4100,0
2026-03-02,10:08:00,BITO,B,2814,9.6000,0
2026-03-02,11:45:00,BITO,S,2814,9.5000,0
2026-03-02,08:41:00,NOK,B,3355,7.8500,0
2026-03-02,12:47:00,NOK,S,1677,8.1640,0
2026-03-02,12:47:00,NOK,S,1678,8.2915,0
2026-03-02,08:44:00,F,S,1948,13.4550,0
2026-03-02,15:00:00,F,B,1948,13.3700,0
2026-03-02,08:56:00,NCLH,S,1202,21.8200,0
2026-03-02,15:00:00,NCLH,B,1202,22.1750,0
2026-03-02,09:26:00,PLTD,S,3434,7.7800,0
2026-03-02,15:00:00,PLTD,B,3434,7.7500,0
2026-03-02,12:09:00,VG,S,2467,11.0100,0
2026-03-02,15:00:00,VG,B,2467,11.3700,0
2026-03-03,08:41:00,UVIX,B,3603,7.5300,0
2026-03-03,09:01:00,UVIX,S,1801,7.8312,0
2026-03-03,09:01:00,UVIX,S,1802,7.7647,0
2026-03-03,09:08:00,TPET,B,5514,1.9950,0
2026-03-03,09:08:00,TPET,S,2757,2.0748,0
2026-03-03,09:08:00,TPET,S,2757,2.0186,0
2026-03-03,08:45:00,MSTX,S,11900,2.2550,0
2026-03-03,09:31:00,MSTX,B,5950,2.1648,0
2026-03-03,09:31:00,MSTX,B,5950,2.1825,0
2026-03-03,08:45:00,BMNU,S,14393,1.8800,0
2026-03-03,09:32:00,BMNU,B,7196,1.8048,0
2026-03-03,09:32:00,BMNU,B,7197,1.8063,0
2026-03-03,08:44:00,EWY,S,209,129.1300,0
2026-03-03,10:17:00,EWY,B,209,131.8800,0
2026-03-03,08:45:00,TZA,B,4104,6.6700,0
2026-03-03,10:18:00,TZA,S,4104,6.5250,0
2026-03-03,10:19:00,MOBX,B,49065,0.5573,0
2026-03-03,10:20:00,MOBX,S,24532,0.5796,0
2026-03-03,10:20:00,MOBX,S,24533,0.5610,0
2026-03-03,08:42:00,BTG,S,4987,5.4300,0
2026-03-03,10:24:00,BTG,B,4987,5.5350,0
2026-03-03,08:43:00,BBD,S,7187,3.7600,0
2026-03-03,10:25:00,BBD,B,7187,3.8050,0
2026-03-03,08:41:00,VALE,S,1723,15.7400,0
2026-03-03,10:53:00,VALE,B,1723,15.9000,0
2026-03-03,08:43:00,ITUB,S,3266,8.2600,0
2026-03-03,12:08:00,ITUB,B,3266,8.3900,0
2026-03-03,13:59:00,PINS,B,1410,19.3200,0
2026-03-03,14:06:00,PINS,S,1410,19.2700,0
2026-03-03,13:21:00,PLUG,B,11646,2.3400,0
2026-03-03,14:14:00,PLUG,S,11646,2.2950,0
2026-03-03,08:41:00,TSLL,S,1942,13.9650,0
2026-03-03,15:00:00,TSLL,B,1942,13.9600,0
2026-03-03,08:41:00,NTLA,S,1904,14.2500,0
2026-03-03,15:00:00,NTLA,B,952,13.6800,0
2026-03-03,15:00:00,NTLA,B,952,13.6000,0
2026-03-03,08:42:00,GDX,S,258,104.8700,0
2026-03-03,15:00:00,GDX,B,258,105.1450,0
2026-03-03,08:44:00,TSDD,B,2814,9.6600,0
2026-03-03,15:00:00,TSDD,S,2814,9.6300,0
2026-03-03,08:45:00,JDST,B,19380,1.4200,0
2026-03-03,15:00:00,JDST,S,19380,1.3900,0
2026-03-03,08:45:00,SOXL,S,507,53.5150,0
2026-03-03,15:00:00,SOXL,B,507,53.4150,0
2026-03-03,08:45:00,SOXS,B,13170,2.0600,0
2026-03-03,15:00:00,SOXS,S,13170,2.0600,0
2026-03-03,10:07:00,INTC,B,632,43.4300,0
2026-03-03,15:00:00,INTC,S,632,43.1200,0
2026-03-04,08:44:00,AIFF,S,10623,1.0850,0
2026-03-04,08:51:00,AIFF,B,5311,1.0416,0
2026-03-04,08:51:00,AIFF,B,5312,1.0209,0
2026-03-04,08:53:00,PLUG,B,11366,2.4000,0
2026-03-04,09:01:00,PLUG,S,11366,2.3550,0
2026-03-04,08:45:00,MSTX,S,10119,2.6700,0
2026-03-04,09:08:00,MSTX,B,10119,2.7900,0
2026-03-04,08:43:00,BITO,S,2749,9.8900,0
2026-03-04,09:20:00,BITO,B,2749,10.0000,0
2026-03-04,08:43:00,ETHA,S,1735,15.6900,0
2026-03-04,09:26:00,ETHA,B,1735,15.9400,0
2026-03-04,08:59:00,INTC,S,629,43.3000,0
2026-03-04,09:26:00,INTC,B,629,44.3500,0
2026-03-04,08:44:00,BMNU,S,12720,2.1200,0
2026-03-04,09:26:00,BMNU,B,12720,2.2200,0
2026-03-04,08:43:00,IBIT,S,669,40.6500,0
2026-03-04,09:26:00,IBIT,B,669,41.1900,0
2026-03-04,08:41:00,SOXS,B,13543,2.0100,0
2026-03-04,09:28:00,SOXS,S,13543,1.9350,0
2026-03-04,08:42:00,BMNR,S,1308,20.8100,0
2026-03-04,09:29:00,BMNR,B,1308,21.4000,0
2026-03-04,08:54:00,NIO,B,5804,4.7050,0
2026-03-04,11:15:00,NIO,S,2902,4.8932,0
2026-03-04,11:15:00,NIO,S,2902,4.8630,0
2026-03-04,09:27:00,BTCZ,S,5415,4.8900,0
2026-03-04,13:24:00,BTCZ,B,2707,4.6944,0
2026-03-04,13:24:00,BTCZ,B,2708,4.7389,0
2026-03-04,09:07:00,TSLG,B,3845,7.0800,0
2026-03-04,15:00:00,TSLG,S,3845,7.2900,0
2026-03-04,09:16:00,MUD,S,6915,3.9000,0
2026-03-04,15:00:00,MUD,B,6915,3.8500,0
2026-03-04,09:17:00,TSLL,B,1840,14.7600,0
2026-03-04,15:00:00,TSLL,S,1840,14.8900,0
2026-03-04,09:17:00,TSDD,S,2975,9.0900,0
2026-03-04,15:00:00,TSDD,B,2975,8.9800,0
2026-03-04,09:30:00,BMNG,B,17402,1.5500,0
2026-03-04,15:00:00,BMNG,S,17402,1.5100,0
2026-03-05,08:42:00,TPET,B,16567,1.1500,0
2026-03-05,08:44:00,TPET,S,8283,1.1960,0
2026-03-05,08:44:00,TPET,S,8284,1.1885,0
2026-03-05,08:46:00,RKT,S,1652,16.3300,0
2026-03-05,08:52:00,RKT,B,1652,16.5100,0
2026-03-05,08:43:00,GXAI,B,5821,2.2400,0
2026-03-05,08:58:00,GXAI,S,2910,2.3296,0
2026-03-05,08:58:00,GXAI,S,2911,2.3476,0
2026-03-05,08:46:00,UVIX,B,3900,6.9700,0
2026-03-05,08:58:00,UVIX,S,3900,6.7100,0
2026-03-05,08:44:00,MSTX,S,9887,2.7200,0
2026-03-05,09:00:00,MSTX,B,9887,2.8000,0
2026-03-05,08:50:00,BMNU,S,12496,2.1400,0
2026-03-05,09:01:00,BMNU,B,12496,2.2200,0
2026-03-05,08:54:00,TZA,S,4249,6.3300,0
2026-03-05,09:24:00,TZA,B,4249,6.4300,0
2026-03-05,09:45:00,TPET,B,20656,1.3000,0
2026-03-05,09:48:00,TPET,S,10328,1.3520,0
2026-03-05,09:48:00,TPET,S,10328,1.3504,0
2026-03-05,08:45:00,TTD,S,859,31.2500,0
2026-03-05,10:03:00,TTD,B,429,30.0000,0
2026-03-05,10:03:00,TTD,B,430,30.1439,0
2026-03-05,08:42:00,PLUG,S,11288,2.3800,0
2026-03-05,10:45:00,PLUG,B,5644,2.2848,0
2026-03-05,10:45:00,PLUG,B,5644,2.2888,0
2026-03-05,08:45:00,VG,B,2297,11.8300,0
2026-03-05,12:51:00,VG,S,1148,12.3032,0
2026-03-05,12:51:00,VG,S,1149,12.3148,0
2026-03-05,08:50:00,AAL,S,2249,11.9750,0
2026-03-05,15:00:00,AAL,B,2249,11.7950,0
2026-03-06,08:48:00,UVIX,B,3107,8.7650,0
2026-03-06,09:00:00,UVIX,S,3107,8.4600,0
2026-03-06,08:56:00,TZA,B,3857,7.0400,0
2026-03-06,09:00:00,TZA,S,3857,6.9600,0
2026-03-06,08:44:00,ONDS,B,2544,10.7000,0
2026-03-06,09:02:00,ONDS,S,1272,11.1280,0
2026-03-06,09:02:00,ONDS,S,1272,11.0830,0
2026-03-06,08:51:00,PLUG,S,12179,2.2100,0
2026-03-06,09:04:00,PLUG,B,12179,2.2750,0
2026-03-06,08:50:00,MOBX,S,14582,0.9446,0
2026-03-06,09:15:00,MOBX,B,7291,0.9068,0
2026-03-06,09:15:00,MOBX,B,7291,0.9257,0
2026-03-06,08:51:00,BMNU,S,15172,1.7800,0
2026-03-06,09:17:00,BMNU,B,15172,1.8550,0
2026-03-06,08:46:00,PBR,S,1573,17.2200,0
2026-03-06,09:55:00,PBR,B,1573,17.6700,0
2026-03-06,09:40:00,TPET,S,6081,2.0150,0
2026-03-06,09:57:00,TPET,B,3040,1.9344,0
2026-03-06,09:57:00,TPET,B,3041,1.9520,0
2026-03-06,09:29:00,PRSO,S,6963,1.5600,0
2026-03-06,10:00:00,PRSO,B,3481,1.4976,0
2026-03-06,10:00:00,PRSO,B,3482,1.5095,0
2026-03-06,09:05:00,IOVA,B,5757,4.7150,0
2026-03-06,10:38:00,IOVA,S,2878,4.9036,0
2026-03-06,10:38:00,IOVA,S,2879,4.9028,0
2026-03-06,08:49:00,MRVL,B,308,88.5200,0
2026-03-06,12:26:00,MRVL,S,154,92.0608,0
2026-03-06,12:26:00,MRVL,S,154,92.4816,0
2026-03-06,09:22:00,AAL,B,2376,11.3550,0
2026-03-06,12:51:00,AAL,S,2376,11.0900,0
2026-03-06,08:54:00,MUD,S,6772,4.0000,0
2026-03-06,13:56:00,MUD,B,6772,4.0650,0
2026-03-06,08:45:00,NVD,S,3790,7.1500,0
2026-03-06,14:08:00,NVD,B,3790,7.2800,0
2026-03-06,08:46:00,SOXL,B,528,51.4600,0
2026-03-06,14:10:00,SOXL,S,528,49.7100,0
2026-03-06,14:10:00,ONDS,S,2658,10.1800,0
2026-03-06,14:42:00,ONDS,B,1329,9.7728,0
2026-03-06,14:42:00,ONDS,B,1329,9.8668,0
2026-03-06,08:52:00,MSTX,S,11483,2.3300,0
2026-03-06,15:00:00,MSTX,B,11483,2.3300,0
2026-03-09,08:45:00,MSTX,B,10870,2.5100,0
2026-03-09,09:07:00,MSTX,S,10870,2.4200,0
2026-03-09,08:44:00,NVD,B,3575,7.5800,0
2026-03-09,09:23:00,NVD,S,3575,7.4100,0
2026-03-09,08:43:00,SOXL,S,598,44.8000,0
2026-03-09,09:23:00,SOXL,B,598,46.6000,0
2026-03-09,08:42:00,UVIX,B,2753,9.8900,0
2026-03-09,09:47:00,UVIX,S,2753,9.4300,0
2026-03-09,09:05:00,MUD,S,6414,4.1900,0
2026-03-09,15:00:00,MUD,B,3207,4.0224,0
2026-03-09,15:00:00,MUD,B,3207,3.9400,0
2026-03-10,09:20:00,HIMZ,S,6041,2.3200,0
2026-03-10,09:45:00,HIMZ,B,3020,2.2272,0
2026-03-10,09:45:00,HIMZ,B,3021,2.2396,0
2026-03-10,08:50:00,WIT,B,11580,2.3400,0
2026-03-10,11:51:00,WIT,S,5790,2.4336,0
2026-03-10,11:51:00,WIT,S,5790,2.5366,0
2026-03-10,09:05:00,NIO,B,4901,5.4700,0
2026-03-10,15:00:00,NIO,S,2450,5.6888,0
2026-03-10,15:00:00,NIO,S,2451,5.6900,0
2026-03-11,08:41:00,NVTS,B,2940,9.2400,0
2026-03-11,08:56:00,NVTS,S,1470,9.6096,0
2026-03-11,08:56:00,NVTS,S,1470,9.6776,0
2026-03-11,08:42:00,HIMZ,B,5713,2.5500,0
2026-03-11,09:17:00,HIMZ,S,2856,2.6520,0
2026-03-11,09:17:00,HIMZ,S,2857,2.6545,0
2026-03-11,09:06:00,NVTS,B,2729,10.0000,0
2026-03-11,09:23:00,NVTS,S,1364,10.4000,0
2026-03-11,09:23:00,NVTS,S,1365,10.3100,0
2026-03-11,08:52:00,WIT,B,10986,2.4750,0
2026-03-11,09:48:00,WIT,S,10986,2.4150,0
2026-03-11,08:48:00,KOS,B,13775,1.9700,0
2026-03-11,13:45:00,KOS,S,6887,2.0488,0
2026-03-11,13:45:00,KOS,S,6888,2.0295,0
2026-03-11,08:43:00,PATH,S,2264,11.9250,0
2026-03-11,14:48:00,PATH,B,2264,12.2400,0
2026-03-11,08:41:00,PBR,B,1450,18.7200,0
2026-03-11,15:00:00,PBR,S,1450,18.9950,0
2026-03-12,08:41:00,TZA,S,3841,7.1200,0
2026-03-12,08:47:00,TZA,B,3841,7.2300,0
2026-03-12,08:42:00,SOXL,S,518,52.8300,0
2026-03-12,09:00:00,SOXL,B,259,50.7168,0
2026-03-12,09:00:00,SOXL,B,259,51.0083,0
2026-03-12,08:57:00,BBD,S,7464,3.6800,0
2026-03-12,09:00:00,BBD,B,7464,3.7100,0
2026-03-12,08:45:00,HIMZ,S,8599,2.7000,0
2026-03-12,09:00:00,HIMZ,B,4299,2.5920,0
2026-03-12,09:00:00,HIMZ,B,4300,2.6420,0
2026-03-12,08:41:00,PATH,B,2431,11.3900,0
2026-03-12,09:16:00,PATH,S,1215,11.8456,0
2026-03-12,09:16:00,PATH,S,1216,11.7811,0
2026-03-12,08:47:00,BMNU,S,13094,2.0700,0
2026-03-12,09:46:00,BMNU,B,6547,1.9872,0
2026-03-12,09:46:00,BMNU,B,6547,1.9968,0
2026-03-12,08:53:00,KOS,B,13032,2.1250,0
2026-03-12,09:51:00,KOS,S,6516,2.2100,0
2026-03-12,09:51:00,KOS,S,6516,2.2188,0
2026-03-12,08:47:00,TSLL,S,1866,14.6200,0
2026-03-12,10:24:00,TSLL,B,933,14.0352,0
2026-03-12,10:24:00,TSLL,B,933,14.1762,0
2026-03-12,10:20:00,KOS,B,12425,2.2450,0
2026-03-12,10:34:00,KOS,S,12425,2.2200,0
2026-03-12,08:41:00,PINS,S,1454,18.8500,0
2026-03-12,15:00:00,PINS,B,727,18.0960,0
2026-03-12,15:00:00,PINS,B,727,18.1000,0
2026-03-12,08:42:00,CCL,S,1111,24.6200,0
2026-03-12,15:00:00,CCL,B,1111,23.9200,0
2026-03-12,08:42:00,INTC,S,587,46.6900,0
2026-03-12,15:00:00,INTC,B,587,45.2500,0
2026-03-12,08:46:00,TQQQ,S,571,47.8500,0
2026-03-12,15:00:00,TQQQ,B,571,46.8000,0
2026-03-12,08:47:00,TSDD,B,3025,9.1300,0
2026-03-12,15:00:00,TSDD,S,3025,9.4400,0
2026-03-12,08:47:00,TSLG,S,3814,7.1150,0
2026-03-12,15:00:00,TSLG,B,3814,6.8700,0
2026-03-12,09:33:00,SOXL,S,547,50.4800,0
2026-03-12,15:00:00,SOXL,B,547,50.3300,0
2026-03-12,14:41:00,HIMZ,S,11950,2.3300,0
2026-03-12,15:00:00,HIMZ,B,11950,2.3100,0
2026-03-13,08:43:00,BIAF,B,5912,2.1800,0
2026-03-13,08:43:00,BIAF,S,2956,2.2672,0
2026-03-13,08:43:00,BIAF,S,2956,2.3682,0
2026-03-13,08:51:00,BIAF,B,11890,2.4000,0
2026-03-13,09:13:00,BIAF,S,5945,2.4960,0
2026-03-13,09:13:00,BIAF,S,5945,2.5855,0
2026-03-13,08:51:00,MARA,B,3042,9.3800,0
2026-03-13,09:36:00,MARA,S,1521,9.7552,0
2026-03-13,09:36:00,MARA,S,1521,9.8012,0
2026-03-13,09:39:00,MARA,B,2913,9.8950,0
2026-03-13,09:42:00,MARA,S,2913,9.8000,0
2026-03-13,08:44:00,HIMZ,B,12092,2.4100,0
2026-03-13,09:52:00,HIMZ,S,12092,2.2700,0
2026-03-13,08:41:00,NIO,B,4914,5.8500,0
2026-03-13,15:00:00,NIO,S,4914,5.8600,0
2026-03-16,08:42:00,CTMX,B,2810,6.8900,0
2026-03-16,08:46:00,CTMX,S,1405,7.1656,0
2026-03-16,08:46:00,CTMX,S,1405,7.1811,0
2026-03-16,08:41:00,ETHA,B,1646,17.3900,0
2026-03-16,08:53:00,ETHA,S,1646,17.2000,0
2026-03-16,08:52:00,MSTX,S,10441,2.7200,0
2026-03-16,09:02:00,MSTX,B,10441,2.7900,0
2026-03-16,08:43:00,NOK,B,3388,8.4500,0
2026-03-16,14:05:00,NOK,S,1694,8.7880,0
2026-03-16,14:05:00,NOK,S,1694,8.7355,0
2026-03-16,08:56:00,CPNG,B,1429,20.0750,0
2026-03-16,15:00:00,CPNG,S,1429,20.4700,0
2026-03-16,09:02:00,BMNR,B,1243,23.0700,0
2026-03-16,15:00:00,BMNR,S,1243,23.3800,0
2026-03-16,09:03:00,BMNU,B,11398,2.5250,0
2026-03-16,15:00:00,BMNU,S,11398,2.5700,0
2026-03-16,09:07:00,BMNG,B,16537,1.7300,0
2026-03-16,15:00:00,BMNG,S,16537,1.7700,0
2026-03-17,08:42:00,RIG,S,4591,6.2950,0
2026-03-17,08:52:00,RIG,B,4591,6.3400,0
2026-03-17,08:43:00,TME,B,2236,12.9350,0
2026-03-17,09:38:00,TME,S,2236,12.2600,0
2026-03-17,09:03:00,NFE,B,25580,1.1400,0
2026-03-17,11:50:00,NFE,S,12790,1.1856,0
2026-03-17,11:50:00,NFE,S,12790,1.2336,0
2026-03-17,08:44:00,ONDS,B,2721,10.6900,0
2026-03-17,13:21:00,ONDS,S,1360,11.1176,0
2026-03-17,13:21:00,ONDS,S,1361,11.0531,0
2026-03-17,08:45:00,NBIS,S,246,117.3200,0
2026-03-17,15:00:00,NBIS,B,246,116.2750,0
2026-03-18,08:54:00,AIM,S,5284,1.1100,0
2026-03-18,08:56:00,AIM,B,2642,1.0656,0
2026-03-18,08:56:00,AIM,B,2642,1.0661,0
2026-03-18,08:52:00,BMNG,B,17832,1.6300,0
2026-03-18,09:30:00,BMNG,S,17832,1.5800,0
2026-03-18,08:45:00,UVIX,B,3688,7.8800,0
2026-03-18,09:33:00,UVIX,S,1844,8.1952,0
2026-03-18,09:33:00,UVIX,S,1844,8.2057,0
2026-03-18,08:47:00,BMNU,B,12342,2.3800,0
2026-03-18,09:40:00,BMNU,S,12342,2.2750,0
2026-03-18,08:43:00,VG,S,2197,13.2250,0
2026-03-18,10:15:00,VG,B,2197,13.5000,0
2026-03-18,08:53:00,IAUX,S,19908,1.4550,0
2026-03-18,11:46:00,IAUX,B,9954,1.3968,0
2026-03-18,11:46:00,IAUX,B,9954,1.3546,0
2026-03-18,09:14:00,MSTX,S,10895,2.6500,0
2026-03-18,11:46:00,MSTX,B,5447,2.5440,0
2026-03-18,11:46:00,MSTX,B,5448,2.5565,0
2026-03-18,08:57:00,GDX,S,327,88.7300,0
2026-03-18,15:00:00,GDX,B,327,88.1400,0
2026-03-18,13:40:00,UVIX,B,3475,8.4000,0
2026-03-18,15:00:00,UVIX,S,3475,8.6100,0
2026-03-19,08:41:00,GDX,S,363,80.4050,0
2026-03-19,09:00:00,GDX,B,363,82.1600,0
2026-03-19,08:42:00,UVIX,S,3159,9.2500,0
2026-03-19,09:00:00,UVIX,B,1579,8.8800,0
2026-03-19,09:00:00,UVIX,B,1580,8.9325,0
2026-03-19,08:41:00,KOS,B,10908,2.6900,0
2026-03-19,09:17:00,KOS,S,5454,2.7976,0
2026-03-19,09:17:00,KOS,S,5454,2.7731,0
2026-03-19,09:51:00,UVIX,S,3391,8.6800,0
2026-03-19,13:28:00,UVIX,B,1695,8.3328,0
2026-03-19,13:28:00,UVIX,B,1696,8.2768,0
2026-03-19,08:53:00,TSLG,B,4554,6.4500,0
2026-03-19,13:48:00,TSLG,S,4554,6.3250,0
2026-03-19,14:00:00,KOS,B,9985,2.9550,0
2026-03-19,14:09:00,KOS,S,9985,2.9150,0
2026-03-19,08:41:00,BTG,S,7074,4.1300,0
2026-03-19,15:00:00,BTG,B,7074,4.2100,0
2026-03-19,13:49:00,TSDD,B,2898,10.2100,0
2026-03-19,15:00:00,TSDD,S,2898,10.1600,0
2026-03-19,13:49:00,TSLL,S,2281,12.8900,0
2026-03-19,15:00:00,TSLL,B,2281,12.9700,0
2026-03-20,08:42:00,VG,B,1939,15.3000,0
2026-03-20,10:40:00,VG,S,969,15.9120,0
2026-03-20,10:40:00,VG,S,970,15.7670,0
2026-03-20,08:44:00,SMCI,B,1282,23.0200,0
2026-03-20,11:52:00,SMCI,S,1282,21.8500,0
2026-03-20,09:09:00,PLUG,S,12266,2.3850,0
2026-03-20,12:55:00,PLUG,B,6133,2.2896,0
2026-03-20,12:55:00,PLUG,B,6133,2.3038,0
2026-03-20,08:41:00,RKT,S,2063,14.2200,0
2026-03-20,14:15:00,RKT,B,1031,13.6512,0
2026-03-20,14:15:00,RKT,B,1032,13.5822,0
2026-03-20,08:52:00,DNN,S,8454,3.4500,0
2026-03-20,14:31:00,DNN,B,4227,3.3120,0
2026-03-20,14:31:00,DNN,B,4227,3.3095,0
2026-03-20,08:50:00,BTG,S,7070,4.1300,0
2026-03-20,14:39:00,BTG,B,3535,3.9648,0
2026-03-20,14:39:00,BTG,B,3535,3.9213,0
2026-03-20,08:41:00,AGNC,S,2884,10.1750,0
2026-03-20,14:39:00,AGNC,B,1442,9.7680,0
2026-03-20,14:39:00,AGNC,B,1442,9.8418,0
2026-03-20,08:51:00,TQQQ,S,658,44.5300,0
2026-03-20,14:44:00,TQQQ,B,329,42.7488,0
2026-03-20,14:44:00,TQQQ,B,329,42.7453,0
2026-03-20,08:54:00,NVD,B,3922,7.5000,0
2026-03-20,14:45:00,NVD,S,1961,7.8000,0
2026-03-20,14:45:00,NVD,S,1961,7.8350,0
2026-03-20,08:58:00,TZA,B,3959,7.4400,0
2026-03-20,14:52:00,TZA,S,1979,7.7376,0
2026-03-20,14:52:00,TZA,S,1980,7.7956,0
2026-03-20,08:52:00,TSLL,S,2351,12.4750,0
2026-03-20,14:53:00,TSLL,B,1175,11.9760,0
2026-03-20,14:53:00,TSLL,B,1176,12.0048,0
2026-03-20,08:53:00,TSDD,B,2789,10.5500,0
2026-03-20,14:54:00,TSDD,S,1394,10.9720,0
2026-03-20,14:54:00,TSDD,S,1395,10.8945,0
2026-03-20,08:54:00,TSLG,S,4816,6.0700,0
2026-03-20,14:54:00,TSLG,B,2408,5.8272,0
2026-03-20,14:54:00,TSLG,B,2408,5.8707,0
2026-03-20,08:44:00,NIO,S,5149,5.7050,0
2026-03-20,15:00:00,NIO,B,2574,5.4768,0
2026-03-20,15:00:00,NIO,B,2575,5.4400,0
2026-03-23,08:44:00,OPEN,B,6052,5.0900,0
2026-03-23,09:27:00,OPEN,S,3026,5.2936,0
2026-03-23,09:27:00,OPEN,S,3026,5.2541,0
2026-03-23,08:46:00,ONDS,S,3050,10.0550,0
2026-03-23,09:29:00,ONDS,B,3050,10.2900,0
2026-03-23,08:42:00,TZA,S,4282,7.1400,0
2026-03-23,10:20:00,TZA,B,2141,6.8544,0
2026-03-23,10:20:00,TZA,B,2141,6.9214,0
2026-03-23,08:59:00,PLTD,S,4373,7.0300,0
2026-03-23,10:59:00,PLTD,B,4373,7.1700,0
2026-03-23,08:41:00,NU,B,2138,14.3850,0
2026-03-23,15:00:00,NU,S,2138,14.6850,0
2026-03-23,08:41:00,TSLL,B,2387,12.8800,0
2026-03-23,15:00:00,TSLL,S,2387,12.9700,0
2026-03-23,08:42:00,TSDD,S,3032,10.0600,0
2026-03-23,15:00:00,TSDD,B,3032,10.0600,0
2026-03-23,08:50:00,FCX,B,564,54.4900,0
2026-03-23,15:00:00,FCX,S,564,54.9550,0
2026-03-23,08:53:00,NIO,B,5413,5.6800,0
2026-03-23,15:00:00,NIO,S,5413,5.8200,0
2026-03-24,08:43:00,IBRX,S,4049,7.6600,0
2026-03-24,08:44:00,IBRX,B,2024,7.3536,0
2026-03-24,08:44:00,IBRX,B,2025,7.0266,0
2026-03-24,08:46:00,FEED,S,6935,2.0000,0
2026-03-24,09:20:00,FEED,B,3467,1.9200,0
2026-03-24,09:20:00,FEED,B,3468,2.0000,0
2026-03-24,08:56:00,TTD,S,1332,23.4300,0
2026-03-24,10:25:00,TTD,B,666,22.4928,0
2026-03-24,10:25:00,TTD,B,666,22.6143,0
2026-03-24,08:48:00,HPE,B,1397,22.3500,0
2026-03-24,11:05:00,HPE,S,698,23.2440,0
2026-03-24,11:05:00,HPE,S,699,23.2065,0
2026-03-24,08:51:00,BMNG,S,21979,1.4050,0
2026-03-24,13:00:00,BMNG,B,10989,1.3488,0
2026-03-24,13:00:00,BMNG,B,10990,1.3440,0
2026-03-24,13:32:00,HPE,B,1337,23.6300,0
2026-03-24,14:16:00,HPE,S,1337,23.5850,0
2026-03-25,08:51:00,INTC,S,691,45.6800,0
2026-03-25,09:16:00,INTC,B,691,46.5950,0
2026-03-25,10:10:00,JBLU,S,7377,4.2700,0
2026-03-25,11:31:00,JBLU,B,7377,4.4050,0
2026-03-25,08:43:00,HPE,B,1239,25.5050,0
2026-03-25,15:00:00,HPE,S,1239,25.7900,0
2026-03-25,09:13:00,AMDD,S,3755,8.4100,0
2026-03-25,15:00:00,AMDD,B,3755,8.3300,0
2026-03-25,09:21:00,TERN,B,599,52.6750,0
2026-03-25,15:00:00,TERN,S,599,52.8700,0
2026-03-26,08:46:00,BMNG,B,23695,1.3500,0
2026-03-26,09:11:00,BMNG,S,23695,1.3100,0
2026-03-26,08:48:00,BMNU,B,16329,1.9500,0
2026-03-26,09:13:00,BMNU,S,16329,1.8900,0
2026-03-26,08:46:00,SNAP,B,7106,4.4500,0
2026-03-26,09:42:00,SNAP,S,7106,4.3800,0
2026-03-26,08:44:00,TSLL,B,2429,12.9700,0
2026-03-26,09:52:00,TSLL,S,2429,12.7500,0
2026-03-26,08:45:00,TQQQ,B,729,43.2300,0
2026-03-26,09:55:00,TQQQ,S,729,42.7500,0
2026-03-26,08:46:00,TZA,S,4531,6.8700,0
2026-03-26,11:28:00,TZA,B,4531,7.0100,0
2026-03-26,08:42:00,SOXL,S,590,53.0150,0
2026-03-26,12:12:00,SOXL,B,295,50.8944,0
2026-03-26,12:12:00,SOXL,B,295,51.0602,0
2026-03-26,08:42:00,SOXS,B,821,38.6150,0
2026-03-26,12:13:00,SOXS,S,410,40.1596,0
2026-03-26,12:13:00,SOXS,S,411,39.8239,0
2026-03-26,08:42:00,INTC,S,688,45.5800,0
2026-03-26,15:00:00,INTC,B,688,44.1000,0
2026-03-26,09:11:00,NVD,B,4139,7.6000,0
2026-03-26,15:00:00,NVD,S,2069,7.9040,0
2026-03-26,15:00:00,NVD,S,2070,7.9100,0
2026-03-26,14:31:00,SOXL,S,634,49.4400,0
2026-03-26,15:00:00,SOXL,B,634,49.1900,0
2026-03-26,14:31:00,SOXS,B,766,40.9000,0
2026-03-26,15:00:00,SOXS,S,766,41.2300,0
2026-03-27,08:41:00,TSLL,S,2707,11.6800,0
2026-03-27,08:45:00,TSLL,B,2707,11.7700,0
2026-03-27,08:47:00,TZA,S,4364,7.2300,0
2026-03-27,08:52:00,TZA,B,4364,7.3200,0
2026-03-27,08:53:00,BMNU,S,19244,1.6200,0
2026-03-27,09:50:00,BMNU,B,9622,1.5552,0
2026-03-27,09:50:00,BMNU,B,9622,1.5662,0
2026-03-27,09:20:00,BMNG,S,28691,1.1000,0
2026-03-27,10:52:00,BMNG,B,28691,1.1200,0
2026-03-27,08:50:00,U,S,1673,18.8800,0
2026-03-27,15:00:00,U,B,1673,19.4500,0
2026-03-27,08:52:00,BMNR,S,1669,18.8800,0
2026-03-27,15:00:00,BMNR,B,1669,18.4100,0
2026-03-27,08:54:00,TQQQ,S,789,39.9250,0
2026-03-27,15:00:00,TQQQ,B,789,38.6800,0
2026-03-27,08:55:00,TSDD,B,2874,11.0300,0
2026-03-27,15:00:00,TSDD,S,2874,11.0900,0
2026-03-30,08:51:00,CRWG,S,14095,2.0700,0
2026-03-30,09:00:00,CRWG,B,7047,1.9872,0
2026-03-30,09:00:00,CRWG,B,7048,2.0007,0
2026-03-30,08:41:00,SOXL,S,696,45.0200,0
2026-03-30,09:00:00,SOXL,B,348,43.2192,0
2026-03-30,09:00:00,SOXL,B,348,43.6002,0
2026-03-30,08:41:00,SOXS,B,718,44.6250,0
2026-03-30,09:35:00,SOXS,S,359,46.4100,0
2026-03-30,09:35:00,SOXS,S,359,46.3238,0
2026-03-30,09:20:00,CRWG,S,16128,1.9750,0
2026-03-30,09:46:00,CRWG,B,8064,1.8960,0
2026-03-30,09:46:00,CRWG,B,8064,1.9030,0
2026-03-30,08:45:00,FRMI,S,6677,4.7150,0
2026-03-30,09:48:00,FRMI,B,6677,5.0850,0
2026-03-30,09:41:00,SOXL,S,753,42.5500,0
2026-03-30,10:00:00,SOXL,B,753,43.1600,0
2026-03-30,08:46:00,BSX,S,493,64.1800,0
2026-03-30,10:54:00,BSX,B,246,61.6128,0
2026-03-30,10:54:00,BSX,B,247,61.8868,0
2026-03-30,14:05:00,SOXS,B,653,49.0150,0
2026-03-30,14:55:00,SOXS,S,653,48.7500,0
2026-03-31,08:55:00,TSLG,B,5544,5.7900,0
2026-03-31,09:07:00,TSLG,S,5544,5.7050,0
2026-03-31,08:43:00,TZA,S,4308,7.4200,0
2026-03-31,09:48:00,TZA,B,4308,7.5100,0
2026-03-31,08:44:00,SNAP,B,7746,4.1450,0
2026-03-31,09:50:00,SNAP,S,3873,4.3108,0
2026-03-31,09:50:00,SNAP,S,3873,4.4785,0
2026-03-31,09:15:00,BMNU,B,19942,1.6200,0
2026-03-31,09:51:00,BMNU,S,19942,1.5600,0
2026-03-31,08:42:00,TQQQ,B,810,39.4500,0
2026-03-31,09:55:00,TQQQ,S,810,39.1150,0
2026-03-31,08:42:00,TSDD,S,2934,10.9000,0
2026-03-31,09:56:00,TSDD,B,2934,11.0500,0
2026-03-31,08:41:00,NIO,B,5702,5.6200,0
2026-03-31,10:01:00,NIO,S,2851,5.8448,0
2026-03-31,10:01:00,NIO,S,2851,5.9288,0
2026-03-31,10:23:00,NIO,B,5321,6.0300,0
2026-03-31,10:27:00,NIO,S,5321,5.9800,0
2026-03-31,08:50:00,SOXL,B,733,43.7900,0
2026-03-31,11:40:00,SOXL,S,366,45.5416,0
2026-03-31,11:40:00,SOXL,S,367,45.1421,0
2026-03-31,08:41:00,CDE,B,1864,17.1700,0
2026-03-31,11:42:00,CDE,S,932,17.8568,0
2026-03-31,11:42:00,CDE,S,932,17.9883,0
2026-03-31,08:49:00,RKT,B,2314,13.8250,0
2026-03-31,11:44:00,RKT,S,1157,14.3780,0
2026-03-31,11:44:00,RKT,S,1157,14.2968,0
2026-03-31,08:50:00,NVD,S,3934,8.1100,0
2026-03-31,11:49:00,NVD,B,1967,7.7856,0
2026-03-31,11:49:00,NVD,B,1967,7.7111,0
2026-03-31,08:41:00,VG,B,1988,16.1100,0
2026-03-31,12:07:00,VG,S,1988,15.6050,0
2026-03-31,08:41:00,TSLL,B,2731,11.7400,0
2026-03-31,12:25:00,TSLL,S,1365,12.2096,0
2026-03-31,12:25:00,TSLL,S,1366,12.0926,0
2026-03-31,08:55:00,PLTD,S,4070,7.8300,0
2026-03-31,12:38:00,PLTD,B,2035,7.5168,0
2026-03-31,12:38:00,PLTD,B,2035,7.4983,0
2026-03-31,13:50:00,LUMN,B,4746,6.9150,0
2026-03-31,14:33:00,LUMN,S,4746,6.8650,0
2026-03-31,08:41:00,NVDA,B,189,168.7200,0
2026-03-31,15:00:00,NVDA,S,189,174.4100,0
2026-03-31,08:42:00,NU,B,2314,13.8350,0
2026-03-31,15:00:00,NU,S,1157,14.3884,0
2026-03-31,15:00:00,NU,S,1157,14.3800,0
2026-03-31,08:52:00,INTC,B,759,42.1050,0
2026-03-31,15:00:00,INTC,S,379,43.7892,0
2026-03-31,15:00:00,INTC,S,380,44.1300,0
2026-03-31,13:14:00,CDE,B,1764,18.5250,0
2026-03-31,15:00:00,CDE,S,1764,18.7800,0
2026-03-31,13:51:00,SOXL,B,692,47.4150,0
2026-03-31,15:00:00,SOXL,S,692,47.8900,0
2026-03-31,14:11:00,NVD,S,4324,7.5900,0
2026-03-31,15:00:00,NVD,B,4324,7.5600,0
2026-04-01,08:41:00,CYCN,B,2488,7.3500,0
2026-04-01,08:46:00,CYCN,S,1244,7.6440,0
2026-04-01,08:46:00,CYCN,S,1244,7.7965,0
2026-04-01,08:54:00,TSLG,S,5438,6.0900,0
2026-04-01,09:22:00,TSLG,B,5438,6.1800,0
2026-04-01,08:44:00,TSLL,S,2676,12.3500,0
2026-04-01,09:30:00,TSLL,B,2676,12.6050,0
2026-04-01,08:49:00,SNAP,S,7176,4.6200,0
2026-04-01,09:41:00,SNAP,B,7176,4.7650,0
2026-04-01,08:54:00,VG,S,2204,15.0600,0
2026-04-01,12:33:00,VG,B,1102,14.4576,0
2026-04-01,12:33:00,VG,B,1102,14.3756,0
2026-04-01,09:16:00,SVC,B,27688,1.2050,0
2026-04-01,14:56:00,SVC,S,27688,1.1750,0
2026-04-01,08:42:00,NKE,S,723,45.7850,0
2026-04-01,15:00:00,NKE,B,723,44.6250,0
2026-04-01,08:50:00,INTC,B,704,47.1300,0
2026-04-01,15:00:00,INTC,S,704,48.0200,0
2026-04-01,09:43:00,BTG,B,6992,4.7250,0
2026-04-01,15:00:00,BTG,S,6992,4.8400,0
2026-04-02,08:42:00,TSDD,S,3131,10.6300,0
2026-04-02,09:02:00,TSDD,B,3131,10.8050,0
2026-04-02,08:42:00,TSLL,B,2816,11.8250,0
2026-04-02,09:02:00,TSLL,S,2816,11.5950,0
2026-04-02,08:48:00,SNAP,S,7090,4.6950,0
2026-04-02,09:36:00,SNAP,B,7090,4.8050,0
2026-04-02,08:45:00,PLUG,B,14730,2.2700,0
2026-04-02,09:41:00,PLUG,S,7365,2.3608,0
2026-04-02,09:41:00,PLUG,S,7365,2.3773,0
2026-04-02,08:50:00,COCP,S,5548,1.5100,0
2026-04-02,09:50:00,COCP,B,2774,1.4496,0
2026-04-02,09:50:00,COCP,B,2774,1.4564,0
2026-04-02,10:05:00,PLUG,B,13804,2.4150,0
2026-04-02,10:21:00,PLUG,S,13804,2.3850,0
2026-04-02,09:14:00,TSLG,B,5689,5.8500,0
2026-04-02,11:31:00,TSLG,S,5689,5.7100,0
2026-04-02,09:01:00,SVC,S,28093,1.1850,0
2026-04-02,13:03:00,SVC,B,28093,1.2200,0
2026-04-02,08:47:00,NOK,B,4094,8.1500,0
2026-04-02,14:03:00,NOK,S,2047,8.4760,0
2026-04-02,14:03:00,NOK,S,2047,8.7135,0
2026-04-06,08:45:00,EVTL,S,13905,2.3800,0
2026-04-06,08:52:00,EVTL,B,13905,2.4300,0
2026-04-06,09:15:00,MRLN,S,2947,7.3700,0
2026-04-06,09:48:00,MRLN,B,1473,7.0752,0
2026-04-06,09:48:00,MRLN,B,1474,7.1237,0
2026-04-06,09:21:00,CADL,B,6452,5.1550,0
2026-04-06,10:02:00,CADL,S,6452,5.1150,0
2026-04-06,09:19:00,ACHV,S,10363,3.1700,0
2026-04-06,10:03:00,ACHV,B,10363,3.2700,0
2026-04-06,09:13:00,RPAY,S,12706,2.6050,0
2026-04-06,10:17:00,RPAY,B,12706,2.6600,0
2026-04-06,09:25:00,SPIR,S,2091,15.6700,0
2026-04-06,11:01:00,SPIR,B,1045,15.0432,0
2026-04-06,11:01:00,SPIR,B,1046,15.1830,0
2026-04-06,10:53:00,MRLN,S,4696,7.0350,0
2026-04-06,11:02:00,MRLN,B,4696,7.1600,0
2026-04-06,10:13:00,FRMM,S,12321,2.5200,0
2026-04-06,11:21:00,FRMM,B,6160,2.4192,0
2026-04-06,11:21:00,FRMM,B,6161,2.3402,0
2026-04-06,09:08:00,VOR,S,1916,17.2200,0
2026-04-06,12:18:00,VOR,B,958,16.5312,0
2026-04-06,12:18:00,VOR,B,958,16.5822,0
2026-04-06,08:45:00,CRML,S,3970,8.3000,0
2026-04-06,15:00:00,CRML,B,3970,8.1050,0
2026-04-06,09:05:00,IMAX,S,829,39.7500,0
2026-04-06,15:00:00,IMAX,B,829,39.3300,0
2026-04-06,09:22:00,NN,S,2000,16.5800,0
2026-04-06,15:00:00,NN,B,2000,16.6200,0
2026-04-06,09:23:00,GRPN,B,2792,11.9100,0
2026-04-06,15:00:00,GRPN,S,2792,12.0600,0
2026-04-06,09:33:00,NKTX,B,13721,2.4200,0
2026-04-06,15:00:00,NKTX,S,13721,2.3550,0
2026-04-06,09:52:00,LGN,S,599,54.8800,0
2026-04-06,15:00:00,LGN,B,599,55.0650,0
2026-04-06,10:13:00,SHMD,S,6609,5.0100,0
2026-04-06,15:00:00,SHMD,B,6609,5.1400,0
2026-04-06,11:18:00,XNDU,S,4140,7.9700,0
2026-04-06,15:00:00,XNDU,B,4140,8.1100,0
2026-04-06,13:38:00,CAR,B,165,201.6300,0
2026-04-06,15:00:00,CAR,S,82,209.6952,0
2026-04-06,15:00:00,CAR,S,83,212.5650,0
2026-04-06,14:23:00,OPTX,S,3732,8.8900,0
2026-04-06,15:00:00,OPTX,B,3732,9.1300,0
2026-04-07,08:41:00,CETX,S,13348,1.5350,0
2026-04-07,08:44:00,CETX,B,6674,1.4736,0
2026-04-07,08:44:00,CETX,B,6674,1.4504,0
2026-04-07,08:51:00,AIXI,S,14371,0.9749,0
2026-04-07,08:51:00,AIXI,B,7185,0.9359,0
2026-04-07,08:51:00,AIXI,B,7186,0.9380,0
2026-04-07,09:51:00,AIXI,B,12770,1.5500,0
2026-04-07,09:56:00,AIXI,S,6385,1.6120,0
2026-04-07,09:56:00,AIXI,S,6385,1.5582,0
2026-04-07,08:46:00,PLUG,S,12997,2.5750,0
2026-04-07,10:28:00,PLUG,B,6498,2.4720,0
2026-04-07,10:28:00,PLUG,B,6499,2.4907,0
2026-04-08,08:44:00,OMEX,B,7926,2.0800,0
2026-04-08,08:55:00,OMEX,S,7926,1.7400,0
2026-04-08,08:43:00,BMNU,S,16314,2.0600,0
2026-04-08,10:00:00,BMNU,B,8157,1.9776,0
2026-04-08,10:00:00,BMNU,B,8157,1.9206,0
2026-04-08,09:00:00,BMNG,S,23370,1.4100,0
2026-04-08,10:01:00,BMNG,B,11685,1.3536,0
2026-04-08,10:01:00,BMNG,B,11685,1.3341,0
2026-04-08,08:42:00,WULF,S,1924,17.4300,0
2026-04-08,11:50:00,WULF,B,1924,18.0600,0
2026-04-08,08:43:00,INTC,B,600,56.0900,0
2026-04-08,13:33:00,INTC,S,300,58.3336,0
2026-04-08,13:33:00,INTC,S,300,58.6091,0
2026-04-08,08:41:00,AAL,S,2832,11.8750,0
2026-04-08,15:00:00,AAL,B,1416,11.4000,0
2026-04-08,15:00:00,AAL,B,1416,11.4200,0
2026-04-08,08:41:00,PLUG,S,12809,2.6250,0
2026-04-08,15:00:00,PLUG,B,12809,2.6500,0
2026-04-08,08:42:00,EEM,S,555,60.6050,0
2026-04-08,15:00:00,EEM,B,555,60.4500,0
2026-04-08,08:42:00,NOK,B,3648,9.2550,0
2026-04-08,15:00:00,NOK,S,3648,9.4400,0
2026-04-08,08:45:00,VG,B,2450,13.7500,0
2026-04-08,15:00:00,VG,S,1225,14.3000,0
2026-04-08,15:00:00,VG,S,1225,14.4350,0
2026-04-08,08:47:00,F,B,2792,12.1050,0
2026-04-08,15:00:00,F,S,2792,12.2000,0
2026-04-08,08:52:00,COMP,B,4485,7.5200,0
2026-04-08,15:00:00,COMP,S,4485,7.4500,0
2026-04-08,08:54:00,TZA,B,5624,6.0100,0
2026-04-08,15:00:00,TZA,S,5624,6.0450,0
2026-04-08,09:02:00,PLTD,B,4546,7.4500,0
2026-04-08,15:00:00,PLTD,S,2273,7.7480,0
2026-04-08,15:00:00,PLTD,S,2273,7.7800,0
2026-04-08,09:39:00,CCL,S,1184,28.2400,0
2026-04-08,15:00:00,CCL,B,1184,28.0300,0
2026-04-09,08:44:00,EOSE,B,6524,5.2550,0
2026-04-09,09:09:00,EOSE,S,3262,5.4652,0
2026-04-09,09:09:00,EOSE,S,3262,5.4275,0
2026-04-09,09:23:00,ONCO,B,12538,1.7700,0
2026-04-09,09:25:00,ONCO,S,6269,1.8408,0
2026-04-09,09:25:00,ONCO,S,6269,1.8470,0
2026-04-09,09:37:00,ONCO,B,13829,2.1000,0
2026-04-09,09:42:00,ONCO,S,6914,2.1840,0
2026-04-09,09:42:00,ONCO,S,6915,2.1736,0
2026-04-09,08:43:00,NIO,S,5250,6.5050,0
2026-04-09,10:52:00,NIO,B,2625,6.2448,0
2026-04-09,10:52:00,NIO,B,2625,6.0850,0
2026-04-09,08:46:00,AMZN,B,152,225.6000,0
2026-04-09,15:00:00,AMZN,S,152,233.5300,0
2026-04-09,08:47:00,PLTD,B,4201,8.2400,0
2026-04-09,15:00:00,PLTD,S,4201,8.3600,0
2026-04-09,09:01:00,GGB,B,8497,4.0450,0
2026-04-09,15:00:00,GGB,S,8497,4.1900,0
2026-04-09,11:01:00,WULF,B,1814,19.1800,0
2026-04-09,15:00:00,WULF,S,1814,19.0250,0
2026-04-10,08:43:00,NIO,B,5564,6.3400,0
2026-04-10,09:06:00,NIO,S,2782,6.5936,0
2026-04-10,09:06:00,NIO,S,2782,6.5316,0
2026-04-10,08:55:00,CRWG,B,9604,3.7000,0
2026-04-10,09:25:00,CRWG,S,4802,3.8480,0
2026-04-10,09:25:00,CRWG,S,4802,3.8818,0
2026-04-10,09:31:00,CRWG,B,8992,3.9300,0
2026-04-10,09:42:00,CRWG,S,4496,4.0872,0
2026-04-10,09:42:00,CRWG,S,4496,4.1338,0
2026-04-10,09:24:00,IOVA,S,9605,3.6650,0
2026-04-10,10:08:00,IOVA,B,9605,3.9600,0
2026-04-10,08:46:00,NVD,S,5271,6.6200,0
2026-04-10,10:36:00,NVD,B,2635,6.3552,0
2026-04-10,10:36:00,NVD,B,2636,6.4162,0
2026-04-10,08:41:00,NOW,S,409,85.5200,0
2026-04-10,10:58:00,NOW,B,204,82.0992,0
2026-04-10,10:58:00,NOW,B,205,82.3652,0
2026-04-10,08:52:00,SMCL,B,17705,2.0100,0
2026-04-10,13:26:00,SMCL,S,8852,2.0904,0
2026-04-10,13:26:00,SMCL,S,8853,2.0799,0
2026-04-13,08:43:00,NOK,B,3596,9.9000,0
2026-04-13,09:41:00,NOK,S,1798,10.2960,0
2026-04-13,09:41:00,NOK,S,1798,10.3410,0
2026-04-13,08:47:00,HPQ,B,1944,18.3700,0
2026-04-13,10:26:00,HPQ,S,972,19.1048,0
2026-04-13,10:26:00,HPQ,S,972,19.1363,0
2026-04-13,09:44:00,SMCL,B,17572,2.0500,0
2026-04-13,11:56:00,SMCL,S,8786,2.1320,0
2026-04-13,11:56:00,SMCL,S,8786,2.1545,0
2026-04-13,08:39:00,LEG,B,3208,11.1000,0
2026-04-13,15:00:00,LEG,S,3208,11.2400,0
2026-04-13,08:44:00,SNAP,B,7372,4.8500,0
2026-04-13,15:00:00,SNAP,S,3686,5.0440,0
2026-04-13,15:00:00,SNAP,S,3686,5.1400,0
2026-04-14,08:44:00,SNAL,B,14495,0.9532,0
2026-04-14,08:46:00,SNAL,S,7247,0.9913,0
2026-04-14,08:46:00,SNAL,S,7248,1.0400,0
2026-04-14,08:40:00,SMR,B,3263,11.1200,0
2026-04-14,08:55:00,SMR,S,3263,10.7200,0
2026-04-14,08:45:00,IONQ,B,1103,32.8900,0
2026-04-14,09:05:00,IONQ,S,551,34.2056,0
2026-04-14,09:05:00,IONQ,S,552,33.8204,0
2026-04-14,08:52:00,QBTS,B,2301,15.9000,0
2026-04-14,09:26:00,QBTS,S,1150,16.5360,0
2026-04-14,09:26:00,QBTS,S,1151,16.7210,0
2026-04-14,08:55:00,JBLU,B,7148,5.1000,0
2026-04-14,09:29:00,JBLU,S,3574,5.3040,0
2026-04-14,09:29:00,JBLU,S,3574,5.2790,0
2026-04-14,10:16:00,JBLU,B,6882,5.3300,0
2026-04-14,12:03:00,JBLU,S,3441,5.5432,0
2026-04-14,12:03:00,JBLU,S,3441,5.5367,0
2026-04-14,09:21:00,PLUG,B,12356,2.9500,0
2026-04-14,12:04:00,PLUG,S,12356,2.8850,0
2026-04-14,09:03:00,SNAP,S,6918,5.2400,0
2026-04-14,12:24:00,SNAP,B,6918,5.3700,0
2026-04-14,13:19:00,SNAL,B,9614,1.8750,0
2026-04-14,13:22:00,SNAL,S,4807,1.9500,0
2026-04-14,13:22:00,SNAL,S,4807,1.8750,0
2026-04-14,08:44:00,OWL,B,4082,8.9150,0
2026-04-14,14:58:00,OWL,S,2041,9.2716,0
2026-04-14,14:58:00,OWL,S,2041,9.1908,0
2026-04-14,08:52:00,NVD,S,5906,6.1500,0
2026-04-14,15:00:00,NVD,B,5906,5.9200,0
2026-04-14,08:53:00,TSLG,B,6526,5.5800,0
2026-04-14,15:00:00,TSLG,S,6526,5.6850,0
2026-04-14,08:59:00,AAL,B,3002,12.1150,0
2026-04-14,15:00:00,AAL,S,3002,12.1350,0
2026-04-14,09:13:00,SMCL,B,15414,2.3900,0
2026-04-14,15:00:00,SMCL,S,15414,2.3800,0
2026-04-14,09:21:00,TSLL,B,3217,11.3300,0
2026-04-14,15:00:00,TSLL,S,3217,11.5300,0
2026-04-15,08:44:00,BMNU,S,18680,1.9800,0
2026-04-15,08:58:00,BMNU,B,18680,2.0600,0
2026-04-15,08:45:00,BMNG,S,26870,1.3700,0
2026-04-15,09:00:00,BMNG,B,26870,1.4300,0
2026-04-15,08:41:00,QBTS,B,1979,18.7950,0
2026-04-15,09:01:00,QBTS,S,989,19.5468,0
2026-04-15,09:01:00,QBTS,S,990,19.3670,0
2026-04-15,08:46:00,TSLG,B,6404,5.7900,0
2026-04-15,09:21:00,TSLG,S,3202,6.0216,0
2026-04-15,09:21:00,TSLG,S,3202,6.0421,0
2026-04-15,08:42:00,TSLL,B,3163,11.7200,0
2026-04-15,09:21:00,TSLL,S,1581,12.1888,0
2026-04-15,09:21:00,TSLL,S,1582,12.2628,0
2026-04-15,08:41:00,RGTI,B,2066,17.9900,0
2026-04-15,09:30:00,RGTI,S,1033,18.7096,0
2026-04-15,09:30:00,RGTI,S,1033,18.7301,0
2026-04-15,08:41:00,IONQ,B,936,39.9700,0
2026-04-15,09:33:00,IONQ,S,468,41.5688,0
2026-04-15,09:33:00,IONQ,S,468,41.6503,0
2026-04-15,09:14:00,QBTS,B,1894,19.5550,0
2026-04-15,09:34:00,QBTS,S,947,20.3372,0
2026-04-15,09:34:00,QBTS,S,947,20.1994,0
2026-04-15,10:22:00,IONQ,B,893,42.2050,0
2026-04-15,10:25:00,IONQ,S,893,41.9800,0
2026-04-15,08:44:00,SNAP,S,6311,5.8500,0
2026-04-15,10:26:00,SNAP,B,6311,6.0950,0
2026-04-15,09:53:00,TSLL,B,3022,12.4600,0
2026-04-15,10:45:00,TSLL,S,1511,12.9584,0
2026-04-15,10:45:00,TSLL,S,1511,13.2954,0
2026-04-15,09:31:00,TSLG,B,6137,6.1000,0
2026-04-15,10:47:00,TSLG,S,3068,6.3440,0
2026-04-15,10:47:00,TSLG,S,3069,6.5490,0
2026-04-15,09:04:00,WULF,S,1885,19.5000,0
2026-04-15,15:00:00,WULF,B,1885,19.6900,0
2026-04-15,09:11:00,OWL,B,3823,9.7300,0
2026-04-15,15:00:00,OWL,S,3823,9.9250,0
2026-04-16,09:28:00,ONFO,B,4304,1.7550,0
2026-04-16,09:34:00,ONFO,S,2152,1.8252,0
2026-04-16,09:34:00,ONFO,S,2152,1.7550,0
2026-04-16,10:24:00,HIMS,B,1442,26.3450,0
2026-04-16,13:39:00,HIMS,S,721,27.3988,0
2026-04-16,13:39:00,HIMS,S,721,27.5366,0
2026-04-16,08:41:00,INTC,B,570,66.7700,0
2026-04-16,15:00:00,INTC,S,570,68.4800,0
2026-04-16,09:47:00,AMDD,S,5655,6.7000,0
2026-04-16,15:00:00,AMDD,B,5655,6.4750,0
2026-04-17,08:42:00,TZA,B,7372,5.2100,0
2026-04-17,09:04:00,TZA,S,7372,5.1600,0
2026-04-17,08:47:00,SOXS,B,1949,19.6900,0
2026-04-17,09:08:00,SOXS,S,1949,19.1850,0
2026-04-17,09:00:00,RIG,S,6432,5.9600,0
2026-04-17,09:12:00,RIG,B,6432,5.9900,0
2026-04-17,08:46:00,BMNG,B,23233,1.6700,0
2026-04-17,09:55:00,BMNG,S,11616,1.7368,0
2026-04-17,09:55:00,BMNG,S,11617,1.7333,0
2026-04-17,08:55:00,AMC,B,22818,1.6800,0
2026-04-17,10:01:00,AMC,S,11409,1.7472,0
2026-04-17,10:01:00,AMC,S,11409,1.7782,0
2026-04-17,09:38:00,TSLL,B,2783,13.7700,0
2026-04-17,10:02:00,TSLL,S,1391,14.3208,0
2026-04-17,10:02:00,TSLL,S,1392,14.2123,0
2026-04-17,09:38:00,TSLG,B,5659,6.8000,0
2026-04-17,10:43:00,TSLG,S,2829,7.0720,0
2026-04-17,10:43:00,TSLG,S,2830,7.0320,0
2026-04-17,10:15:00,AMC,B,21536,1.7950,0
2026-04-17,11:05:00,AMC,S,10768,1.8668,0
2026-04-17,11:05:00,AMC,S,10768,1.9121,0
2026-04-17,08:43:00,CIFR,S,2245,17.0750,0
2026-04-17,11:10:00,CIFR,B,2245,18.0000,0
2026-04-17,09:02:00,DRIP,B,7072,5.4300,0
2026-04-17,13:12:00,DRIP,S,7072,5.2700,0
2026-04-17,08:45:00,COMP,B,4883,7.8500,0
2026-04-17,14:54:00,COMP,S,2441,8.1640,0
2026-04-17,14:54:00,COMP,S,2442,8.1515,0
2026-04-17,08:45:00,ERIC,S,3290,11.6500,0
2026-04-17,15:00:00,ERIC,B,3290,11.3800,0
2026-04-17,09:11:00,CCL,B,1278,29.9000,0
2026-04-17,15:00:00,CCL,S,1278,29.2100,0
2026-04-17,09:58:00,NFLX,B,390,98.3900,0
2026-04-17,15:00:00,NFLX,S,390,97.2800,0
