Date,Time,Symbol,Side,Quantity,Price,Commission
2025-04-22,08:41:00,SQQQ,S,62,39.8200,0
2025-04-22,11:41:00,SQQQ,B,31,38.2272,0
2025-04-22,11:41:00,SQQQ,B,31,37.8182,0
2025-04-22,08:41:00,SOXL,B,275,9.0800,0
2025-04-22,15:00:00,SOXL,S,275,9.2000,0
2025-04-22,08:44:00,SPXS,S,315,7.9100,0
2025-04-22,11:41:00,SPXS,B,157,7.5936,0
2025-04-22,11:41:00,SPXS,B,158,7.6091,0
2025-04-23,08:42:00,SOXL,B,235,10.7300,0
2025-04-23,10:32:00,SOXL,S,235,10.3600,0
2025-04-23,08:46:00,INTC,B,121,20.7800,0
2025-04-23,15:00:00,INTC,S,121,20.5600,0
2025-04-23,08:50:00,TSLL,S,319,7.9000,0
2025-04-23,09:29:00,TSLL,B,319,8.4500,0
2025-04-23,08:52:00,SQQQ,S,74,33.7750,0
2025-04-23,10:23:00,SQQQ,B,74,34.9600,0
2025-04-23,09:33:00,SPXS,S,364,6.8700,0
2025-04-23,10:23:00,SPXS,B,364,7.0900,0
2025-04-24,08:41:00,SQQQ,S,71,35.0200,0
2025-04-24,09:43:00,SQQQ,B,35,33.6192,0
2025-04-24,09:43:00,SQQQ,B,36,33.9102,0
2025-04-24,08:42:00,NOK,S,514,4.8350,0
2025-04-24,15:00:00,NOK,B,514,4.8550,0
2025-04-24,08:45:00,SOXL,B,225,11.1100,0
2025-04-24,09:10:00,SOXL,S,112,11.5544,0
2025-04-24,09:10:00,SOXL,S,113,11.6389,0
2025-04-24,08:47:00,SPXS,S,348,7.1600,0
2025-04-24,14:12:00,SPXS,B,174,6.8736,0
2025-04-24,14:12:00,SPXS,B,174,6.8916,0
2025-04-24,10:10:00,SQQQ,S,74,33.5600,0
2025-04-24,15:00:00,SQQQ,B,74,32.6900,0
2025-04-24,13:08:00,SOXL,B,207,12.0700,0
2025-04-24,13:12:00,SOXL,S,207,12.0100,0
2025-04-25,08:43:00,BBAI,B,819,3.0650,0
2025-04-25,09:05:00,BBAI,S,409,3.1876,0
2025-04-25,09:05:00,BBAI,S,410,3.2193,0
2025-04-25,08:44:00,OMEX,B,788,1.6950,0
2025-04-25,08:44:00,OMEX,S,394,1.7628,0
2025-04-25,08:44:00,OMEX,S,394,1.7831,0
2025-04-25,09:50:00,INTC,B,126,19.9450,0
2025-04-25,15:00:00,INTC,S,126,20.0500,0
2025-04-25,11:17:00,BBAI,B,764,3.3100,0
2025-04-25,11:39:00,BBAI,S,382,3.4424,0
2025-04-25,11:39:00,BBAI,S,382,3.4169,0
2025-04-28,09:13:00,PLUG,B,1451,1.1400,0
2025-04-28,09:15:00,PLUG,S,725,1.1856,0
2025-04-28,09:15:00,PLUG,S,726,1.1638,0
2025-04-29,09:00:00,GRPN,B,139,18.4700,0
2025-04-29,15:00:00,GRPN,S,139,18.1050,0
2025-04-29,09:01:00,RPAY,B,642,3.9800,0
2025-04-29,15:00:00,RPAY,S,642,4.1000,0
2025-04-29,09:25:00,MXL,S,255,9.9700,0
2025-04-29,15:00:00,MXL,B,255,10.0500,0
2025-04-29,09:25:00,CAR,S,27,93.1200,0
2025-04-29,15:00:00,CAR,B,27,91.7850,0
2025-04-29,09:28:00,SPIR,S,251,10.0950,0
2025-04-29,10:07:00,SPIR,B,125,9.6912,0
2025-04-29,10:07:00,SPIR,B,126,9.7509,0
2025-04-29,09:44:00,NN,B,202,12.5900,0
2025-04-29,15:00:00,NN,S,202,12.6800,0
2025-04-29,09:56:00,IFRX,B,1831,1.4000,0
2025-04-29,09:57:00,IFRX,S,915,1.4560,0
2025-04-29,09:57:00,IFRX,S,916,1.4460,0
2025-04-29,10:06:00,GPRE,S,707,3.6100,0
2025-04-29,14:33:00,GPRE,B,707,3.7000,0
2025-04-29,10:40:00,CRML,B,1750,1.4650,0
2025-04-29,15:00:00,CRML,S,1750,1.4400,0
2025-04-29,10:45:00,SPIR,S,265,9.6450,0
2025-04-29,13:55:00,SPIR,B,265,9.8200,0
2025-04-29,11:03:00,IFRX,B,1756,1.4600,0
2025-04-29,13:34:00,IFRX,S,878,1.5184,0
2025-04-29,13:34:00,IFRX,S,878,1.5154,0
2025-04-29,12:00:00,BZAI,B,1074,2.3900,0
2025-04-29,15:00:00,BZAI,S,1074,2.4000,0
2025-04-29,14:20:00,ACHV,B,1079,2.3900,0
2025-04-29,15:00:00,ACHV,S,1079,2.4200,0
2025-04-29,14:55:00,SHMD,B,683,3.8000,0
2025-04-29,15:00:00,SHMD,S,683,3.8400,0
2025-04-29,14:56:00,LZM,B,747,3.4400,0
2025-04-29,15:00:00,LZM,S,747,3.4300,0
2025-04-30,08:43:00,SBUX,B,33,77.8100,0
2025-04-30,15:00:00,SBUX,S,33,80.0400,0
2025-04-30,08:47:00,SNAP,S,337,7.6150,0
2025-04-30,15:00:00,SNAP,B,337,7.9500,0
2025-05-01,08:55:00,MSFT,S,5,430.5100,0
2025-05-01,15:00:00,MSFT,B,5,425.2200,0
2025-05-02,08:41:00,PLRZ,B,1467,0.6983,0
2025-05-02,08:41:00,PLRZ,S,733,0.7262,0
2025-05-02,08:41:00,PLRZ,S,734,0.7600,0
2025-05-02,08:52:00,PLRZ,B,2729,0.9428,0
2025-05-02,08:53:00,PLRZ,S,1364,0.9805,0
2025-05-02,08:53:00,PLRZ,S,1365,0.9428,0
2025-05-02,09:07:00,SNAP,B,322,8.0200,0
2025-05-02,10:27:00,SNAP,S,161,8.3408,0
2025-05-02,10:27:00,SNAP,S,161,8.2898,0
2025-05-02,09:15:00,AAL,B,245,10.5000,0
2025-05-02,15:00:00,AAL,S,245,10.5300,0
2025-05-02,10:08:00,SOXL,B,193,13.3500,0
2025-05-02,15:00:00,SOXL,S,193,13.3600,0
2025-05-05,08:45:00,LCID,S,1055,2.4500,0
2025-05-05,15:00:00,LCID,B,1055,2.3650,0
2025-05-06,08:41:00,HIMS,B,33,44.9450,0
2025-05-06,08:43:00,HIMS,S,16,46.7428,0
2025-05-06,08:43:00,HIMS,S,17,46.5006,0
2025-05-06,08:49:00,PLTR,S,24,108.4250,0
2025-05-06,15:00:00,PLTR,B,24,108.8550,0
2025-05-06,13:18:00,HIMS,B,53,48.6600,0
2025-05-06,15:00:00,HIMS,S,53,49.4500,0
2025-05-07,08:50:00,GOOGL,S,15,163.6500,0
2025-05-07,11:46:00,GOOGL,B,7,157.1040,0
2025-05-07,11:46:00,GOOGL,B,8,149.4865,0
2025-05-07,08:52:00,GOOG,S,15,165.4300,0
2025-05-07,11:46:00,GOOG,B,7,158.8128,0
2025-05-07,11:46:00,GOOG,B,8,151.2743,0
2025-05-07,09:03:00,ASST,B,463,2.2700,0
2025-05-07,09:16:00,ASST,S,231,2.3608,0
2025-05-07,09:16:00,ASST,S,232,2.4273,0
2025-05-07,09:29:00,ASST,B,973,2.5000,0
2025-05-07,09:30:00,ASST,S,486,2.6000,0
2025-05-07,09:30:00,ASST,S,487,2.5000,0
2025-05-08,08:41:00,QBTS,S,187,7.9150,0
2025-05-08,09:27:00,QBTS,B,187,9.0700,0
2025-05-08,08:41:00,IBIT,S,46,56.4500,0
2025-05-08,09:32:00,IBIT,B,46,56.6550,0
2025-05-08,08:41:00,PLTR,B,23,115.4600,0
2025-05-08,11:18:00,PLTR,S,11,120.0784,0
2025-05-08,11:18:00,PLTR,S,12,119.2154,0
2025-05-08,08:44:00,BBD,B,1000,2.6600,0
2025-05-08,15:00:00,BBD,S,1000,2.6950,0
2025-05-09,08:41:00,LYFT,B,170,15.4950,0
2025-05-09,11:10:00,LYFT,S,85,16.1148,0
2025-05-09,11:10:00,LYFT,S,85,15.9750,0
2025-05-09,08:43:00,LCID,B,1105,2.4000,0
2025-05-09,10:04:00,LCID,S,552,2.4960,0
2025-05-09,10:04:00,LCID,S,553,2.4960,0
2025-05-09,08:43:00,ITUB,B,406,6.5050,0
2025-05-09,15:00:00,ITUB,S,406,6.6050,0
2025-05-09,08:45:00,IOVA,B,1006,1.9500,0
2025-05-09,09:21:00,IOVA,S,1006,1.7300,0
2025-05-09,08:46:00,TSLL,B,231,11.4350,0
2025-05-09,09:10:00,TSLL,S,115,11.8924,0
2025-05-09,09:10:00,TSLL,S,116,11.8489,0
2025-05-09,08:46:00,QBTS,B,253,10.6250,0
2025-05-09,09:14:00,QBTS,S,126,11.0500,0
2025-05-09,09:14:00,QBTS,S,127,11.0550,0
2025-05-09,09:21:00,QBTS,B,235,11.3250,0
2025-05-09,10:24:00,QBTS,S,235,10.9000,0
2025-05-12,08:41:00,AAL,B,220,12.0350,0
2025-05-12,08:57:00,AAL,S,220,11.8300,0
2025-05-12,08:41:00,SNAP,S,304,8.7150,0
2025-05-12,09:03:00,SNAP,B,304,8.8900,0
2025-05-12,08:41:00,SOXS,B,202,13.0900,0
2025-05-12,11:10:00,SOXS,S,202,12.5700,0
2025-05-12,08:41:00,AMZN,S,12,206.5000,0
2025-05-12,15:00:00,AMZN,B,12,208.6600,0
2025-05-12,08:41:00,NIO,S,630,4.2050,0
2025-05-12,15:00:00,NIO,B,630,4.1900,0
2025-05-12,08:42:00,NVDA,S,21,120.9500,0
2025-05-12,12:08:00,NVDA,B,21,122.8100,0
2025-05-12,08:42:00,TSLL,S,212,12.4800,0
2025-05-12,15:00:00,TSLL,B,212,12.8600,0
2025-05-12,08:42:00,KWEB,S,76,34.5800,0
2025-05-12,15:00:00,KWEB,B,76,34.7500,0
2025-05-12,08:43:00,SOXL,S,159,16.5000,0
2025-05-12,11:11:00,SOXL,B,159,17.1600,0
2025-05-12,08:43:00,SPXS,B,461,5.7600,0
2025-05-12,12:07:00,SPXS,S,461,5.6700,0
2025-05-12,08:43:00,SQQQ,B,101,26.1700,0
2025-05-12,12:08:00,SQQQ,S,101,25.4600,0
2025-05-12,09:01:00,GDX,S,56,47.2700,0
2025-05-12,15:00:00,GDX,B,56,46.6100,0
2025-05-12,14:58:00,SNAP,B,283,9.1900,0
2025-05-12,15:00:00,SNAP,S,283,9.2100,0
2025-05-13,08:41:00,SOXL,B,146,17.8300,0
2025-05-13,11:01:00,SOXL,S,73,18.5432,0
2025-05-13,11:01:00,SOXL,S,73,18.6317,0
2025-05-13,08:41:00,SOXS,S,215,12.0550,0
2025-05-13,11:01:00,SOXS,B,107,11.5728,0
2025-05-13,11:01:00,SOXS,B,108,11.4605,0
2025-05-13,08:41:00,AAL,B,217,12.0050,0
2025-05-13,15:00:00,AAL,S,217,12.3000,0
2025-05-13,08:41:00,NVDA,B,20,126.2950,0
2025-05-13,15:00:00,NVDA,S,20,129.8300,0
2025-05-13,08:46:00,UNH,S,7,328.9600,0
2025-05-13,14:32:00,UNH,B,3,315.8016,0
2025-05-13,14:32:00,UNH,B,4,312.3896,0
2025-05-13,08:57:00,TSLL,B,198,13.1000,0
2025-05-13,12:43:00,TSLL,S,99,13.6240,0
2025-05-13,12:43:00,TSLL,S,99,13.9390,0
2025-05-13,08:58:00,RKT,S,227,11.4150,0
2025-05-13,09:17:00,RKT,B,227,11.8400,0
2025-05-13,09:01:00,BTE,B,1461,1.7900,0
2025-05-13,10:28:00,BTE,S,730,1.8616,0
2025-05-13,10:28:00,BTE,S,731,1.8871,0
2025-05-13,09:52:00,RKT,B,215,12.0450,0
2025-05-13,13:09:00,RKT,S,107,12.5268,0
2025-05-13,13:09:00,RKT,S,108,12.4146,0
2025-05-14,08:42:00,AUR,B,409,6.5250,0
2025-05-14,09:46:00,AUR,S,204,6.7860,0
2025-05-14,09:46:00,AUR,S,205,6.7248,0
2025-05-14,08:44:00,SMCI,S,59,44.6850,0
2025-05-14,15:00:00,SMCI,B,59,45.0000,0
2025-05-14,08:50:00,BTE,S,1433,1.8600,0
2025-05-14,15:00:00,BTE,B,1433,1.8100,0
2025-05-14,08:51:00,AMDL,S,432,6.1800,0
2025-05-14,15:00:00,AMDL,B,432,6.0700,0
2025-05-14,09:02:00,BBAI,S,486,3.9200,0
2025-05-14,12:41:00,BBAI,B,243,3.7632,0
2025-05-14,12:41:00,BBAI,B,243,3.8200,0
2025-05-14,10:15:00,RGTI,B,206,11.2200,0
2025-05-14,10:22:00,RGTI,S,103,11.6688,0
2025-05-14,10:22:00,RGTI,S,103,11.6378,0
2025-05-15,08:53:00,UNH,S,10,256.3300,0
2025-05-15,15:00:00,UNH,B,10,274.1900,0
2025-05-15,09:14:00,NFE,S,548,3.0650,0
2025-05-15,09:50:00,NFE,B,274,2.9424,0
2025-05-15,09:50:00,NFE,B,274,2.6811,0
2025-05-16,08:49:00,RPAY,S,654,4.1300,0
2025-05-16,15:00:00,RPAY,B,654,4.1000,0
2025-05-16,08:50:00,PARR,S,132,20.4000,0
2025-05-16,14:47:00,PARR,B,132,20.6300,0
2025-05-16,08:56:00,VOR,B,9408,0.2373,0
2025-05-16,08:57:00,VOR,S,4704,0.2468,0
2025-05-16,08:57:00,VOR,S,4704,0.2560,0
2025-05-16,08:59:00,GPRE,B,532,5.1500,0
2025-05-16,15:00:00,GPRE,S,532,5.2400,0
2025-05-16,09:11:00,GRPN,S,104,25.8950,0
2025-05-16,15:00:00,GRPN,B,104,26.0000,0
2025-05-16,09:18:00,SPIR,B,226,12.0300,0
2025-05-16,10:29:00,SPIR,S,226,11.6600,0
2025-05-16,09:20:00,CAR,B,25,106.4900,0
2025-05-16,15:00:00,CAR,S,25,108.7500,0
2025-05-16,09:45:00,NN,S,198,13.5800,0
2025-05-16,13:57:00,NN,B,198,13.8600,0
2025-05-16,09:57:00,BMEA,B,1887,1.4500,0
2025-05-16,10:19:00,BMEA,S,1887,1.4100,0
2025-05-16,13:10:00,ACHV,B,888,3.0400,0
2025-05-16,15:00:00,ACHV,S,888,3.0900,0
2025-05-16,13:30:00,CADL,B,500,5.4400,0
2025-05-16,14:20:00,CADL,S,500,5.3500,0
2025-05-16,13:56:00,NNBR,B,1164,2.3300,0
2025-05-16,15:00:00,NNBR,S,1164,2.3250,0
2025-05-16,14:05:00,NN,B,193,13.9400,0
2025-05-16,14:12:00,NN,S,193,13.8750,0
2025-05-16,14:20:00,MYSE,B,1043,2.6400,0
2025-05-16,15:00:00,MYSE,S,1043,2.6000,0
2025-05-19,09:27:00,LCID,S,1007,2.6600,0
2025-05-19,15:00:00,LCID,B,1007,2.6900,0
2025-05-20,08:41:00,QBTS,B,160,16.0500,0
2025-05-20,09:17:00,QBTS,S,80,16.6920,0
2025-05-20,09:17:00,QBTS,S,80,16.6195,0
2025-05-20,08:57:00,LCID,B,978,2.7700,0
2025-05-20,11:28:00,LCID,S,489,2.8808,0
2025-05-20,11:28:00,LCID,S,489,2.8973,0
2025-05-21,08:42:00,LCID,S,933,2.8750,0
2025-05-21,14:38:00,LCID,B,466,2.7600,0
2025-05-21,14:38:00,LCID,B,467,2.7788,0
2025-05-21,08:43:00,SOXS,S,227,11.9400,0
2025-05-21,12:24:00,SOXS,B,227,12.1800,0
2025-05-21,08:55:00,CCC,B,310,8.7500,0
2025-05-21,15:00:00,CCC,S,310,8.6600,0
2025-05-21,09:00:00,IQ,S,1552,1.7500,0
2025-05-21,15:00:00,IQ,B,776,1.6800,0
2025-05-21,15:00:00,IQ,B,776,1.7050,0
2025-05-21,09:10:00,WOLF,S,978,0.9128,0
2025-05-21,09:23:00,WOLF,B,489,0.8763,0
2025-05-21,09:23:00,WOLF,B,489,0.8834,0
2025-05-21,09:14:00,QBTS,S,155,16.3900,0
2025-05-21,12:28:00,QBTS,B,77,15.7344,0
2025-05-21,12:28:00,QBTS,B,78,15.6109,0
2025-05-21,09:34:00,NU,S,219,12.4000,0
2025-05-21,15:00:00,NU,B,219,11.9900,0
2025-05-21,09:55:00,WOLF,S,2763,0.8500,0
2025-05-21,10:22:00,WOLF,B,2763,0.9289,0
2025-05-21,14:06:00,SOXS,B,218,12.4500,0
2025-05-21,14:50:00,SOXS,S,218,12.3800,0
2025-05-22,08:43:00,NVTS,S,507,4.5700,0
2025-05-22,08:58:00,NVTS,B,253,4.3872,0
2025-05-22,08:58:00,NVTS,B,254,4.1157,0
2025-05-22,08:51:00,RGTI,B,242,11.2400,0
2025-05-22,09:04:00,RGTI,S,121,11.6896,0
2025-05-22,09:04:00,RGTI,S,121,11.9376,0
2025-05-22,08:53:00,WOLF,B,948,1.2950,0
2025-05-22,08:56:00,WOLF,S,474,1.3468,0
2025-05-22,08:56:00,WOLF,S,474,1.3188,0
2025-05-22,08:53:00,QBTS,B,173,15.7100,0
2025-05-22,09:05:00,QBTS,S,86,16.3384,0
2025-05-22,09:05:00,QBTS,S,87,16.6748,0
2025-05-22,09:08:00,WOLF,B,2040,1.3650,0
2025-05-22,09:08:00,WOLF,S,1020,1.4196,0
2025-05-22,09:08:00,WOLF,S,1020,1.3862,0
2025-05-22,09:16:00,QBTS,B,159,17.4100,0
2025-05-22,09:53:00,QBTS,S,79,18.1064,0
2025-05-22,09:53:00,QBTS,S,80,17.8389,0
2025-05-22,09:30:00,RGTI,B,224,12.4150,0
2025-05-22,10:38:00,RGTI,S,112,12.9116,0
2025-05-22,10:38:00,RGTI,S,112,12.9658,0
2025-05-23,08:41:00,DNN,B,1714,1.6450,0
2025-05-23,15:00:00,DNN,S,1714,1.6750,0
2025-05-23,09:08:00,IMNN,S,897,1.0950,0
2025-05-23,09:08:00,IMNN,B,448,1.0512,0
2025-05-23,09:08:00,IMNN,B,449,1.0950,0
2025-05-27,08:50:00,GRPN,B,102,27.5750,0
2025-05-27,15:00:00,GRPN,S,102,28.4000,0
2025-05-27,09:04:00,IMAX,B,102,27.4900,0
2025-05-27,15:00:00,IMAX,S,102,28.0700,0
2025-05-27,09:20:00,GPRE,B,662,4.2650,0
2025-05-27,15:00:00,GPRE,S,662,4.3600,0
2025-05-27,09:21:00,NN,B,217,12.9150,0
2025-05-27,15:00:00,NN,S,217,13.2000,0
2025-05-27,09:28:00,PARR,B,127,22.0500,0
2025-05-27,15:00:00,PARR,S,127,22.4700,0
2025-05-27,09:39:00,CAR,B,22,122.5700,0
2025-05-27,15:00:00,CAR,S,22,122.6100,0
2025-05-27,09:47:00,BZAI,S,1249,2.1300,0
2025-05-27,14:26:00,BZAI,B,624,2.0448,0
2025-05-27,14:26:00,BZAI,B,625,2.0463,0
2025-05-27,09:51:00,BMEA,S,1938,1.4450,0
2025-05-27,13:21:00,BMEA,B,969,1.3872,0
2025-05-27,13:21:00,BMEA,B,969,1.3944,0
2025-05-27,09:52:00,IMSR,S,243,11.5300,0
2025-05-27,10:55:00,IMSR,B,243,11.7200,0
2025-05-27,10:10:00,ELDN,B,903,3.1350,0
2025-05-27,13:18:00,ELDN,S,451,3.2604,0
2025-05-27,13:18:00,ELDN,S,452,3.2386,0
2025-05-27,10:15:00,CRML,S,1843,1.5000,0
2025-05-27,15:00:00,CRML,B,1843,1.4900,0
2025-05-27,10:20:00,CADL,B,492,5.7500,0
2025-05-27,12:19:00,CADL,S,492,5.5700,0
2025-05-27,10:20:00,MXL,B,238,11.8100,0
2025-05-27,15:00:00,MXL,S,238,11.9000,0
2025-05-27,10:22:00,NKTX,B,1579,1.8050,0
2025-05-27,12:31:00,NKTX,S,1579,1.7450,0
2025-05-27,10:42:00,RPAY,B,624,4.5300,0
2025-05-27,15:00:00,RPAY,S,624,4.5500,0
2025-05-27,14:37:00,ACHV,B,892,3.1600,0
2025-05-27,15:00:00,ACHV,S,892,3.1600,0
2025-05-27,14:47:00,BMI,B,11,249.7050,0
2025-05-27,15:00:00,BMI,S,11,249.7400,0
2025-05-27,14:54:00,NNBR,B,1352,2.1150,0
2025-05-27,15:00:00,NNBR,S,1352,2.1300,0
2025-05-28,08:42:00,BBAI,S,678,4.2150,0
2025-05-28,09:31:00,BBAI,B,339,4.0464,0
2025-05-28,09:31:00,BBAI,B,339,4.0872,0
2025-05-29,08:42:00,DNN,S,1697,1.6850,0
2025-05-29,12:41:00,DNN,B,848,1.6176,0
2025-05-29,12:41:00,DNN,B,849,1.6119,0
2025-05-29,08:44:00,LCID,S,1116,2.5500,0
2025-05-29,11:58:00,LCID,B,558,2.4480,0
2025-05-29,11:58:00,LCID,B,558,2.4005,0
2025-05-29,08:49:00,EOSE,B,562,5.2950,0
2025-05-29,09:31:00,EOSE,S,562,4.7850,0
2025-05-29,08:49:00,NVDQ,B,1677,1.7300,0
2025-05-29,13:14:00,NVDQ,S,838,1.7992,0
2025-05-29,13:14:00,NVDQ,S,839,1.7827,0
2025-05-30,08:39:00,SOXS,B,223,12.8900,0
2025-05-30,08:40:00,SOXS,S,223,12.8200,0
2025-05-30,08:39:00,SOXL,S,176,16.2750,0
2025-05-30,08:40:00,SOXL,B,176,16.3800,0
2025-05-30,08:43:00,SOXS,B,222,12.9250,0
2025-05-30,11:36:00,SOXS,S,111,13.4420,0
2025-05-30,11:36:00,SOXS,S,111,13.4507,0
2025-05-30,08:43:00,SOXL,S,176,16.2150,0
2025-05-30,11:37:00,SOXL,B,88,15.5664,0
2025-05-30,11:37:00,SOXL,B,88,15.4822,0
2025-05-30,08:45:00,LCID,S,1238,2.3200,0
2025-05-30,14:04:00,LCID,B,619,2.2272,0
2025-05-30,14:04:00,LCID,B,619,2.2332,0
2025-05-30,08:47:00,TSLL,B,180,15.9300,0
2025-05-30,11:29:00,TSLL,S,180,15.6300,0
2025-05-30,08:50:00,GAP,S,128,22.3100,0
2025-05-30,15:00:00,GAP,B,128,22.3300,0
2025-05-30,08:53:00,NVDQ,B,1544,1.8600,0
2025-05-30,12:02:00,NVDQ,S,772,1.9344,0
2025-05-30,12:02:00,NVDQ,S,772,1.9214,0
2025-05-30,08:57:00,PLTR,S,23,123.0950,0
2025-05-30,09:12:00,PLTR,B,23,125.6900,0
2025-05-30,09:01:00,EOSE,S,707,4.0600,0
2025-05-30,15:00:00,EOSE,B,707,4.1600,0
2025-05-30,09:15:00,BBAI,B,720,4.0000,0
2025-05-30,09:23:00,BBAI,S,360,4.1600,0
2025-05-30,09:23:00,BBAI,S,360,4.1300,0
2025-05-30,09:17:00,TSLZ,S,1963,1.4500,0
2025-05-30,11:28:00,TSLZ,B,1963,1.4900,0
2025-05-30,09:29:00,BBAI,B,686,4.1900,0
2025-05-30,10:45:00,BBAI,S,686,4.1400,0
2025-05-30,09:37:00,PLTR,B,22,128.5500,0
2025-05-30,11:29:00,PLTR,S,22,127.0500,0
2025-06-02,08:41:00,APLD,B,127,9.8800,0
2025-06-02,10:44:00,APLD,S,63,10.2752,0
2025-06-02,10:44:00,APLD,S,64,10.2812,0
2025-06-02,08:41:00,CLF,B,398,7.2850,0
2025-06-02,12:18:00,CLF,S,398,7.0000,0
2025-06-02,08:41:00,GDX,B,54,53.1200,0
2025-06-02,15:00:00,GDX,S,54,53.7500,0
2025-06-02,08:51:00,BBAI,S,725,3.9800,0
2025-06-02,10:52:00,BBAI,B,725,4.1000,0
2025-06-03,08:42:00,SOXS,S,233,12.2800,0
2025-06-03,12:09:00,SOXS,B,116,11.7888,0
2025-06-03,12:09:00,SOXS,B,117,11.4728,0
2025-06-03,08:42:00,SOXL,B,170,16.9900,0
2025-06-03,12:09:00,SOXL,S,85,17.6696,0
2025-06-03,12:09:00,SOXL,S,85,18.1301,0
2025-06-03,08:56:00,DNN,S,1836,1.5700,0
2025-06-03,09:10:00,DNN,B,1836,1.6050,0
2025-06-03,09:12:00,KVUE,S,127,22.5550,0
2025-06-03,15:00:00,KVUE,B,127,22.2000,0
2025-06-03,09:20:00,DNN,B,1759,1.6350,0
2025-06-03,15:00:00,DNN,S,1759,1.6850,0
2025-06-04,08:42:00,APLD,B,160,12.1350,0
2025-06-04,08:45:00,APLD,S,80,12.6204,0
2025-06-04,08:45:00,APLD,S,80,12.5037,0
2025-06-04,09:10:00,NIO,B,801,3.6550,0
2025-06-04,09:53:00,NIO,S,400,3.8012,0
2025-06-04,09:53:00,NIO,S,401,3.8184,0
2025-06-04,09:45:00,BBAI,B,747,3.9350,0
2025-06-04,11:45:00,BBAI,S,373,4.0924,0
2025-06-04,11:45:00,BBAI,S,374,4.0707,0
2025-06-05,08:41:00,AG,B,362,8.1700,0
2025-06-05,15:00:00,AG,S,362,8.4000,0
2025-06-05,08:42:00,PLTR,B,22,132.1600,0
2025-06-05,11:39:00,PLTR,S,22,128.9200,0
2025-06-05,08:42:00,HL,B,434,6.8050,0
2025-06-05,14:16:00,HL,S,434,6.4550,0
2025-06-05,08:45:00,TSLL,S,239,12.3000,0
2025-06-05,11:54:00,TSLL,B,119,11.8080,0
2025-06-05,11:54:00,TSLL,B,120,11.4611,0
2025-06-05,08:45:00,TSLA,S,9,314.8000,0
2025-06-05,12:07:00,TSLA,B,4,302.2080,0
2025-06-05,12:07:00,TSLA,B,5,304.8080,0
2025-06-05,08:46:00,AMDL,S,491,5.9600,0
2025-06-05,14:27:00,AMDL,B,245,5.7216,0
2025-06-05,14:27:00,AMDL,B,246,5.7596,0
2025-06-05,08:47:00,BBAI,S,749,3.9200,0
2025-06-05,14:27:00,BBAI,B,374,3.7632,0
2025-06-05,14:27:00,BBAI,B,375,3.7077,0
2025-06-05,13:25:00,TSLL,S,272,10.9200,0
2025-06-05,13:52:00,TSLL,B,136,10.4832,0
2025-06-05,13:52:00,TSLL,B,136,10.4092,0
2025-06-05,13:25:00,TSLA,S,9,298.3250,0
2025-06-05,14:10:00,TSLA,B,4,286.3920,0
2025-06-05,14:10:00,TSLA,B,5,286.8682,0
2025-06-06,08:42:00,TGB,B,1031,2.9300,0
2025-06-06,10:12:00,TGB,S,515,3.0472,0
2025-06-06,10:12:00,TGB,S,516,3.0357,0
2025-06-06,08:52:00,TSLL,S,284,10.5200,0
2025-06-06,09:56:00,TSLL,B,284,11.0100,0
2025-06-06,08:55:00,TSLZ,B,1490,2.0400,0
2025-06-06,09:56:00,TSLZ,S,1490,1.9100,0
2025-06-09,08:41:00,TSLL,B,300,10.0100,0
2025-06-09,09:00:00,TSLL,S,150,10.4104,0
2025-06-09,09:00:00,TSLL,S,150,10.3199,0
2025-06-09,08:52:00,PLUG,B,2902,1.0500,0
2025-06-09,13:13:00,PLUG,S,1451,1.0920,0
2025-06-09,13:13:00,PLUG,S,1451,1.1887,0
2025-06-09,09:01:00,SOXS,S,296,10.1000,0
2025-06-09,15:00:00,SOXS,B,296,10.0200,0
2025-06-09,09:01:00,SOXL,B,146,20.4600,0
2025-06-09,15:00:00,SOXL,S,146,20.5700,0
2025-06-09,09:03:00,TSLZ,S,1463,2.0400,0
2025-06-09,15:00:00,TSLZ,B,731,1.9584,0
2025-06-09,15:00:00,TSLZ,B,732,1.8400,0
2025-06-09,09:34:00,PCG,S,196,15.2800,0
2025-06-09,12:02:00,PCG,B,98,14.6688,0
2025-06-09,12:02:00,PCG,B,98,14.7228,0
2025-06-09,10:10:00,TSLL,B,281,10.6700,0
2025-06-09,10:13:00,TSLL,S,281,10.5800,0
2025-06-09,11:13:00,AMDL,S,486,6.1600,0
2025-06-09,13:26:00,AMDL,B,486,6.3700,0
2025-06-09,13:29:00,PLUG,B,2526,1.2000,0
2025-06-09,14:14:00,PLUG,S,1263,1.2480,0
2025-06-09,14:14:00,PLUG,S,1263,1.2411,0
2025-06-10,08:41:00,INTC,S,150,20.3800,0
2025-06-10,09:16:00,INTC,B,150,20.6350,0
2025-06-10,08:41:00,PLUG,B,1688,1.5150,0
2025-06-10,09:35:00,PLUG,S,1688,1.3650,0
2025-06-10,08:44:00,GRAB,S,641,4.7750,0
2025-06-10,15:00:00,GRAB,B,641,4.6550,0
2025-06-10,08:45:00,DNN,S,1800,1.6750,0
2025-06-10,10:38:00,DNN,B,900,1.6080,0
2025-06-10,10:38:00,DNN,B,900,1.6118,0
2025-06-10,08:47:00,TSLL,S,262,11.6450,0
2025-06-10,08:56:00,TSLL,B,262,11.9800,0
2025-06-10,08:47:00,WBD,S,334,9.1200,0
2025-06-10,09:05:00,WBD,B,334,9.5350,0
2025-06-10,08:50:00,SOXL,B,145,21.0800,0
2025-06-10,12:28:00,SOXL,S,72,21.9232,0
2025-06-10,12:28:00,SOXL,S,73,21.8892,0
2025-06-10,08:50:00,SOXS,S,312,9.7900,0
2025-06-10,12:28:00,SOXS,B,156,9.3984,0
2025-06-10,12:28:00,SOXS,B,156,9.3929,0
2025-06-10,08:51:00,RIG,B,1039,2.9450,0
2025-06-10,09:55:00,RIG,S,519,3.0628,0
2025-06-10,09:55:00,RIG,S,520,3.0555,0
2025-06-10,08:56:00,BTE,B,1636,1.8800,0
2025-06-10,10:38:00,BTE,S,818,1.9552,0
2025-06-10,10:38:00,BTE,S,818,1.9662,0
2025-06-10,09:01:00,TSLL,B,253,12.0500,0
2025-06-10,09:19:00,TSLL,S,253,11.9400,0
2025-06-10,09:02:00,TSLZ,S,1744,1.7300,0
2025-06-10,14:43:00,TSLZ,B,872,1.6608,0
2025-06-10,14:43:00,TSLZ,B,872,1.6273,0
2025-06-10,09:26:00,WBD,B,314,9.6400,0
2025-06-10,11:37:00,WBD,S,157,10.0256,0
2025-06-10,11:37:00,WBD,S,157,9.9436,0
2025-06-11,08:40:00,INTC,S,145,21.2500,0
2025-06-11,14:23:00,INTC,B,72,20.4000,0
2025-06-11,14:23:00,INTC,B,73,20.5925,0
2025-06-11,08:41:00,NU,B,253,12.2700,0
2025-06-11,12:15:00,NU,S,126,12.7608,0
2025-06-11,12:15:00,NU,S,127,12.6523,0
2025-06-11,08:48:00,AAL,S,262,11.7900,0
2025-06-11,15:00:00,AAL,B,131,11.3184,0
2025-06-11,15:00:00,AAL,B,131,11.0550,0
2025-06-11,09:11:00,RGTI,B,244,12.6700,0
2025-06-11,09:18:00,RGTI,S,122,13.1768,0
2025-06-11,09:18:00,RGTI,S,122,13.3611,0
2025-06-11,09:29:00,RGTI,B,230,13.5400,0
2025-06-11,09:49:00,RGTI,S,230,13.1500,0
2025-06-11,09:35:00,PLUG,S,2415,1.2900,0
2025-06-11,10:29:00,PLUG,B,2415,1.3500,0
2025-06-12,08:44:00,GME,B,132,23.7050,0
2025-06-12,10:22:00,GME,S,132,22.8200,0
2025-06-12,08:44:00,HPP,S,1154,2.7000,0
2025-06-12,15:00:00,HPP,B,1154,2.6900,0
2025-06-12,08:45:00,NU,S,252,12.4100,0
2025-06-12,15:00:00,NU,B,252,12.0100,0
2025-06-12,08:48:00,EQX,S,489,6.3900,0
2025-06-12,09:33:00,EQX,B,489,6.4400,0
2025-06-13,08:45:00,SOXS,S,317,9.8300,0
2025-06-13,09:20:00,SOXS,B,317,10.1100,0
2025-06-13,08:45:00,SOXL,B,149,20.8800,0
2025-06-13,09:20:00,SOXL,S,149,20.2400,0
2025-06-13,08:50:00,FAZ,B,613,5.1100,0
2025-06-13,10:47:00,FAZ,S,613,5.0200,0
2025-06-13,08:52:00,RUN,B,372,8.4350,0
2025-06-13,12:44:00,RUN,S,186,8.7724,0
2025-06-13,12:44:00,RUN,S,186,8.7157,0
2025-06-13,09:08:00,ACHR,B,309,10.1300,0
2025-06-13,15:00:00,ACHR,S,309,9.9800,0
2025-06-16,08:42:00,BBAI,B,808,3.8550,0
2025-06-16,09:20:00,BBAI,S,404,4.0092,0
2025-06-16,09:20:00,BBAI,S,404,4.0015,0
2025-06-16,08:43:00,AMDL,B,497,6.2500,0
2025-06-16,09:56:00,AMDL,S,248,6.5000,0
2025-06-16,09:56:00,AMDL,S,249,6.8675,0
2025-06-16,08:46:00,SOXL,B,146,21.1900,0
2025-06-16,10:23:00,SOXL,S,73,22.0376,0
2025-06-16,10:23:00,SOXL,S,73,21.9981,0
2025-06-16,08:46:00,SOXS,S,322,9.6100,0
2025-06-16,10:23:00,SOXS,B,161,9.2256,0
2025-06-16,10:23:00,SOXS,B,161,9.1961,0
2025-06-16,08:48:00,DNN,B,1667,1.8700,0
2025-06-16,14:07:00,DNN,S,1667,1.8200,0
2025-06-16,08:55:00,AAL,B,292,10.6700,0
2025-06-16,15:00:00,AAL,S,292,10.9200,0
2025-06-16,10:04:00,AMDL,B,455,6.9300,0
2025-06-16,10:28:00,AMDL,S,455,6.8100,0
2025-06-17,08:42:00,PLUG,S,2646,1.1900,0
2025-06-17,12:51:00,PLUG,B,1323,1.1424,0
2025-06-17,12:51:00,PLUG,B,1323,1.1419,0
2025-06-18,08:43:00,BMEA,B,1519,2.1100,0
2025-06-18,08:43:00,BMEA,S,759,2.1944,0
2025-06-18,08:43:00,BMEA,S,760,2.1789,0
2025-06-18,08:49:00,CRML,B,961,2.9400,0
2025-06-18,10:05:00,CRML,S,961,2.6350,0
2025-06-18,08:59:00,GRPN,S,89,35.6000,0
2025-06-18,09:57:00,GRPN,B,89,36.4500,0
2025-06-18,09:01:00,GPRE,B,542,5.8900,0
2025-06-18,10:33:00,GPRE,S,542,5.7300,0
2025-06-18,09:22:00,CAR,B,24,130.1000,0
2025-06-18,15:00:00,CAR,S,24,129.6900,0
2025-06-18,09:26:00,NN,B,219,14.5500,0
2025-06-18,15:00:00,NN,S,219,14.3850,0
2025-06-18,09:30:00,IMAX,B,109,29.2700,0
2025-06-18,15:00:00,IMAX,S,109,29.1900,0
2025-06-18,09:36:00,RPAY,B,673,4.7350,0
2025-06-18,12:12:00,RPAY,S,673,4.6450,0
2025-06-18,09:36:00,EVTL,B,543,5.9350,0
2025-06-18,15:00:00,EVTL,S,543,5.8600,0
2025-06-18,09:38:00,MXL,B,242,13.1500,0
2025-06-18,15:00:00,MXL,S,242,13.1150,0
2025-06-18,09:43:00,PARR,S,115,27.4200,0
2025-06-18,15:00:00,PARR,B,115,27.3800,0
2025-06-18,10:03:00,SPIR,B,314,10.1200,0
2025-06-18,15:00:00,SPIR,S,314,10.1400,0
2025-06-18,14:22:00,ELDN,S,1125,2.7800,0
2025-06-18,15:00:00,ELDN,B,1125,2.7800,0
2025-06-20,08:49:00,BMEA,S,1645,1.8550,0
2025-06-20,15:00:00,BMEA,B,1645,1.8100,0
2025-06-20,08:54:00,GRPN,B,76,41.0950,0
2025-06-20,09:59:00,GRPN,S,76,38.3800,0
2025-06-20,09:22:00,PARR,B,111,28.1400,0
2025-06-20,13:51:00,PARR,S,111,27.4800,0
2025-06-20,09:23:00,IMAX,S,107,29.0300,0
2025-06-20,15:00:00,IMAX,B,107,28.4500,0
2025-06-20,09:32:00,GPRE,S,553,5.6450,0
2025-06-20,15:00:00,GPRE,B,553,5.6900,0
2025-06-20,09:35:00,CRML,S,1350,2.2900,0
2025-06-20,13:24:00,CRML,B,1350,2.4900,0
2025-06-20,09:47:00,MXL,S,238,12.9700,0
2025-06-20,11:13:00,MXL,B,238,13.3700,0
2025-06-20,09:55:00,EVTL,S,545,5.5900,0
2025-06-20,15:00:00,EVTL,B,272,5.3664,0
2025-06-20,15:00:00,EVTL,B,273,5.2200,0
2025-06-20,10:00:00,RPAY,S,672,4.5850,0
2025-06-20,15:00:00,RPAY,B,672,4.6300,0
2025-06-20,10:18:00,CADL,S,644,4.8200,0
2025-06-20,15:00:00,CADL,B,644,4.7550,0
2025-06-20,10:31:00,SPIR,B,305,10.1650,0
2025-06-20,12:41:00,SPIR,S,305,10.0700,0
2025-06-20,10:38:00,CAR,B,23,133.0950,0
2025-06-20,15:00:00,CAR,S,23,134.3200,0
2025-06-20,14:06:00,IMSR,S,269,11.3700,0
2025-06-20,15:00:00,IMSR,B,269,11.6300,0
2025-06-20,14:47:00,SPIR,S,309,9.9100,0
2025-06-20,15:00:00,SPIR,B,309,9.9200,0
2025-06-20,14:54:00,BMI,B,12,243.7800,0
2025-06-20,15:00:00,BMI,S,12,243.6600,0
2025-06-23,08:45:00,IBO,B,1308,1.2200,0
2025-06-23,08:46:00,IBO,S,654,1.2688,0
2025-06-23,08:46:00,IBO,S,654,1.3478,0
2025-06-23,08:48:00,TSLL,B,229,13.5300,0
2025-06-23,09:12:00,TSLL,S,114,14.0712,0
2025-06-23,09:12:00,TSLL,S,115,14.0273,0
2025-06-23,08:49:00,TSLZ,S,2035,1.4900,0
2025-06-23,09:13:00,TSLZ,B,1017,1.4304,0
2025-06-23,09:13:00,TSLZ,B,1018,1.4349,0
2025-06-23,09:03:00,IBO,B,1302,1.4200,0
2025-06-23,09:10:00,IBO,S,1302,1.2300,0
2025-06-23,09:08:00,BTE,S,1490,2.0800,0
2025-06-23,13:30:00,BTE,B,745,1.9968,0
2025-06-23,13:30:00,BTE,B,745,1.8908,0
2025-06-23,09:27:00,HIMS,S,61,44.0400,0
2025-06-23,11:39:00,HIMS,B,30,42.2784,0
2025-06-23,11:39:00,HIMS,B,31,42.6227,0
2025-06-23,09:40:00,TSLZ,S,2307,1.3400,0
2025-06-23,11:18:00,TSLZ,B,2307,1.3600,0
2025-06-23,09:42:00,TSLL,B,209,14.7600,0
2025-06-23,11:22:00,TSLL,S,209,14.5000,0
2025-06-24,08:41:00,BBAI,B,676,4.6200,0
2025-06-24,08:45:00,BBAI,S,338,4.8048,0
2025-06-24,08:45:00,BBAI,S,338,4.8038,0
2025-06-24,08:41:00,NU,B,242,12.8500,0
2025-06-24,11:54:00,NU,S,121,13.3640,0
2025-06-24,11:54:00,NU,S,121,13.3365,0
2025-06-24,08:41:00,SOXS,S,361,8.6100,0
2025-06-24,15:00:00,SOXS,B,180,8.2656,0
2025-06-24,15:00:00,SOXS,B,181,8.2500,0
2025-06-24,08:41:00,TSLL,S,219,14.0400,0
2025-06-24,15:00:00,TSLL,B,219,13.6400,0
2025-06-24,08:42:00,INTC,B,143,21.7100,0
2025-06-24,12:23:00,INTC,S,71,22.5784,0
2025-06-24,12:23:00,INTC,S,72,22.4629,0
2025-06-24,08:42:00,SOXL,B,134,23.1800,0
2025-06-24,15:00:00,SOXL,S,134,23.9200,0
2025-06-24,08:59:00,BBAI,B,639,4.8850,0
2025-06-24,09:19:00,BBAI,S,639,4.7500,0
2025-06-25,08:42:00,BBAI,S,502,5.3800,0
2025-06-25,09:01:00,BBAI,B,251,5.1648,0
2025-06-25,09:01:00,BBAI,B,251,5.2138,0
2025-06-25,08:42:00,QS,B,518,6.1700,0
2025-06-25,09:42:00,QS,S,518,5.6850,0
2025-06-25,08:45:00,TSLL,S,238,13.2800,0
2025-06-25,09:02:00,TSLL,B,119,12.7488,0
2025-06-25,09:02:00,TSLL,B,119,12.8436,0
2025-06-25,09:14:00,BBAI,S,633,5.0400,0
2025-06-25,09:52:00,BBAI,B,316,4.8384,0
2025-06-25,09:52:00,BBAI,B,317,4.8161,0
2025-06-26,08:41:00,BBAI,B,623,5.1500,0
2025-06-26,08:48:00,BBAI,S,311,5.3560,0
2025-06-26,08:48:00,BBAI,S,312,5.3385,0
2025-06-26,08:49:00,PLUG,B,2800,1.1400,0
2025-06-26,09:38:00,PLUG,S,1400,1.1856,0
2025-06-26,09:38:00,PLUG,S,1400,1.1886,0
2025-06-26,08:51:00,QS,B,516,6.2000,0
2025-06-26,09:10:00,QS,S,258,6.4480,0
2025-06-26,09:10:00,QS,S,258,6.3859,0
2025-06-26,08:58:00,BBAI,B,585,5.4650,0
2025-06-26,09:14:00,BBAI,S,585,5.2500,0
2025-06-26,09:07:00,BTBT,S,1680,1.9000,0
2025-06-26,14:35:00,BTBT,B,1680,1.9950,0
2025-06-26,09:12:00,CORZ,S,266,12.0050,0
2025-06-26,11:27:00,CORZ,B,266,12.2500,0
2025-06-26,09:21:00,QS,B,489,6.5150,0
2025-06-26,09:31:00,QS,S,244,6.7756,0
2025-06-26,09:31:00,QS,S,245,6.7046,0
2025-06-26,09:51:00,PLUG,B,2679,1.2000,0
2025-06-26,10:32:00,PLUG,S,1339,1.2480,0
2025-06-26,10:32:00,PLUG,S,1340,1.2380,0
2025-06-26,14:36:00,CORZ,B,191,16.7250,0
2025-06-26,14:47:00,CORZ,S,191,16.5650,0
2025-06-27,08:44:00,NKE,B,44,72.5100,0
2025-06-27,15:00:00,NKE,S,44,72.0700,0
2025-06-27,08:49:00,PLTR,S,23,139.2000,0
2025-06-27,14:54:00,PLTR,B,11,133.6320,0
2025-06-27,14:54:00,PLTR,B,12,134.3970,0
2025-06-27,10:05:00,QS,S,382,7.0150,0
2025-06-27,12:05:00,QS,B,191,6.7344,0
2025-06-27,12:05:00,QS,B,191,6.6601,0
2025-06-30,08:41:00,SOFI,B,180,17.9100,0
2025-06-30,09:06:00,SOFI,S,90,18.6264,0
2025-06-30,09:06:00,SOFI,S,90,18.5109,0
2025-06-30,08:41:00,HPE,S,157,20.3500,0
2025-06-30,09:09:00,HPE,B,157,20.9050,0
2025-06-30,08:44:00,BBAI,B,481,6.7050,0
2025-06-30,09:26:00,BBAI,S,240,6.9732,0
2025-06-30,09:26:00,BBAI,S,241,6.9929,0
2025-06-30,08:59:00,PLUG,S,2149,1.2600,0
2025-06-30,11:07:00,PLUG,B,2149,1.4000,0
2025-06-30,09:23:00,SOFI,B,172,18.6900,0
2025-06-30,13:12:00,SOFI,S,172,18.3500,0
2025-06-30,10:00:00,BBAI,B,454,7.1300,0
2025-06-30,10:10:00,BBAI,S,454,7.0100,0
2025-07-01,08:43:00,PLUG,S,2301,1.3900,0
2025-07-01,11:19:00,PLUG,B,2301,1.4450,0
2025-07-01,08:44:00,BTBT,S,1444,2.2150,0
2025-07-01,09:06:00,BTBT,B,1444,2.2700,0
2025-07-01,08:48:00,TSLL,B,308,10.3750,0
2025-07-01,09:08:00,TSLL,S,154,10.7900,0
2025-07-01,09:08:00,TSLL,S,154,10.7330,0
2025-07-01,08:50:00,SNAP,B,349,9.1500,0
2025-07-01,13:40:00,SNAP,S,174,9.5160,0
2025-07-01,13:40:00,SNAP,S,175,9.4385,0
2025-07-01,08:51:00,TSLY,B,415,7.7200,0
2025-07-01,15:00:00,TSLY,S,415,7.7500,0
2025-07-01,08:51:00,TSLZ,S,1724,1.8300,0
2025-07-01,15:00:00,TSLZ,B,1724,1.8300,0
2025-07-02,08:42:00,CIFR,S,614,5.1750,0
2025-07-02,14:02:00,CIFR,B,614,5.4800,0
2025-07-02,08:49:00,BBAI,B,469,6.8750,0
2025-07-02,09:20:00,BBAI,S,234,7.1500,0
2025-07-02,09:20:00,BBAI,S,235,7.1916,0
2025-07-02,08:49:00,CNC,S,87,36.3100,0
2025-07-02,09:41:00,CNC,B,43,34.8576,0
2025-07-02,09:41:00,CNC,B,44,34.4829,0
2025-07-02,08:56:00,TSLL,S,291,10.9200,0
2025-07-02,09:24:00,TSLL,B,291,11.3700,0
2025-07-02,08:58:00,TSLZ,B,1851,1.7600,0
2025-07-02,09:25:00,TSLZ,S,1851,1.6850,0
2025-07-02,09:07:00,SOXL,B,128,24.8800,0
2025-07-02,10:13:00,SOXL,S,64,25.8752,0
2025-07-02,10:13:00,SOXL,S,64,25.9212,0
2025-07-02,09:08:00,SOXS,S,402,7.9400,0
2025-07-02,10:13:00,SOXS,B,201,7.6224,0
2025-07-02,10:13:00,SOXS,B,201,7.6194,0
2025-07-02,09:31:00,BBAI,B,433,7.3800,0
2025-07-02,09:42:00,BBAI,S,216,7.6752,0
2025-07-02,09:42:00,BBAI,S,217,7.6062,0
2025-07-02,09:38:00,TSLL,B,278,11.4900,0
2025-07-02,09:59:00,TSLL,S,278,11.2900,0
2025-07-03,08:46:00,LCID,B,1489,2.1600,0
2025-07-03,15:00:00,LCID,S,1489,2.1650,0
2025-07-07,08:45:00,VOR,B,817,2.4000,0
2025-07-07,09:01:00,VOR,S,408,2.4960,0
2025-07-07,09:01:00,VOR,S,409,2.4582,0
2025-07-07,08:58:00,GPRE,B,462,6.9850,0
2025-07-07,15:00:00,GPRE,S,462,7.0100,0
2025-07-07,09:17:00,GRPN,B,88,36.6600,0
2025-07-07,15:00:00,GRPN,S,88,36.7250,0
2025-07-07,09:25:00,IMAX,S,119,26.9600,0
2025-07-07,15:00:00,IMAX,B,119,26.5700,0
2025-07-07,09:34:00,ACHV,S,1568,2.0400,0
2025-07-07,15:00:00,ACHV,B,1568,2.0700,0
2025-07-07,09:36:00,CRML,S,992,3.2200,0
2025-07-07,15:00:00,CRML,B,992,3.2150,0
2025-07-07,09:37:00,RPAY,S,652,4.8800,0
2025-07-07,15:00:00,RPAY,B,652,4.8800,0
2025-07-07,10:00:00,BMEA,B,1942,1.6600,0
2025-07-07,15:00:00,BMEA,S,1942,1.6900,0
2025-07-07,10:20:00,EVTL,S,475,6.7650,0
2025-07-07,15:00:00,EVTL,B,475,6.8500,0
2025-07-07,10:22:00,VOR,B,1207,2.6700,0
2025-07-07,10:24:00,VOR,S,1207,2.6100,0
2025-07-07,10:39:00,NKTX,S,1870,1.7150,0
2025-07-07,15:00:00,NKTX,B,1870,1.6900,0
2025-07-07,11:05:00,MXL,B,220,14.5900,0
2025-07-07,11:22:00,MXL,S,220,14.4300,0
2025-07-07,13:11:00,NN,B,200,16.0100,0
2025-07-07,13:18:00,NN,S,200,15.9700,0
2025-07-07,14:04:00,ELDN,B,1046,3.0750,0
2025-07-07,15:00:00,ELDN,S,1046,3.1200,0
2025-07-07,14:28:00,BMI,S,13,237.6700,0
2025-07-07,15:00:00,BMI,B,13,239.1400,0
2025-07-08,08:41:00,PROK,S,1199,1.1750,0
2025-07-08,08:45:00,PROK,B,599,1.1280,0
2025-07-08,08:45:00,PROK,B,600,1.1267,0
2025-07-08,08:41:00,WOLF,S,716,2.9650,0
2025-07-08,09:16:00,WOLF,B,358,2.8464,0
2025-07-08,09:16:00,WOLF,B,358,2.8697,0
2025-07-08,08:41:00,INTC,B,143,22.4700,0
2025-07-08,10:23:00,INTC,S,71,23.3688,0
2025-07-08,10:23:00,INTC,S,72,23.2753,0
2025-07-08,08:42:00,SOXL,B,125,25.7500,0
2025-07-08,10:19:00,SOXL,S,62,26.7800,0
2025-07-08,10:19:00,SOXL,S,63,26.7625,0
2025-07-08,08:43:00,SOXS,S,421,7.5750,0
2025-07-08,10:19:00,SOXS,B,210,7.2720,0
2025-07-08,10:19:00,SOXS,B,211,7.3058,0
2025-07-08,08:44:00,BTBT,B,761,4.2350,0
2025-07-08,08:48:00,BTBT,S,761,4.0800,0
2025-07-08,08:45:00,SOUN,B,250,12.9150,0
2025-07-08,15:00:00,SOUN,S,250,12.7000,0
2025-07-08,08:53:00,LCID,B,1489,2.1700,0
2025-07-08,11:12:00,LCID,S,744,2.2568,0
2025-07-08,11:12:00,LCID,S,745,2.2383,0
2025-07-08,09:05:00,BTE,B,1716,1.8750,0
2025-07-08,09:37:00,BTE,S,858,1.9500,0
2025-07-08,09:37:00,BTE,S,858,1.9363,0
2025-07-08,09:30:00,PROK,B,1011,1.7750,0
2025-07-08,09:35:00,PROK,S,505,1.8460,0
2025-07-08,09:35:00,PROK,S,506,1.8709,0
2025-07-09,08:48:00,PLUG,B,2121,1.5550,0
2025-07-09,08:59:00,PLUG,S,1060,1.6172,0
2025-07-09,08:59:00,PLUG,S,1061,1.6296,0
2025-07-09,09:21:00,AES,B,254,12.9750,0
2025-07-09,15:00:00,AES,S,254,13.2650,0
2025-07-09,09:30:00,PLUG,B,1909,1.7300,0
2025-07-09,09:44:00,PLUG,S,1909,1.6800,0
2025-07-10,08:43:00,AAL,S,271,12.1450,0
2025-07-10,08:52:00,AAL,B,271,12.3600,0
2025-07-10,08:57:00,NIO,S,941,3.5000,0
2025-07-10,09:03:00,NIO,B,941,3.5400,0
2025-07-10,09:16:00,AAL,B,260,12.6200,0
2025-07-10,13:02:00,AAL,S,130,13.1248,0
2025-07-10,13:02:00,AAL,S,130,13.0538,0
2025-07-10,09:18:00,NIO,B,921,3.5700,0
2025-07-10,09:18:00,NIO,S,921,3.5450,0
2025-07-11,08:44:00,AAL,S,262,12.5700,0
2025-07-11,15:00:00,AAL,B,262,12.2300,0
2025-07-11,08:46:00,NIO,B,878,3.7950,0
2025-07-11,09:09:00,NIO,S,439,3.9468,0
2025-07-11,09:09:00,NIO,S,439,3.9121,0
2025-07-14,08:50:00,NIO,B,793,4.1900,0
2025-07-14,09:10:00,NIO,S,793,4.1000,0
2025-07-15,08:41:00,ERIC,S,441,7.5100,0
2025-07-15,15:00:00,ERIC,B,220,7.2096,0
2025-07-15,15:00:00,ERIC,B,221,7.2300,0
2025-07-15,08:53:00,KAPA,S,530,1.3200,0
2025-07-15,08:53:00,KAPA,B,265,1.2672,0
2025-07-15,08:53:00,KAPA,B,265,1.3200,0
2025-07-16,08:48:00,ETHA,B,137,24.1500,0
2025-07-16,13:49:00,ETHA,S,68,25.1160,0
2025-07-16,13:49:00,ETHA,S,69,25.2985,0
2025-07-16,08:54:00,OPEN,B,1836,1.2900,0
2025-07-16,09:54:00,OPEN,S,918,1.3416,0
2025-07-16,09:54:00,OPEN,S,918,1.3312,0
2025-07-16,09:01:00,TSLZ,S,2093,1.5900,0
2025-07-16,15:00:00,TSLZ,B,2093,1.5450,0
2025-07-16,09:48:00,DNN,B,1707,1.9600,0
2025-07-16,14:50:00,DNN,S,853,2.0384,0
2025-07-16,14:50:00,DNN,S,854,2.0204,0
2025-07-16,10:04:00,RGTI,B,222,15.1450,0
2025-07-16,11:11:00,RGTI,S,111,15.7508,0
2025-07-16,11:11:00,RGTI,S,111,15.7435,0
2025-07-16,13:22:00,OPEN,B,2331,1.4400,0
2025-07-16,14:07:00,OPEN,S,2331,1.4050,0
2025-07-17,08:41:00,GAME,B,2152,1.5750,0
2025-07-17,08:42:00,GAME,S,1076,1.6380,0
2025-07-17,08:42:00,GAME,S,1076,1.6342,0
2025-07-17,08:41:00,OPEN,S,1175,1.7500,0
2025-07-17,09:27:00,OPEN,B,587,1.6800,0
2025-07-17,09:27:00,OPEN,B,588,1.6775,0
2025-07-17,08:45:00,NIO,B,803,4.2250,0
2025-07-17,09:26:00,NIO,S,401,4.3940,0
2025-07-17,09:26:00,NIO,S,402,4.3877,0
2025-07-17,08:45:00,QS,B,259,13.0700,0
2025-07-17,14:11:00,QS,S,129,13.5928,0
2025-07-17,14:11:00,QS,S,130,13.3500,0
2025-07-17,08:46:00,BBAI,B,442,7.6650,0
2025-07-17,09:23:00,BBAI,S,221,7.9716,0
2025-07-17,09:23:00,BBAI,S,221,8.1770,0
2025-07-17,08:46:00,LCID,B,1099,3.0850,0
2025-07-17,10:26:00,LCID,S,549,3.2084,0
2025-07-17,10:26:00,LCID,S,550,3.2370,0
2025-07-18,08:41:00,SRPT,B,184,18.7400,0
2025-07-18,11:09:00,SRPT,S,184,16.8750,0
2025-07-18,08:41:00,NU,S,251,13.7300,0
2025-07-18,15:00:00,NU,B,125,13.1808,0
2025-07-18,15:00:00,NU,B,126,13.0300,0
2025-07-18,08:47:00,QS,B,245,14.3000,0
2025-07-18,09:06:00,QS,S,122,14.8720,0
2025-07-18,09:06:00,QS,S,123,14.5473,0
2025-07-18,08:51:00,OPEN,B,1626,1.9850,0
2025-07-18,08:55:00,OPEN,S,813,2.0644,0
2025-07-18,08:55:00,OPEN,S,813,2.0296,0
2025-07-18,10:11:00,TSLZ,S,2349,1.4800,0
2025-07-18,11:36:00,TSLZ,B,2349,1.5000,0
2025-07-18,13:09:00,TSLZ,S,2327,1.4600,0
2025-07-18,15:00:00,TSLZ,B,2327,1.4700,0
2025-07-21,08:41:00,OPEN,B,1213,2.8550,0
2025-07-21,08:50:00,OPEN,S,606,2.9692,0
2025-07-21,08:50:00,OPEN,S,607,2.9415,0
2025-07-21,08:41:00,BTBT,S,901,3.8300,0
2025-07-21,09:05:00,BTBT,B,450,3.6768,0
2025-07-21,09:05:00,BTBT,B,451,3.6983,0
2025-07-21,08:41:00,ETHA,B,119,28.8800,0
2025-07-21,11:12:00,ETHA,S,119,28.6900,0
2025-07-21,08:43:00,RKT,B,237,14.5450,0
2025-07-21,13:06:00,RKT,S,118,15.1268,0
2025-07-21,13:06:00,RKT,S,119,15.0795,0
2025-07-21,08:44:00,QS,S,151,12.1700,0
2025-07-21,08:50:00,QS,B,75,11.6832,0
2025-07-21,08:50:00,QS,B,76,11.6817,0
2025-07-21,08:44:00,LCID,S,1158,2.9500,0
2025-07-21,10:06:00,LCID,B,579,2.8320,0
2025-07-21,10:06:00,LCID,B,579,2.8295,0
2025-07-21,08:50:00,PMN,S,767,0.9979,0
2025-07-21,08:50:00,PMN,B,383,0.9580,0
2025-07-21,08:50:00,PMN,B,384,0.9979,0
2025-07-21,08:50:00,XYZ,B,43,78.9450,0
2025-07-21,15:00:00,XYZ,S,43,78.0650,0
2025-07-21,08:57:00,OPEN,B,1127,3.0800,0
2025-07-21,09:06:00,OPEN,S,563,3.2032,0
2025-07-21,09:06:00,OPEN,S,564,3.1355,0
2025-07-21,13:25:00,RKT,B,230,15.2650,0
2025-07-21,13:30:00,RKT,S,230,15.2150,0
2025-07-22,08:39:00,OSCR,B,260,13.5000,0
2025-07-22,08:56:00,OSCR,S,260,13.2700,0
2025-07-22,08:41:00,REPL,B,604,3.1450,0
2025-07-22,08:41:00,REPL,S,302,3.2708,0
2025-07-22,08:41:00,REPL,S,302,3.3186,0
2025-07-22,08:41:00,RKT,B,217,16.3350,0
2025-07-22,15:00:00,RKT,S,217,16.0050,0
2025-07-22,08:42:00,OPEN,S,612,3.3400,0
2025-07-22,08:42:00,OPEN,B,306,3.2064,0
2025-07-22,08:42:00,OPEN,B,306,3.2034,0
2025-07-22,08:43:00,NIO,B,733,4.8250,0
2025-07-22,12:25:00,NIO,S,366,5.0180,0
2025-07-22,12:25:00,NIO,S,367,5.0417,0
2025-07-22,08:44:00,LCID,B,1209,2.9300,0
2025-07-22,08:52:00,LCID,S,1209,2.8800,0
2025-07-22,08:45:00,KSS,S,45,15.0600,0
2025-07-22,08:47:00,KSS,B,22,14.4576,0
2025-07-22,08:47:00,KSS,B,23,14.2306,0
2025-07-22,08:47:00,RIG,B,1303,2.7150,0
2025-07-22,11:40:00,RIG,S,651,2.8236,0
2025-07-22,11:40:00,RIG,S,652,2.8179,0
2025-07-22,09:07:00,NOK,B,736,4.7950,0
2025-07-22,11:00:00,NOK,S,736,4.7600,0
2025-07-22,13:00:00,OPEN,S,336,2.8350,0
2025-07-22,13:04:00,OPEN,B,168,2.7216,0
2025-07-22,13:04:00,OPEN,B,168,2.7229,0
2025-07-22,13:24:00,RIG,B,1236,2.8750,0
2025-07-22,15:00:00,RIG,S,1236,2.9050,0
2025-07-23,08:41:00,STLA,S,359,9.8200,0
2025-07-23,09:08:00,STLA,B,359,9.9450,0
2025-07-23,08:42:00,IOVA,B,928,3.8250,0
2025-07-23,08:44:00,IOVA,S,464,3.9780,0
2025-07-23,08:44:00,IOVA,S,464,3.9417,0
2025-07-23,08:50:00,MARA,S,203,17.4700,0
2025-07-23,09:02:00,MARA,B,203,17.8050,0
2025-07-23,08:56:00,IOVA,B,890,4.0000,0
2025-07-23,09:14:00,IOVA,S,445,4.1600,0
2025-07-23,09:14:00,IOVA,S,445,4.1091,0
2025-07-23,09:35:00,STLA,B,354,10.0650,0
2025-07-23,15:00:00,STLA,S,354,10.3500,0
2025-07-23,09:51:00,OPEN,S,890,2.2700,0
2025-07-23,09:57:00,OPEN,B,445,2.1792,0
2025-07-23,09:57:00,OPEN,B,445,2.1711,0
2025-07-23,10:03:00,GPRO,S,688,1.9550,0
2025-07-23,10:08:00,GPRO,B,344,1.8768,0
2025-07-23,10:08:00,GPRO,B,344,1.8857,0
2025-07-24,08:41:00,OPEN,B,1432,2.5900,0
2025-07-24,08:47:00,OPEN,S,716,2.6936,0
2025-07-24,08:47:00,OPEN,S,716,2.6941,0
2025-07-24,08:43:00,CMG,B,77,46.1600,0
2025-07-24,12:11:00,CMG,S,77,45.3300,0
2025-07-24,08:44:00,DOW,S,134,26.6650,0
2025-07-24,14:42:00,DOW,B,67,25.5984,0
2025-07-24,14:42:00,DOW,B,67,24.6416,0
2025-07-24,08:45:00,AAL,S,314,11.3900,0
2025-07-24,09:51:00,AAL,B,314,11.7900,0
2025-07-24,08:59:00,LIDR,S,286,3.7350,0
2025-07-24,08:59:00,LIDR,B,143,3.5856,0
2025-07-24,08:59:00,LIDR,B,143,3.7350,0
2025-07-24,13:44:00,CMG,S,79,45.1300,0
2025-07-24,13:48:00,CMG,B,79,45.2100,0
2025-07-25,08:47:00,INTC,S,175,20.5400,0
2025-07-25,15:00:00,INTC,B,175,20.7000,0
2025-07-25,09:01:00,TSLL,B,326,11.0600,0
2025-07-25,11:40:00,TSLL,S,163,11.5024,0
2025-07-25,11:40:00,TSLL,S,163,11.6894,0
2025-07-25,09:02:00,TSLZ,S,2239,1.6000,0
2025-07-25,11:52:00,TSLZ,B,1119,1.5360,0
2025-07-25,11:52:00,TSLZ,B,1120,1.5060,0
2025-07-25,09:21:00,CNC,B,128,28.1800,0
2025-07-25,15:00:00,CNC,S,128,28.4000,0
2025-07-28,08:45:00,OPEN,S,1422,2.5600,0
2025-07-28,15:00:00,OPEN,B,711,2.4576,0
2025-07-28,15:00:00,OPEN,B,711,2.3350,0
2025-07-28,08:45:00,SOXL,B,136,26.7300,0
2025-07-28,15:00:00,SOXL,S,136,26.9400,0
2025-07-28,08:45:00,SOXS,S,497,7.3000,0
2025-07-28,15:00:00,SOXS,B,497,7.2300,0
2025-07-28,08:46:00,TSLL,B,316,11.5200,0
2025-07-28,09:22:00,TSLL,S,158,11.9808,0
2025-07-28,09:22:00,TSLL,S,158,11.8948,0
2025-07-28,09:12:00,TSLZ,S,2418,1.4900,0
2025-07-28,11:10:00,TSLZ,B,1209,1.4304,0
2025-07-28,11:10:00,TSLZ,B,1209,1.4449,0
2025-07-29,08:41:00,QS,S,354,10.3850,0
2025-07-29,08:56:00,QS,B,177,9.9696,0
2025-07-29,08:56:00,QS,B,177,10.0588,0
2025-07-29,08:41:00,OPEN,B,1642,2.2900,0
2025-07-29,09:01:00,OPEN,S,1642,2.1400,0
2025-07-29,08:49:00,LCID,S,1389,2.6450,0
2025-07-29,15:00:00,LCID,B,1389,2.5650,0
2025-07-29,09:07:00,QS,S,379,9.7000,0
2025-07-29,11:58:00,QS,B,189,9.3120,0
2025-07-29,11:58:00,QS,B,190,9.3852,0
2025-07-29,13:19:00,SOFI,S,145,23.0000,0
2025-07-29,15:00:00,SOFI,B,145,22.4150,0
2025-07-30,08:41:00,QS,S,425,8.6600,0
2025-07-30,15:00:00,QS,B,425,8.7900,0
2025-07-30,08:42:00,REPL,S,504,5.9800,0
2025-07-30,08:45:00,REPL,B,252,5.7408,0
2025-07-30,08:45:00,REPL,B,252,5.7798,0
2025-07-30,09:00:00,FCX,S,87,42.7300,0
2025-07-30,12:44:00,FCX,B,87,43.1550,0
2025-07-30,13:07:00,FCX,S,91,40.8300,0
2025-07-30,13:49:00,FCX,B,45,39.1968,0
2025-07-30,13:49:00,FCX,B,46,39.3659,0
2025-07-31,08:42:00,TSLL,B,322,11.6000,0
2025-07-31,08:48:00,TSLL,S,322,11.4500,0
2025-07-31,08:45:00,SOXS,B,503,7.4200,0
2025-07-31,13:01:00,SOXS,S,251,7.7168,0
2025-07-31,13:01:00,SOXS,S,252,7.7208,0
2025-07-31,08:52:00,GRAB,S,773,4.8200,0
2025-07-31,09:09:00,GRAB,B,773,5.1050,0
2025-07-31,08:56:00,ABEV,B,1702,2.1950,0
2025-07-31,15:00:00,ABEV,S,1702,2.1900,0
2025-07-31,09:15:00,BAX,S,163,22.5500,0
2025-07-31,10:02:00,BAX,B,81,21.6480,0
2025-07-31,10:02:00,BAX,B,82,21.8305,0
2025-07-31,09:21:00,TSLL,S,327,11.3300,0
2025-07-31,12:36:00,TSLL,B,163,10.8768,0
2025-07-31,12:36:00,TSLL,B,164,10.8733,0
2025-07-31,09:27:00,TSLZ,B,2406,1.5550,0
2025-07-31,13:34:00,TSLZ,S,1203,1.6172,0
2025-07-31,13:34:00,TSLZ,S,1203,1.6244,0
2025-07-31,10:01:00,NIO,B,798,4.6500,0
2025-07-31,10:50:00,NIO,S,399,4.8360,0
2025-07-31,10:50:00,NIO,S,399,4.8635,0
2025-07-31,13:06:00,SOXS,B,484,7.7950,0
2025-07-31,13:36:00,SOXS,S,484,7.7100,0
2025-08-01,08:41:00,ETHA,S,137,27.5000,0
2025-08-01,09:34:00,ETHA,B,137,27.6300,0
2025-08-01,08:41:00,SQQQ,B,195,19.3200,0
2025-08-01,15:00:00,SQQQ,S,195,19.5200,0
2025-08-01,08:42:00,AMZN,B,17,218.9400,0
2025-08-01,10:29:00,AMZN,S,17,215.2600,0
2025-08-01,08:42:00,RKT,B,225,16.7550,0
2025-08-01,15:00:00,RKT,S,225,16.5300,0
2025-08-01,08:46:00,TNON,B,929,1.8050,0
2025-08-01,08:48:00,TNON,S,464,1.8772,0
2025-08-01,08:48:00,TNON,S,465,1.8050,0
2025-08-01,08:54:00,OPEN,S,1973,1.8950,0
2025-08-01,09:45:00,OPEN,B,1973,2.0500,0
2025-08-01,08:57:00,AVTR,S,336,11.2450,0
2025-08-01,10:13:00,AVTR,B,336,11.4300,0
2025-08-01,13:16:00,ETHA,S,139,26.7700,0
2025-08-01,13:27:00,ETHA,B,139,26.9500,0
2025-08-04,08:43:00,VISN,S,270,13.7800,0
2025-08-04,09:23:00,VISN,B,135,13.2288,0
2025-08-04,09:23:00,VISN,B,135,13.2978,0
2025-08-04,08:43:00,SQQQ,S,198,18.7600,0
2025-08-04,15:00:00,SQQQ,B,198,18.4600,0
2025-08-04,08:45:00,PCG,B,257,14.4700,0
2025-08-04,15:00:00,PCG,S,128,15.0488,0
2025-08-04,15:00:00,PCG,S,129,15.0600,0
2025-08-04,08:50:00,OPEN,S,1705,2.1700,0
2025-08-04,11:25:00,OPEN,B,1705,2.3450,0
2025-08-04,09:07:00,NIO,S,784,4.7400,0
2025-08-04,15:00:00,NIO,B,784,4.6000,0
2025-08-05,08:42:00,SMXT,B,788,1.9700,0
2025-08-05,08:42:00,SMXT,S,394,2.0488,0
2025-08-05,08:42:00,SMXT,S,394,2.0703,0
2025-08-05,09:01:00,PFE,S,154,24.3300,0
2025-08-05,09:41:00,PFE,B,154,24.6800,0
2025-08-05,09:53:00,PFE,B,151,24.7400,0
2025-08-05,10:00:00,PFE,S,151,24.6650,0
2025-08-06,08:42:00,OPEN,B,1394,2.1000,0
2025-08-06,08:46:00,OPEN,S,697,2.1840,0
2025-08-06,08:46:00,OPEN,S,697,2.1690,0
2025-08-06,08:43:00,LCID,B,1676,2.2350,0
2025-08-06,10:55:00,LCID,S,1676,2.1700,0
2025-08-06,08:43:00,AAPL,B,17,209.4500,0
2025-08-06,15:00:00,AAPL,S,17,213.2750,0
2025-08-06,08:45:00,LPSN,S,1578,1.2450,0
2025-08-06,09:00:00,LPSN,B,789,1.1952,0
2025-08-06,09:00:00,LPSN,B,789,1.2334,0
2025-08-06,08:45:00,TSLL,B,341,11.0200,0
2025-08-06,14:34:00,TSLL,S,170,11.4608,0
2025-08-06,14:34:00,TSLL,S,171,11.3898,0
2025-08-06,08:57:00,SNAP,B,499,7.5350,0
2025-08-06,13:15:00,SNAP,S,249,7.8364,0
2025-08-06,13:15:00,SNAP,S,250,7.7696,0
2025-08-06,09:47:00,TSLZ,S,2443,1.5300,0
2025-08-06,15:00:00,TSLZ,B,2443,1.5000,0
2025-08-07,08:41:00,YHC,S,1046,1.4600,0
2025-08-07,08:41:00,YHC,B,523,1.4016,0
2025-08-07,08:41:00,YHC,B,523,1.3846,0
2025-08-07,08:41:00,WBD,S,269,12.0400,0
2025-08-07,15:00:00,WBD,B,269,11.8600,0
2025-08-07,08:51:00,SABR,S,1126,1.9550,0
2025-08-07,08:57:00,SABR,B,563,1.8768,0
2025-08-07,08:57:00,SABR,B,563,1.9243,0
2025-08-07,08:51:00,YHC,S,2774,1.3700,0
2025-08-07,09:09:00,YHC,B,1387,1.3152,0
2025-08-07,09:09:00,YHC,B,1387,1.3288,0
2025-08-07,09:07:00,SABR,S,2061,1.8500,0
2025-08-07,11:53:00,SABR,B,1030,1.7760,0
2025-08-07,11:53:00,SABR,B,1031,1.7864,0
2025-08-07,09:11:00,BTBT,S,1141,3.3400,0
2025-08-07,10:21:00,BTBT,B,1141,3.5900,0
2025-08-07,13:01:00,HL,B,518,7.3600,0
2025-08-07,15:00:00,HL,S,518,7.2200,0
2025-08-08,08:45:00,TTD,B,67,56.4500,0
2025-08-08,09:52:00,TTD,S,67,54.0000,0
2025-08-08,08:46:00,SOUN,B,283,13.5600,0
2025-08-08,10:07:00,SOUN,S,141,14.1024,0
2025-08-08,10:07:00,SOUN,S,142,13.9304,0
2025-08-08,08:49:00,WBD,S,322,11.7850,0
2025-08-08,09:49:00,WBD,B,161,11.3136,0
2025-08-08,09:49:00,WBD,B,161,11.3529,0
2025-08-08,08:58:00,PBR,S,299,12.6500,0
2025-08-08,11:42:00,PBR,B,149,12.1440,0
2025-08-08,11:42:00,PBR,B,150,12.2415,0
2025-08-08,08:59:00,UAA,B,688,5.5250,0
2025-08-08,09:36:00,UAA,S,688,5.2700,0
2025-08-08,09:05:00,PSKY,B,332,11.4500,0
2025-08-08,12:04:00,PSKY,S,332,11.0850,0
2025-08-08,13:04:00,PSKY,S,358,10.5850,0
2025-08-08,13:19:00,PSKY,B,358,10.6400,0
2025-08-08,13:51:00,PBR,S,313,12.1050,0
2025-08-08,14:11:00,PBR,B,313,12.1150,0
2025-08-11,08:43:00,OPEN,B,1851,2.0800,0
2025-08-11,10:56:00,OPEN,S,925,2.1632,0
2025-08-11,10:56:00,OPEN,S,926,2.1492,0
2025-08-11,08:44:00,CGC,B,2547,1.5200,0
2025-08-11,09:55:00,CGC,S,2547,1.4000,0
2025-08-11,08:46:00,BMNR,B,60,63.1100,0
2025-08-11,09:04:00,BMNR,S,30,65.6344,0
2025-08-11,09:04:00,BMNR,S,30,64.2502,0
2025-08-11,08:47:00,TSLL,B,291,13.1000,0
2025-08-11,15:00:00,TSLL,S,291,12.8400,0
2025-08-11,10:02:00,TSLZ,S,2882,1.3000,0
2025-08-11,15:00:00,TSLZ,B,2882,1.3200,0
2025-08-12,08:41:00,BBAI,B,525,5.3950,0
2025-08-12,11:42:00,BBAI,S,262,5.6108,0
2025-08-12,11:42:00,BBAI,S,263,5.6310,0
2025-08-12,08:41:00,SOXL,B,143,26.3300,0
2025-08-12,15:00:00,SOXL,S,71,27.3832,0
2025-08-12,15:00:00,SOXL,S,72,28.0300,0
2025-08-12,08:41:00,SOXS,S,516,7.3000,0
2025-08-12,15:00:00,SOXS,B,258,7.0080,0
2025-08-12,15:00:00,SOXS,B,258,6.7800,0
2025-08-12,08:43:00,NIO,S,812,4.6400,0
2025-08-12,13:10:00,NIO,B,406,4.4544,0
2025-08-12,13:10:00,NIO,B,406,4.4964,0
2025-08-12,08:44:00,ETHA,S,113,33.2100,0
2025-08-12,10:04:00,ETHA,B,113,33.5500,0
2025-08-12,08:46:00,BTG,B,1029,3.6700,0
2025-08-12,15:00:00,BTG,S,1029,3.7750,0
2025-08-12,08:47:00,OPEN,S,1614,2.3400,0
2025-08-12,10:11:00,OPEN,B,807,2.2464,0
2025-08-12,10:11:00,OPEN,B,807,2.2657,0
2025-08-12,08:54:00,AAL,B,307,12.2950,0
2025-08-12,11:58:00,AAL,S,153,12.7868,0
2025-08-12,11:58:00,AAL,S,154,12.7771,0
2025-08-12,09:22:00,INTC,B,178,21.1750,0
2025-08-12,15:00:00,INTC,S,178,21.8000,0
2025-08-12,10:33:00,ETHA,B,113,33.6300,0
2025-08-12,15:00:00,ETHA,S,113,34.2400,0
2025-08-12,14:50:00,AAL,B,295,12.9800,0
2025-08-12,15:00:00,AAL,S,295,13.0000,0
2025-08-13,08:41:00,PSKY,B,330,11.9900,0
2025-08-13,08:44:00,PSKY,S,165,12.4696,0
2025-08-13,08:44:00,PSKY,S,165,12.3701,0
2025-08-13,08:41:00,PLUG,B,2435,1.6200,0
2025-08-13,08:51:00,PLUG,S,1217,1.6848,0
2025-08-13,08:51:00,PLUG,S,1218,1.7038,0
2025-08-13,08:41:00,WBD,B,334,11.7000,0
2025-08-13,11:58:00,WBD,S,167,12.1680,0
2025-08-13,11:58:00,WBD,S,167,12.0880,0
2025-08-13,08:41:00,RKT,B,207,18.8700,0
2025-08-13,14:42:00,RKT,S,103,19.6248,0
2025-08-13,14:42:00,RKT,S,104,19.4713,0
2025-08-13,08:42:00,MNTS,B,1154,2.1700,0
2025-08-13,08:43:00,MNTS,S,577,2.2568,0
2025-08-13,08:43:00,MNTS,S,577,2.2483,0
2025-08-13,09:05:00,PSKY,B,290,13.5800,0
2025-08-13,09:05:00,PSKY,S,145,14.1232,0
2025-08-13,09:05:00,PSKY,S,145,13.7000,0
2025-08-14,08:43:00,AMCR,S,448,8.8650,0
2025-08-14,11:26:00,AMCR,B,224,8.5104,0
2025-08-14,11:26:00,AMCR,B,224,8.5886,0
2025-08-14,08:44:00,OPEN,B,1639,2.4250,0
2025-08-14,09:03:00,OPEN,S,819,2.5220,0
2025-08-14,09:03:00,OPEN,S,820,2.5158,0
2025-08-14,08:48:00,WULF,B,513,7.3700,0
2025-08-14,09:49:00,WULF,S,256,7.6648,0
2025-08-14,09:49:00,WULF,S,257,7.8318,0
2025-08-14,09:00:00,XPON,B,322,4.4400,0
2025-08-14,09:00:00,XPON,S,161,4.6176,0
2025-08-14,09:00:00,XPON,S,161,4.4689,0
2025-08-14,09:24:00,INTC,B,180,22.1900,0
2025-08-14,14:41:00,INTC,S,90,23.0776,0
2025-08-14,14:41:00,INTC,S,90,23.9681,0
2025-08-14,09:51:00,OPEN,B,1457,2.7550,0
2025-08-14,10:06:00,OPEN,S,728,2.8652,0
2025-08-14,10:06:00,OPEN,S,729,2.8218,0
2025-08-14,10:07:00,WULF,B,499,8.0600,0
2025-08-14,10:25:00,WULF,S,499,7.7600,0
2025-08-15,08:40:00,SOXS,B,596,6.7900,0
2025-08-15,15:00:00,SOXS,S,596,6.9200,0
2025-08-15,08:43:00,NIO,B,861,4.7050,0
2025-08-15,15:00:00,NIO,S,861,4.8050,0
2025-08-15,08:44:00,NU,B,293,13.8500,0
2025-08-15,09:29:00,NU,S,293,13.3450,0
2025-08-15,09:02:00,PGEN,B,997,2.8450,0
2025-08-15,09:24:00,PGEN,S,498,2.9588,0
2025-08-15,09:24:00,PGEN,S,499,2.9200,0
2025-08-15,09:51:00,PGEN,B,1276,3.1700,0
2025-08-15,09:54:00,PGEN,S,638,3.2968,0
2025-08-15,09:54:00,PGEN,S,638,3.2513,0
2025-08-18,08:42:00,OPEN,B,881,3.7000,0
2025-08-18,09:06:00,OPEN,S,440,3.8480,0
2025-08-18,09:06:00,OPEN,S,441,3.8630,0
2025-08-19,08:41:00,GXAI,B,1006,1.9200,0
2025-08-19,08:42:00,GXAI,S,503,1.9968,0
2025-08-19,08:42:00,GXAI,S,503,2.0308,0
2025-08-19,08:41:00,WULF,S,453,8.9800,0
2025-08-19,15:00:00,WULF,B,453,8.7750,0
2025-08-19,08:42:00,ETHA,S,125,32.4700,0
2025-08-19,14:21:00,ETHA,B,62,31.1712,0
2025-08-19,14:21:00,ETHA,B,63,31.4147,0
2025-08-19,08:42:00,INTC,B,159,25.7650,0
2025-08-19,15:00:00,INTC,S,159,25.3400,0
2025-08-19,08:45:00,AUR,S,684,5.9500,0
2025-08-19,15:00:00,AUR,B,684,5.9900,0
2025-08-19,08:46:00,PRFX,S,409,2.5700,0
2025-08-19,09:27:00,PRFX,B,204,2.4672,0
2025-08-19,09:27:00,PRFX,B,205,2.4657,0
2025-08-19,09:18:00,GXAI,B,910,2.0500,0
2025-08-19,09:19:00,GXAI,S,455,2.1320,0
2025-08-19,09:19:00,GXAI,S,455,2.0891,0
2025-08-20,08:41:00,INTC,S,173,23.7950,0
2025-08-20,15:00:00,INTC,B,173,23.5300,0
2025-08-20,08:43:00,CNTN,B,1832,1.5300,0
2025-08-20,08:55:00,CNTN,S,916,1.5912,0
2025-08-20,08:55:00,CNTN,S,916,1.6547,0
2025-08-20,08:47:00,ETHA,S,130,31.4350,0
2025-08-20,09:39:00,ETHA,B,130,31.8900,0
2025-08-20,08:48:00,OPEN,S,1137,3.3300,0
2025-08-20,08:54:00,OPEN,B,568,3.1968,0
2025-08-20,08:54:00,OPEN,B,569,3.2255,0
2025-08-20,08:49:00,JHX,S,168,18.4100,0
2025-08-20,15:00:00,JHX,B,168,18.6500,0
2025-08-20,09:11:00,CNTN,B,1384,1.9600,0
2025-08-20,09:11:00,CNTN,S,692,2.0384,0
2025-08-20,09:11:00,CNTN,S,692,1.9600,0
2025-08-20,10:16:00,ETHA,B,128,32.3600,0
2025-08-20,10:53:00,ETHA,S,128,32.2500,0
2025-08-21,08:42:00,NIO,B,774,5.3900,0
2025-08-21,11:00:00,NIO,S,387,5.6056,0
2025-08-21,11:00:00,NIO,S,387,5.6211,0
2025-08-21,08:43:00,APM,S,1071,2.4650,0
2025-08-21,08:54:00,APM,B,1071,2.9500,0
2025-08-21,09:05:00,OPEN,B,1240,3.3050,0
2025-08-21,09:43:00,OPEN,S,620,3.4372,0
2025-08-21,09:43:00,OPEN,S,620,3.4070,0
2025-08-21,10:02:00,OPEN,B,1142,3.6000,0
2025-08-21,10:09:00,OPEN,S,1142,3.5500,0
2025-08-22,08:41:00,SOXS,S,565,7.2700,0
2025-08-22,09:00:00,SOXS,B,282,6.9792,0
2025-08-22,09:00:00,SOXS,B,283,7.0227,0
2025-08-22,08:41:00,TSLL,B,355,11.6700,0
2025-08-22,09:01:00,TSLL,S,177,12.1368,0
2025-08-22,09:01:00,TSLL,S,178,12.1433,0
2025-08-22,08:41:00,ETHA,B,127,32.3500,0
2025-08-22,09:17:00,ETHA,S,63,33.6440,0
2025-08-22,09:17:00,ETHA,S,64,34.9065,0
2025-08-22,08:41:00,INTC,B,171,24.1050,0
2025-08-22,14:10:00,INTC,S,85,25.0692,0
2025-08-22,14:10:00,INTC,S,86,24.9889,0
2025-08-22,08:42:00,NIO,B,690,5.9750,0
2025-08-22,09:20:00,NIO,S,345,6.2140,0
2025-08-22,09:20:00,NIO,S,345,6.1952,0
2025-08-22,08:43:00,SOFI,B,177,23.3150,0
2025-08-22,09:17:00,SOFI,S,88,24.2476,0
2025-08-22,09:17:00,SOFI,S,89,24.3869,0
2025-08-22,08:44:00,OPEN,B,1149,3.6200,0
2025-08-22,08:49:00,OPEN,S,574,3.7648,0
2025-08-22,08:49:00,OPEN,S,575,3.7338,0
2025-08-22,08:54:00,EEIQ,B,1380,1.6400,0
2025-08-22,09:30:00,EEIQ,S,1380,1.3500,0
2025-08-22,09:08:00,TSLL,B,337,12.3700,0
2025-08-22,15:00:00,TSLL,S,337,12.7900,0
2025-08-22,09:14:00,SOXS,S,625,6.7000,0
2025-08-22,09:21:00,SOXS,B,625,6.7700,0
2025-08-22,09:42:00,OPEN,B,932,4.4900,0
2025-08-22,09:45:00,OPEN,S,932,4.4200,0
2025-08-22,09:44:00,SOFI,B,170,24.6200,0
2025-08-22,15:00:00,SOFI,S,170,24.9950,0
2025-08-25,08:41:00,IBIT,S,66,63.0500,0
2025-08-25,09:05:00,IBIT,B,66,63.4550,0
2025-08-25,08:41:00,TLRY,B,3170,1.3300,0
2025-08-25,09:14:00,TLRY,S,1585,1.3832,0
2025-08-25,09:14:00,TLRY,S,1585,1.3817,0
2025-08-25,08:41:00,OPEN,B,800,5.2700,0
2025-08-25,09:42:00,OPEN,S,400,5.4808,0
2025-08-25,09:42:00,OPEN,S,400,5.4373,0
2025-08-25,08:45:00,CSX,S,121,34.4000,0
2025-08-25,12:09:00,CSX,B,60,33.0240,0
2025-08-25,12:09:00,CSX,B,61,32.7140,0
2025-08-25,08:46:00,ETHA,S,120,34.8550,0
2025-08-25,09:07:00,ETHA,B,120,35.2600,0
2025-08-25,09:07:00,CAPS,S,1053,1.7100,0
2025-08-25,09:18:00,CAPS,B,526,1.6416,0
2025-08-25,09:18:00,CAPS,B,527,1.6955,0
2025-08-25,09:25:00,KDP,B,130,32.5300,0
2025-08-25,12:16:00,KDP,S,130,32.0100,0
2025-08-25,13:01:00,KDP,S,134,31.6950,0
2025-08-25,13:05:00,KDP,B,134,31.7450,0
2025-08-25,14:13:00,ETHA,S,123,34.5300,0
2025-08-25,15:00:00,ETHA,B,123,33.4600,0
2025-08-26,08:41:00,IVVD,S,3351,0.8587,0
2025-08-26,08:52:00,IVVD,B,1675,0.8244,0
2025-08-26,08:52:00,IVVD,B,1676,0.8258,0
2025-08-26,08:41:00,NIO,B,636,6.7400,0
2025-08-26,15:00:00,NIO,S,636,6.7000,0
2025-08-26,08:42:00,ALLR,B,1101,2.2500,0
2025-08-26,09:01:00,ALLR,S,1101,1.9200,0
2025-08-26,08:47:00,KDP,S,139,30.5000,0
2025-08-26,12:24:00,KDP,B,69,29.2800,0
2025-08-26,12:24:00,KDP,B,70,29.5400,0
2025-08-26,08:58:00,DNN,B,1977,2.1900,0
2025-08-26,15:00:00,DNN,S,1977,2.2100,0
2025-08-26,13:25:00,KDP,S,146,29.0700,0
2025-08-26,13:57:00,KDP,B,146,29.2200,0
2025-08-27,08:44:00,SDEV,S,1703,1.7000,0
2025-08-27,09:00:00,SDEV,B,851,1.6320,0
2025-08-27,09:00:00,SDEV,B,852,1.6470,0
2025-08-27,08:44:00,AZTR,S,1747,1.1350,0
2025-08-27,09:19:00,AZTR,B,873,1.0896,0
2025-08-27,09:19:00,AZTR,B,874,1.0814,0
2025-08-27,08:46:00,OPEN,S,919,4.6000,0
2025-08-27,09:41:00,OPEN,B,459,4.4160,0
2025-08-27,09:41:00,OPEN,B,460,4.4887,0
2025-08-27,09:14:00,NIO,B,647,6.6150,0
2025-08-27,09:32:00,NIO,S,647,6.4500,0
2025-08-27,10:13:00,NIO,S,663,6.4500,0
2025-08-27,15:00:00,NIO,B,663,6.3400,0
2025-08-27,14:26:00,OPEN,S,1064,4.0200,0
2025-08-27,15:00:00,OPEN,B,1064,4.0200,0
2025-08-28,08:47:00,OPEN,S,1040,4.0950,0
2025-08-28,09:09:00,OPEN,B,1040,4.3700,0
2025-08-28,08:55:00,CWD,S,672,2.8200,0
2025-08-28,09:30:00,CWD,B,336,2.7072,0
2025-08-28,09:30:00,CWD,B,336,2.7921,0
2025-08-29,08:45:00,TSLL,S,324,13.1300,0
2025-08-29,09:29:00,TSLL,B,162,12.6048,0
2025-08-29,09:29:00,TSLL,B,162,12.6963,0
2025-08-29,08:45:00,SOXS,B,612,6.9600,0
2025-08-29,15:00:00,SOXS,S,612,7.1500,0
2025-08-29,09:00:00,MRVL,B,65,64.9600,0
2025-08-29,12:33:00,MRVL,S,65,63.3200,0
2025-08-29,13:25:00,MRVL,S,67,62.9650,0
2025-08-29,13:30:00,MRVL,B,67,63.0550,0
2025-09-02,08:46:00,CRML,B,713,6.0400,0
2025-09-02,10:52:00,CRML,S,713,5.6500,0
2025-09-02,08:48:00,GPRE,S,397,10.7700,0
2025-09-02,09:00:00,GPRE,B,397,11.0200,0
2025-09-02,08:49:00,FRMM,B,1460,2.9300,0
2025-09-02,09:47:00,FRMM,S,1460,2.7900,0
2025-09-02,08:52:00,IFRX,B,2459,1.7800,0
2025-09-02,09:32:00,IFRX,S,2459,1.6500,0
2025-09-02,08:52:00,ACHV,B,1460,2.9500,0
2025-09-02,12:18:00,ACHV,S,1460,2.8800,0
2025-09-02,08:55:00,VOR,B,2067,2.0700,0
2025-09-02,15:00:00,VOR,S,2067,2.0300,0
2025-09-02,08:57:00,IMAX,B,146,29.3650,0
2025-09-02,15:00:00,IMAX,S,146,29.2950,0
2025-09-02,09:02:00,EVTL,B,856,5.0200,0
2025-09-02,10:30:00,EVTL,S,856,4.8000,0
2025-09-02,09:28:00,NN,B,236,18.0750,0
2025-09-02,09:48:00,NN,S,236,17.8400,0
2025-09-02,09:58:00,GRPN,S,163,25.6450,0
2025-09-02,15:00:00,GRPN,B,163,25.8500,0
2025-09-02,10:01:00,CAR,B,26,159.3500,0
2025-09-02,15:00:00,CAR,S,26,161.0750,0
2025-09-02,10:02:00,BZAI,B,1199,3.5100,0
2025-09-02,11:45:00,BZAI,S,1199,3.4100,0
2025-09-02,10:06:00,RPAY,S,725,5.7950,0
2025-09-02,15:00:00,RPAY,B,725,5.6600,0
2025-09-02,10:18:00,ELDN,S,1632,2.5700,0
2025-09-02,15:00:00,ELDN,B,1632,2.5500,0
2025-09-02,14:51:00,PARR,B,117,35.2500,0
2025-09-02,15:00:00,PARR,S,117,35.3600,0
2025-09-03,08:41:00,GOOGL,B,18,228.0100,0
2025-09-03,15:00:00,GOOGL,S,18,230.6450,0
2025-09-04,08:41:00,OPEN,S,814,5.1000,0
2025-09-04,08:53:00,OPEN,B,814,5.2800,0
2025-09-04,08:41:00,RIVN,S,293,14.1050,0
2025-09-04,11:19:00,RIVN,B,146,13.5408,0
2025-09-04,11:19:00,RIVN,B,147,13.5211,0
2025-09-04,08:44:00,AEO,S,240,17.2700,0
2025-09-04,11:25:00,AEO,B,240,18.3000,0
2025-09-04,09:00:00,OPEN,B,759,5.4500,0
2025-09-04,09:02:00,OPEN,S,379,5.6680,0
2025-09-04,09:02:00,OPEN,S,380,5.5709,0
2025-09-05,08:42:00,EQX,B,449,9.2350,0
2025-09-05,10:50:00,EQX,S,224,9.6044,0
2025-09-05,10:50:00,EQX,S,225,9.6426,0
2025-09-05,08:44:00,TSLL,B,303,13.7500,0
2025-09-05,09:17:00,TSLL,S,303,13.2750,0
2025-09-05,08:45:00,PRSO,S,1275,1.3350,0
2025-09-05,09:01:00,PRSO,B,637,1.2816,0
2025-09-05,09:01:00,PRSO,B,638,1.3350,0
2025-09-05,08:45:00,KVUE,B,200,20.6200,0
2025-09-05,09:24:00,KVUE,S,200,20.4300,0
2025-09-05,09:01:00,AMD,S,27,152.9550,0
2025-09-05,15:00:00,AMD,B,27,151.1300,0
2025-09-05,09:16:00,OPEN,S,658,6.2400,0
2025-09-05,09:49:00,OPEN,B,329,5.9904,0
2025-09-05,09:49:00,OPEN,B,329,6.0061,0
2025-09-05,09:21:00,TSLZ,B,3346,1.2400,0
2025-09-05,15:00:00,TSLZ,S,3346,1.2100,0
2025-09-05,13:07:00,KVUE,S,229,18.1200,0
2025-09-05,13:10:00,KVUE,B,229,18.3500,0
2025-09-05,13:13:00,OPEN,B,608,6.8350,0
2025-09-05,13:19:00,OPEN,S,608,6.7700,0
2025-09-08,08:42:00,HL,B,422,9.8250,0
2025-09-08,11:17:00,HL,S,211,10.2180,0
2025-09-08,11:17:00,HL,S,211,10.1817,0
2025-09-08,08:42:00,CPNG,B,135,30.6150,0
2025-09-08,15:00:00,CPNG,S,135,31.4900,0
2025-09-08,08:45:00,HOOD,B,36,113.4900,0
2025-09-08,15:00:00,HOOD,S,36,117.2600,0
2025-09-08,08:46:00,SOUN,S,292,14.1900,0
2025-09-08,10:25:00,SOUN,B,292,14.6150,0
2025-09-08,08:47:00,NFE,S,2469,1.6600,0
2025-09-08,08:52:00,NFE,B,1234,1.5936,0
2025-09-08,08:52:00,NFE,B,1235,1.5863,0
2025-09-08,08:47:00,OPEN,B,571,7.3000,0
2025-09-08,09:25:00,OPEN,S,571,6.8650,0
2025-09-08,13:12:00,SOUN,B,271,15.2900,0
2025-09-08,13:20:00,SOUN,S,271,15.1700,0
2025-09-09,08:41:00,CIFR,S,524,7.9400,0
2025-09-09,09:00:00,CIFR,B,524,8.2600,0
2025-09-09,08:41:00,WULF,S,451,9.2350,0
2025-09-09,09:00:00,WULF,B,451,9.5950,0
2025-09-09,08:41:00,TECK,S,102,40.4000,0
2025-09-09,14:57:00,TECK,B,51,38.7840,0
2025-09-09,14:57:00,TECK,B,51,38.9690,0
2025-09-09,08:42:00,KEEL,B,3041,1.3950,0
2025-09-09,11:17:00,KEEL,S,1520,1.4508,0
2025-09-09,11:17:00,KEEL,S,1521,1.4411,0
2025-09-09,08:45:00,ONDS,B,757,5.5400,0
2025-09-09,10:34:00,ONDS,S,757,5.2500,0
2025-09-10,08:41:00,ORCL,B,12,331.5600,0
2025-09-10,10:31:00,ORCL,S,6,344.8224,0
2025-09-10,10:31:00,ORCL,S,6,342.3944,0
2025-09-10,08:46:00,CORZ,B,267,15.4950,0
2025-09-10,12:31:00,CORZ,S,133,16.1148,0
2025-09-10,12:31:00,CORZ,S,134,15.9750,0
2025-09-10,09:36:00,SOXS,S,642,6.4500,0
2025-09-10,09:52:00,SOXS,B,642,6.4850,0
2025-09-10,10:12:00,SOXS,S,643,6.4300,0
2025-09-10,13:19:00,SOXS,B,643,6.5800,0
2025-09-11,08:41:00,WBD,B,315,13.1950,0
2025-09-11,12:31:00,WBD,S,157,13.7228,0
2025-09-11,12:31:00,WBD,S,158,14.0480,0
2025-09-11,08:42:00,OPEN,B,462,8.1900,0
2025-09-11,08:55:00,OPEN,S,231,8.5176,0
2025-09-11,08:55:00,OPEN,S,231,8.5481,0
2025-09-11,08:43:00,TSLL,S,312,13.2700,0
2025-09-11,08:53:00,TSLL,B,312,13.5300,0
2025-09-11,08:43:00,AG,B,433,9.6050,0
2025-09-11,12:21:00,AG,S,216,9.9892,0
2025-09-11,12:21:00,AG,S,217,10.2439,0
2025-09-11,08:44:00,NIO,B,704,5.9050,0
2025-09-11,15:00:00,NIO,S,704,6.0650,0
2025-09-11,08:47:00,KEEL,B,2111,1.9800,0
2025-09-11,09:39:00,KEEL,S,1055,2.0592,0
2025-09-11,09:39:00,KEEL,S,1056,2.0741,0
2025-09-11,09:15:00,TSLZ,S,3487,1.1900,0
2025-09-11,15:00:00,TSLZ,B,1743,1.1424,0
2025-09-11,15:00:00,TSLZ,B,1744,1.1050,0
2025-09-11,09:21:00,TSLL,B,301,13.8500,0
2025-09-11,10:30:00,TSLL,S,150,14.4040,0
2025-09-11,10:30:00,TSLL,S,151,14.2915,0
2025-09-11,09:45:00,OPEN,B,444,9.4250,0
2025-09-11,09:49:00,OPEN,S,444,9.2000,0
2025-09-12,08:41:00,RGTI,B,248,17.1900,0
2025-09-12,08:46:00,RGTI,S,124,17.8776,0
2025-09-12,08:46:00,RGTI,S,124,17.8681,0
2025-09-12,08:41:00,TSLL,B,274,15.5800,0
2025-09-12,08:58:00,TSLL,S,137,16.2032,0
2025-09-12,08:58:00,TSLL,S,137,16.1442,0
2025-09-12,08:41:00,OPEN,B,418,10.3500,0
2025-09-12,09:41:00,OPEN,S,418,9.6100,0
2025-09-12,08:42:00,WBD,B,240,17.7900,0
2025-09-12,09:58:00,WBD,S,120,18.5016,0
2025-09-12,09:58:00,WBD,S,120,18.4121,0
2025-09-12,08:44:00,GRAB,B,762,5.6050,0
2025-09-12,10:22:00,GRAB,S,381,5.8292,0
2025-09-12,10:22:00,GRAB,S,381,5.9189,0
2025-09-12,08:55:00,KEEL,S,2055,2.0850,0
2025-09-12,11:18:00,KEEL,B,2055,2.1600,0
2025-09-12,08:55:00,ETHA,B,125,34.3000,0
2025-09-12,15:00:00,ETHA,S,125,35.3600,0
2025-09-12,09:06:00,RGTI,B,222,19.3700,0
2025-09-12,10:17:00,RGTI,S,222,18.6600,0
2025-09-12,09:25:00,TSLL,B,262,16.4200,0
2025-09-12,15:00:00,TSLL,S,262,17.0000,0
2025-09-12,10:15:00,WBD,B,231,18.5900,0
2025-09-12,11:05:00,WBD,S,231,18.1850,0
2025-09-15,08:42:00,KEEL,S,1711,2.5050,0
2025-09-15,11:42:00,KEEL,B,855,2.4048,0
2025-09-15,11:42:00,KEEL,B,856,2.3850,0
2025-09-15,08:43:00,ATYR,S,1857,1.1500,0
2025-09-15,08:45:00,ATYR,B,928,1.1040,0
2025-09-15,08:45:00,ATYR,B,929,1.1115,0
2025-09-15,08:44:00,TSLL,S,227,18.8700,0
2025-09-15,13:41:00,TSLL,B,113,18.1152,0
2025-09-15,13:41:00,TSLL,B,114,17.7687,0
2025-09-15,08:52:00,ATYR,S,3966,1.0850,0
2025-09-15,09:08:00,ATYR,B,1983,1.0416,0
2025-09-15,09:08:00,ATYR,B,1983,1.0418,0
2025-09-15,10:01:00,OPEN,S,358,9.5050,0
2025-09-15,15:00:00,OPEN,B,358,9.5000,0
2025-09-15,10:04:00,DNN,B,1807,2.3950,0
2025-09-15,13:00:00,DNN,S,903,2.4908,0
2025-09-15,13:00:00,DNN,S,904,2.4710,0
2025-09-15,13:29:00,DNN,B,1711,2.5500,0
2025-09-15,15:00:00,DNN,S,1711,2.5650,0
2025-09-16,08:41:00,KEEL,S,1855,2.3400,0
2025-09-16,09:21:00,KEEL,B,1855,2.5100,0
2025-09-16,08:41:00,OPEN,S,467,9.0050,0
2025-09-16,15:00:00,OPEN,B,467,8.9100,0
2025-09-16,08:41:00,WBD,S,241,18.1150,0
2025-09-16,15:00:00,WBD,B,241,18.2400,0
2025-09-16,08:43:00,NIO,S,673,6.5000,0
2025-09-16,09:01:00,NIO,B,673,6.6400,0
2025-09-16,08:52:00,RIVN,B,312,14.0350,0
2025-09-16,09:32:00,RIVN,S,312,13.7600,0
2025-09-16,09:10:00,WOLF,B,919,3.4800,0
2025-09-16,10:55:00,WOLF,S,919,3.0900,0
2025-09-16,09:13:00,MARA,S,269,16.1900,0
2025-09-16,09:37:00,MARA,B,269,16.5150,0
2025-09-16,09:16:00,NIO,B,658,6.6400,0
2025-09-16,12:28:00,NIO,S,329,6.9056,0
2025-09-16,12:28:00,NIO,S,329,6.9236,0
2025-09-16,09:58:00,BBAI,B,766,5.6350,0
2025-09-16,11:33:00,BBAI,S,383,5.8604,0
2025-09-16,11:33:00,BBAI,S,383,5.8336,0
2025-09-16,13:46:00,RIVN,B,295,14.6100,0
2025-09-16,13:53:00,RIVN,S,295,14.5700,0
2025-09-17,08:41:00,LYFT,S,196,21.9500,0
2025-09-17,15:00:00,LYFT,B,196,22.8700,0
2025-09-17,08:43:00,KEEL,B,1499,2.8900,0
2025-09-17,09:30:00,KEEL,S,1499,2.7750,0
2025-09-17,08:44:00,PLUG,B,2468,1.7700,0
2025-09-17,10:35:00,PLUG,S,1234,1.8408,0
2025-09-17,10:35:00,PLUG,S,1234,1.8673,0
2025-09-17,08:45:00,OPEN,B,452,9.5400,0
2025-09-17,09:08:00,OPEN,S,226,9.9216,0
2025-09-17,09:08:00,OPEN,S,226,9.8438,0
2025-09-17,08:47:00,QBTS,B,222,19.4300,0
2025-09-17,09:02:00,QBTS,S,111,20.2072,0
2025-09-17,09:02:00,QBTS,S,111,20.6814,0
2025-09-17,08:51:00,NIO,B,594,7.2650,0
2025-09-17,15:00:00,NIO,S,594,7.4400,0
2025-09-17,13:41:00,QBTS,B,199,21.8200,0
2025-09-17,13:46:00,QBTS,S,199,21.3900,0
2025-09-18,08:41:00,SOXS,B,768,5.6700,0
2025-09-18,08:49:00,SOXS,S,768,5.6000,0
2025-09-18,08:41:00,SOXL,S,133,32.5700,0
2025-09-18,08:50:00,SOXL,B,133,32.8900,0
2025-09-18,08:42:00,INTC,S,141,30.6000,0
2025-09-18,10:19:00,INTC,B,141,31.7900,0
2025-09-18,08:43:00,SNAP,B,519,8.3650,0
2025-09-18,15:00:00,SNAP,S,519,8.4450,0
2025-09-18,08:45:00,MARA,S,248,17.5050,0
2025-09-18,09:06:00,MARA,B,248,17.8600,0
2025-09-18,08:58:00,RGTI,B,183,23.7200,0
2025-09-18,09:12:00,RGTI,S,91,24.6688,0
2025-09-18,09:12:00,RGTI,S,92,24.5695,0
2025-09-18,09:00:00,SOXL,B,130,33.1200,0
2025-09-18,15:00:00,SOXL,S,130,33.6100,0
2025-09-18,09:01:00,QBTS,B,185,23.4750,0
2025-09-18,12:29:00,QBTS,S,92,24.4140,0
2025-09-18,12:29:00,QBTS,S,93,24.2052,0
2025-09-18,09:18:00,MARA,B,241,17.9750,0
2025-09-18,12:03:00,MARA,S,120,18.6940,0
2025-09-18,12:03:00,MARA,S,121,18.8553,0
2025-09-18,09:22:00,SOXS,S,798,5.4400,0
2025-09-18,09:58:00,SOXS,B,798,5.4800,0
2025-09-18,13:30:00,QBTS,B,176,24.6900,0
2025-09-18,13:42:00,QBTS,S,176,24.5600,0
2025-09-19,08:41:00,B,B,138,31.6000,0
2025-09-19,15:00:00,B,S,69,32.8640,0
2025-09-19,15:00:00,B,S,69,33.0100,0
2025-09-19,08:42:00,BBAI,B,681,6.4600,0
2025-09-19,11:50:00,BBAI,S,340,6.7184,0
2025-09-19,11:50:00,BBAI,S,341,6.7654,0
2025-09-19,08:43:00,QBTS,B,177,24.6500,0
2025-09-19,10:00:00,QBTS,S,88,25.6360,0
2025-09-19,10:00:00,QBTS,S,89,25.4135,0
2025-09-19,08:47:00,ACHR,B,463,9.4600,0
2025-09-19,11:40:00,ACHR,S,231,9.8384,0
2025-09-19,11:40:00,ACHR,S,232,9.8054,0
2025-09-19,09:03:00,DNN,B,1669,2.6300,0
2025-09-19,15:00:00,DNN,S,1669,2.7000,0
2025-09-22,08:41:00,PLUG,S,2107,2.1000,0
2025-09-22,08:51:00,PLUG,B,2107,2.1850,0
2025-09-22,08:42:00,IAG,S,391,11.3600,0
2025-09-22,10:27:00,IAG,B,391,11.6200,0
2025-09-22,08:42:00,NIO,S,612,7.2350,0
2025-09-22,11:50:00,NIO,B,306,6.9456,0
2025-09-22,11:50:00,NIO,B,306,6.9623,0
2025-09-22,08:42:00,KVUE,S,253,17.5600,0
2025-09-22,15:00:00,KVUE,B,253,16.9650,0
2025-09-22,08:57:00,OPEN,B,477,9.3250,0
2025-09-22,14:22:00,OPEN,S,477,8.7100,0
2025-09-22,09:18:00,COMP,S,519,8.5000,0
2025-09-22,11:54:00,COMP,B,259,8.1600,0
2025-09-22,11:54:00,COMP,B,260,7.9700,0
2025-09-22,09:45:00,B,S,129,34.0550,0
2025-09-22,15:00:00,B,B,129,35.3800,0
2025-09-22,13:11:00,NIO,S,650,6.8500,0
2025-09-22,13:18:00,NIO,B,650,6.8700,0
2025-09-23,08:42:00,BBAI,S,606,7.2200,0
2025-09-23,08:51:00,BBAI,B,606,7.6000,0
2025-09-23,08:42:00,ONDS,S,604,7.2800,0
2025-09-23,08:57:00,ONDS,B,604,7.5950,0
2025-09-23,08:42:00,KEEL,S,1490,2.9600,0
2025-09-23,09:33:00,KEEL,B,745,2.8416,0
2025-09-23,09:33:00,KEEL,B,745,2.8296,0
2025-09-23,08:42:00,RGTI,S,151,29.0400,0
2025-09-23,10:13:00,RGTI,B,151,31.3200,0
2025-09-23,08:48:00,OPEN,S,583,7.5600,0
2025-09-23,14:37:00,OPEN,B,291,7.2576,0
2025-09-23,14:37:00,OPEN,B,292,7.0680,0
2025-09-24,08:41:00,INTC,B,145,30.1700,0
2025-09-24,14:48:00,INTC,S,72,31.3768,0
2025-09-24,14:48:00,INTC,S,73,31.3633,0
2025-09-24,08:47:00,FCX,S,107,40.8350,0
2025-09-24,12:26:00,FCX,B,53,39.2016,0
2025-09-24,12:26:00,FCX,B,54,38.8334,0
2025-09-24,08:54:00,LAC,B,724,5.8650,0
2025-09-24,09:42:00,LAC,S,362,6.0996,0
2025-09-24,09:42:00,LAC,S,362,6.0543,0
2025-09-24,08:59:00,OPEN,B,569,7.7150,0
2025-09-24,09:10:00,OPEN,S,284,8.0236,0
2025-09-24,09:10:00,OPEN,S,285,7.9264,0
2025-09-24,13:11:00,FCX,S,117,37.8150,0
2025-09-24,13:16:00,FCX,B,117,37.9900,0
2025-09-24,14:27:00,OPEN,B,525,8.4450,0
2025-09-24,14:32:00,OPEN,S,525,8.3700,0
2025-09-25,08:41:00,ETHA,S,148,29.9300,0
2025-09-25,09:14:00,ETHA,B,148,30.2700,0
2025-09-25,08:42:00,LAC,S,661,6.6600,0
2025-09-25,08:45:00,LAC,B,330,6.3936,0
2025-09-25,08:45:00,LAC,B,331,6.4416,0
2025-09-25,08:42:00,OPEN,S,563,7.9000,0
2025-09-25,08:49:00,OPEN,B,563,8.3700,0
2025-09-25,08:43:00,FCX,S,122,36.2000,0
2025-09-25,15:00:00,FCX,B,122,35.2600,0
2025-09-25,08:44:00,INTC,S,141,31.3450,0
2025-09-25,09:01:00,INTC,B,141,32.2000,0
2025-09-25,08:48:00,NAKA,B,3755,1.1900,0
2025-09-25,09:16:00,NAKA,S,1877,1.2376,0
2025-09-25,09:16:00,NAKA,S,1878,1.2381,0
2025-09-25,08:48:00,RIG,S,1455,3.0650,0
2025-09-25,09:23:00,RIG,B,1455,3.1700,0
2025-09-25,09:07:00,CIFR,S,300,12.3900,0
2025-09-25,13:06:00,CIFR,B,150,11.8944,0
2025-09-25,13:06:00,CIFR,B,150,11.6057,0
2025-09-25,13:04:00,ETHA,S,153,28.9000,0
2025-09-25,13:06:00,ETHA,B,153,29.0200,0
2025-09-25,13:56:00,INTC,B,130,33.9650,0
2025-09-25,13:57:00,INTC,S,130,33.8600,0
2025-09-26,08:42:00,WOLF,S,2376,1.4950,0
2025-09-26,09:21:00,WOLF,B,1188,1.4352,0
2025-09-26,09:21:00,WOLF,B,1188,1.4349,0
2025-09-26,08:45:00,NIO,S,616,7.2150,0
2025-09-26,15:00:00,NIO,B,616,7.0200,0
2025-09-26,10:08:00,DVLT,B,1881,1.3400,0
2025-09-26,11:29:00,DVLT,S,1881,1.1450,0
2025-09-29,08:41:00,DVLT,S,3499,1.2700,0
2025-09-29,08:44:00,DVLT,B,1749,1.2192,0
2025-09-29,08:44:00,DVLT,B,1750,1.2227,0
2025-09-29,08:41:00,TLRY,B,2031,1.5300,0
2025-09-29,08:51:00,TLRY,S,1015,1.5912,0
2025-09-29,08:51:00,TLRY,S,1016,1.5847,0
2025-09-29,08:42:00,OPEN,S,529,8.3850,0
2025-09-29,15:00:00,OPEN,B,529,8.1900,0
2025-09-29,08:45:00,CSX,S,127,34.9000,0
2025-09-29,09:00:00,CSX,B,127,35.3600,0
2025-09-29,08:46:00,MARA,B,268,16.6700,0
2025-09-29,09:45:00,MARA,S,134,17.3368,0
2025-09-29,09:45:00,MARA,S,134,17.3633,0
2025-09-29,08:52:00,CGC,B,2840,1.5750,0
2025-09-29,11:03:00,CGC,S,2840,1.5000,0
2025-09-29,09:51:00,MARA,B,255,17.5300,0
2025-09-29,10:00:00,MARA,S,255,17.3450,0
2025-09-29,13:37:00,TLRY,B,2577,1.7300,0
2025-09-29,14:55:00,TLRY,S,1288,1.7992,0
2025-09-29,14:55:00,TLRY,S,1289,1.8127,0
2025-09-29,13:51:00,CSX,B,125,35.5400,0
2025-09-29,13:53:00,CSX,S,125,35.5200,0
2025-09-30,08:41:00,DKNG,S,110,40.7000,0
2025-09-30,09:43:00,DKNG,B,55,39.0720,0
2025-09-30,09:43:00,DKNG,B,55,38.6820,0
2025-09-30,08:41:00,PFE,B,187,24.0200,0
2025-09-30,11:52:00,PFE,S,93,24.9808,0
2025-09-30,11:52:00,PFE,S,94,24.9448,0
2025-09-30,08:41:00,NIO,B,583,7.7300,0
2025-09-30,15:00:00,NIO,S,583,7.6200,0
2025-09-30,08:49:00,TLRY,S,2244,1.6300,0
2025-09-30,10:17:00,TLRY,B,2244,1.8100,0
2025-09-30,08:51:00,SNAP,S,544,8.2500,0
2025-09-30,12:34:00,SNAP,B,272,7.9200,0
2025-09-30,12:34:00,SNAP,B,272,7.7675,0
2025-09-30,09:25:00,PATH,S,317,14.1800,0
2025-09-30,13:13:00,PATH,B,158,13.6128,0
2025-09-30,13:13:00,PATH,B,159,13.5118,0
2025-09-30,10:23:00,DKNG,S,117,38.2750,0
2025-09-30,15:00:00,DKNG,B,117,37.3900,0
2025-10-01,08:41:00,LAC,S,537,6.7800,0
2025-10-01,15:00:00,LAC,B,537,7.0300,0
2025-10-01,08:41:00,NU,S,288,15.6850,0
2025-10-01,15:00:00,NU,B,288,15.2000,0
2025-10-01,08:43:00,NKE,S,62,72.5100,0
2025-10-01,15:00:00,NKE,B,62,74.2400,0
2025-10-01,08:44:00,PLUG,B,1831,2.5300,0
2025-10-01,08:47:00,PLUG,S,915,2.6312,0
2025-10-01,08:47:00,PLUG,S,916,2.6147,0
2025-10-01,08:45:00,SOXS,S,865,5.2250,0
2025-10-01,15:00:00,SOXS,B,432,5.0160,0
2025-10-01,15:00:00,SOXS,B,433,4.8900,0
2025-10-01,08:52:00,PFE,B,174,26.1250,0
2025-10-01,13:03:00,PFE,S,87,27.1700,0
2025-10-01,13:03:00,PFE,S,87,27.1887,0
2025-10-01,08:58:00,PALI,B,1536,1.2250,0
2025-10-01,08:58:00,PALI,S,768,1.2740,0
2025-10-01,08:58:00,PALI,S,768,1.3032,0
2025-10-01,08:58:00,BBAI,B,688,6.6250,0
2025-10-01,09:57:00,BBAI,S,344,6.8900,0
2025-10-01,09:57:00,BBAI,S,344,6.8287,0
2025-10-01,09:08:00,PALI,B,2145,1.4050,0
2025-10-01,09:17:00,PALI,S,2145,1.2350,0
2025-10-01,09:14:00,INTC,B,133,34.1550,0
2025-10-01,13:00:00,INTC,S,66,35.5212,0
2025-10-01,13:00:00,INTC,S,67,35.2234,0
2025-10-01,09:27:00,PLUG,B,1681,2.6900,0
2025-10-01,11:13:00,PLUG,S,840,2.7976,0
2025-10-01,11:13:00,PLUG,S,841,2.8081,0
2025-10-01,09:52:00,AES,B,295,15.3600,0
2025-10-01,15:00:00,AES,S,295,15.3600,0
2025-10-02,08:41:00,RGTI,B,148,31.2000,0
2025-10-02,09:05:00,RGTI,S,74,32.4480,0
2025-10-02,09:05:00,RGTI,S,74,32.4430,0
2025-10-02,08:42:00,TSLL,S,202,22.5850,0
2025-10-02,10:07:00,TSLL,B,101,21.6816,0
2025-10-02,10:07:00,TSLL,B,101,21.7559,0
2025-10-02,08:42:00,SOXS,B,986,4.7100,0
2025-10-02,11:19:00,SOXS,S,986,4.6000,0
2025-10-02,08:42:00,QUBT,B,234,19.6600,0
2025-10-02,12:54:00,QUBT,S,117,20.4464,0
2025-10-02,12:54:00,QUBT,S,117,20.2584,0
2025-10-02,08:42:00,RXRX,B,864,5.3450,0
2025-10-02,14:38:00,RXRX,S,432,5.5588,0
2025-10-02,14:38:00,RXRX,S,432,5.5516,0
2025-10-02,08:44:00,SNAP,B,589,7.8200,0
2025-10-02,15:00:00,SNAP,S,294,8.1328,0
2025-10-02,15:00:00,SNAP,S,295,8.2200,0
2025-10-02,08:45:00,ONDS,B,579,7.9650,0
2025-10-02,08:46:00,ONDS,S,289,8.2836,0
2025-10-02,08:46:00,ONDS,S,290,8.2118,0
2025-10-02,08:46:00,RKT,B,246,18.8200,0
2025-10-02,09:08:00,RKT,S,246,18.1400,0
2025-10-02,08:48:00,TSHA,B,786,4.4550,0
2025-10-02,09:02:00,TSHA,S,393,4.6332,0
2025-10-02,09:02:00,TSHA,S,393,4.5166,0
2025-10-02,08:54:00,ONDS,B,553,8.3550,0
2025-10-02,09:03:00,ONDS,S,276,8.6892,0
2025-10-02,09:03:00,ONDS,S,277,8.5920,0
2025-10-02,09:17:00,RGTI,B,138,33.6800,0
2025-10-02,09:25:00,RGTI,S,69,35.0272,0
2025-10-02,09:25:00,RGTI,S,69,34.6975,0
2025-10-02,13:36:00,TSLL,S,228,20.5400,0
2025-10-02,14:01:00,TSLL,B,228,20.7550,0
2025-10-03,08:41:00,QUBT,B,211,22.3000,0
2025-10-03,08:42:00,QUBT,S,105,23.1920,0
2025-10-03,08:42:00,QUBT,S,106,23.0470,0
2025-10-03,08:41:00,ACHR,B,446,10.5800,0
2025-10-03,08:49:00,ACHR,S,223,11.0032,0
2025-10-03,08:49:00,ACHR,S,223,10.9192,0
2025-10-03,08:42:00,PLTR,S,25,184.6700,0
2025-10-03,09:14:00,PLTR,B,12,177.2832,0
2025-10-03,09:14:00,PLTR,B,13,178.0967,0
2025-10-03,08:46:00,LAC,B,462,7.7700,0
2025-10-03,08:58:00,LAC,S,231,8.0808,0
2025-10-03,08:58:00,LAC,S,231,8.2059,0
2025-10-03,08:47:00,DFLI,S,1486,1.4050,0
2025-10-03,09:31:00,DFLI,B,743,1.3488,0
2025-10-03,09:31:00,DFLI,B,743,1.4050,0
2025-10-03,08:57:00,RGTI,S,132,36.0200,0
2025-10-03,09:18:00,RGTI,B,132,37.5550,0
2025-10-03,08:57:00,RR,S,921,5.1500,0
2025-10-03,09:56:00,RR,B,921,5.4700,0
2025-10-03,09:00:00,PLUG,B,966,3.6100,0
2025-10-03,10:11:00,PLUG,S,483,3.7544,0
2025-10-03,10:11:00,PLUG,S,483,3.7382,0
2025-10-03,09:07:00,LAC,B,566,8.4250,0
2025-10-03,09:15:00,LAC,S,283,8.7620,0
2025-10-03,09:15:00,LAC,S,283,8.6845,0
2025-10-03,14:07:00,ACHR,B,415,11.5000,0
2025-10-03,15:00:00,ACHR,S,415,11.5700,0
2025-10-06,08:42:00,PLUG,S,1033,4.1400,0
2025-10-06,08:47:00,PLUG,B,516,3.9744,0
2025-10-06,08:47:00,PLUG,B,517,4.0114,0
2025-10-06,08:42:00,BBAI,B,627,7.6400,0
2025-10-06,15:00:00,BBAI,S,627,7.6950,0
2025-10-06,08:43:00,MARA,S,244,19.5250,0
2025-10-06,09:31:00,MARA,B,244,19.9800,0
2025-10-06,08:44:00,OPEN,S,578,8.2400,0
2025-10-06,13:42:00,OPEN,B,578,8.6850,0
2025-10-06,08:44:00,AMD,S,22,213.5700,0
2025-10-06,14:55:00,AMD,B,11,205.0272,0
2025-10-06,14:55:00,AMD,B,11,205.3057,0
2025-10-06,08:46:00,SOXS,S,1165,4.1000,0
2025-10-06,08:56:00,SOXS,B,1165,4.1500,0
2025-10-06,08:47:00,QUBT,S,226,21.1100,0
2025-10-06,09:11:00,QUBT,B,226,21.7500,0
2025-10-06,08:47:00,ACHR,B,392,12.2700,0
2025-10-06,09:33:00,ACHR,S,196,12.7608,0
2025-10-06,09:33:00,ACHR,S,196,12.6768,0
2025-10-06,08:49:00,KEEL,B,1412,3.3950,0
2025-10-06,15:00:00,KEEL,S,1412,3.4550,0
2025-10-06,08:51:00,NAKA,S,4280,1.1200,0
2025-10-06,09:16:00,NAKA,B,2140,1.0752,0
2025-10-06,09:16:00,NAKA,B,2140,1.0862,0
2025-10-06,08:57:00,ETHD,S,1628,2.9300,0
2025-10-06,15:00:00,ETHD,B,814,2.8128,0
2025-10-06,15:00:00,ETHD,B,814,2.8100,0
2025-10-06,08:59:00,VZ,S,112,42.6200,0
2025-10-06,15:00:00,VZ,B,112,41.4400,0
2025-10-06,09:54:00,PATH,B,330,14.6100,0
2025-10-06,12:58:00,PATH,S,165,15.1944,0
2025-10-06,12:58:00,PATH,S,165,15.0739,0
2025-10-06,13:35:00,LAC,S,506,8.6800,0
2025-10-06,15:00:00,LAC,B,506,8.4700,0
2025-10-06,14:10:00,ACHR,B,353,13.5700,0
2025-10-06,15:00:00,ACHR,S,353,13.6300,0
2025-10-07,08:41:00,ACHR,S,384,12.6000,0
2025-10-07,09:55:00,ACHR,B,384,13.5800,0
2025-10-07,08:41:00,SOFI,B,175,27.7750,0
2025-10-07,10:36:00,SOFI,S,175,27.0550,0
2025-10-07,08:43:00,TMQ,S,367,6.7750,0
2025-10-07,08:46:00,TMQ,B,183,6.5040,0
2025-10-07,08:46:00,TMQ,B,184,6.5377,0
2025-10-07,08:43:00,ETHA,S,136,35.5900,0
2025-10-07,11:35:00,ETHA,B,68,34.1664,0
2025-10-07,11:35:00,ETHA,B,68,34.0659,0
2025-10-07,08:43:00,F,S,401,12.1100,0
2025-10-07,15:00:00,F,B,401,11.9250,0
2025-10-07,08:47:00,TLRY,B,2909,1.6900,0
2025-10-07,15:00:00,TLRY,S,2909,1.7250,0
2025-10-07,08:51:00,SOXS,B,1165,4.1800,0
2025-10-07,10:11:00,SOXS,S,582,4.3472,0
2025-10-07,10:11:00,SOXS,S,583,4.4232,0
2025-10-07,08:59:00,HIVE,S,852,5.7000,0
2025-10-07,11:43:00,HIVE,B,852,6.0400,0
2025-10-07,09:02:00,PLUG,S,1012,3.9200,0
2025-10-07,10:07:00,PLUG,B,506,3.7632,0
2025-10-07,10:07:00,PLUG,B,506,3.7792,0
2025-10-07,09:20:00,RGTI,B,108,45.0400,0
2025-10-07,09:50:00,RGTI,S,108,41.9400,0
2025-10-08,08:41:00,SOXS,S,1079,4.4800,0
2025-10-08,15:00:00,SOXS,B,539,4.3008,0
2025-10-08,15:00:00,SOXS,B,540,4.1000,0
2025-10-08,08:44:00,AMD,B,22,215.9550,0
2025-10-08,10:59:00,AMD,S,11,224.5932,0
2025-10-08,10:59:00,AMD,S,11,222.8305,0
2025-10-08,08:46:00,RXRX,B,919,5.3150,0
2025-10-08,09:28:00,RXRX,S,459,5.5276,0
2025-10-08,09:28:00,RXRX,S,460,5.7469,0
2025-10-08,08:49:00,KEEL,S,1370,3.5200,0
2025-10-08,09:01:00,KEEL,B,1370,3.6000,0
2025-10-08,08:57:00,OPEN,S,531,9.1000,0
2025-10-08,10:22:00,OPEN,B,531,9.4350,0
2025-10-08,09:08:00,JOBY,S,289,16.6550,0
2025-10-08,11:12:00,JOBY,B,289,17.1000,0
2025-10-08,09:11:00,KEEL,B,1325,3.6500,0
2025-10-08,12:26:00,KEEL,S,662,3.7960,0
2025-10-08,12:26:00,KEEL,S,663,3.9335,0
2025-10-08,09:17:00,PLUG,B,1282,3.7850,0
2025-10-08,10:06:00,PLUG,S,1282,3.6200,0
2025-10-08,09:28:00,NXL,S,921,1.5400,0
2025-10-08,09:39:00,NXL,B,460,1.4784,0
2025-10-08,09:39:00,NXL,B,461,1.5300,0
2025-10-09,08:42:00,RGTI,B,108,45.0050,0
2025-10-09,08:51:00,RGTI,S,54,46.8052,0
2025-10-09,08:51:00,RGTI,S,54,46.5150,0
2025-10-09,08:42:00,BTG,S,931,5.2350,0
2025-10-09,14:14:00,BTG,B,465,5.0256,0
2025-10-09,14:14:00,BTG,B,466,5.0523,0
2025-10-09,08:52:00,ONDS,B,439,11.1450,0
2025-10-09,09:45:00,ONDS,S,439,10.8600,0
2025-10-09,08:52:00,PATH,B,285,17.3400,0
2025-10-09,11:57:00,PATH,S,142,18.0336,0
2025-10-09,11:57:00,PATH,S,143,17.8616,0
2025-10-09,08:55:00,ETHD,B,1503,3.2700,0
2025-10-09,15:00:00,ETHD,S,1503,3.3150,0
2025-10-09,08:57:00,TLRY,B,1960,2.1600,0
2025-10-09,09:00:00,TLRY,S,980,2.2464,0
2025-10-09,09:00:00,TLRY,S,980,2.2061,0
2025-10-09,09:17:00,RGTI,B,103,47.4350,0
2025-10-09,09:30:00,RGTI,S,103,46.5800,0
2025-10-10,08:41:00,QUBT,S,234,21.0400,0
2025-10-10,10:23:00,QUBT,B,117,20.1984,0
2025-10-10,10:23:00,QUBT,B,117,20.2304,0
2025-10-10,08:43:00,AMZN,B,21,227.5650,0
2025-10-10,09:17:00,AMZN,S,21,226.0800,0
2025-10-10,08:43:00,AMD,S,21,230.1000,0
2025-10-10,10:36:00,AMD,B,10,220.8960,0
2025-10-10,10:36:00,AMD,B,11,215.5610,0
2025-10-10,08:44:00,SOFI,B,168,29.5300,0
2025-10-10,09:59:00,SOFI,S,168,28.5350,0
2025-10-10,08:45:00,UVXY,S,470,10.5000,0
2025-10-10,08:46:00,UVXY,B,470,10.5300,0
2025-10-10,08:45:00,SOXS,B,1192,4.1600,0
2025-10-10,10:00:00,SOXS,S,596,4.3264,0
2025-10-10,10:00:00,SOXS,S,596,4.3084,0
2025-10-10,08:45:00,SOXL,S,116,42.2000,0
2025-10-10,10:00:00,SOXL,B,58,40.5120,0
2025-10-10,10:00:00,SOXL,B,58,40.6820,0
2025-10-10,08:46:00,SQQQ,S,343,14.3600,0
2025-10-10,09:57:00,SQQQ,B,343,14.5000,0
2025-10-10,08:46:00,FXI,B,121,40.5800,0
2025-10-10,09:58:00,FXI,S,121,40.4300,0
2025-10-10,08:46:00,KWEB,B,120,41.1500,0
2025-10-10,09:58:00,KWEB,S,120,40.8350,0
2025-10-10,08:47:00,HPE,S,190,25.9300,0
2025-10-10,10:42:00,HPE,B,95,24.8928,0
2025-10-10,10:42:00,HPE,B,95,24.9393,0
2025-10-10,08:48:00,TZA,S,634,7.7700,0
2025-10-10,08:56:00,TZA,B,634,7.8300,0
2025-10-10,08:48:00,CAN,B,3709,1.3300,0
2025-10-10,09:29:00,CAN,S,3709,1.2650,0
2025-10-10,08:50:00,ETHA,S,149,32.9900,0
2025-10-10,10:31:00,ETHA,B,74,31.6704,0
2025-10-10,10:31:00,ETHA,B,75,31.1299,0
2025-10-10,08:52:00,BTBT,B,1152,4.2950,0
2025-10-10,10:08:00,BTBT,S,1152,4.0500,0
2025-10-10,09:01:00,OPEN,S,622,7.8800,0
2025-10-10,10:24:00,OPEN,B,311,7.5648,0
2025-10-10,10:24:00,OPEN,B,311,7.6388,0
2025-10-10,09:15:00,NIO,S,683,7.2100,0
2025-10-10,10:27:00,NIO,B,341,6.9216,0
2025-10-10,10:27:00,NIO,B,342,6.9371,0
2025-10-10,09:31:00,TLRY,S,2580,1.9000,0
2025-10-10,10:02:00,TLRY,B,1290,1.8240,0
2025-10-10,10:02:00,TLRY,B,1290,1.8390,0
2025-10-10,09:59:00,RIG,S,1503,3.2500,0
2025-10-10,13:10:00,RIG,B,751,3.1200,0
2025-10-10,13:10:00,RIG,B,752,3.1375,0
2025-10-10,10:08:00,UVXY,B,438,11.1900,0
2025-10-10,10:10:00,UVXY,S,438,11.0400,0
2025-10-10,10:09:00,SOXS,B,1104,4.4400,0
2025-10-10,10:11:00,SOXS,S,1104,4.3600,0
2025-10-10,10:09:00,SQQQ,B,326,15.0300,0
2025-10-10,10:11:00,SQQQ,S,326,14.8500,0
2025-10-10,10:16:00,GRAB,S,814,5.9900,0
2025-10-10,15:00:00,GRAB,B,814,5.8400,0
2025-10-10,10:17:00,TSLL,S,252,19.3500,0
2025-10-10,10:32:00,TSLL,B,126,18.5760,0
2025-10-10,10:32:00,TSLL,B,126,18.5848,0
2025-10-10,10:18:00,KWEB,S,123,39.6200,0
2025-10-10,15:00:00,KWEB,B,123,38.4350,0
2025-10-10,10:29:00,FXI,S,127,38.9600,0
2025-10-10,10:45:00,FXI,B,127,39.3200,0
2025-10-10,10:30:00,PLUG,S,1402,3.5400,0
2025-10-10,10:44:00,PLUG,B,1402,3.5900,0
2025-10-10,10:30:00,QUBT,S,250,19.8500,0
2025-10-10,10:50:00,QUBT,B,250,20.2350,0
2025-10-10,10:30:00,SOXL,S,132,37.5400,0
2025-10-10,12:17:00,SOXL,B,66,36.0384,0
2025-10-10,12:17:00,SOXL,B,66,36.6098,0
2025-10-10,10:31:00,AMZN,S,22,219.4500,0
2025-10-10,10:44:00,AMZN,B,22,220.8100,0
2025-10-10,10:41:00,NIO,S,730,6.8650,0
2025-10-10,10:44:00,NIO,B,730,6.9800,0
2025-10-10,14:05:00,ETHA,S,164,30.5850,0
2025-10-10,15:00:00,ETHA,B,164,30.2100,0
2025-10-10,14:22:00,TZA,B,590,8.5100,0
2025-10-10,15:00:00,TZA,S,590,8.6300,0
2025-10-10,14:54:00,TLRY,S,2922,1.7200,0
2025-10-10,14:54:00,TLRY,B,2922,1.7350,0
2025-10-13,08:41:00,LAC,B,640,8.0050,0
2025-10-13,08:48:00,LAC,S,320,8.3252,0
2025-10-13,08:48:00,LAC,S,320,8.2650,0
2025-10-13,08:41:00,SOXS,B,1134,4.4600,0
2025-10-13,08:51:00,SOXS,S,1134,4.3300,0
2025-10-13,08:41:00,PLUG,B,1323,3.8750,0
2025-10-13,09:12:00,PLUG,S,661,4.0300,0
2025-10-13,09:12:00,PLUG,S,662,4.0112,0
2025-10-13,08:46:00,BBAI,B,621,8.1500,0
2025-10-13,09:13:00,BBAI,S,310,8.4760,0
2025-10-13,09:13:00,BBAI,S,311,8.5477,0
2025-10-13,08:51:00,SQQQ,S,333,15.1600,0
2025-10-13,15:00:00,SQQQ,B,333,15.0100,0
2025-10-13,08:55:00,LAC,B,603,8.4000,0
2025-10-13,09:13:00,LAC,S,603,8.2150,0
2025-10-13,08:57:00,ASST,S,4056,0.9500,0
2025-10-13,09:09:00,ASST,B,4056,1.0500,0
2025-10-13,08:58:00,TZA,S,625,8.0950,0
2025-10-13,09:27:00,TZA,B,625,8.2100,0
2025-10-13,09:05:00,SOXS,S,1185,4.2800,0
2025-10-13,09:17:00,SOXS,B,1185,4.3150,0
2025-10-13,09:23:00,ETHA,S,162,31.0300,0
2025-10-13,12:06:00,ETHA,B,162,31.6000,0
2025-10-13,14:45:00,ETHA,B,155,32.2900,0
2025-10-13,14:46:00,ETHA,S,155,32.2400,0
2025-10-14,08:41:00,CAN,B,2687,1.5600,0
2025-10-14,08:45:00,CAN,S,1343,1.6224,0
2025-10-14,08:45:00,CAN,S,1344,1.6444,0
2025-10-14,08:41:00,BCRX,S,758,6.6000,0
2025-10-14,09:28:00,BCRX,B,379,6.3360,0
2025-10-14,09:28:00,BCRX,B,379,6.3960,0
2025-10-14,08:44:00,OPEN,B,701,7.2000,0
2025-10-14,11:23:00,OPEN,S,350,7.4880,0
2025-10-14,11:23:00,OPEN,S,351,7.4980,0
2025-10-14,08:49:00,WULF,B,356,14.1900,0
2025-10-14,09:31:00,WULF,S,178,14.7576,0
2025-10-14,09:31:00,WULF,S,178,15.0525,0
2025-10-14,08:53:00,NIO,B,728,6.9400,0
2025-10-14,14:50:00,NIO,S,728,6.8250,0
2025-10-14,09:05:00,LAC,B,617,8.1950,0
2025-10-14,09:34:00,LAC,S,308,8.5228,0
2025-10-14,09:34:00,LAC,S,309,8.9380,0
2025-10-14,09:13:00,ERIC,B,529,9.5850,0
2025-10-14,15:00:00,ERIC,S,529,9.8600,0
2025-10-14,09:19:00,KEEL,B,583,5.4250,0
2025-10-14,09:27:00,KEEL,S,291,5.6420,0
2025-10-14,09:27:00,KEEL,S,292,5.6037,0
2025-10-14,09:21:00,SOXS,S,1139,4.4450,0
2025-10-14,11:57:00,SOXS,B,569,4.2672,0
2025-10-14,11:57:00,SOXS,B,570,4.2845,0
2025-10-14,09:25:00,CAN,B,3060,1.6650,0
2025-10-14,09:43:00,CAN,S,1530,1.7316,0
2025-10-14,09:43:00,CAN,S,1530,1.7168,0
2025-10-14,09:38:00,LAC,B,570,9.0200,0
2025-10-14,09:48:00,LAC,S,570,8.8600,0
2025-10-14,09:38:00,WULF,B,337,15.2400,0
2025-10-14,09:52:00,WULF,S,337,14.9550,0
2025-10-14,13:05:00,KEEL,B,849,6.1050,0
2025-10-14,13:52:00,KEEL,S,849,6.0400,0
2025-10-15,08:42:00,NVTS,B,379,13.6750,0
2025-10-15,08:47:00,NVTS,S,189,14.2220,0
2025-10-15,08:47:00,NVTS,S,190,14.1833,0
2025-10-15,08:43:00,RXRX,B,828,6.3700,0
2025-10-15,09:07:00,RXRX,S,414,6.6248,0
2025-10-15,09:07:00,RXRX,S,414,6.6563,0
2025-10-15,08:44:00,CAN,S,2687,1.8850,0
2025-10-15,10:36:00,CAN,B,1343,1.8096,0
2025-10-15,10:36:00,CAN,B,1344,1.8089,0
2025-10-15,08:45:00,KEEL,S,843,6.1350,0
2025-10-15,10:55:00,KEEL,B,421,5.8896,0
2025-10-15,10:55:00,KEEL,B,422,5.9152,0
2025-10-15,08:47:00,FHN,S,226,22.7500,0
2025-10-15,08:53:00,FHN,B,113,21.8400,0
2025-10-15,08:53:00,FHN,B,113,21.8575,0
2025-10-15,08:47:00,LAC,S,524,9.8800,0
2025-10-15,13:01:00,LAC,B,262,9.4848,0
2025-10-15,13:01:00,LAC,B,262,9.3454,0
2025-10-15,08:47:00,RIG,B,1604,3.2500,0
2025-10-15,15:00:00,RIG,S,1604,3.3050,0
2025-10-15,08:51:00,NVTS,B,363,14.3200,0
2025-10-15,09:12:00,NVTS,S,181,14.8928,0
2025-10-15,09:12:00,NVTS,S,182,14.7030,0
2025-10-15,09:00:00,FHN,S,256,20.3800,0
2025-10-15,09:24:00,FHN,B,256,21.0600,0
2025-10-15,09:50:00,RXRX,B,777,6.7500,0
2025-10-15,10:03:00,RXRX,S,777,6.5850,0
2025-10-15,10:14:00,TLRY,S,3272,1.6000,0
2025-10-15,11:47:00,TLRY,B,3272,1.6600,0
2025-10-15,12:10:00,SOXS,B,1229,4.2850,0
2025-10-15,12:50:00,SOXS,S,1229,4.1450,0
2025-10-15,14:31:00,KEEL,B,801,6.5700,0
2025-10-15,14:36:00,KEEL,S,801,6.4650,0
2025-10-16,08:40:00,LAC,S,620,8.4800,0
2025-10-16,08:49:00,LAC,B,310,8.1408,0
2025-10-16,08:49:00,LAC,B,310,8.1848,0
2025-10-16,08:40:00,HBAN,S,328,16.0450,0
2025-10-16,15:00:00,HBAN,B,164,15.4032,0
2025-10-16,15:00:00,HBAN,B,164,15.3600,0
2025-10-16,08:40:00,KRE,S,86,60.6400,0
2025-10-16,15:00:00,KRE,B,43,58.2144,0
2025-10-16,15:00:00,KRE,B,43,58.1000,0
2025-10-16,08:41:00,KEEL,S,916,5.6700,0
2025-10-16,08:53:00,KEEL,B,458,5.4432,0
2025-10-16,08:53:00,KEEL,B,458,5.4717,0
2025-10-16,08:41:00,RGTI,S,99,52.7100,0
2025-10-16,09:56:00,RGTI,B,49,50.6016,0
2025-10-16,09:56:00,RGTI,B,50,50.7771,0
2025-10-16,08:42:00,KVUE,B,322,16.3450,0
2025-10-16,10:08:00,KVUE,S,322,16.2050,0
2025-10-16,08:42:00,HPE,B,229,23.0250,0
2025-10-16,11:01:00,HPE,S,229,22.3900,0
2025-10-16,08:47:00,PLUG,B,1123,4.2350,0
2025-10-16,09:50:00,PLUG,S,1123,3.8600,0
2025-10-16,08:57:00,TLRY,S,3263,1.6200,0
2025-10-16,09:30:00,TLRY,B,3263,1.6800,0
2025-10-16,10:28:00,KVUE,S,325,16.1600,0
2025-10-16,11:13:00,KVUE,B,162,15.5136,0
2025-10-16,11:13:00,KVUE,B,163,15.3966,0
2025-10-16,10:36:00,RGTI,S,109,47.8900,0
2025-10-16,11:06:00,RGTI,B,109,49.3000,0
2025-10-16,13:16:00,KEY,S,314,16.6700,0
2025-10-16,14:48:00,KEY,B,314,16.7000,0
2025-10-16,14:27:00,KEEL,S,1002,5.2600,0
2025-10-16,14:42:00,KEEL,B,1002,5.3100,0
2025-10-17,08:43:00,GDX,S,65,81.0400,0
2025-10-17,12:41:00,GDX,B,32,77.7984,0
2025-10-17,12:41:00,GDX,B,33,77.9904,0
2025-10-17,08:43:00,BTG,S,919,5.7400,0
2025-10-17,12:52:00,BTG,B,459,5.5104,0
2025-10-17,12:52:00,BTG,B,460,5.5224,0
2025-10-17,08:43:00,KVUE,B,353,14.9800,0
2025-10-17,15:00:00,KVUE,S,353,15.3000,0
2025-10-17,08:45:00,RANI,S,2169,1.2500,0
2025-10-17,09:10:00,RANI,B,1084,1.2000,0
2025-10-17,09:10:00,RANI,B,1085,1.2500,0
2025-10-17,08:46:00,SLI,S,1239,4.2250,0
2025-10-17,09:06:00,SLI,B,619,4.0560,0
2025-10-17,09:06:00,SLI,B,620,4.1104,0
2025-10-17,08:56:00,KEEL,B,1048,5.0850,0
2025-10-17,15:00:00,KEEL,S,1048,5.0100,0
2025-10-17,10:09:00,DNN,S,1837,2.8850,0
2025-10-17,15:00:00,DNN,B,1837,2.9200,0
2025-10-17,10:22:00,SLI,S,1337,3.9700,0
2025-10-17,10:52:00,SLI,B,1337,4.0300,0
2025-10-20,08:41:00,BTBT,B,1321,4.0550,0
2025-10-20,08:47:00,BTBT,S,660,4.2172,0
2025-10-20,08:47:00,BTBT,S,661,4.1895,0
2025-10-20,08:45:00,CAN,B,2796,1.9100,0
2025-10-20,08:47:00,CAN,S,1398,1.9864,0
2025-10-20,08:47:00,CAN,S,1398,1.9825,0
2025-10-20,08:47:00,BYND,S,3839,0.9000,0
2025-10-20,10:04:00,BYND,B,3839,1.0250,0
2025-10-20,08:51:00,BTBT,B,1272,4.2300,0
2025-10-20,09:00:00,BTBT,S,636,4.3992,0
2025-10-20,09:00:00,BTBT,S,636,4.4025,0
2025-10-20,08:51:00,SOXS,S,1401,3.8400,0
2025-10-20,15:00:00,SOXS,B,1401,3.8600,0
2025-10-21,08:41:00,KEEL,S,1166,4.5900,0
2025-10-21,08:56:00,KEEL,B,583,4.4064,0
2025-10-21,08:56:00,KEEL,B,583,4.4359,0
2025-10-21,08:41:00,WBD,B,262,20.5000,0
2025-10-21,15:00:00,WBD,S,262,20.3450,0
2025-10-21,08:41:00,PLUG,S,1683,3.1800,0
2025-10-21,15:00:00,PLUG,B,1683,3.1100,0
2025-10-21,08:44:00,BTG,S,1027,5.1800,0
2025-10-21,15:00:00,BTG,B,1027,5.1800,0
2025-10-21,08:44:00,DNN,S,1925,2.7500,0
2025-10-21,15:00:00,DNN,B,1925,2.7200,0
2025-10-21,08:45:00,OPEN,S,750,7.0900,0
2025-10-21,09:51:00,OPEN,B,750,7.2700,0
2025-10-21,08:46:00,GDX,S,72,73.8200,0
2025-10-21,15:00:00,GDX,B,72,72.7900,0
2025-10-21,08:47:00,SLV,S,119,44.6900,0
2025-10-21,15:00:00,SLV,B,119,43.7600,0
2025-10-21,08:51:00,BYND,S,1031,2.0650,0
2025-10-21,09:34:00,BYND,B,515,1.9824,0
2025-10-21,09:34:00,BYND,B,516,2.0516,0
2025-10-21,09:03:00,HAL,S,222,24.1700,0
2025-10-21,11:38:00,HAL,B,222,24.8700,0
2025-10-21,13:35:00,BYND,B,1825,2.9300,0
2025-10-21,13:40:00,BYND,S,1825,2.7950,0
2025-10-21,14:39:00,OPEN,S,761,6.9900,0
2025-10-21,15:00:00,OPEN,B,761,6.9700,0
2025-10-22,08:43:00,SOXS,S,1320,4.0500,0
2025-10-22,09:24:00,SOXS,B,1320,4.1000,0
2025-10-22,08:45:00,CIFR,B,302,17.7250,0
2025-10-22,09:26:00,CIFR,S,302,16.9600,0
2025-10-22,08:47:00,ONDS,B,755,7.1600,0
2025-10-22,09:35:00,ONDS,S,755,6.7900,0
2025-10-22,08:57:00,BBAI,B,769,6.9600,0
2025-10-22,09:46:00,BBAI,S,769,6.7150,0
2025-10-22,09:04:00,RGTI,S,142,37.6100,0
2025-10-22,10:36:00,RGTI,B,71,36.1056,0
2025-10-22,10:36:00,RGTI,B,71,36.4561,0
2025-10-22,09:08:00,QBTS,S,181,29.4900,0
2025-10-22,09:38:00,QBTS,B,90,28.3104,0
2025-10-22,09:38:00,QBTS,B,91,28.4245,0
2025-10-22,09:13:00,QS,S,364,14.6900,0
2025-10-22,09:40:00,QS,B,182,14.1024,0
2025-10-22,09:40:00,QS,B,182,14.1119,0
2025-10-22,09:27:00,KEEL,S,1151,4.0500,0
2025-10-22,10:24:00,KEEL,B,575,3.8880,0
2025-10-22,10:24:00,KEEL,B,576,3.8861,0
2025-10-22,09:30:00,PLUG,S,1836,2.8900,0
2025-10-22,15:00:00,PLUG,B,1836,2.9000,0
2025-10-22,10:30:00,KEEL,S,1390,3.8400,0
2025-10-22,10:38:00,KEEL,B,1390,3.8900,0
2025-10-22,10:30:00,SOXS,B,1244,4.2900,0
2025-10-22,10:40:00,SOXS,S,1244,4.2600,0
2025-10-23,08:41:00,BYND,B,1188,3.2200,0
2025-10-23,08:43:00,BYND,S,594,3.3488,0
2025-10-23,08:43:00,BYND,S,594,3.3778,0
2025-10-23,08:41:00,SOXS,S,1299,4.0900,0
2025-10-23,12:08:00,SOXS,B,649,3.9264,0
2025-10-23,12:08:00,SOXS,B,650,3.9509,0
2025-10-23,08:42:00,NOK,B,889,6.0150,0
2025-10-23,15:00:00,NOK,S,889,6.1750,0
2025-10-23,08:49:00,RGTI,S,139,38.4400,0
2025-10-23,09:23:00,RGTI,B,139,40.5400,0
2025-10-23,08:54:00,RIG,B,1498,3.5800,0
2025-10-23,14:07:00,RIG,S,749,3.7232,0
2025-10-23,14:07:00,RIG,S,749,3.8842,0
2025-10-23,08:55:00,SCNX,B,2524,1.0600,0
2025-10-23,09:06:00,SCNX,S,1262,1.1024,0
2025-10-23,09:06:00,SCNX,S,1262,1.0600,0
2025-10-23,13:04:00,AAL,B,416,12.9000,0
2025-10-23,13:35:00,AAL,S,416,12.8750,0
2025-10-23,14:07:00,SOXS,S,1384,3.8950,0
2025-10-23,14:08:00,SOXS,B,1384,3.9050,0
2025-10-23,14:17:00,SCNX,B,1627,1.7400,0
2025-10-23,14:19:00,SCNX,S,813,1.8096,0
2025-10-23,14:19:00,SCNX,S,814,1.7523,0
2025-10-24,08:41:00,AAL,B,405,13.3400,0
2025-10-24,11:02:00,AAL,S,202,13.8736,0
2025-10-24,11:02:00,AAL,S,203,13.7416,0
2025-10-24,08:42:00,OPEN,B,711,7.6200,0
2025-10-24,08:44:00,OPEN,S,355,7.9248,0
2025-10-24,08:44:00,OPEN,S,356,7.9338,0
2025-10-24,08:42:00,KEEL,S,1191,4.5350,0
2025-10-24,08:56:00,KEEL,B,1191,4.7000,0
2025-10-24,08:42:00,ONDS,S,707,7.6500,0
2025-10-24,15:00:00,ONDS,B,707,7.4550,0
2025-10-24,08:44:00,ASST,B,5612,0.9641,0
2025-10-24,09:02:00,ASST,S,5612,0.9424,0
2025-10-24,08:45:00,F,B,408,13.3100,0
2025-10-24,14:51:00,F,S,204,13.8424,0
2025-10-24,14:51:00,F,S,204,13.8238,0
2025-10-24,08:49:00,OPEN,B,678,8.0100,0
2025-10-24,08:59:00,OPEN,S,339,8.3304,0
2025-10-24,08:59:00,OPEN,S,339,8.2263,0
2025-10-24,08:51:00,WGRX,B,2218,1.0800,0
2025-10-24,08:52:00,WGRX,S,1109,1.1232,0
2025-10-24,08:52:00,WGRX,S,1109,1.1157,0
2025-10-24,08:59:00,BYND,S,1060,2.9400,0
2025-10-24,09:30:00,BYND,B,530,2.8224,0
2025-10-24,09:30:00,BYND,B,530,2.8779,0
2025-10-24,10:00:00,BYND,S,2036,2.6700,0
2025-10-24,10:06:00,BYND,B,1018,2.5632,0
2025-10-24,10:06:00,BYND,B,1018,2.6025,0
2025-10-27,08:41:00,TSLL,B,266,20.7400,0
2025-10-27,10:44:00,TSLL,S,133,21.5696,0
2025-10-27,10:44:00,TSLL,S,133,21.4876,0
2025-10-27,08:43:00,RNA,S,78,70.1200,0
2025-10-27,15:00:00,RNA,B,78,69.9000,0
2025-10-27,08:46:00,CODX,B,2352,0.7769,0
2025-10-27,08:46:00,CODX,S,1176,0.8080,0
2025-10-27,08:46:00,CODX,S,1176,0.7769,0
2025-10-27,08:46:00,BKYI,S,1764,1.6600,0
2025-10-27,08:53:00,BKYI,B,882,1.5936,0
2025-10-27,08:53:00,BKYI,B,882,1.6600,0
2025-10-27,08:53:00,BYND,B,2323,2.0950,0
2025-10-27,09:01:00,BYND,S,1161,2.1788,0
2025-10-27,09:01:00,BYND,S,1162,2.1700,0
2025-10-27,09:01:00,SOXS,S,1579,3.5000,0
2025-10-27,15:00:00,SOXS,B,1579,3.4100,0
2025-10-27,09:02:00,SQQQ,S,413,13.3950,0
2025-10-27,15:00:00,SQQQ,B,413,13.2250,0
2025-10-27,09:15:00,ASST,B,2331,1.5700,0
2025-10-27,09:20:00,ASST,S,1165,1.6328,0
2025-10-27,09:20:00,ASST,S,1166,1.6102,0
2025-10-27,09:25:00,ASST,B,3373,1.6450,0
2025-10-27,09:32:00,ASST,S,3373,1.5800,0
2025-10-27,10:19:00,NAKA,B,5995,0.9230,0
2025-10-27,11:20:00,NAKA,S,2997,0.9599,0
2025-10-27,11:20:00,NAKA,S,2998,0.9500,0
2025-10-27,14:10:00,BYND,S,2961,1.8800,0
2025-10-27,14:11:00,BYND,B,2961,1.8900,0
2025-10-28,08:41:00,KEEL,S,1258,4.4300,0
2025-10-28,09:18:00,KEEL,B,1258,4.6000,0
2025-10-28,08:41:00,DNN,S,1891,2.9550,0
2025-10-28,09:23:00,DNN,B,1891,3.1000,0
2025-10-28,08:42:00,PLUG,S,1933,2.8800,0
2025-10-28,15:00:00,PLUG,B,1933,2.8000,0
2025-10-28,08:43:00,CAN,S,3438,1.5400,0
2025-10-28,09:26:00,CAN,B,1719,1.4784,0
2025-10-28,09:26:00,CAN,B,1719,1.4504,0
2025-10-28,08:43:00,SOFI,S,187,29.7900,0
2025-10-28,13:18:00,SOFI,B,187,31.3600,0
2025-10-28,08:45:00,ASST,B,2031,1.4700,0
2025-10-28,10:19:00,ASST,S,1015,1.5288,0
2025-10-28,10:19:00,ASST,S,1016,1.5320,0
2025-10-28,08:46:00,BYND,B,2851,1.9900,0
2025-10-28,08:46:00,BYND,S,1425,2.0696,0
2025-10-28,08:46:00,BYND,S,1426,2.0159,0
2025-10-28,08:46:00,NOK,B,863,6.4900,0
2025-10-28,10:45:00,NOK,S,431,6.7496,0
2025-10-28,10:45:00,NOK,S,432,7.6551,0
2025-10-28,08:46:00,CCL,B,197,28.4500,0
2025-10-28,14:37:00,CCL,S,197,27.8200,0
2025-10-28,08:47:00,WULF,B,357,15.8850,0
2025-10-28,08:57:00,WULF,S,178,16.5204,0
2025-10-28,08:57:00,WULF,S,179,16.2282,0
2025-10-28,08:53:00,CX,B,558,10.0400,0
2025-10-28,15:00:00,CX,S,558,10.3050,0
2025-10-28,08:59:00,INTC,B,138,40.5900,0
2025-10-28,12:39:00,INTC,S,69,42.2136,0
2025-10-28,12:39:00,INTC,S,69,42.0741,0
2025-10-28,09:03:00,WULF,B,339,16.5550,0
2025-10-28,14:54:00,WULF,S,339,16.0900,0
2025-10-28,09:30:00,NVDA,S,29,192.6750,0
2025-10-28,11:49:00,NVDA,B,29,195.4550,0
2025-10-28,09:46:00,BYND,B,2532,2.2100,0
2025-10-28,09:58:00,BYND,S,2532,2.1400,0
2025-10-28,13:17:00,NVDA,B,28,198.4650,0
2025-10-28,15:00:00,NVDA,S,28,201.2900,0
2025-10-28,14:46:00,CCL,S,202,27.7800,0
2025-10-28,14:47:00,CCL,B,202,27.8300,0
2025-10-29,08:41:00,LUMN,B,540,10.4500,0
2025-10-29,09:20:00,LUMN,S,270,10.8680,0
2025-10-29,09:20:00,LUMN,S,270,10.7955,0
2025-10-29,08:44:00,ASST,S,4077,1.3800,0
2025-10-29,09:26:00,ASST,B,2038,1.3248,0
2025-10-29,09:26:00,ASST,B,2039,1.3238,0
2025-10-29,08:44:00,WULF,B,358,15.8100,0
2025-10-29,12:19:00,WULF,S,358,15.0500,0
2025-10-29,08:45:00,FISV,B,79,71.5600,0
2025-10-29,10:12:00,FISV,S,39,74.4224,0
2025-10-29,10:12:00,FISV,S,40,73.2546,0
2025-10-29,08:47:00,PPBT,B,2151,1.2100,0
2025-10-29,08:47:00,PPBT,S,1075,1.2584,0
2025-10-29,08:47:00,PPBT,S,1076,1.2100,0
2025-10-29,08:49:00,ERNA,S,1159,1.8700,0
2025-10-29,09:24:00,ERNA,B,1159,2.3000,0
2025-10-29,08:50:00,RKT,B,322,17.5950,0
2025-10-29,12:11:00,RKT,S,322,17.2900,0
2025-10-29,08:52:00,SOXS,S,1782,3.1650,0
2025-10-29,11:04:00,SOXS,B,1782,3.2100,0
2025-10-29,08:57:00,BYND,S,2868,1.9700,0
2025-10-29,09:24:00,BYND,B,1434,1.8912,0
2025-10-29,09:24:00,BYND,B,1434,1.8854,0
2025-10-29,09:15:00,AVTR,S,442,12.3500,0
2025-10-29,14:05:00,AVTR,B,221,11.8560,0
2025-10-29,14:05:00,AVTR,B,221,11.9311,0
2025-10-29,09:52:00,ASST,S,4369,1.3000,0
2025-10-29,10:44:00,ASST,B,4369,1.3400,0
2025-10-29,13:32:00,RKT,S,332,16.9350,0
2025-10-29,13:33:00,RKT,B,332,16.9750,0
2025-10-29,14:17:00,AVTR,S,478,11.7950,0
2025-10-29,15:00:00,AVTR,B,478,11.5800,0
2025-10-30,08:42:00,BMY,B,127,44.1800,0
2025-10-30,15:00:00,BMY,S,127,45.6400,0
2025-10-30,08:43:00,TSLL,S,270,20.9200,0
2025-10-30,08:48:00,TSLL,B,270,21.4200,0
2025-10-30,08:43:00,ETHA,S,197,28.5300,0
2025-10-30,15:00:00,ETHA,B,197,27.8800,0
2025-10-30,08:50:00,CMG,B,173,32.5950,0
2025-10-30,10:51:00,CMG,S,86,33.8988,0
2025-10-30,10:51:00,CMG,S,87,33.5954,0
2025-10-30,08:50:00,META,B,8,669.3400,0
2025-10-30,15:00:00,META,S,8,665.8900,0
2025-10-30,08:53:00,CLF,B,449,12.5500,0
2025-10-30,09:05:00,CLF,S,449,12.3000,0
2025-10-30,08:57:00,ABEV,S,2479,2.2650,0
2025-10-30,15:00:00,ABEV,B,2479,2.2950,0
2025-10-30,08:58:00,BYND,S,3377,1.6550,0
2025-10-30,15:00:00,BYND,B,3377,1.6700,0
2025-10-30,09:04:00,FISV,B,81,69.1250,0
2025-10-30,10:36:00,FISV,S,81,66.0700,0
2025-10-30,09:05:00,CAN,S,4467,1.2600,0
2025-10-30,15:00:00,CAN,B,4467,1.2400,0
2025-10-30,09:09:00,TSLL,S,270,20.8250,0
2025-10-30,15:00:00,TSLL,B,270,20.0700,0
2025-10-31,08:42:00,ETHA,S,195,29.0100,0
2025-10-31,08:54:00,ETHA,B,195,29.1300,0
2025-10-31,08:43:00,BTG,S,1181,4.7900,0
2025-10-31,08:59:00,BTG,B,1181,4.8400,0
2025-10-31,08:45:00,NWL,S,1511,3.4700,0
2025-10-31,09:44:00,NWL,B,755,3.3312,0
2025-10-31,09:44:00,NWL,B,756,3.1700,0
2025-10-31,08:47:00,OPEN,B,751,7.5800,0
2025-10-31,10:02:00,OPEN,S,375,7.8832,0
2025-10-31,10:02:00,OPEN,S,376,7.9142,0
2025-10-31,08:48:00,HKD,B,925,2.9300,0
2025-10-31,08:48:00,HKD,S,462,3.0472,0
2025-10-31,08:48:00,HKD,S,463,2.9300,0
2025-10-31,08:50:00,TSLL,S,274,20.6550,0
2025-10-31,09:03:00,TSLL,B,274,20.9850,0
2025-10-31,08:50:00,ASST,B,4503,1.2650,0
2025-10-31,11:10:00,ASST,S,4503,1.2150,0
2025-10-31,09:04:00,HKD,B,1374,3.1600,0
2025-10-31,09:04:00,HKD,S,687,3.2864,0
2025-10-31,09:04:00,HKD,S,687,3.1600,0
2025-10-31,09:09:00,AMZN,S,22,246.6700,0
2025-10-31,15:00:00,AMZN,B,22,244.2900,0
2025-10-31,10:07:00,TSLL,B,265,21.5800,0
2025-10-31,10:21:00,TSLL,S,265,21.4800,0
2025-10-31,10:16:00,ETHA,B,195,29.3200,0
2025-10-31,10:22:00,ETHA,S,195,29.2400,0
2025-11-03,08:44:00,BBAI,S,854,6.6700,0
2025-11-03,08:45:00,BBAI,B,854,6.7350,0
2025-11-03,08:44:00,BYND,S,3987,1.4250,0
2025-11-03,09:31:00,BYND,B,1993,1.3680,0
2025-11-03,09:31:00,BYND,B,1994,1.3793,0
2025-11-03,08:45:00,TSLL,B,256,22.2500,0
2025-11-03,09:01:00,TSLL,S,128,23.1400,0
2025-11-03,09:01:00,TSLL,S,128,22.9375,0
2025-11-03,08:50:00,ETHA,B,202,28.1700,0
2025-11-03,09:11:00,ETHA,S,202,28.0200,0
2025-11-03,08:51:00,CIFR,B,235,24.1400,0
2025-11-03,09:33:00,CIFR,S,235,22.5700,0
2025-11-03,08:54:00,BBAI,S,853,6.6600,0
2025-11-03,09:40:00,BBAI,B,426,6.3936,0
2025-11-03,09:40:00,BBAI,B,427,6.3816,0
2025-11-03,09:35:00,DNN,S,1859,3.0650,0
2025-11-03,11:51:00,DNN,B,929,2.9424,0
2025-11-03,11:51:00,DNN,B,930,2.9657,0
2025-11-03,09:43:00,BYND,S,4237,1.3500,0
2025-11-03,09:44:00,BYND,B,4237,1.3700,0
2025-11-03,14:47:00,KVUE,S,352,16.2600,0
2025-11-03,15:00:00,KVUE,B,352,16.1600,0
2025-11-04,08:41:00,SOXS,S,1638,3.4800,0
2025-11-04,12:40:00,SOXS,B,1638,3.5700,0
2025-11-04,08:41:00,CDE,S,408,14.0100,0
2025-11-04,15:00:00,CDE,B,408,13.7900,0
2025-11-04,08:42:00,HTZ,B,962,5.9600,0
2025-11-04,08:46:00,HTZ,S,481,6.1984,0
2025-11-04,08:46:00,HTZ,S,481,6.1454,0
2025-11-04,08:42:00,PLUG,B,2156,2.6850,0
2025-11-04,08:50:00,PLUG,S,1078,2.7924,0
2025-11-04,08:50:00,PLUG,S,1078,2.7731,0
2025-11-04,08:42:00,ETHA,B,216,26.5300,0
2025-11-04,10:20:00,ETHA,S,216,26.2300,0
2025-11-04,08:42:00,SQQQ,S,424,13.5000,0
2025-11-04,11:19:00,SQQQ,B,424,13.6500,0
2025-11-04,08:43:00,KEEL,B,1459,3.9450,0
2025-11-04,09:02:00,KEEL,S,729,4.1028,0
2025-11-04,09:02:00,KEEL,S,730,4.0855,0
2025-11-04,08:43:00,IBIT,B,97,58.9200,0
2025-11-04,10:18:00,IBIT,S,97,58.3300,0
2025-11-04,08:43:00,TZA,S,707,8.0900,0
2025-11-04,14:56:00,TZA,B,707,8.2150,0
2025-11-04,08:46:00,NCLH,S,285,20.0700,0
2025-11-04,10:21:00,NCLH,B,142,19.2672,0
2025-11-04,10:21:00,NCLH,B,143,19.4179,0
2025-11-04,08:48:00,BTG,S,1419,4.0550,0
2025-11-04,15:00:00,BTG,B,1419,3.9850,0
2025-11-04,08:53:00,CCL,S,216,26.6250,0
2025-11-04,15:00:00,CCL,B,216,26.1300,0
2025-11-04,08:54:00,MSTU,B,2131,2.7300,0
2025-11-04,09:52:00,MSTU,S,2131,2.6150,0
2025-11-04,08:57:00,DNN,B,2048,2.8200,0
2025-11-04,09:10:00,DNN,S,2048,2.7550,0
2025-11-04,08:58:00,OPEN,B,786,7.3500,0
2025-11-04,10:51:00,OPEN,S,786,7.1100,0
2025-11-04,09:05:00,UBER,B,62,93.1500,0
2025-11-04,15:00:00,UBER,S,62,94.7300,0
2025-11-04,09:11:00,HTZ,B,859,6.7300,0
2025-11-04,10:44:00,HTZ,S,429,6.9992,0
2025-11-04,10:44:00,HTZ,S,430,6.9709,0
2025-11-04,09:26:00,PLTD,S,922,6.2300,0
2025-11-04,15:00:00,PLTD,B,922,6.3500,0
2025-11-04,09:56:00,INTC,S,153,37.5200,0
2025-11-04,15:00:00,INTC,B,153,37.0500,0
2025-11-04,13:50:00,SQQQ,B,417,13.7800,0
2025-11-04,13:52:00,SQQQ,S,417,13.7500,0
2025-11-04,13:56:00,ETHA,S,234,24.5000,0
2025-11-04,15:00:00,ETHA,B,234,24.2600,0
2025-11-05,08:41:00,SOXS,S,1638,3.5200,0
2025-11-05,10:08:00,SOXS,B,819,3.3792,0
2025-11-05,10:08:00,SOXS,B,819,3.4052,0
2025-11-05,08:41:00,TEVA,B,240,24.3500,0
2025-11-05,15:00:00,TEVA,S,240,24.5900,0
2025-11-05,08:42:00,TSLL,S,283,20.4200,0
2025-11-05,12:11:00,TSLL,B,283,21.3000,0
2025-11-05,08:44:00,ASST,B,4283,1.3550,0
2025-11-05,09:21:00,ASST,S,2141,1.4092,0
2025-11-05,09:21:00,ASST,S,2142,1.4064,0
2025-11-05,08:46:00,BYND,S,4482,1.2900,0
2025-11-05,08:49:00,BYND,B,4482,1.3100,0
2025-11-05,08:47:00,RIVN,B,425,13.6100,0
2025-11-05,09:51:00,RIVN,S,212,14.1544,0
2025-11-05,09:51:00,RIVN,S,213,14.3214,0
2025-11-05,08:48:00,ETHA,B,228,25.3000,0
2025-11-05,14:57:00,ETHA,S,114,26.3120,0
2025-11-05,14:57:00,ETHA,S,114,26.0770,0
2025-11-05,08:51:00,MTC,B,2109,0.5450,0
2025-11-05,08:51:00,MTC,S,1054,0.5668,0
2025-11-05,08:51:00,MTC,S,1055,0.5788,0
2025-11-05,08:52:00,AAL,B,446,12.9850,0
2025-11-05,14:55:00,AAL,S,223,13.5044,0
2025-11-05,14:55:00,AAL,S,223,13.4052,0
2025-11-05,09:32:00,PINS,S,223,25.9550,0
2025-11-05,15:00:00,PINS,B,223,25.7500,0
2025-11-05,09:56:00,ASST,B,4104,1.4200,0
2025-11-05,10:55:00,ASST,S,2052,1.4768,0
2025-11-05,10:55:00,ASST,S,2052,1.4708,0
2025-11-05,10:10:00,MTC,B,4936,0.6448,0
2025-11-05,10:11:00,MTC,S,2468,0.6706,0
2025-11-05,10:11:00,MTC,S,2468,0.6529,0
2025-11-05,13:56:00,RIVN,B,372,15.7550,0
2025-11-05,14:07:00,RIVN,S,372,15.5900,0
2025-11-06,08:42:00,SOFI,S,197,29.8000,0
2025-11-06,08:49:00,SOFI,B,197,30.6200,0
2025-11-06,08:42:00,BBAI,S,993,5.9400,0
2025-11-06,10:05:00,BBAI,B,496,5.7024,0
2025-11-06,10:05:00,BBAI,B,497,5.7394,0
2025-11-06,08:42:00,SQQQ,B,430,13.7400,0
2025-11-06,11:11:00,SQQQ,S,215,14.2896,0
2025-11-06,11:11:00,SQQQ,S,215,14.2126,0
2025-11-06,08:42:00,SNAP,S,725,8.1350,0
2025-11-06,15:00:00,SNAP,B,725,8.0200,0
2025-11-06,08:44:00,BTG,S,1573,3.7300,0
2025-11-06,08:54:00,BTG,B,1573,3.8600,0
2025-11-06,08:46:00,TSLL,B,266,22.3550,0
2025-11-06,08:58:00,TSLL,S,266,21.5400,0
2025-11-06,08:48:00,SOXS,S,1777,3.3200,0
2025-11-06,08:51:00,SOXS,B,1777,3.3600,0
2025-11-06,08:50:00,BYND,B,2477,1.5100,0
2025-11-06,09:54:00,BYND,S,2477,1.2900,0
2025-11-06,08:50:00,PLUG,S,2298,2.5600,0
2025-11-06,10:05:00,PLUG,B,1149,2.4576,0
2025-11-06,10:05:00,PLUG,B,1149,2.4806,0
2025-11-06,08:55:00,OPEN,S,829,7.0550,0
2025-11-06,11:35:00,OPEN,B,414,6.7728,0
2025-11-06,11:35:00,OPEN,B,415,6.8305,0
2025-11-06,09:15:00,SOXS,B,1672,3.4900,0
2025-11-06,09:21:00,SOXS,S,1672,3.4350,0
2025-11-06,09:36:00,ONDS,S,1022,5.7000,0
2025-11-06,11:00:00,ONDS,B,511,5.4720,0
2025-11-06,11:00:00,ONDS,B,511,5.4070,0
2025-11-06,13:20:00,LYFT,B,224,22.0800,0
2025-11-06,15:00:00,LYFT,S,224,21.2500,0
2025-11-06,13:49:00,ONDS,S,1102,5.3300,0
2025-11-06,13:50:00,ONDS,B,1102,5.3550,0
2025-11-06,14:39:00,OPEN,S,873,6.7350,0
2025-11-06,15:00:00,OPEN,B,873,6.5450,0
2025-11-06,14:41:00,BBAI,S,1053,5.5850,0
2025-11-06,14:47:00,BBAI,B,1053,5.6100,0
2025-11-07,08:41:00,BYND,B,4966,1.2000,0
2025-11-07,10:03:00,BYND,S,4966,1.1500,0
2025-11-07,08:47:00,PLUG,S,2488,2.3650,0
2025-11-07,09:15:00,PLUG,B,2488,2.4500,0
2025-11-07,08:52:00,PBR,B,477,12.3250,0
2025-11-07,09:59:00,PBR,S,238,12.8180,0
2025-11-07,09:59:00,PBR,S,239,12.6967,0
2025-11-07,08:52:00,TSLL,S,319,18.4450,0
2025-11-07,15:00:00,TSLL,B,319,18.8800,0
2025-11-07,08:56:00,ONDS,B,1129,5.2250,0
2025-11-07,11:28:00,ONDS,S,564,5.4340,0
2025-11-07,11:28:00,ONDS,S,565,5.3878,0
2025-11-07,08:59:00,PRMB,S,350,16.7300,0
2025-11-07,10:05:00,PRMB,B,175,16.0608,0
2025-11-07,10:05:00,PRMB,B,175,16.1623,0
2025-11-07,09:03:00,ACHR,S,760,7.7350,0
2025-11-07,10:27:00,ACHR,B,380,7.4256,0
2025-11-07,10:27:00,ACHR,B,380,7.4774,0
2025-11-07,10:28:00,PRMB,S,372,15.8400,0
2025-11-07,11:39:00,PRMB,B,186,15.2064,0
2025-11-07,11:39:00,PRMB,B,186,14.9234,0
2025-11-07,13:34:00,ONDS,B,1035,5.7500,0
2025-11-07,14:20:00,ONDS,S,1035,5.6850,0
2025-11-10,08:41:00,RIVN,S,389,15.1350,0
2025-11-10,09:38:00,RIVN,B,389,15.6150,0
2025-11-10,08:41:00,SQQQ,S,434,13.6600,0
2025-11-10,09:59:00,SQQQ,B,434,13.8100,0
2025-11-10,08:41:00,SOFI,B,197,30.0100,0
2025-11-10,15:00:00,SOFI,S,197,30.5500,0
2025-11-10,08:41:00,PLTR,B,31,188.5750,0
2025-11-10,15:00:00,PLTR,S,31,193.6300,0
2025-11-10,08:42:00,GRAB,B,1004,5.9100,0
2025-11-10,15:00:00,GRAB,S,1004,5.8900,0
2025-11-10,08:43:00,OPEN,B,817,7.2600,0
2025-11-10,09:11:00,OPEN,S,408,7.5504,0
2025-11-10,09:11:00,OPEN,S,409,7.4924,0
2025-11-10,08:43:00,PLTD,S,929,6.3700,0
2025-11-10,15:00:00,PLTD,B,929,6.1800,0
2025-11-10,08:44:00,OSCR,S,388,15.2550,0
2025-11-10,14:54:00,OSCR,B,194,14.6448,0
2025-11-10,14:54:00,OSCR,B,194,14.6525,0
2025-11-10,08:50:00,SNAP,B,706,8.4200,0
2025-11-10,15:00:00,SNAP,S,706,8.7000,0
2025-11-10,08:51:00,NVDA,S,30,194.0700,0
2025-11-10,08:59:00,NVDA,B,30,195.4000,0
2025-11-10,08:51:00,SOXS,B,1744,3.4300,0
2025-11-10,15:00:00,SOXS,S,1744,3.4000,0
2025-11-10,08:53:00,RIG,S,1492,3.9700,0
2025-11-10,08:59:00,RIG,B,1492,4.0400,0
2025-11-10,09:05:00,NVDA,B,30,195.5650,0
2025-11-10,09:58:00,NVDA,S,30,194.7600,0
2025-11-10,09:53:00,RIG,B,1456,4.0650,0
2025-11-10,14:58:00,RIG,S,728,4.2276,0
2025-11-10,14:58:00,RIG,S,728,4.2093,0
2025-11-10,13:39:00,SQQQ,S,437,13.5250,0
2025-11-10,15:00:00,SQQQ,B,437,13.4900,0
2025-11-10,14:11:00,OPEN,B,731,8.0950,0
2025-11-10,14:15:00,OPEN,S,731,7.9700,0
2025-11-11,08:41:00,SOXS,B,1716,3.5200,0
2025-11-11,15:00:00,SOXS,S,1716,3.6350,0
2025-11-11,08:42:00,ASST,S,4320,1.3850,0
2025-11-11,15:00:00,ASST,B,4320,1.3550,0
2025-11-11,08:43:00,BYND,S,4923,1.2100,0
2025-11-11,08:47:00,BYND,B,4923,1.2800,0
2025-11-11,08:48:00,RIVN,B,353,16.9000,0
2025-11-11,09:34:00,RIVN,S,176,17.5760,0
2025-11-11,09:34:00,RIVN,S,177,17.4552,0
2025-11-11,08:57:00,OPEN,B,728,8.2800,0
2025-11-11,14:54:00,OPEN,S,364,8.6112,0
2025-11-11,14:54:00,OPEN,S,364,8.4886,0
2025-11-11,09:14:00,BBAI,S,823,6.3400,0
2025-11-11,11:37:00,BBAI,B,411,6.0864,0
2025-11-11,11:37:00,BBAI,B,412,6.1532,0
2025-11-11,09:52:00,ACHR,S,727,8.2350,0
2025-11-11,11:05:00,ACHR,B,727,8.4950,0
2025-11-12,08:41:00,BYND,B,4914,1.2500,0
2025-11-12,09:35:00,BYND,S,4914,1.2000,0
2025-11-12,08:42:00,PLUG,B,2361,2.5700,0
2025-11-12,08:47:00,PLUG,S,1180,2.6728,0
2025-11-12,08:47:00,PLUG,S,1181,2.6543,0
2025-11-12,08:42:00,OPEN,S,720,8.3800,0
2025-11-12,09:46:00,OPEN,B,720,8.6950,0
2025-11-12,08:43:00,MSTU,S,2747,2.1900,0
2025-11-12,09:57:00,MSTU,B,1373,2.1024,0
2025-11-12,09:57:00,MSTU,B,1374,2.0919,0
2025-11-12,08:45:00,CYPH,B,8395,0.7200,0
2025-11-12,08:45:00,CYPH,S,4197,0.7488,0
2025-11-12,08:45:00,CYPH,S,4198,0.7200,0
2025-11-12,08:46:00,CYPH,B,3592,0.7401,0
2025-11-12,08:48:00,CYPH,S,1796,0.7697,0
2025-11-12,08:48:00,CYPH,S,1796,0.7401,0
2025-11-12,08:47:00,AMD,S,23,252.1600,0
2025-11-12,09:10:00,AMD,B,23,258.5700,0
2025-11-12,08:49:00,KEEL,S,1843,3.3000,0
2025-11-12,10:17:00,KEEL,B,921,3.1680,0
2025-11-12,10:17:00,KEEL,B,922,3.1230,0
2025-11-12,09:44:00,AMD,B,23,263.2800,0
2025-11-12,09:51:00,AMD,S,23,260.4800,0
2025-11-12,10:09:00,MSTU,S,2924,2.0700,0
2025-11-12,14:27:00,MSTU,B,1462,1.9872,0
2025-11-12,14:27:00,MSTU,B,1462,1.9907,0
2025-11-12,14:50:00,PLUG,B,2248,2.7100,0
2025-11-12,15:00:00,PLUG,S,2248,2.7400,0
2025-11-13,08:41:00,SQQQ,B,433,14.0600,0
2025-11-13,09:16:00,SQQQ,S,433,13.8350,0
2025-11-13,08:41:00,BBAI,S,915,6.6450,0
2025-11-13,10:27:00,BBAI,B,457,6.3792,0
2025-11-13,10:27:00,BBAI,B,458,6.3314,0
2025-11-13,08:42:00,OPEN,S,694,8.7900,0
2025-11-13,08:46:00,OPEN,B,694,9.0900,0
2025-11-13,08:42:00,SOXS,B,1671,3.6950,0
2025-11-13,09:16:00,SOXS,S,1671,3.5900,0
2025-11-13,08:42:00,TSLL,S,341,17.8750,0
2025-11-13,09:23:00,TSLL,B,170,17.1600,0
2025-11-13,09:23:00,TSLL,B,171,17.2387,0
2025-11-13,08:43:00,MARA,S,439,13.8900,0
2025-11-13,13:24:00,MARA,B,219,13.3344,0
2025-11-13,13:24:00,MARA,B,220,12.9739,0
2025-11-13,08:44:00,SOFI,S,200,30.4500,0
2025-11-13,08:57:00,SOFI,B,200,30.8700,0
2025-11-13,08:44:00,INTC,S,165,36.7500,0
2025-11-13,09:14:00,INTC,B,165,36.9900,0
2025-11-13,08:44:00,SNAP,S,683,8.8600,0
2025-11-13,15:00:00,SNAP,B,683,8.6000,0
2025-11-13,08:48:00,RIVN,B,347,17.5350,0
2025-11-13,09:04:00,RIVN,S,347,17.1200,0
2025-11-13,08:51:00,KEEL,B,2071,2.9600,0
2025-11-13,10:18:00,KEEL,S,2071,2.7250,0
2025-11-13,08:52:00,ETHA,B,234,26.0600,0
2025-11-13,09:33:00,ETHA,S,234,25.6400,0
2025-11-13,09:00:00,ASST,B,4856,1.2600,0
2025-11-13,11:44:00,ASST,S,4856,1.1800,0
2025-11-13,09:03:00,QBTS,S,252,24.0100,0
2025-11-13,09:09:00,QBTS,B,252,24.7000,0
2025-11-13,09:07:00,TSLS,B,1073,5.6400,0
2025-11-13,15:00:00,TSLS,S,1073,5.7800,0
2025-11-13,09:08:00,ONDS,B,617,7.0950,0
2025-11-13,15:00:00,ONDS,S,617,6.6000,0
2025-11-13,09:10:00,WULF,B,495,12.2900,0
2025-11-13,10:06:00,WULF,S,495,11.7100,0
2025-11-13,09:25:00,RIVN,S,353,17.0400,0
2025-11-13,13:25:00,RIVN,B,176,16.3584,0
2025-11-13,13:25:00,RIVN,B,177,16.3854,0
2025-11-13,09:26:00,PLUG,S,2315,2.6050,0
2025-11-13,10:23:00,PLUG,B,1157,2.5008,0
2025-11-13,10:23:00,PLUG,B,1158,2.4861,0
2025-11-13,09:27:00,RGTI,S,231,26.0200,0
2025-11-13,10:22:00,RGTI,B,115,24.9792,0
2025-11-13,10:22:00,RGTI,B,116,25.0152,0
2025-11-13,10:06:00,SQQQ,B,421,14.3100,0
2025-11-13,15:00:00,SQQQ,S,421,14.4200,0
2025-11-13,13:13:00,BBAI,S,977,6.1450,0
2025-11-13,13:14:00,BBAI,B,977,6.1900,0
2025-11-13,14:05:00,ETHA,S,251,23.9650,0
2025-11-13,14:38:00,ETHA,B,251,24.1500,0
2025-11-14,08:41:00,OPEN,B,715,8.4500,0
2025-11-14,08:57:00,OPEN,S,357,8.7880,0
2025-11-14,08:57:00,OPEN,S,358,8.7655,0
2025-11-14,08:44:00,ONDS,B,842,7.1600,0
2025-11-14,08:46:00,ONDS,S,421,7.4464,0
2025-11-14,08:46:00,ONDS,S,421,7.4184,0
2025-11-14,08:45:00,PLUG,B,2514,2.4000,0
2025-11-14,14:20:00,PLUG,S,2514,2.3000,0
2025-11-14,08:46:00,WULF,B,520,11.6850,0
2025-11-14,14:56:00,WULF,S,520,10.9700,0
2025-11-14,09:01:00,MSTU,B,3730,1.6300,0
2025-11-14,09:09:00,MSTU,S,3730,1.5500,0
2025-11-14,09:23:00,IVVD,B,1166,2.5800,0
2025-11-14,10:04:00,IVVD,S,583,2.6832,0
2025-11-14,10:04:00,IVVD,S,583,2.6355,0
2025-11-17,08:41:00,SOXS,S,1574,3.8000,0
2025-11-17,12:02:00,SOXS,B,1574,4.0050,0
2025-11-17,08:44:00,HPE,B,273,21.9550,0
2025-11-17,10:15:00,HPE,S,273,21.2600,0
2025-11-17,08:49:00,PLUG,B,2776,2.1600,0
2025-11-17,15:00:00,PLUG,S,2776,2.0800,0
2025-11-17,08:51:00,ONDS,S,859,6.9800,0
2025-11-17,09:07:00,ONDS,B,429,6.7008,0
2025-11-17,09:07:00,ONDS,B,430,6.6827,0
2025-11-17,09:19:00,ONDS,S,925,6.5100,0
2025-11-17,10:03:00,ONDS,B,462,6.2496,0
2025-11-17,10:03:00,ONDS,B,463,6.2755,0
2025-11-18,08:41:00,ONDS,B,845,6.7500,0
2025-11-18,11:59:00,ONDS,S,422,7.0200,0
2025-11-18,11:59:00,ONDS,S,423,7.3325,0
2025-11-18,08:41:00,WULF,B,510,11.7300,0
2025-11-18,12:25:00,WULF,S,255,12.1992,0
2025-11-18,12:25:00,WULF,S,255,12.2677,0
2025-11-18,08:43:00,SOXL,S,170,34.9600,0
2025-11-18,09:05:00,SOXL,B,85,33.5616,0
2025-11-18,09:05:00,SOXL,B,85,33.5246,0
2025-11-18,08:43:00,SOXS,B,1398,4.2800,0
2025-11-18,09:06:00,SOXS,S,699,4.4512,0
2025-11-18,09:06:00,SOXS,S,699,4.4272,0
2025-11-18,08:48:00,UVXY,B,485,12.3600,0
2025-11-18,10:45:00,UVXY,S,485,12.0400,0
2025-11-18,09:16:00,SOXS,B,1346,4.4700,0
2025-11-18,09:21:00,SOXS,S,1346,4.3700,0
2025-11-18,09:17:00,SOXL,S,181,33.1750,0
2025-11-18,09:21:00,SOXL,B,181,34.1800,0
2025-11-18,13:58:00,ONDS,B,764,7.8900,0
2025-11-18,14:31:00,ONDS,S,764,7.7200,0
2025-11-19,08:41:00,EOSE,B,471,12.7850,0
2025-11-19,09:16:00,EOSE,S,235,13.2964,0
2025-11-19,09:16:00,EOSE,S,236,13.3821,0
2025-11-19,08:41:00,NOK,S,992,6.0600,0
2025-11-19,15:00:00,NOK,B,992,6.0350,0
2025-11-19,08:45:00,ETHA,B,260,23.1350,0
2025-11-19,09:30:00,ETHA,S,260,22.8500,0
2025-11-19,08:53:00,PLUG,B,3335,1.8300,0
2025-11-19,09:21:00,PLUG,S,1667,1.9032,0
2025-11-19,09:21:00,PLUG,S,1668,1.8936,0
2025-11-19,09:47:00,OPEN,S,875,6.8950,0
2025-11-19,11:17:00,OPEN,B,437,6.6192,0
2025-11-19,11:17:00,OPEN,B,438,6.6239,0
2025-11-19,10:12:00,ETHA,S,270,22.4000,0
2025-11-19,15:00:00,ETHA,B,270,22.2500,0
2025-11-19,13:25:00,EOSE,S,496,12.2600,0
2025-11-19,13:45:00,EOSE,B,496,12.4000,0
2025-11-20,08:41:00,SOXL,S,158,38.3300,0
2025-11-20,10:18:00,SOXL,B,79,36.7968,0
2025-11-20,10:18:00,SOXL,B,79,37.1333,0
2025-11-20,08:41:00,OPEN,S,900,6.7050,0
2025-11-20,11:21:00,OPEN,B,450,6.4368,0
2025-11-20,11:21:00,OPEN,B,450,6.4271,0
2025-11-20,08:41:00,UBER,S,68,88.9700,0
2025-11-20,13:55:00,UBER,B,34,85.4112,0
2025-11-20,13:55:00,UBER,B,34,83.8297,0
2025-11-20,08:42:00,SOXS,B,1580,3.8600,0
2025-11-20,10:27:00,SOXS,S,790,4.0144,0
2025-11-20,10:27:00,SOXS,S,790,4.0414,0
2025-11-20,08:45:00,ACHR,S,788,7.7200,0
2025-11-20,09:03:00,ACHR,B,788,7.8600,0
2025-11-20,08:48:00,BBAI,B,975,6.2650,0
2025-11-20,10:10:00,BBAI,S,975,6.1000,0
2025-11-20,08:48:00,MSTU,S,4377,1.3900,0
2025-11-20,10:20:00,MSTU,B,2188,1.3344,0
2025-11-20,10:20:00,MSTU,B,2189,1.2589,0
2025-11-20,08:54:00,DVLT,B,3457,1.7750,0
2025-11-20,09:02:00,DVLT,S,1728,1.8460,0
2025-11-20,09:02:00,DVLT,S,1729,1.8436,0
2025-11-20,08:57:00,WULF,B,443,13.7400,0
2025-11-20,09:04:00,WULF,S,221,14.2896,0
2025-11-20,09:04:00,WULF,S,222,14.2916,0
2025-11-20,08:59:00,TZA,S,720,8.4400,0
2025-11-20,10:05:00,TZA,B,720,8.5950,0
2025-11-20,09:00:00,SOFI,B,216,28.1350,0
2025-11-20,10:11:00,SOFI,S,216,27.6100,0
2025-11-20,09:06:00,GRAB,S,1153,5.3000,0
2025-11-20,11:39:00,GRAB,B,576,5.0880,0
2025-11-20,11:39:00,GRAB,B,577,5.1130,0
2025-11-20,09:14:00,ONDS,S,827,7.3650,0
2025-11-20,10:28:00,ONDS,B,413,7.0704,0
2025-11-20,10:28:00,ONDS,B,414,6.9436,0
2025-11-20,09:16:00,BBWI,S,390,15.6750,0
2025-11-20,15:00:00,BBWI,B,390,15.8500,0
2025-11-20,09:24:00,DVLT,B,3156,1.9400,0
2025-11-20,09:32:00,DVLT,S,3156,1.8600,0
2025-11-20,10:08:00,ACHR,S,822,7.4200,0
2025-11-20,11:00:00,ACHR,B,411,7.1232,0
2025-11-20,11:00:00,ACHR,B,411,7.1392,0
2025-11-20,10:22:00,SOXL,S,167,36.7500,0
2025-11-20,10:43:00,SOXL,B,83,35.2800,0
2025-11-20,10:43:00,SOXL,B,84,35.6275,0
2025-11-20,10:30:00,SOXS,B,1514,4.0800,0
2025-11-20,10:54:00,SOXS,S,757,4.2432,0
2025-11-20,10:54:00,SOXS,S,757,4.2692,0
2025-11-20,10:30:00,SOFI,S,228,26.9900,0
2025-11-20,11:20:00,SOFI,B,114,25.9104,0
2025-11-20,11:20:00,SOFI,B,114,25.7099,0
2025-11-20,10:30:00,TZA,B,703,8.7800,0
2025-11-20,11:30:00,TZA,S,351,9.1312,0
2025-11-20,11:30:00,TZA,S,352,9.1322,0
2025-11-20,13:03:00,ONDS,S,990,6.4250,0
2025-11-20,13:11:00,ONDS,B,990,6.4900,0
2025-11-20,13:04:00,OPEN,S,1010,6.2700,0
2025-11-20,13:18:00,OPEN,B,1010,6.3350,0
2025-11-20,13:06:00,MSTU,S,5531,1.1500,0
2025-11-20,13:07:00,MSTU,B,5531,1.1600,0
2025-11-20,14:24:00,WULF,S,533,11.9200,0
2025-11-20,14:29:00,WULF,B,533,12.0550,0
2025-11-21,08:41:00,PLUG,B,3296,1.9300,0
2025-11-21,08:45:00,PLUG,S,3296,1.9100,0
2025-11-21,08:42:00,DVLT,B,2538,1.9500,0
2025-11-21,08:51:00,DVLT,S,1269,2.0280,0
2025-11-21,08:51:00,DVLT,S,1269,2.0155,0
2025-11-21,08:42:00,MSTU,B,5097,1.2600,0
2025-11-21,09:35:00,MSTU,S,5097,1.1550,0
2025-11-21,08:46:00,KEEL,S,2490,2.5300,0
2025-11-21,09:44:00,KEEL,B,1245,2.4288,0
2025-11-21,09:44:00,KEEL,B,1245,2.4059,0
2025-11-21,08:51:00,OPEN,B,944,6.7300,0
2025-11-21,09:21:00,OPEN,S,944,6.5500,0
2025-11-21,09:02:00,ONDS,S,1015,6.2600,0
2025-11-21,09:32:00,ONDS,B,507,6.0096,0
2025-11-21,09:32:00,ONDS,B,508,6.0482,0
2025-11-21,13:56:00,ONDS,B,933,6.7900,0
2025-11-21,14:28:00,ONDS,S,933,6.6850,0
2025-11-24,08:40:00,OPEN,B,877,7.2100,0
2025-11-24,08:44:00,OPEN,S,877,7.0700,0
2025-11-24,08:41:00,ENLV,S,2664,1.4700,0
2025-11-24,08:45:00,ENLV,B,1332,1.4112,0
2025-11-24,08:45:00,ENLV,B,1332,1.4097,0
2025-11-24,08:41:00,IBIT,S,129,48.6400,0
2025-11-24,09:07:00,IBIT,B,129,49.1400,0
2025-11-24,08:42:00,BBAI,B,1068,5.9250,0
2025-11-24,08:44:00,BBAI,S,1068,5.8200,0
2025-11-24,08:42:00,SOXS,S,1489,4.2500,0
2025-11-24,08:44:00,SOXS,B,1489,4.3000,0
2025-11-24,08:42:00,ONDS,B,876,7.2800,0
2025-11-24,08:59:00,ONDS,S,438,7.5712,0
2025-11-24,08:59:00,ONDS,S,438,7.5472,0
2025-11-24,08:42:00,GOOGL,B,19,316.5250,0
2025-11-24,10:43:00,GOOGL,S,19,313.2700,0
2025-11-24,08:43:00,TZA,S,736,8.5900,0
2025-11-24,15:00:00,TZA,B,368,8.2464,0
2025-11-24,15:00:00,TZA,B,368,8.2500,0
2025-11-24,08:45:00,NVO,S,145,43.4300,0
2025-11-24,09:21:00,NVO,B,145,44.0800,0
2025-11-24,08:51:00,CCL,S,238,26.5250,0
2025-11-24,09:00:00,CCL,B,238,26.7850,0
2025-11-24,08:51:00,ETHA,S,298,21.1300,0
2025-11-24,09:42:00,ETHA,B,298,21.5300,0
2025-11-24,08:54:00,TSLL,B,371,17.0150,0
2025-11-24,13:27:00,TSLL,S,185,17.6956,0
2025-11-24,13:27:00,TSLL,S,186,17.6259,0
2025-11-24,08:55:00,TSLS,S,1115,5.6600,0
2025-11-24,15:00:00,TSLS,B,1115,5.5450,0
2025-11-24,09:13:00,ONDS,B,783,8.0700,0
2025-11-24,09:21:00,ONDS,S,783,7.8450,0
2025-11-24,09:25:00,GRAB,B,1186,5.3100,0
2025-11-24,15:00:00,GRAB,S,1186,5.2600,0
2025-11-24,10:19:00,IBIT,B,127,49.4800,0
2025-11-24,15:00:00,IBIT,S,127,50.5800,0
2025-11-24,14:31:00,CCL,S,252,25.0500,0
2025-11-24,15:00:00,CCL,B,252,24.7500,0
2025-11-25,08:41:00,WULF,S,519,12.0700,0
2025-11-25,08:57:00,WULF,B,519,12.5450,0
2025-11-25,08:42:00,CETY,B,1271,2.1200,0
2025-11-25,08:42:00,CETY,S,635,2.2048,0
2025-11-25,08:42:00,CETY,S,636,2.2188,0
2025-11-25,08:43:00,CMG,B,199,32.0300,0
2025-11-25,15:00:00,CMG,S,99,33.3112,0
2025-11-25,15:00:00,CMG,S,100,33.4050,0
2025-11-25,08:46:00,RKT,B,342,18.6000,0
2025-11-25,09:48:00,RKT,S,171,19.3440,0
2025-11-25,09:48:00,RKT,S,171,19.2040,0
2025-11-26,08:50:00,SOXL,B,167,38.0800,0
2025-11-26,08:59:00,SOXL,S,167,37.5500,0
2025-11-26,08:51:00,SOXS,S,1700,3.7300,0
2025-11-26,14:48:00,SOXS,B,850,3.5808,0
2025-11-26,14:48:00,SOXS,B,850,3.5773,0
2025-11-26,09:43:00,KEEL,S,2296,2.7700,0
2025-11-26,11:47:00,KEEL,B,2296,2.8600,0
2025-11-28,08:46:00,CRML,B,800,8.0350,0
2025-11-28,09:28:00,CRML,S,400,8.3564,0
2025-11-28,09:28:00,CRML,S,400,8.2654,0
2025-11-28,08:51:00,IMSR,B,671,9.5700,0
2025-11-28,09:32:00,IMSR,S,671,9.3850,0
2025-11-28,09:09:00,ELDN,B,3873,1.6550,0
2025-11-28,15:00:00,ELDN,S,3873,1.6300,0
2025-11-28,09:13:00,BZAI,B,2587,2.4800,0
2025-11-28,15:00:00,BZAI,S,2587,2.4950,0
2025-11-28,09:15:00,GPRE,S,644,9.8600,0
2025-11-28,10:28:00,GPRE,B,644,10.1750,0
2025-11-28,09:18:00,NN,B,443,14.5950,0
2025-11-28,15:00:00,NN,S,443,14.2650,0
2025-11-28,09:21:00,RPAY,B,1930,3.3200,0
2025-11-28,10:27:00,RPAY,S,1930,3.2800,0
2025-11-28,09:29:00,FRMM,B,576,11.1800,0
2025-11-28,11:30:00,FRMM,S,576,10.8000,0
2025-11-28,09:40:00,BMEA,B,5871,1.1050,0
2025-11-28,15:00:00,BMEA,S,5871,1.1100,0
2025-11-28,09:42:00,IMAX,B,170,37.5700,0
2025-11-28,10:30:00,IMAX,S,170,37.0950,0
2025-11-28,09:57:00,MXL,S,408,15.6600,0
2025-11-28,15:00:00,MXL,B,408,15.5800,0
2025-11-28,09:58:00,VOR,S,771,8.2400,0
2025-11-28,15:00:00,VOR,B,771,8.3100,0
2025-11-28,09:58:00,ACHV,B,1322,4.8750,0
2025-11-28,15:00:00,ACHV,S,1322,4.8900,0
2025-11-28,10:23:00,LGN,S,138,46.0000,0
2025-11-28,15:00:00,LGN,B,138,45.8800,0
2025-11-28,10:42:00,GRPN,S,376,16.8200,0
2025-11-28,15:00:00,GRPN,B,376,16.9100,0
2025-12-01,08:44:00,NIO,S,1194,5.2650,0
2025-12-01,15:00:00,NIO,B,1194,5.1850,0
2025-12-01,08:47:00,KEEL,B,1904,3.3500,0
2025-12-01,15:00:00,KEEL,S,1904,3.2900,0
2025-12-01,08:49:00,BYND,B,6422,0.9844,0
2025-12-01,09:25:00,BYND,S,6422,0.9711,0
2025-12-01,09:03:00,IBIT,S,129,48.7500,0
2025-12-01,15:00:00,IBIT,B,129,48.5200,0
2025-12-01,09:20:00,MSTU,S,6138,1.0100,0
2025-12-01,09:34:00,MSTU,B,3069,0.9696,0
2025-12-01,09:34:00,MSTU,B,3069,0.9457,0
2025-12-01,09:39:00,MSTU,S,6783,0.9351,0
2025-12-01,09:53:00,MSTU,B,6783,0.9540,0
2025-12-02,08:41:00,IBIT,S,126,50.2100,0
2025-12-02,08:45:00,IBIT,B,126,50.4500,0
2025-12-02,08:41:00,SOXL,B,143,44.2400,0
2025-12-02,10:24:00,SOXL,S,143,42.3450,0
2025-12-02,08:41:00,SOXS,S,1979,3.1900,0
2025-12-02,10:24:00,SOXS,B,1979,3.3400,0
2025-12-02,08:42:00,IREN,B,137,46.0800,0
2025-12-02,12:10:00,IREN,S,137,44.6000,0
2025-12-02,08:43:00,PLUG,B,3199,2.0000,0
2025-12-02,11:51:00,PLUG,S,1599,2.0800,0
2025-12-02,11:51:00,PLUG,S,1600,2.0750,0
2025-12-02,08:45:00,ONDS,S,831,7.5050,0
2025-12-02,10:05:00,ONDS,B,831,8.0300,0
2025-12-02,08:50:00,INTC,B,153,41.1500,0
2025-12-02,10:00:00,INTC,S,76,42.7960,0
2025-12-02,10:00:00,INTC,S,77,42.9285,0
2025-12-02,08:53:00,KEEL,S,1910,3.2900,0
2025-12-02,09:05:00,KEEL,B,1910,3.4200,0
2025-12-02,09:12:00,IBIT,B,123,51.1900,0
2025-12-02,15:00:00,IBIT,S,123,51.6500,0
2025-12-02,09:13:00,MSTU,B,4976,1.2700,0
2025-12-02,10:24:00,MSTU,S,4976,1.2100,0
2025-12-02,14:09:00,INTC,B,142,43.4200,0
2025-12-02,14:14:00,INTC,S,142,43.3200,0
2025-12-02,14:22:00,PLUG,B,2846,2.1800,0
2025-12-02,14:28:00,PLUG,S,2846,2.1650,0
2025-12-03,08:43:00,PLUG,B,2873,2.1600,0
2025-12-03,15:00:00,PLUG,S,2873,2.2100,0
2025-12-03,08:44:00,NIO,B,1248,4.9750,0
2025-12-03,09:02:00,NIO,S,1248,4.8750,0
2025-12-03,09:04:00,RR,B,1649,3.7550,0
2025-12-03,12:01:00,RR,S,824,3.9052,0
2025-12-03,12:01:00,RR,S,825,3.9266,0
2025-12-03,09:04:00,SOXS,S,1948,3.1750,0
2025-12-03,15:00:00,SOXS,B,974,3.0480,0
2025-12-03,15:00:00,SOXS,B,974,3.0200,0
2025-12-03,09:06:00,TZA,S,821,7.5400,0
2025-12-03,15:00:00,TZA,B,821,7.3000,0
2025-12-03,09:10:00,ONDS,S,723,7.5900,0
2025-12-03,13:55:00,ONDS,B,723,8.3650,0
2025-12-03,09:11:00,NIO,S,1273,4.8600,0
2025-12-03,15:00:00,NIO,B,1273,4.7700,0
2025-12-03,13:55:00,RR,B,1490,4.1750,0
2025-12-03,14:04:00,RR,S,1490,4.1200,0
2025-12-04,08:41:00,RGTI,B,237,26.2400,0
2025-12-04,09:24:00,RGTI,S,118,27.2896,0
2025-12-04,09:24:00,RGTI,S,119,27.5176,0
2025-12-04,08:43:00,INTC,S,146,42.6500,0
2025-12-04,15:00:00,INTC,B,73,40.9440,0
2025-12-04,15:00:00,INTC,B,73,40.5300,0
2025-12-04,08:45:00,PATH,B,366,17.0000,0
2025-12-04,15:00:00,PATH,S,183,17.6800,0
2025-12-04,15:00:00,PATH,S,183,18.4800,0
2025-12-04,08:48:00,BBAI,B,996,6.2500,0
2025-12-04,09:20:00,BBAI,S,498,6.5000,0
2025-12-04,09:20:00,BBAI,S,498,6.5075,0
2025-12-04,08:50:00,OPEN,B,879,7.1100,0
2025-12-04,12:51:00,OPEN,S,439,7.3944,0
2025-12-04,12:51:00,OPEN,S,440,7.4089,0
2025-12-04,09:28:00,BBAI,B,946,6.6400,0
2025-12-04,12:40:00,BBAI,S,473,6.9056,0
2025-12-04,12:40:00,BBAI,S,473,6.9236,0
2025-12-04,09:42:00,RGTI,B,224,27.9300,0
2025-12-04,11:32:00,RGTI,S,112,29.0472,0
2025-12-04,11:32:00,RGTI,S,112,28.8307,0
2025-12-04,13:26:00,OPEN,B,850,7.5050,0
2025-12-04,15:00:00,OPEN,S,850,7.5750,0
2025-12-05,08:44:00,SOFI,B,234,27.4350,0
2025-12-05,15:00:00,SOFI,S,234,27.7900,0
2025-12-05,08:49:00,EWZ,B,185,34.6150,0
2025-12-05,09:54:00,EWZ,S,185,34.5100,0
2025-12-05,09:01:00,ITUB,B,796,8.0750,0
2025-12-05,09:54:00,ITUB,S,796,8.0400,0
2025-12-05,09:11:00,BBD,B,1769,3.6400,0
2025-12-05,09:54:00,BBD,S,1769,3.6100,0
2025-12-05,09:14:00,DBRG,B,654,12.0700,0
2025-12-05,09:14:00,DBRG,S,327,12.5528,0
2025-12-05,09:14:00,DBRG,S,327,12.4393,0
2025-12-05,09:14:00,GGB,B,1759,3.6750,0
2025-12-05,09:54:00,GGB,S,1759,3.6500,0
2025-12-05,09:55:00,NU,S,367,17.5100,0
2025-12-05,14:17:00,NU,B,183,16.8096,0
2025-12-05,14:17:00,NU,B,184,16.7751,0
2025-12-05,10:04:00,WBD,B,253,25.4500,0
2025-12-05,11:41:00,WBD,S,253,25.0000,0
2025-12-05,10:04:00,BBD,S,1810,3.5600,0
2025-12-05,13:38:00,BBD,B,905,3.4176,0
2025-12-05,13:38:00,BBD,B,905,3.3506,0
2025-12-05,10:04:00,EWZ,S,189,34.0050,0
2025-12-05,13:44:00,EWZ,B,94,32.6448,0
2025-12-05,13:44:00,EWZ,B,95,32.7700,0
2025-12-05,13:08:00,GGB,S,1843,3.5100,0
2025-12-05,15:00:00,GGB,B,1843,3.4800,0
2025-12-08,08:43:00,WVE,B,385,14.3450,0
2025-12-08,09:10:00,WVE,S,192,14.9188,0
2025-12-08,09:10:00,WVE,S,193,14.8065,0
2025-12-08,09:23:00,WVE,B,413,15.8200,0
2025-12-08,09:30:00,WVE,S,206,16.4528,0
2025-12-08,09:30:00,WVE,S,207,16.2061,0
2025-12-09,09:00:00,ETHA,B,278,23.5950,0
2025-12-09,11:24:00,ETHA,S,139,24.5388,0
2025-12-09,11:24:00,ETHA,S,139,25.4541,0
2025-12-10,08:44:00,OPEN,S,916,7.1900,0
2025-12-10,09:50:00,OPEN,B,916,7.2650,0
2025-12-10,08:46:00,BEAT,S,2403,1.3800,0
2025-12-10,08:58:00,BEAT,B,1201,1.3248,0
2025-12-10,08:58:00,BEAT,B,1202,1.3454,0
2025-12-11,08:44:00,RIVN,S,394,16.7350,0
2025-12-11,12:22:00,RIVN,B,197,16.0656,0
2025-12-11,12:22:00,RIVN,B,197,15.8974,0
2025-12-11,08:48:00,RZLT,B,2645,1.4100,0
2025-12-11,09:17:00,RZLT,S,2645,1.2000,0
2025-12-11,09:07:00,CDE,B,396,16.7650,0
2025-12-11,11:57:00,CDE,S,198,17.4356,0
2025-12-11,11:57:00,CDE,S,198,17.5574,0
2025-12-11,09:19:00,PLUG,B,2933,2.2500,0
2025-12-11,13:55:00,PLUG,S,1466,2.3400,0
2025-12-11,13:55:00,PLUG,S,1467,2.3575,0
2025-12-12,08:41:00,RIVN,B,328,18.4900,0
2025-12-12,09:00:00,RIVN,S,164,19.2296,0
2025-12-12,09:00:00,RIVN,S,164,19.0451,0
2025-12-12,08:42:00,MSOS,S,1384,4.7750,0
2025-12-12,08:56:00,MSOS,B,1384,5.1300,0
2025-12-12,08:43:00,AVGO,S,17,372.2850,0
2025-12-12,14:54:00,AVGO,B,8,357.3936,0
2025-12-12,14:54:00,AVGO,B,9,358.8929,0
2025-12-12,08:48:00,BBAI,S,999,6.6500,0
2025-12-12,08:53:00,BBAI,B,999,6.7600,0
2025-12-12,08:49:00,TQQQ,S,120,54.8900,0
2025-12-12,10:29:00,TQQQ,B,60,52.6944,0
2025-12-12,10:29:00,TQQQ,B,60,52.8989,0
2025-12-12,08:55:00,CGC,B,4591,1.4500,0
2025-12-12,10:11:00,CGC,S,2295,1.5080,0
2025-12-12,10:11:00,CGC,S,2296,1.4959,0
2025-12-12,09:01:00,SOXS,B,2183,3.0350,0
2025-12-12,09:32:00,SOXS,S,1091,3.1564,0
2025-12-12,09:32:00,SOXS,S,1092,3.1497,0
2025-12-12,09:05:00,YCBD,S,2578,1.0950,0
2025-12-12,09:46:00,YCBD,B,1289,1.0512,0
2025-12-12,09:46:00,YCBD,B,1289,1.0236,0
2025-12-12,09:11:00,RIVN,B,343,19.2300,0
2025-12-12,10:09:00,RIVN,S,343,18.8650,0
2025-12-12,09:40:00,SOXS,B,2087,3.1800,0
2025-12-12,09:45:00,SOXS,S,2087,3.1400,0
2025-12-12,10:04:00,BBAI,S,1039,6.3900,0
2025-12-12,11:24:00,BBAI,B,1039,6.4500,0
2025-12-12,13:31:00,CGC,B,3854,1.7300,0
2025-12-12,14:00:00,CGC,S,3854,1.6850,0
2025-12-15,08:41:00,CLSK,S,508,13.1400,0
2025-12-15,08:51:00,CLSK,B,254,12.6144,0
2025-12-15,08:51:00,CLSK,B,254,12.4664,0
2025-12-15,08:41:00,BBAI,S,1087,6.1300,0
2025-12-15,09:05:00,BBAI,B,543,5.8848,0
2025-12-15,09:05:00,BBAI,B,544,5.8913,0
2025-12-15,08:42:00,ONDS,S,805,8.2850,0
2025-12-15,08:47:00,ONDS,B,402,7.9536,0
2025-12-15,08:47:00,ONDS,B,403,7.7828,0
2025-12-15,08:44:00,CGC,S,2966,1.6800,0
2025-12-15,09:14:00,CGC,B,2966,1.8650,0
2025-12-15,09:16:00,BBAI,S,1151,5.8200,0
2025-12-15,09:32:00,BBAI,B,1151,5.9400,0
2025-12-15,09:17:00,ONDS,S,871,7.7000,0
2025-12-15,09:44:00,ONDS,B,871,8.0000,0
2025-12-15,09:24:00,CLSK,S,570,11.7700,0
2025-12-15,09:29:00,CLSK,B,570,11.9100,0
2025-12-15,10:29:00,TSDD,S,888,7.4800,0
2025-12-15,15:00:00,TSDD,B,888,7.6900,0
2025-12-16,08:41:00,EWZ,S,208,31.9000,0
2025-12-16,15:00:00,EWZ,B,208,31.6000,0
2025-12-16,08:42:00,CGC,B,2261,1.8000,0
2025-12-16,09:52:00,CGC,S,1130,1.8720,0
2025-12-16,09:52:00,CGC,S,1131,1.8620,0
2025-12-16,08:46:00,CMCSA,B,235,28.2750,0
2025-12-16,11:26:00,CMCSA,S,117,29.4060,0
2025-12-16,11:26:00,CMCSA,S,118,29.2772,0
2025-12-16,14:52:00,CMCSA,B,224,29.8300,0
2025-12-16,15:00:00,CMCSA,S,224,29.7400,0
2025-12-17,08:41:00,TQQQ,S,128,52.0900,0
2025-12-17,11:24:00,TQQQ,B,64,50.0064,0
2025-12-17,11:24:00,TQQQ,B,64,50.5209,0
2025-12-17,08:44:00,PLUG,B,2786,2.4150,0
2025-12-17,09:33:00,PLUG,S,2786,2.2900,0
2025-12-17,08:44:00,PLTD,B,1046,6.4000,0
2025-12-17,15:00:00,PLTD,S,523,6.6560,0
2025-12-17,15:00:00,PLTD,S,523,6.6700,0
2025-12-17,08:46:00,OPEN,S,1004,6.6400,0
2025-12-17,15:00:00,OPEN,B,502,6.3744,0
2025-12-17,15:00:00,OPEN,B,502,6.1200,0
2025-12-17,08:47:00,SOXS,B,1955,3.4200,0
2025-12-17,09:52:00,SOXS,S,977,3.5568,0
2025-12-17,09:52:00,SOXS,S,978,3.6208,0
2025-12-17,08:48:00,BBAI,S,1148,5.8100,0
2025-12-17,15:00:00,BBAI,B,574,5.5776,0
2025-12-17,15:00:00,BBAI,B,574,5.4600,0
2025-12-17,09:18:00,RXRX,B,1376,4.9000,0
2025-12-17,15:00:00,RXRX,S,1376,4.6850,0
2025-12-17,10:15:00,SOXS,B,1817,3.6800,0
2025-12-17,15:00:00,SOXS,S,1817,3.7700,0
2025-12-18,08:41:00,MSOS,B,941,7.2200,0
2025-12-18,08:46:00,MSOS,S,941,7.0200,0
2025-12-18,08:42:00,CGC,B,2364,2.3450,0
2025-12-18,12:00:00,CGC,S,2364,2.0500,0
2025-12-18,08:44:00,SOXS,B,2005,3.3900,0
2025-12-18,09:22:00,SOXS,S,1002,3.5256,0
2025-12-18,09:22:00,SOXS,S,1003,3.5061,0
2025-12-18,08:59:00,RIVN,B,355,19.1100,0
2025-12-18,14:50:00,RIVN,S,177,19.8744,0
2025-12-18,14:50:00,RIVN,S,178,20.1389,0
2025-12-18,09:05:00,INFY,B,366,18.5300,0
2025-12-18,15:00:00,INFY,S,366,19.2700,0
2025-12-19,08:41:00,ETHA,S,304,22.2550,0
2025-12-19,08:44:00,ETHA,B,304,22.4400,0
2025-12-19,08:41:00,INFY,B,337,20.2750,0
2025-12-19,08:52:00,INFY,S,168,21.0860,0
2025-12-19,08:52:00,INFY,S,169,20.9522,0
2025-12-19,08:41:00,CCL,B,231,29.5700,0
2025-12-19,09:32:00,CCL,S,115,30.7528,0
2025-12-19,09:32:00,CCL,S,116,30.8443,0
2025-12-19,08:41:00,FOLD,B,476,14.2700,0
2025-12-19,15:00:00,FOLD,S,476,14.2100,0
2025-12-19,08:44:00,SOXS,S,2088,3.2300,0
2025-12-19,15:00:00,SOXS,B,2088,3.2050,0
2025-12-19,08:47:00,RIVN,B,319,21.2350,0
2025-12-19,11:33:00,RIVN,S,159,22.0844,0
2025-12-19,11:33:00,RIVN,S,160,22.3371,0
2025-12-19,08:56:00,INFY,B,322,21.1550,0
2025-12-19,09:03:00,INFY,S,161,22.0012,0
2025-12-19,09:03:00,INFY,S,161,21.8254,0
2025-12-19,09:05:00,WIT,B,2286,3.0150,0
2025-12-19,15:00:00,WIT,S,2286,3.0650,0
2025-12-19,09:21:00,DNN,B,2537,2.7100,0
2025-12-19,15:00:00,DNN,S,2537,2.7500,0
2025-12-19,09:22:00,NKE,B,114,60.0250,0
2025-12-19,12:39:00,NKE,S,114,58.7500,0
2025-12-19,09:59:00,BBAI,B,1159,5.9700,0
2025-12-19,10:30:00,BBAI,S,579,6.2088,0
2025-12-19,10:30:00,BBAI,S,580,6.2303,0
2025-12-19,14:28:00,CCL,B,219,31.4150,0
2025-12-19,14:34:00,CCL,S,219,31.3300,0
2025-12-22,08:42:00,QBTS,B,244,28.8300,0
2025-12-22,08:49:00,QBTS,S,122,29.9832,0
2025-12-22,08:49:00,QBTS,S,122,29.8517,0
2025-12-22,08:42:00,SIDU,S,1912,1.8300,0
2025-12-22,09:11:00,SIDU,B,1912,2.1900,0
2025-12-22,09:15:00,QBTS,B,226,30.4300,0
2025-12-22,11:03:00,QBTS,S,113,31.6472,0
2025-12-22,11:03:00,QBTS,S,113,31.7957,0
2025-12-23,08:47:00,NVO,B,130,52.9950,0
2025-12-23,12:41:00,NVO,S,130,51.7600,0
2025-12-23,08:51:00,TRIB,S,1845,1.4100,0
2025-12-23,09:01:00,TRIB,B,922,1.3536,0
2025-12-23,09:01:00,TRIB,B,923,1.4100,0
2025-12-23,08:54:00,HIHO,B,1845,1.5400,0
2025-12-23,09:00:00,HIHO,S,922,1.6016,0
2025-12-23,09:00:00,HIHO,S,923,1.5632,0
2025-12-24,08:41:00,CRML,B,844,8.1900,0
2025-12-24,10:45:00,CRML,S,844,8.0300,0
2025-12-24,08:46:00,BZAI,S,3254,2.1250,0
2025-12-24,15:00:00,BZAI,B,3254,2.1400,0
2025-12-24,09:03:00,GRPN,S,376,18.3650,0
2025-12-24,15:00:00,GRPN,B,376,18.1800,0
2025-12-24,09:13:00,IMAX,B,183,37.6600,0
2025-12-24,15:00:00,IMAX,S,183,37.7600,0
2025-12-24,09:30:00,MXL,S,395,17.4800,0
2025-12-24,15:00:00,MXL,B,395,17.5300,0
2025-12-24,09:33:00,ACHV,B,1597,4.3400,0
2025-12-24,15:00:00,ACHV,S,1597,4.4500,0
2025-12-24,09:37:00,LZM,S,1561,4.3950,0
2025-12-24,15:00:00,LZM,B,1561,4.4350,0
2025-12-24,09:37:00,IMSR,B,989,7.0600,0
2025-12-24,15:00:00,IMSR,S,989,7.0200,0
2025-12-24,09:39:00,VOR,B,386,15.2150,0
2025-12-24,15:00:00,VOR,S,386,14.5600,0
2025-12-24,09:41:00,FRMM,S,1339,5.1500,0
2025-12-24,15:00:00,FRMM,B,1339,5.1600,0
2025-12-24,10:01:00,LGN,S,155,44.4500,0
2025-12-24,15:00:00,LGN,B,155,44.3400,0
2025-12-24,10:02:00,NEXA,S,783,8.8100,0
2025-12-24,15:00:00,NEXA,B,783,8.8700,0
2025-12-24,10:03:00,RPAY,S,1861,3.7150,0
2025-12-24,15:00:00,RPAY,B,1861,3.7100,0
2025-12-24,10:20:00,CADL,B,1133,6.1300,0
2025-12-24,15:00:00,CADL,S,1133,6.0850,0
2025-12-24,11:00:00,PARR,B,195,35.3200,0
2025-12-24,15:00:00,PARR,S,195,35.5000,0
2025-12-26,08:43:00,CRML,S,882,7.8000,0
2025-12-26,15:00:00,CRML,B,882,7.7400,0
2025-12-26,08:49:00,IMSR,S,1038,6.6200,0
2025-12-26,15:00:00,IMSR,B,1038,6.8400,0
2025-12-26,08:52:00,BZAI,S,3324,2.0700,0
2025-12-26,15:00:00,BZAI,B,3324,2.0000,0
2025-12-26,09:24:00,EVTL,S,1293,5.3100,0
2025-12-26,10:25:00,EVTL,B,1293,5.5000,0
2025-12-26,09:25:00,LGN,B,155,44.1850,0
2025-12-26,15:00:00,LGN,S,155,44.6050,0
2025-12-26,09:29:00,CADL,B,1147,6.0100,0
2025-12-26,15:00:00,CADL,S,1147,6.0100,0
2025-12-26,09:31:00,RPAY,B,1870,3.6850,0
2025-12-26,10:18:00,RPAY,S,1870,3.6450,0
2025-12-26,09:36:00,NEXA,B,744,9.2450,0
2025-12-26,15:00:00,NEXA,S,744,9.3900,0
2025-12-26,09:42:00,LZM,S,1573,4.3700,0
2025-12-26,12:10:00,LZM,B,1573,4.4300,0
2025-12-26,09:55:00,VOR,B,487,14.1800,0
2025-12-26,15:00:00,VOR,S,487,14.7400,0
2025-12-26,09:59:00,IMAX,B,181,38.0100,0
2025-12-26,15:00:00,IMAX,S,181,37.6800,0
2025-12-26,10:05:00,NN,B,408,16.8850,0
2025-12-26,15:00:00,NN,S,408,17.0700,0
2025-12-26,10:06:00,GRPN,B,378,18.2000,0
2025-12-26,15:00:00,GRPN,S,378,18.0650,0
2025-12-26,10:11:00,GPRE,B,685,10.0500,0
2025-12-26,15:00:00,GPRE,S,685,9.8700,0
2025-12-26,10:11:00,FRMM,B,1331,5.2000,0
2025-12-26,15:00:00,FRMM,S,1331,5.1800,0
2025-12-26,13:51:00,BMEA,B,5143,1.3300,0
2025-12-26,14:11:00,BMEA,S,5143,1.3200,0
2025-12-26,14:00:00,PARR,S,195,35.0400,0
2025-12-26,15:00:00,PARR,B,195,35.0000,0
2025-12-26,14:22:00,XNDU,S,626,10.8900,0
2025-12-26,15:00:00,XNDU,B,626,10.8800,0
2025-12-26,14:26:00,MXL,B,383,17.8300,0
2025-12-26,14:45:00,MXL,S,383,17.7900,0
2025-12-26,14:57:00,ACHV,B,1522,4.4900,0
2025-12-26,15:00:00,ACHV,S,1522,4.4700,0
2025-12-29,08:47:00,SLV,B,103,66.2950,0
2025-12-29,09:07:00,SLV,S,103,65.1500,0
2025-12-29,09:31:00,SLV,S,106,64.2850,0
2025-12-29,09:36:00,SLV,B,106,64.7000,0
2025-12-30,08:44:00,CRML,S,949,7.2000,0
2025-12-30,15:00:00,CRML,B,474,6.9120,0
2025-12-30,15:00:00,CRML,B,475,6.9000,0
2025-12-30,09:02:00,GRPN,B,387,17.7650,0
2025-12-30,15:00:00,GRPN,S,387,17.8450,0
2025-12-30,09:03:00,FRMM,B,1294,5.2900,0
2025-12-30,12:42:00,FRMM,S,1294,5.1400,0
2025-12-30,09:04:00,IMSR,S,1111,6.1200,0
2025-12-30,15:00:00,IMSR,B,1111,6.1050,0
2025-12-30,09:08:00,VOR,S,527,12.9800,0
2025-12-30,10:24:00,VOR,B,527,13.5700,0
2025-12-30,09:09:00,RPAY,B,1863,3.6850,0
2025-12-30,14:06:00,RPAY,S,1863,3.6300,0
2025-12-30,09:09:00,BZAI,B,3441,1.9900,0
2025-12-30,14:49:00,BZAI,S,3441,1.9400,0
2025-12-30,09:22:00,IFRX,B,6648,1.0500,0
2025-12-30,15:00:00,IFRX,S,6648,1.0250,0
2025-12-30,09:30:00,LGN,B,156,43.7300,0
2025-12-30,15:00:00,LGN,S,156,43.5200,0
2025-12-30,09:33:00,IMAX,S,183,37.2750,0
2025-12-30,10:25:00,IMAX,B,183,37.5450,0
2025-12-30,09:34:00,GPRE,S,705,9.7050,0
2025-12-30,15:00:00,GPRE,B,705,9.7300,0
2025-12-30,09:54:00,NEXA,B,759,9.0250,0
2025-12-30,15:00:00,NEXA,S,759,9.0650,0
2025-12-30,09:59:00,SPIR,B,874,7.8800,0
2025-12-30,12:53:00,SPIR,S,874,7.7000,0
2025-12-30,10:03:00,PARR,S,192,35.5000,0
2025-12-30,15:00:00,PARR,B,192,35.5400,0
2025-12-30,10:05:00,ACHV,B,1404,4.8500,0
2025-12-30,15:00:00,ACHV,S,1404,4.7150,0
2025-12-30,10:31:00,CADL,S,1182,5.7450,0
2025-12-30,15:00:00,CADL,B,1182,5.7150,0
2025-12-30,14:48:00,LZM,B,1557,4.3800,0
2025-12-30,15:00:00,LZM,S,1557,4.3100,0
2025-12-30,14:53:00,NN,S,405,16.6050,0
2025-12-30,15:00:00,NN,B,405,16.6450,0
2025-12-31,08:41:00,NIO,S,1327,5.0750,0
2025-12-31,15:00:00,NIO,B,1327,5.1000,0
2025-12-31,08:48:00,SLV,B,101,66.4600,0
2025-12-31,10:04:00,SLV,S,101,65.3500,0
2025-12-31,09:26:00,ONDS,B,704,9.5600,0
2025-12-31,09:30:00,ONDS,S,352,9.9424,0
2025-12-31,09:30:00,ONDS,S,352,9.9244,0
2025-12-31,09:39:00,ONDS,B,664,10.1750,0
2025-12-31,09:54:00,ONDS,S,664,9.9800,0
2025-12-31,13:42:00,SLV,S,105,64.0300,0
2025-12-31,14:18:00,SLV,B,105,64.2200,0
2026-01-02,08:44:00,CRML,B,902,7.5400,0
2026-01-02,08:54:00,CRML,S,451,7.8416,0
2026-01-02,08:54:00,CRML,S,451,7.7946,0
2026-01-02,08:44:00,BZAI,B,3399,1.9950,0
2026-01-02,09:32:00,BZAI,S,1699,2.0748,0
2026-01-02,09:32:00,BZAI,S,1700,2.0551,0
2026-01-02,09:02:00,CRML,B,856,7.8900,0
2026-01-02,09:13:00,CRML,S,856,7.6700,0
2026-01-02,09:13:00,RPAY,S,1848,3.6450,0
2026-01-02,10:35:00,RPAY,B,1848,3.6800,0
2026-01-02,09:15:00,IMAX,S,188,35.7650,0
2026-01-02,09:24:00,IMAX,B,188,36.0300,0
2026-01-02,09:21:00,VOR,S,499,12.3300,0
2026-01-02,11:42:00,VOR,B,249,11.8368,0
2026-01-02,11:42:00,VOR,B,250,11.8833,0
2026-01-02,09:21:00,NEXA,S,747,8.9700,0
2026-01-02,15:00:00,NEXA,B,747,8.8050,0
2026-01-02,09:25:00,IMSR,B,1064,6.3400,0
2026-01-02,15:00:00,IMSR,S,1064,6.5150,0
2026-01-02,09:35:00,PARR,B,188,35.7900,0
2026-01-02,15:00:00,PARR,S,188,35.7950,0
2026-01-02,09:40:00,FRMM,B,1317,5.1400,0
2026-01-02,10:45:00,FRMM,S,1317,5.1000,0
2026-01-02,09:42:00,EVTL,B,1223,5.5650,0
2026-01-02,14:57:00,EVTL,S,611,5.7876,0
2026-01-02,14:57:00,EVTL,S,612,5.8293,0
2026-01-02,10:01:00,GRPN,S,390,17.3050,0
2026-01-02,10:02:00,GRPN,B,390,17.3450,0
2026-01-02,10:01:00,SPIR,B,883,7.6600,0
2026-01-02,15:00:00,SPIR,S,883,7.8050,0
2026-01-02,10:05:00,NKTX,B,3583,1.8950,0
2026-01-02,12:16:00,NKTX,S,3583,1.8500,0
2026-01-02,10:11:00,MXL,S,375,17.9800,0
2026-01-02,14:14:00,MXL,B,375,18.3600,0
2026-01-02,10:18:00,NN,B,406,16.6600,0
2026-01-02,10:58:00,NN,S,406,16.2000,0
2026-01-02,10:43:00,ELDN,B,4271,1.5850,0
2026-01-02,15:00:00,ELDN,S,4271,1.6200,0
2026-01-02,14:44:00,IFRX,B,6175,1.1150,0
2026-01-02,15:00:00,IFRX,S,6175,1.0950,0
2026-01-05,08:41:00,SLV,S,98,68.7100,0
2026-01-05,08:52:00,SLV,B,98,69.4500,0
2026-01-05,08:41:00,ACHR,B,815,8.3300,0
2026-01-05,14:07:00,ACHR,S,407,8.6632,0
2026-01-05,14:07:00,ACHR,S,408,8.7367,0
2026-01-05,08:41:00,RKT,B,333,20.4800,0
2026-01-05,14:30:00,RKT,S,166,21.2992,0
2026-01-05,14:30:00,RKT,S,167,21.2202,0
2026-01-05,08:41:00,NIO,S,1375,4.9350,0
2026-01-05,15:00:00,NIO,B,1375,4.8650,0
2026-01-05,08:43:00,HAL,S,215,31.5950,0
2026-01-05,09:25:00,HAL,B,215,32.2000,0
2026-01-05,08:44:00,ASST,B,6932,0.9840,0
2026-01-05,13:00:00,ASST,S,3466,1.0234,0
2026-01-05,13:00:00,ASST,S,3466,1.0150,0
2026-01-05,08:46:00,ONDS,B,595,11.4500,0
2026-01-05,12:57:00,ONDS,S,297,11.9080,0
2026-01-05,12:57:00,ONDS,S,298,12.1107,0
2026-01-05,08:48:00,NU,B,390,17.3850,0
2026-01-05,13:57:00,NU,S,195,18.0804,0
2026-01-05,13:57:00,NU,S,195,17.9611,0
2026-01-05,08:53:00,CVE,S,419,16.1600,0
2026-01-05,12:28:00,CVE,B,419,16.4100,0
2026-01-05,08:59:00,PLUG,S,3009,2.2500,0
2026-01-05,09:52:00,PLUG,B,3009,2.3050,0
2026-01-05,09:05:00,BTCZ,S,1854,3.6600,0
2026-01-05,15:00:00,BTCZ,B,1854,3.5950,0
2026-01-05,09:06:00,SLB,S,157,42.9300,0
2026-01-05,09:24:00,SLB,B,157,43.8050,0
2026-01-05,09:35:00,HAL,B,208,32.4500,0
2026-01-05,09:37:00,HAL,S,208,32.2900,0
2026-01-05,09:35:00,SLB,B,152,44.3600,0
2026-01-05,09:57:00,SLB,S,152,44.1450,0
2026-01-05,09:58:00,SLV,B,96,69.9900,0
2026-01-05,10:07:00,SLV,S,96,69.4800,0
2026-01-05,13:55:00,ONDS,B,553,12.3150,0
2026-01-05,14:06:00,ONDS,S,553,12.2200,0
2026-01-06,08:41:00,SOFI,S,243,28.1850,0
2026-01-06,09:17:00,SOFI,B,121,27.0576,0
2026-01-06,09:17:00,SOFI,B,122,27.3218,0
2026-01-06,08:41:00,SNAP,B,817,8.4500,0
2026-01-06,10:33:00,SNAP,S,408,8.7880,0
2026-01-06,10:33:00,SNAP,S,409,8.7155,0
2026-01-06,08:41:00,ZSL,S,1685,4.0800,0
2026-01-06,12:26:00,ZSL,B,842,3.9168,0
2026-01-06,12:26:00,ZSL,B,843,3.9208,0
2026-01-06,08:41:00,TSLL,S,380,18.0950,0
2026-01-06,12:45:00,TSLL,B,190,17.3712,0
2026-01-06,12:45:00,TSLL,B,190,17.4760,0
2026-01-06,08:43:00,CDE,S,367,18.6900,0
2026-01-06,08:54:00,CDE,B,367,18.9900,0
2026-01-06,08:45:00,SOXS,S,2750,2.4900,0
2026-01-06,09:08:00,SOXS,B,1375,2.3904,0
2026-01-06,09:08:00,SOXS,B,1375,2.4149,0
2026-01-06,08:45:00,SLV,B,95,72.2900,0
2026-01-06,15:00:00,SLV,S,95,73.7150,0
2026-01-06,09:23:00,BBAI,B,1134,6.1200,0
2026-01-06,15:00:00,BBAI,S,567,6.3648,0
2026-01-06,15:00:00,BBAI,S,567,6.4100,0
2026-01-06,09:24:00,SOFI,S,255,27.0400,0
2026-01-06,15:00:00,SOFI,B,255,26.9900,0
2026-01-06,09:41:00,CDE,B,360,19.1650,0
2026-01-06,15:00:00,CDE,S,360,19.6300,0
2026-01-07,08:39:00,INTC,B,169,41.5500,0
2026-01-07,09:33:00,INTC,S,84,43.2120,0
2026-01-07,09:33:00,INTC,S,85,44.1545,0
2026-01-07,08:41:00,LUCY,S,2686,1.7300,0
2026-01-07,08:49:00,LUCY,B,2686,1.9400,0
2026-01-07,08:45:00,COMP,S,615,11.4300,0
2026-01-07,10:03:00,COMP,B,615,12.0100,0
2026-01-07,09:00:00,OPEN,S,1048,6.6750,0
2026-01-07,11:50:00,OPEN,B,524,6.4080,0
2026-01-07,11:50:00,OPEN,B,524,6.3967,0
2026-01-07,13:07:00,OPEN,S,1161,6.0500,0
2026-01-07,13:08:00,OPEN,B,1161,6.0950,0
2026-01-08,08:42:00,ONDS,B,387,14.6600,0
2026-01-08,15:00:00,ONDS,S,387,14.0000,0
2026-01-08,08:43:00,SOXS,B,2769,2.5600,0
2026-01-08,15:00:00,SOXS,S,2769,2.5800,0
2026-01-09,08:43:00,INTC,B,163,42.9400,0
2026-01-09,08:52:00,INTC,S,81,44.6576,0
2026-01-09,08:52:00,INTC,S,82,44.2506,0
2026-01-09,08:44:00,SOXS,S,2845,2.4550,0
2026-01-09,14:51:00,SOXS,B,1422,2.3568,0
2026-01-09,14:51:00,SOXS,B,1423,2.3396,0
2026-01-09,08:45:00,UWMC,B,1353,5.1700,0
2026-01-09,11:42:00,UWMC,S,676,5.3768,0
2026-01-09,11:42:00,UWMC,S,677,5.3866,0
2026-01-09,08:49:00,PLUG,S,3139,2.2300,0
2026-01-09,15:00:00,PLUG,B,3139,2.1900,0
2026-01-09,08:55:00,INTC,B,157,44.6800,0
2026-01-09,09:08:00,INTC,S,157,44.2200,0
2026-01-09,09:19:00,OPEN,B,933,7.5200,0
2026-01-09,10:35:00,OPEN,S,466,7.8208,0
2026-01-09,10:35:00,OPEN,S,467,7.7379,0
2026-01-12,08:50:00,ASST,B,7042,1.0100,0
2026-01-12,10:11:00,ASST,S,3521,1.0504,0
2026-01-12,10:11:00,ASST,S,3521,1.0499,0
2026-01-12,09:07:00,ZSL,S,2082,3.4150,0
2026-01-12,15:00:00,ZSL,B,2082,3.4350,0
2026-01-12,09:12:00,SLV,B,91,77.3950,0
2026-01-12,15:00:00,SLV,S,91,77.2150,0
2026-01-12,09:19:00,EVTV,B,2586,1.2700,0
2026-01-12,09:19:00,EVTV,S,1293,1.3208,0
2026-01-12,09:19:00,EVTV,S,1293,1.2986,0
2026-01-12,09:21:00,KWEB,B,192,37.1400,0
2026-01-12,15:00:00,KWEB,S,192,37.6300,0
2026-01-12,09:33:00,EVTV,B,4640,1.5350,0
2026-01-12,09:35:00,EVTV,S,2320,1.5964,0
2026-01-12,09:35:00,EVTV,S,2320,1.5584,0
2026-01-13,08:41:00,XAIR,B,1822,1.7100,0
2026-01-13,08:53:00,XAIR,S,911,1.7784,0
2026-01-13,08:53:00,XAIR,S,911,1.8679,0
2026-01-13,09:01:00,INTC,B,154,46.6800,0
2026-01-13,15:00:00,INTC,S,154,47.2800,0
2026-01-13,11:20:00,ONDS,B,513,14.0000,0
2026-01-13,15:00:00,ONDS,S,513,13.9000,0
2026-01-14,08:42:00,INFY,B,389,18.4700,0
2026-01-14,08:55:00,INFY,S,194,19.2088,0
2026-01-14,08:55:00,INFY,S,195,19.1703,0
2026-01-14,08:42:00,SLV,S,87,82.3100,0
2026-01-14,09:42:00,SLV,B,87,83.2900,0
2026-01-14,08:43:00,ZSL,B,2403,3.0100,0
2026-01-14,10:19:00,ZSL,S,2403,2.9050,0
2026-01-14,08:44:00,UVIX,B,1199,6.0550,0
2026-01-14,09:12:00,UVIX,S,1199,5.9000,0
2026-01-14,08:47:00,ETHA,B,286,25.2300,0
2026-01-14,15:00:00,ETHA,S,286,25.5900,0
2026-01-14,08:58:00,FNGD,B,1324,5.4800,0
2026-01-14,15:00:00,FNGD,S,1324,5.5150,0
2026-01-14,09:05:00,INFY,B,373,19.3550,0
2026-01-14,09:16:00,INFY,S,373,18.9800,0
2026-01-14,09:12:00,BTCZ,S,2128,3.3800,0
2026-01-14,15:00:00,BTCZ,B,2128,3.3200,0
2026-01-14,10:18:00,SLV,B,86,83.3600,0
2026-01-14,10:35:00,SLV,S,86,82.9100,0
2026-01-15,08:41:00,AUID,S,1741,1.7900,0
2026-01-15,09:19:00,AUID,B,1741,2.1200,0
2026-01-15,08:45:00,SOXS,S,3496,2.0500,0
2026-01-15,09:29:00,SOXS,B,3496,2.1050,0
2026-01-15,08:45:00,ONDS,S,538,13.3500,0
2026-01-15,12:41:00,ONDS,B,538,13.7450,0
2026-01-15,08:46:00,IBRX,B,1473,3.4700,0
2026-01-15,10:54:00,IBRX,S,736,3.6088,0
2026-01-15,10:54:00,IBRX,S,737,3.6555,0
2026-01-16,08:41:00,SMCI,B,232,30.5750,0
2026-01-16,08:55:00,SMCI,S,116,31.7980,0
2026-01-16,08:55:00,SMCI,S,116,31.6442,0
2026-01-16,08:41:00,RIOT,B,393,18.2400,0
2026-01-16,12:41:00,RIOT,S,196,18.9696,0
2026-01-16,12:41:00,RIOT,S,197,18.8576,0
2026-01-16,08:44:00,NEXR,B,3250,1.4050,0
2026-01-16,08:44:00,NEXR,S,1625,1.4612,0
2026-01-16,08:44:00,NEXR,S,1625,1.4610,0
2026-01-16,08:49:00,ZSL,S,2322,3.0600,0
2026-01-16,09:24:00,ZSL,B,2322,3.1400,0
2026-01-16,08:51:00,ONDS,S,533,13.3550,0
2026-01-16,10:17:00,ONDS,B,266,12.8208,0
2026-01-16,10:17:00,ONDS,B,267,12.6516,0
2026-01-16,09:02:00,SMCI,B,223,31.9500,0
2026-01-16,09:30:00,SMCI,S,223,31.5500,0
2026-01-16,09:05:00,IBRX,B,1060,4.9400,0
2026-01-16,09:17:00,IBRX,S,530,5.1376,0
2026-01-16,09:17:00,IBRX,S,530,5.1164,0
2026-01-16,09:20:00,NEXR,B,1979,1.8400,0
2026-01-16,09:23:00,NEXR,S,989,1.9136,0
2026-01-16,09:23:00,NEXR,S,990,1.8504,0
2026-01-16,14:55:00,RIOT,B,375,19.2350,0
2026-01-16,15:00:00,RIOT,S,375,19.2250,0
2026-01-20,08:46:00,VOR,B,454,16.0100,0
2026-01-20,08:51:00,VOR,S,227,16.6504,0
2026-01-20,08:51:00,VOR,S,227,16.5299,0
2026-01-20,08:47:00,CRML,S,347,17.3100,0
2026-01-20,08:52:00,CRML,B,173,16.6176,0
2026-01-20,08:52:00,CRML,B,174,17.0248,0
2026-01-20,08:52:00,NEXA,B,598,12.1700,0
2026-01-20,15:00:00,NEXA,S,299,12.6568,0
2026-01-20,15:00:00,NEXA,S,299,12.6300,0
2026-01-20,08:54:00,BMEA,B,5337,1.3850,0
2026-01-20,15:00:00,BMEA,S,5337,1.3850,0
2026-01-20,08:56:00,ELDN,B,3299,2.2100,0
2026-01-20,15:00:00,ELDN,S,3299,2.2000,0
2026-01-20,08:56:00,BZAI,S,3384,2.1250,0
2026-01-20,15:00:00,BZAI,B,3384,2.0700,0
2026-01-20,09:02:00,PARR,S,198,36.5500,0
2026-01-20,15:00:00,PARR,B,198,36.8600,0
2026-01-20,09:04:00,MXL,B,375,19.3100,0
2026-01-20,13:31:00,MXL,S,375,18.9950,0
2026-01-20,09:05:00,FRMM,S,1401,5.1500,0
2026-01-20,09:44:00,FRMM,B,1401,5.2300,0
2026-01-20,09:05:00,IFRX,S,7561,0.9401,0
2026-01-20,10:36:00,IFRX,B,7561,0.9950,0
2026-01-20,09:22:00,LGN,B,149,48.7500,0
2026-01-20,13:30:00,LGN,S,149,47.7050,0
2026-01-20,09:30:00,VOR,B,422,17.2800,0
2026-01-20,09:42:00,VOR,S,211,17.9712,0
2026-01-20,09:42:00,VOR,S,211,18.0022,0
2026-01-20,09:31:00,IMSR,S,667,10.8750,0
2026-01-20,11:07:00,IMSR,B,667,11.1900,0
2026-01-20,09:39:00,CADL,B,1143,6.3500,0
2026-01-20,13:15:00,CADL,S,1143,6.0850,0
2026-01-20,09:39:00,GRPN,B,453,16.1650,0
2026-01-20,15:00:00,GRPN,S,453,16.2050,0
2026-01-20,09:49:00,GPRE,S,671,10.8300,0
2026-01-20,15:00:00,GPRE,B,671,11.1350,0
2026-01-20,09:57:00,ACHV,B,1281,5.6800,0
2026-01-20,10:07:00,ACHV,S,1281,5.6600,0
2026-01-20,10:00:00,IMAX,B,193,37.6900,0
2026-01-20,11:33:00,IMAX,S,193,37.3950,0
2026-01-20,10:41:00,LZM,B,1231,5.9100,0
2026-01-20,15:00:00,LZM,S,1231,5.6850,0
2026-01-20,12:55:00,EVTL,S,1255,5.7400,0
2026-01-20,15:00:00,EVTL,B,1255,5.7400,0
2026-01-20,12:58:00,SHMD,B,823,8.7550,0
2026-01-20,13:22:00,SHMD,S,411,9.1052,0
2026-01-20,13:22:00,SHMD,S,412,9.4011,0
2026-01-20,14:39:00,XNDU,S,647,11.1100,0
2026-01-20,15:00:00,XNDU,B,647,11.1200,0
2026-01-20,14:59:00,NNBR,B,4803,1.5000,0
2026-01-20,15:00:00,NNBR,S,4803,1.5000,0
2026-01-21,08:41:00,PBR,B,545,13.1850,0
2026-01-21,15:00:00,PBR,S,545,13.5200,0
2026-01-21,08:43:00,TE,S,870,8.2500,0
2026-01-21,08:49:00,TE,B,870,8.4650,0
2026-01-21,08:44:00,SOXS,S,3468,2.0650,0
2026-01-21,10:33:00,SOXS,B,1734,1.9824,0
2026-01-21,10:33:00,SOXS,B,1734,1.9607,0
2026-01-21,08:44:00,INTC,B,137,52.2500,0
2026-01-21,15:00:00,INTC,S,68,54.3400,0
2026-01-21,15:00:00,INTC,S,69,54.2500,0
2026-01-21,08:45:00,IBRX,B,1104,6.2400,0
2026-01-21,09:24:00,IBRX,S,552,6.4896,0
2026-01-21,09:24:00,IBRX,S,552,6.4004,0
2026-01-21,08:46:00,NVD,S,937,7.6500,0
2026-01-21,10:28:00,NVD,B,468,7.3440,0
2026-01-21,10:28:00,NVD,B,469,7.3865,0
2026-01-21,08:48:00,UVIX,S,1151,6.1800,0
2026-01-21,09:16:00,UVIX,B,575,5.9328,0
2026-01-21,09:16:00,UVIX,B,576,5.9775,0
2026-01-21,08:48:00,TZA,S,1194,6.0000,0
2026-01-21,10:52:00,TZA,B,1194,6.0600,0
2026-01-21,08:52:00,TSDD,S,832,8.6000,0
2026-01-21,11:13:00,TSDD,B,832,8.7000,0
2026-01-21,08:53:00,TSLG,B,879,8.1700,0
2026-01-21,14:06:00,TSLG,S,439,8.4968,0
2026-01-21,14:06:00,TSLG,S,440,8.6283,0
2026-01-21,09:51:00,UVIX,S,1231,5.8650,0
2026-01-21,10:23:00,UVIX,B,1231,5.9700,0
2026-01-21,13:43:00,TSDD,S,904,8.0100,0
2026-01-21,14:05:00,TSDD,B,904,8.0700,0
2026-01-21,14:00:00,NVD,S,1011,7.1700,0
2026-01-21,14:07:00,NVD,B,1011,7.2300,0
2026-01-21,14:09:00,SOXS,S,3783,1.9200,0
2026-01-21,14:21:00,SOXS,B,3783,1.9350,0
2026-01-22,08:42:00,CDE,B,299,24.4100,0
2026-01-22,09:25:00,CDE,S,149,25.3864,0
2026-01-22,09:25:00,CDE,S,150,25.1809,0
2026-01-22,08:42:00,HBAN,S,408,17.9000,0
2026-01-22,15:00:00,HBAN,B,408,17.6600,0
2026-01-22,08:44:00,PLUG,B,3075,2.3900,0
2026-01-22,08:58:00,PLUG,S,1537,2.4856,0
2026-01-22,08:58:00,PLUG,S,1538,2.4811,0
2026-01-22,08:55:00,DUST,S,1429,5.0900,0
2026-01-22,10:32:00,DUST,B,714,4.8864,0
2026-01-22,10:32:00,DUST,B,715,4.8809,0
2026-01-22,08:55:00,TSDD,S,902,8.0900,0
2026-01-22,12:28:00,TSDD,B,451,7.7664,0
2026-01-22,12:28:00,TSDD,B,451,7.6959,0
2026-01-22,08:56:00,JDST,S,4150,1.7500,0
2026-01-22,10:31:00,JDST,B,2075,1.6800,0
2026-01-22,10:31:00,JDST,B,2075,1.6475,0
2026-01-22,09:09:00,ZSL,B,2666,2.7500,0
2026-01-22,09:26:00,ZSL,S,2666,2.7100,0
2026-01-22,09:09:00,PLUG,B,2927,2.5050,0
2026-01-22,09:36:00,PLUG,S,2927,2.4500,0
2026-01-22,09:21:00,TSLG,B,852,8.6400,0
2026-01-22,12:26:00,TSLG,S,426,8.9856,0
2026-01-22,12:26:00,TSLG,S,426,9.0236,0
2026-01-22,09:23:00,BTG,B,1413,5.2100,0
2026-01-22,15:00:00,BTG,S,1413,5.2000,0
2026-01-23,08:44:00,SLV,B,82,90.3700,0
2026-01-23,08:59:00,SLV,S,82,89.9300,0
2026-01-23,08:50:00,TZA,B,1280,5.8500,0
2026-01-23,15:00:00,TZA,S,1280,6.0300,0
2026-01-23,08:52:00,INTC,S,161,45.9200,0
2026-01-23,15:00:00,INTC,B,161,45.0650,0
2026-01-23,09:11:00,ZSL,S,3117,2.3950,0
2026-01-23,15:00:00,ZSL,B,1558,2.2992,0
2026-01-23,15:00:00,ZSL,B,1559,2.2500,0
2026-01-26,08:41:00,USAR,S,252,29.9200,0
2026-01-26,08:49:00,USAR,B,126,28.7232,0
2026-01-26,08:49:00,USAR,B,126,28.8492,0
2026-01-26,08:41:00,INTC,S,174,43.1550,0
2026-01-26,15:00:00,INTC,B,174,42.4850,0
2026-01-26,08:42:00,DNN,B,1873,4.0250,0
2026-01-26,09:10:00,DNN,S,1873,3.9050,0
2026-01-26,08:42:00,TSLG,S,861,8.7300,0
2026-01-26,15:00:00,TSLG,B,861,8.5800,0
2026-01-26,08:49:00,PSLV,B,209,36.0300,0
2026-01-26,11:25:00,PSLV,S,104,37.4712,0
2026-01-26,11:25:00,PSLV,S,105,37.2147,0
2026-01-26,08:50:00,SLV,B,75,100.2450,0
2026-01-26,11:24:00,SLV,S,37,104.2548,0
2026-01-26,11:24:00,SLV,S,38,103.8175,0
2026-01-26,08:53:00,ZSL,S,3942,1.9000,0
2026-01-26,10:01:00,ZSL,B,1971,1.8240,0
2026-01-26,10:01:00,ZSL,B,1971,1.8340,0
2026-01-26,10:17:00,PLUG,S,3202,2.3650,0
2026-01-26,14:24:00,PLUG,B,1601,2.2704,0
2026-01-26,14:24:00,PLUG,B,1601,2.2936,0
2026-01-27,08:40:00,AAL,S,550,13.9450,0
2026-01-27,08:50:00,AAL,B,550,14.1600,0
2026-01-27,08:41:00,PINS,S,315,24.1850,0
2026-01-27,15:00:00,PINS,B,315,23.4000,0
2026-01-27,08:43:00,WULF,B,537,14.3300,0
2026-01-27,10:35:00,WULF,S,268,14.9032,0
2026-01-27,10:35:00,WULF,S,269,14.8717,0
2026-01-27,08:44:00,ZSL,S,4186,1.8250,0
2026-01-27,08:50:00,ZSL,B,4186,1.8850,0
2026-01-27,08:45:00,CVS,S,102,75.0000,0
2026-01-27,08:58:00,CVS,B,102,75.6000,0
2026-01-27,08:48:00,SOXS,S,3919,1.9600,0
2026-01-27,15:00:00,SOXS,B,3919,1.9100,0
2026-01-27,09:06:00,RR,B,1741,4.4650,0
2026-01-27,09:36:00,RR,S,870,4.6436,0
2026-01-27,09:36:00,RR,S,871,4.5830,0
2026-01-27,09:10:00,BBAI,B,1315,5.8200,0
2026-01-27,12:07:00,BBAI,S,657,6.0528,0
2026-01-27,12:07:00,BBAI,S,658,6.0368,0
2026-01-27,09:57:00,RR,B,1608,4.7750,0
2026-01-27,10:24:00,RR,S,804,4.9660,0
2026-01-27,10:24:00,RR,S,804,5.0175,0
2026-01-27,13:20:00,BBAI,B,1265,6.1300,0
2026-01-27,15:00:00,BBAI,S,1265,6.1600,0
2026-01-27,14:12:00,WULF,B,504,15.3900,0
2026-01-27,14:26:00,WULF,S,504,15.2750,0
2026-01-28,08:41:00,SOXS,S,4432,1.7550,0
2026-01-28,08:59:00,SOXS,B,4432,1.8000,0
2026-01-28,08:41:00,RR,S,1579,4.6750,0
2026-01-28,13:12:00,RR,B,1579,5.1400,0
2026-01-28,08:42:00,DUST,S,1801,4.3300,0
2026-01-28,12:54:00,DUST,B,1801,4.4850,0
2026-01-28,08:42:00,INTC,B,160,48.7000,0
2026-01-28,15:00:00,INTC,S,160,48.7500,0
2026-01-28,08:43:00,DNN,B,1930,4.0450,0
2026-01-28,12:52:00,DNN,S,965,4.2068,0
2026-01-28,12:52:00,DNN,S,965,4.1795,0
2026-01-28,08:51:00,FEED,S,2013,1.6300,0
2026-01-28,08:54:00,FEED,B,1006,1.5648,0
2026-01-28,08:54:00,FEED,B,1007,1.6300,0
2026-01-28,09:01:00,ZSL,S,4867,1.6000,0
2026-01-28,09:07:00,ZSL,B,4867,1.6300,0
2026-01-28,09:41:00,PLTD,B,1082,7.1800,0
2026-01-28,15:00:00,PLTD,S,1082,7.3900,0
2026-01-28,10:01:00,FEED,B,3549,2.2000,0
2026-01-28,10:01:00,FEED,S,1774,2.2880,0
2026-01-28,10:01:00,FEED,S,1775,2.2000,0
2026-01-28,13:26:00,DNN,B,1824,4.2300,0
2026-01-28,13:29:00,DNN,S,1824,4.2200,0
2026-01-29,08:41:00,NOK,B,1206,6.4350,0
2026-01-29,09:01:00,NOK,S,1206,6.1800,0
2026-01-29,08:41:00,TSLG,S,943,8.2000,0
2026-01-29,09:58:00,TSLG,B,471,7.8720,0
2026-01-29,09:58:00,TSLG,B,472,7.8520,0
2026-01-29,08:41:00,ETHA,S,352,21.9300,0
2026-01-29,12:40:00,ETHA,B,176,21.0528,0
2026-01-29,12:40:00,ETHA,B,176,21.1393,0
2026-01-29,08:41:00,NCLH,B,346,22.4600,0
2026-01-29,15:00:00,NCLH,S,346,22.9300,0
2026-01-29,08:41:00,CCL,B,250,31.0500,0
2026-01-29,15:00:00,CCL,S,250,31.1300,0
2026-01-29,08:42:00,RR,S,1439,4.6100,0
2026-01-29,09:15:00,RR,B,719,4.4256,0
2026-01-29,09:15:00,RR,B,720,4.4711,0
2026-01-29,08:42:00,SNAP,S,1040,7.4350,0
2026-01-29,15:00:00,SNAP,B,1040,7.2350,0
2026-01-29,08:46:00,MSTX,S,2119,3.6500,0
2026-01-29,09:18:00,MSTX,B,1059,3.5040,0
2026-01-29,09:18:00,MSTX,B,1060,3.3934,0
2026-01-29,08:46:00,DUST,B,1816,4.2850,0
2026-01-29,09:21:00,DUST,S,908,4.4564,0
2026-01-29,09:21:00,DUST,S,908,4.5222,0
2026-01-29,08:49:00,JDST,B,5193,1.4900,0
2026-01-29,09:21:00,JDST,S,2596,1.5496,0
2026-01-29,09:21:00,JDST,S,2597,1.5851,0
2026-01-29,08:52:00,IBIT,S,156,49.5400,0
2026-01-29,13:33:00,IBIT,B,78,47.5584,0
2026-01-29,13:33:00,IBIT,B,78,47.6154,0
2026-01-29,08:53:00,JOBY,B,681,11.3500,0
2026-01-29,09:08:00,JOBY,S,681,11.1050,0
2026-01-29,08:53:00,BITO,S,638,12.0900,0
2026-01-29,14:50:00,BITO,B,319,11.6064,0
2026-01-29,14:50:00,BITO,B,319,11.6459,0
2026-01-29,08:53:00,MSFT,S,18,429.2000,0
2026-01-29,15:00:00,MSFT,B,18,433.1200,0
2026-01-29,08:54:00,ONDS,S,651,11.8500,0
2026-01-29,09:56:00,ONDS,B,325,11.3760,0
2026-01-29,09:56:00,ONDS,B,326,11.2859,0
2026-01-29,09:08:00,BTCZ,B,1843,4.1900,0
2026-01-29,09:55:00,BTCZ,S,921,4.3576,0
2026-01-29,09:55:00,BTCZ,S,922,4.3181,0
2026-01-29,09:26:00,MSTX,S,2338,3.3500,0
2026-01-29,09:55:00,MSTX,B,1169,3.2160,0
2026-01-29,09:55:00,MSTX,B,1169,3.1798,0
2026-01-29,09:36:00,JDST,B,4728,1.6600,0
2026-01-29,10:11:00,JDST,S,4728,1.6300,0
2026-01-29,10:02:00,RR,S,1873,4.2500,0
2026-01-29,10:11:00,RR,B,1873,4.3100,0
2026-01-29,10:32:00,BTCZ,B,1820,4.3600,0
2026-01-29,10:55:00,BTCZ,S,1820,4.3200,0
2026-01-29,14:29:00,ONDS,S,718,11.1400,0
2026-01-29,14:39:00,ONDS,B,718,11.1900,0
2026-01-30,08:41:00,U,S,215,37.3200,0
2026-01-30,09:09:00,U,B,107,35.8272,0
2026-01-30,09:09:00,U,B,108,34.5032,0
2026-01-30,08:41:00,SOFI,S,336,23.8750,0
2026-01-30,11:11:00,SOFI,B,168,22.9200,0
2026-01-30,11:11:00,SOFI,B,168,23.0487,0
2026-01-30,08:41:00,FCX,S,131,61.2800,0
2026-01-30,12:47:00,FCX,B,65,58.8288,0
2026-01-30,12:47:00,FCX,B,66,59.2928,0
2026-01-30,08:42:00,DNN,B,1927,4.1800,0
2026-01-30,11:17:00,DNN,S,1927,4.0850,0
2026-01-30,08:42:00,BBAI,S,1492,5.3850,0
2026-01-30,12:51:00,BBAI,B,746,5.1696,0
2026-01-30,12:51:00,BBAI,B,746,5.1538,0
2026-01-30,08:43:00,VALE,B,483,16.6500,0
2026-01-30,10:53:00,VALE,S,483,16.4250,0
2026-01-30,08:45:00,RKT,S,449,17.9100,0
2026-01-30,10:02:00,RKT,B,224,17.1936,0
2026-01-30,10:02:00,RKT,B,225,17.3984,0
2026-01-30,08:46:00,ZSL,S,3954,2.0350,0
2026-01-30,09:01:00,ZSL,B,3954,2.1050,0
2026-01-30,08:46:00,SLV,B,87,91.4800,0
2026-01-30,09:04:00,SLV,S,87,88.6000,0
2026-01-30,08:46:00,UWMC,S,1593,5.0500,0
2026-01-30,09:30:00,UWMC,B,796,4.8480,0
2026-01-30,09:30:00,UWMC,B,797,4.9034,0
2026-01-30,08:46:00,PSLV,B,253,31.7300,0
2026-01-30,10:23:00,PSLV,S,253,30.1900,0
2026-01-30,08:48:00,TSLG,S,993,8.1000,0
2026-01-30,09:07:00,TSLG,B,993,8.3100,0
2026-01-30,08:49:00,DKNG,S,279,28.8150,0
2026-01-30,12:54:00,DKNG,B,139,27.6624,0
2026-01-30,12:54:00,DKNG,B,140,27.8182,0
2026-01-30,08:51:00,JDST,S,4470,1.7900,0
2026-01-30,10:23:00,JDST,B,4470,1.9000,0
2026-01-30,08:51:00,AG,B,343,23.4200,0
2026-01-30,10:33:00,AG,S,343,22.3250,0
2026-01-30,08:55:00,IAU,S,84,95.0300,0
2026-01-30,12:00:00,IAU,B,42,91.2288,0
2026-01-30,12:00:00,IAU,B,42,91.3503,0
2026-01-30,09:17:00,PLUG,S,3524,2.2750,0
2026-01-30,10:33:00,PLUG,B,1762,2.1840,0
2026-01-30,10:33:00,PLUG,B,1762,2.1877,0
2026-01-30,09:18:00,BTG,B,1542,5.2300,0
2026-01-30,10:02:00,BTG,S,1542,5.1100,0
2026-01-30,09:20:00,U,S,243,32.9400,0
2026-01-30,09:28:00,U,B,121,31.6224,0
2026-01-30,09:28:00,U,B,122,31.1634,0
2026-01-30,09:27:00,SOXS,B,4364,1.8450,0
2026-01-30,12:50:00,SOXS,S,2182,1.9188,0
2026-01-30,12:50:00,SOXS,S,2182,1.9315,0
2026-01-30,10:19:00,DUST,B,1503,5.4100,0
2026-01-30,11:47:00,DUST,S,751,5.6264,0
2026-01-30,11:47:00,DUST,S,752,5.5859,0
2026-01-30,10:22:00,CDE,S,374,21.6350,0
2026-01-30,12:33:00,CDE,B,187,20.7696,0
2026-01-30,12:33:00,CDE,B,187,20.2563,0
2026-01-30,10:23:00,GDX,S,82,98.0600,0
2026-01-30,12:45:00,GDX,B,41,94.1376,0
2026-01-30,12:45:00,GDX,B,41,94.1006,0
2026-01-30,10:27:00,VZ,B,184,43.5950,0
2026-01-30,11:47:00,VZ,S,184,43.4300,0
2026-01-30,13:37:00,SOFI,S,365,22.5850,0
2026-01-30,14:55:00,SOFI,B,365,22.6950,0
2026-01-30,13:59:00,BBAI,S,1642,5.0300,0
2026-01-30,15:00:00,BBAI,B,1642,5.0350,0
2026-01-30,14:10:00,PLUG,S,3905,2.1150,0
2026-01-30,14:16:00,PLUG,B,3905,2.1450,0
2026-01-30,14:28:00,VALE,S,515,15.9900,0
2026-01-30,14:59:00,VALE,B,515,16.0600,0
2026-02-02,08:41:00,BITO,B,754,10.9300,0
2026-02-02,08:56:00,BITO,S,754,10.8300,0
2026-02-02,08:41:00,IBIT,B,184,44.7400,0
2026-02-02,08:56:00,IBIT,S,184,44.2100,0
2026-02-02,08:41:00,ETHA,B,461,17.8750,0
2026-02-02,14:35:00,ETHA,S,461,17.4900,0
2026-02-02,08:41:00,HOOD,S,89,91.9800,0
2026-02-02,15:00:00,HOOD,B,89,89.9400,0
2026-02-02,08:42:00,INTC,B,173,47.6100,0
2026-02-02,13:08:00,INTC,S,86,49.5144,0
2026-02-02,13:08:00,INTC,S,87,49.3639,0
2026-02-02,08:46:00,ZSL,B,3282,2.5200,0
2026-02-02,09:03:00,ZSL,S,1641,2.6208,0
2026-02-02,09:03:00,ZSL,S,1641,2.6464,0
2026-02-02,08:47:00,NVD,B,1168,7.0500,0
2026-02-02,09:11:00,NVD,S,1168,6.9800,0
2026-02-02,08:57:00,BTCZ,B,1644,5.0200,0
2026-02-02,09:23:00,BTCZ,S,1644,4.9300,0
2026-02-02,09:10:00,SOXS,S,4347,1.8900,0
2026-02-02,13:35:00,SOXS,B,2173,1.8144,0
2026-02-02,13:35:00,SOXS,B,2174,1.8289,0
2026-02-02,14:41:00,NVD,B,1163,7.1300,0
2026-02-02,15:00:00,NVD,S,1163,7.1450,0
2026-02-03,08:41:00,WULF,S,562,14.7450,0
2026-02-03,08:48:00,WULF,B,562,15.4500,0
2026-02-03,08:41:00,SOXS,B,4486,1.8600,0
2026-02-03,09:03:00,SOXS,S,2243,1.9344,0
2026-02-03,09:03:00,SOXS,S,2243,1.9614,0
2026-02-03,08:41:00,SLV,B,104,79.8600,0
2026-02-03,11:00:00,SLV,S,104,78.2700,0
2026-02-03,08:41:00,RKT,B,405,20.4600,0
2026-02-03,14:28:00,RKT,S,405,20.0200,0
2026-02-03,08:42:00,ZSL,S,4213,1.9600,0
2026-02-03,11:00:00,ZSL,B,4213,2.0900,0
2026-02-03,08:43:00,ONDS,S,769,10.7900,0
2026-02-03,14:36:00,ONDS,B,769,11.1600,0
2026-02-03,08:43:00,PLTD,B,1129,7.3900,0
2026-02-03,15:00:00,PLTD,S,1129,7.3300,0
2026-02-03,08:43:00,PLTR,S,52,157.1000,0
2026-02-03,15:00:00,PLTR,B,52,157.8900,0
2026-02-03,08:45:00,SNAP,S,1294,6.4100,0
2026-02-03,13:41:00,SNAP,B,647,6.1536,0
2026-02-03,13:41:00,SNAP,B,647,6.0641,0
2026-02-03,08:45:00,INFY,S,463,17.8750,0
2026-02-03,15:00:00,INFY,B,463,17.3300,0
2026-02-03,08:47:00,FUBO,B,4743,1.7250,0
2026-02-03,10:34:00,FUBO,S,2371,1.7940,0
2026-02-03,10:34:00,FUBO,S,2372,1.8125,0
2026-02-03,08:49:00,OPEN,B,1692,4.9100,0
2026-02-03,09:21:00,OPEN,S,846,5.1064,0
2026-02-03,09:21:00,OPEN,S,846,5.0809,0
2026-02-03,08:49:00,NVO,S,142,58.0200,0
2026-02-03,10:56:00,NVO,B,71,55.6992,0
2026-02-03,10:56:00,NVO,B,71,54.1152,0
2026-02-03,08:49:00,VALE,B,490,16.8700,0
2026-02-03,12:17:00,VALE,S,490,16.7200,0
2026-02-03,08:50:00,SAN,B,631,13.1100,0
2026-02-03,08:56:00,SAN,S,631,13.0500,0
2026-02-03,08:57:00,OWL,S,659,12.5050,0
2026-02-03,10:53:00,OWL,B,329,12.0048,0
2026-02-03,10:53:00,OWL,B,330,12.1200,0
2026-02-03,08:57:00,DNN,B,2015,4.1050,0
2026-02-03,15:00:00,DNN,S,2015,4.0800,0
2026-02-03,08:58:00,NVD,B,1123,7.4500,0
2026-02-03,13:56:00,NVD,S,561,7.7480,0
2026-02-03,13:56:00,NVD,S,562,7.7855,0
2026-02-03,09:20:00,SAN,S,640,12.9850,0
2026-02-03,09:42:00,SAN,B,640,13.0050,0
2026-02-03,09:24:00,SOXS,B,4184,1.9900,0
2026-02-03,09:48:00,SOXS,S,4184,1.9450,0
2026-02-03,10:14:00,PYPL,S,196,42.3200,0
2026-02-03,15:00:00,PYPL,B,196,41.5400,0
2026-02-03,13:30:00,OWL,S,710,11.7500,0
2026-02-03,14:00:00,OWL,B,710,11.8250,0
2026-02-04,08:41:00,SOXL,B,140,59.6600,0
2026-02-04,09:01:00,SOXL,S,140,57.5100,0
2026-02-04,08:41:00,SOXS,S,4131,2.0300,0
2026-02-04,09:01:00,SOXS,B,4131,2.0950,0
2026-02-04,08:41:00,ZSL,B,4193,2.0150,0
2026-02-04,09:36:00,ZSL,S,2096,2.0956,0
2026-02-04,09:36:00,ZSL,S,2097,2.1448,0
2026-02-04,08:41:00,BSX,S,106,78.3900,0
2026-02-04,09:45:00,BSX,B,53,75.2544,0
2026-02-04,09:45:00,BSX,B,53,75.7839,0
2026-02-04,08:41:00,NU,S,477,17.5800,0
2026-02-04,15:00:00,NU,B,477,17.0000,0
2026-02-04,08:42:00,TSLG,B,1041,8.0550,0
2026-02-04,09:01:00,TSLG,S,1041,7.8500,0
2026-02-04,08:42:00,UBER,S,113,73.8700,0
2026-02-04,15:00:00,UBER,B,113,73.8750,0
2026-02-04,08:42:00,SMCI,B,243,34.7000,0
2026-02-04,15:00:00,SMCI,S,243,33.7500,0
2026-02-04,08:45:00,PLTD,B,1084,7.7700,0
2026-02-04,09:13:00,PLTD,S,542,8.0808,0
2026-02-04,09:13:00,PLTD,S,542,8.0223,0
2026-02-04,08:45:00,MUD,S,2145,3.9000,0
2026-02-04,09:14:00,MUD,B,2145,3.9800,0
2026-02-04,08:49:00,RIG,B,1619,5.1850,0
2026-02-04,15:00:00,RIG,S,1619,5.3500,0
2026-02-04,08:51:00,CCC,S,1233,6.7950,0
2026-02-04,15:00:00,CCC,B,616,6.5232,0
2026-02-04,15:00:00,CCC,B,617,6.5000,0
2026-02-04,08:52:00,WULF,S,627,13.3700,0
2026-02-04,09:38:00,WULF,B,313,12.8352,0
2026-02-04,09:38:00,WULF,B,314,12.8764,0
2026-02-04,08:54:00,ONDS,S,783,10.6800,0
2026-02-04,09:07:00,ONDS,B,391,10.2528,0
2026-02-04,09:07:00,ONDS,B,392,10.3598,0
2026-02-04,08:54:00,PCG,B,536,15.6450,0
2026-02-04,15:00:00,PCG,S,536,16.2200,0
2026-02-04,09:07:00,HPE,B,371,22.4700,0
2026-02-04,09:34:00,HPE,S,371,22.3350,0
2026-02-04,09:11:00,ONDS,S,813,10.2500,0
2026-02-04,10:12:00,ONDS,B,406,9.8400,0
2026-02-04,10:12:00,ONDS,B,407,9.9025,0
2026-02-04,09:18:00,PLTD,B,1031,8.1000,0
2026-02-04,09:23:00,PLTD,S,1031,8.0100,0
2026-02-04,09:32:00,NVD,B,1062,7.8500,0
2026-02-04,11:57:00,NVD,S,531,8.1640,0
2026-02-04,11:57:00,NVD,S,531,8.1715,0
2026-02-04,10:05:00,BBAI,S,1847,4.5800,0
2026-02-04,15:00:00,BBAI,B,1847,4.5000,0
2026-02-04,10:10:00,ETHA,S,524,16.1200,0
2026-02-04,12:40:00,ETHA,B,524,16.3900,0
2026-02-04,10:19:00,SQQQ,B,119,71.1100,0
2026-02-04,15:00:00,SQQQ,S,119,71.3100,0
2026-02-04,10:36:00,WULF,S,678,12.4900,0
2026-02-04,11:14:00,WULF,B,678,12.7950,0
2026-02-05,08:41:00,SOFI,S,432,19.8500,0
2026-02-05,08:42:00,SOFI,B,432,20.0300,0
2026-02-05,08:41:00,DNN,B,2349,3.6600,0
2026-02-05,09:07:00,DNN,S,2349,3.5350,0
2026-02-05,08:41:00,WULF,B,631,13.6200,0
2026-02-05,09:13:00,WULF,S,631,12.8200,0
2026-02-05,08:41:00,ZSL,S,3122,2.7350,0
2026-02-05,09:27:00,ZSL,B,3122,2.8650,0
2026-02-05,08:41:00,SLV,B,125,68.9500,0
2026-02-05,09:43:00,SLV,S,125,66.6000,0
2026-02-05,08:42:00,NIO,S,1813,4.7300,0
2026-02-05,10:33:00,NIO,B,1813,4.8300,0
2026-02-05,08:43:00,MARA,B,1083,7.9400,0
2026-02-05,08:51:00,MARA,S,1083,7.7300,0
2026-02-05,08:43:00,NVO,B,189,45.3600,0
2026-02-05,08:51:00,NVO,S,189,44.6700,0
2026-02-05,08:43:00,SNAP,S,1540,5.5700,0
2026-02-05,09:25:00,SNAP,B,770,5.3472,0
2026-02-05,09:25:00,SNAP,B,770,5.2407,0
2026-02-05,08:44:00,BMNU,B,3847,2.2500,0
2026-02-05,09:01:00,BMNU,S,3847,2.0750,0
2026-02-05,08:44:00,UVIX,S,1366,6.2700,0
2026-02-05,09:07:00,UVIX,B,1366,6.6100,0
2026-02-05,08:45:00,TZA,S,1347,6.3250,0
2026-02-05,09:11:00,TZA,B,1347,6.4500,0
2026-02-05,08:48:00,CCC,S,1331,6.4450,0
2026-02-05,10:51:00,CCC,B,665,6.1872,0
2026-02-05,10:51:00,CCC,B,666,6.2444,0
2026-02-05,08:52:00,MSTX,S,3937,2.1300,0
2026-02-05,09:16:00,MSTX,B,1968,2.0448,0
2026-02-05,09:16:00,MSTX,B,1969,1.9613,0
2026-02-05,08:55:00,ETHA,S,547,15.5800,0
2026-02-05,09:23:00,ETHA,B,273,14.9568,0
2026-02-05,09:23:00,ETHA,B,274,14.8658,0
2026-02-05,08:55:00,IBIT,S,215,39.5500,0
2026-02-05,09:25:00,IBIT,B,107,37.9680,0
2026-02-05,09:25:00,IBIT,B,108,38.2955,0
2026-02-05,08:56:00,BITO,S,884,9.6200,0
2026-02-05,09:39:00,BITO,B,442,9.2352,0
2026-02-05,09:39:00,BITO,B,442,9.3162,0
2026-02-05,09:01:00,ONDS,S,946,8.9800,0
2026-02-05,09:34:00,ONDS,B,473,8.6208,0
2026-02-05,09:34:00,ONDS,B,473,8.6520,0
2026-02-05,09:01:00,PLUG,S,4473,1.9100,0
2026-02-05,15:00:00,PLUG,B,4473,1.8500,0
2026-02-05,09:03:00,OPEN,S,1728,4.9050,0
2026-02-05,10:35:00,OPEN,B,1728,5.0650,0
2026-02-05,09:14:00,JDST,B,4142,2.0300,0
2026-02-05,15:00:00,JDST,S,4142,2.0850,0
2026-02-05,09:22:00,MSTX,S,4339,1.9400,0
2026-02-05,10:17:00,MSTX,B,2169,1.8624,0
2026-02-05,10:17:00,MSTX,B,2170,1.8720,0
2026-02-05,09:28:00,ETHA,S,574,14.7100,0
2026-02-05,09:50:00,ETHA,B,574,14.9450,0
2026-02-05,09:29:00,IBIT,S,223,37.9000,0
2026-02-05,09:50:00,IBIT,B,223,38.4300,0
2026-02-05,13:41:00,CPNG,S,496,17.0750,0
2026-02-05,15:00:00,CPNG,B,496,16.7950,0
2026-02-05,14:22:00,BITO,S,956,8.8500,0
2026-02-05,15:00:00,BITO,B,956,8.8900,0
2026-02-05,14:27:00,NVO,S,195,43.2600,0
2026-02-05,14:32:00,NVO,B,195,43.3400,0
2026-02-05,14:39:00,ONDS,S,1003,8.4500,0
2026-02-05,14:40:00,ONDS,B,1003,8.4800,0
2026-02-05,14:42:00,PTON,S,2039,4.1550,0
2026-02-05,14:54:00,PTON,B,2039,4.2050,0
2026-02-06,08:41:00,ONDS,S,998,8.5150,0
2026-02-06,08:52:00,ONDS,B,998,8.9700,0
2026-02-06,08:41:00,STLA,S,1205,7.0600,0
2026-02-06,09:07:00,STLA,B,1205,7.2000,0
2026-02-06,08:41:00,NVD,S,1109,7.6200,0
2026-02-06,09:53:00,NVD,B,554,7.3152,0
2026-02-06,09:53:00,NVD,B,555,7.3162,0
2026-02-06,08:41:00,CPNG,S,497,17.0450,0
2026-02-06,10:11:00,CPNG,B,497,17.4450,0
2026-02-06,08:41:00,SQQQ,S,118,72.0900,0
2026-02-06,15:00:00,SQQQ,B,118,70.1000,0
2026-02-06,08:41:00,AAL,B,575,14.8900,0
2026-02-06,15:00:00,AAL,S,575,15.2300,0
2026-02-06,08:41:00,NVDA,B,47,178.8200,0
2026-02-06,15:00:00,NVDA,S,23,185.9728,0
2026-02-06,15:00:00,NVDA,S,24,185.3300,0
2026-02-06,08:42:00,OWL,B,700,12.1700,0
2026-02-06,15:00:00,OWL,S,700,12.5300,0
2026-02-06,08:43:00,WULF,B,649,13.1200,0
2026-02-06,09:12:00,WULF,S,324,13.6448,0
2026-02-06,09:12:00,WULF,S,325,13.5138,0
2026-02-06,08:43:00,SOFI,B,417,20.5150,0
2026-02-06,15:00:00,SOFI,S,417,20.8600,0
2026-02-06,08:44:00,NVO,B,182,46.5900,0
2026-02-06,15:00:00,NVO,S,182,47.6800,0
2026-02-06,08:44:00,TQQQ,B,172,49.2700,0
2026-02-06,15:00:00,TQQQ,S,172,50.5300,0
2026-02-06,08:45:00,NIO,B,1645,5.1850,0
2026-02-06,09:35:00,NIO,S,1645,5.0600,0
2026-02-06,08:45:00,MARA,B,1142,7.4600,0
2026-02-06,09:54:00,MARA,S,571,7.7584,0
2026-02-06,09:54:00,MARA,S,571,7.7148,0
2026-02-06,08:45:00,BMNU,B,4218,2.0300,0
2026-02-06,11:35:00,BMNU,S,2109,2.1112,0
2026-02-06,11:35:00,BMNU,S,2109,2.1920,0
2026-02-06,08:46:00,TZA,S,1369,6.2200,0
2026-02-06,09:07:00,TZA,B,1369,6.2800,0
2026-02-06,08:58:00,RIG,B,1680,5.0600,0
2026-02-06,10:17:00,RIG,S,840,5.2624,0
2026-02-06,10:17:00,RIG,S,840,5.2494,0
2026-02-06,09:24:00,COTY,S,3188,2.6600,0
2026-02-06,09:34:00,COTY,B,1594,2.5536,0
2026-02-06,09:34:00,COTY,B,1594,2.5766,0
2026-02-06,09:27:00,DUST,S,1634,5.2000,0
2026-02-06,09:39:00,DUST,B,1634,5.2800,0
2026-02-06,09:39:00,BITO,B,896,9.4900,0
2026-02-06,11:54:00,BITO,S,448,9.8696,0
2026-02-06,11:54:00,BITO,S,448,9.7901,0
2026-02-06,09:45:00,TSLG,B,1122,7.5900,0
2026-02-06,09:53:00,TSLG,S,1122,7.5300,0
2026-02-06,09:56:00,PLUG,B,4215,2.0250,0
2026-02-06,15:00:00,PLUG,S,4215,2.0700,0
2026-02-06,10:20:00,ETHA,B,565,15.1650,0
2026-02-06,11:36:00,ETHA,S,282,15.7716,0
2026-02-06,11:36:00,ETHA,S,283,15.6383,0
2026-02-06,10:44:00,IBIT,B,216,39.6050,0
2026-02-06,12:24:00,IBIT,S,216,39.3800,0
2026-02-06,13:08:00,RIG,B,1624,5.3300,0
2026-02-06,13:20:00,RIG,S,1624,5.3100,0
2026-02-06,14:24:00,NVD,S,1239,6.9800,0
2026-02-06,14:30:00,NVD,B,1239,7.0000,0
2026-02-09,08:41:00,CIFR,B,563,15.6700,0
2026-02-09,09:22:00,CIFR,S,281,16.2968,0
2026-02-09,09:22:00,CIFR,S,282,16.2283,0
2026-02-09,08:41:00,CLF,S,405,11.3900,0
2026-02-09,15:00:00,CLF,B,405,12.3050,0
2026-02-09,08:43:00,MSTX,B,3788,2.3500,0
2026-02-09,09:12:00,MSTX,S,1894,2.4440,0
2026-02-09,09:12:00,MSTX,S,1894,2.4365,0
2026-02-09,08:43:00,ONDS,B,875,10.1650,0
2026-02-09,09:18:00,ONDS,S,437,10.5716,0
2026-02-09,09:18:00,ONDS,S,438,10.5334,0
2026-02-09,08:44:00,DUST,S,1770,4.9550,0
2026-02-09,15:00:00,DUST,B,885,4.7568,0
2026-02-09,15:00:00,DUST,B,885,4.6550,0
2026-02-09,08:44:00,BTG,B,1690,5.2250,0
2026-02-09,15:00:00,BTG,S,845,5.4340,0
2026-02-09,15:00:00,BTG,S,845,5.4450,0
2026-02-09,08:45:00,ZSL,S,3693,2.3500,0
2026-02-09,11:09:00,ZSL,B,1846,2.2560,0
2026-02-09,11:09:00,ZSL,B,1847,2.2435,0
2026-02-09,08:47:00,PLTD,S,1089,8.0950,0
2026-02-09,08:55:00,PLTD,B,1089,8.1500,0
2026-02-09,08:47:00,BMNU,B,2882,2.2500,0
2026-02-09,11:07:00,BMNU,S,1441,2.3400,0
2026-02-09,11:07:00,BMNU,S,1441,2.3325,0
2026-02-09,09:07:00,WULF,B,550,16.0550,0
2026-02-09,14:30:00,WULF,S,275,16.6972,0
2026-02-09,14:30:00,WULF,S,275,16.6195,0
2026-02-09,09:15:00,MSTX,B,3599,2.4600,0
2026-02-09,09:17:00,MSTX,S,3599,2.4200,0
2026-02-09,09:33:00,KD,B,625,11.2800,0
2026-02-09,13:50:00,KD,S,625,10.1150,0
2026-02-09,09:40:00,JDST,S,5239,1.6600,0
2026-02-09,15:00:00,JDST,B,2619,1.5936,0
2026-02-09,15:00:00,JDST,B,2620,1.5900,0
2026-02-09,09:49:00,RIG,B,1641,5.4250,0
2026-02-09,12:05:00,RIG,S,820,5.6420,0
2026-02-09,12:05:00,RIG,S,821,5.6307,0
2026-02-09,10:03:00,HIMS,B,465,17.9000,0
2026-02-09,12:20:00,HIMS,S,232,18.6160,0
2026-02-09,12:20:00,HIMS,S,233,18.5171,0
2026-02-09,13:26:00,BMNU,B,3710,2.4400,0
2026-02-09,15:00:00,BMNU,S,3710,2.4350,0
2026-02-10,08:41:00,INTC,S,183,49.2950,0
2026-02-10,15:00:00,INTC,B,91,47.3232,0
2026-02-10,15:00:00,INTC,B,92,47.1300,0
2026-02-10,08:46:00,ZSL,B,3927,2.3200,0
2026-02-10,10:07:00,ZSL,S,1963,2.4128,0
2026-02-10,10:07:00,ZSL,S,1964,2.3918,0
2026-02-10,08:46:00,GTM,B,1428,6.4600,0
2026-02-10,13:25:00,GTM,S,714,6.7184,0
2026-02-10,13:25:00,GTM,S,714,6.7704,0
2026-02-10,09:34:00,CCO,S,3836,2.3650,0
2026-02-10,15:00:00,CCO,B,3836,2.3700,0
2026-02-10,09:36:00,BMNU,B,3860,2.3600,0
2026-02-10,12:28:00,BMNU,S,3860,2.2300,0
2026-02-10,10:40:00,ZSL,B,3754,2.4250,0
2026-02-10,10:44:00,ZSL,S,3754,2.4100,0
2026-02-10,12:53:00,MSTX,S,3634,2.4950,0
2026-02-10,15:00:00,MSTX,B,3634,2.4650,0
2026-02-11,08:41:00,U,S,441,20.2650,0
2026-02-11,08:55:00,U,B,220,19.4544,0
2026-02-11,08:55:00,U,B,221,19.6376,0
2026-02-11,08:41:00,RIG,B,1600,5.7100,0
2026-02-11,09:13:00,RIG,S,1600,5.6100,0
2026-02-11,08:41:00,AVTR,B,951,9.7400,0
2026-02-11,15:00:00,AVTR,S,951,9.6350,0
2026-02-11,08:41:00,ZSL,B,4162,2.2050,0
2026-02-11,15:00:00,ZSL,S,4162,2.1550,0
2026-02-11,08:42:00,SOXS,S,5390,1.6950,0
2026-02-11,09:02:00,SOXS,B,5390,1.7200,0
2026-02-11,08:42:00,DUST,B,2014,4.6150,0
2026-02-11,15:00:00,DUST,S,2014,4.3800,0
2026-02-11,08:46:00,SHOP,S,74,122.3600,0
2026-02-11,11:15:00,SHOP,B,37,117.4656,0
2026-02-11,11:15:00,SHOP,B,37,111.9675,0
2026-02-11,08:51:00,RKT,S,472,19.2900,0
2026-02-11,12:38:00,RKT,B,236,18.5184,0
2026-02-11,12:38:00,RKT,B,236,18.4479,0
2026-02-11,08:52:00,COMP,S,744,12.2600,0
2026-02-11,09:28:00,COMP,B,372,11.7696,0
2026-02-11,09:28:00,COMP,B,372,11.6776,0
2026-02-11,08:57:00,MSTX,S,3943,2.3100,0
2026-02-11,09:14:00,MSTX,B,1971,2.2176,0
2026-02-11,09:14:00,MSTX,B,1972,2.2131,0
2026-02-11,08:59:00,BMNU,S,4494,2.0000,0
2026-02-11,09:23:00,BMNU,B,2247,1.9200,0
2026-02-11,09:23:00,BMNU,B,2247,1.9300,0
2026-02-11,09:06:00,U,S,474,19.3200,0
2026-02-11,09:44:00,U,B,474,19.7700,0
2026-02-11,09:17:00,LYFT,S,649,14.2150,0
2026-02-11,15:00:00,LYFT,B,649,14.0000,0
2026-02-11,09:22:00,JDST,B,5805,1.5900,0
2026-02-11,15:00:00,JDST,S,5805,1.5000,0
2026-02-11,09:42:00,COMP,S,802,11.5550,0
2026-02-11,10:59:00,COMP,B,802,11.7100,0
2026-02-11,10:02:00,MAT,B,574,16.1300,0
2026-02-11,15:00:00,MAT,S,574,15.8050,0
2026-02-12,08:42:00,SOXS,S,5629,1.6300,0
2026-02-12,08:45:00,SOXS,B,5629,1.6500,0
2026-02-12,08:42:00,COMP,S,825,11.0750,0
2026-02-12,09:39:00,COMP,B,412,10.6320,0
2026-02-12,09:39:00,COMP,B,413,9.9507,0
2026-02-12,08:42:00,CSCO,S,116,78.7450,0
2026-02-12,11:50:00,CSCO,B,58,75.5952,0
2026-02-12,11:50:00,CSCO,B,58,75.8725,0
2026-02-12,08:43:00,BBAI,S,2143,4.2750,0
2026-02-12,10:43:00,BBAI,B,1071,4.1040,0
2026-02-12,10:43:00,BBAI,B,1072,4.0377,0
2026-02-12,08:44:00,SOFI,S,452,20.2750,0
2026-02-12,10:36:00,SOFI,B,226,19.4640,0
2026-02-12,10:36:00,SOFI,B,226,19.3877,0
2026-02-12,08:45:00,UVIX,B,1662,5.5300,0
2026-02-12,10:05:00,UVIX,S,831,5.7512,0
2026-02-12,10:05:00,UVIX,S,831,5.9347,0
2026-02-12,08:45:00,TQQQ,S,177,51.5600,0
2026-02-12,10:36:00,TQQQ,B,88,49.4976,0
2026-02-12,10:36:00,TQQQ,B,89,49.0156,0
2026-02-12,08:45:00,PLUG,S,4785,1.9150,0
2026-02-12,14:59:00,PLUG,B,2392,1.8384,0
2026-02-12,14:59:00,PLUG,B,2393,1.8292,0
2026-02-12,08:48:00,CLF,S,797,11.4900,0
2026-02-12,10:38:00,CLF,B,398,11.0304,0
2026-02-12,10:38:00,CLF,B,399,10.8349,0
2026-02-12,08:48:00,BTG,S,1660,5.4900,0
2026-02-12,10:43:00,BTG,B,830,5.2704,0
2026-02-12,10:43:00,BTG,B,830,5.2699,0
2026-02-12,08:50:00,TZA,B,1542,5.9700,0
2026-02-12,10:37:00,TZA,S,771,6.2088,0
2026-02-12,10:37:00,TZA,S,771,6.3103,0
2026-02-12,08:54:00,ICLR,B,57,79.4900,0
2026-02-12,09:57:00,ICLR,S,28,82.6696,0
2026-02-12,09:57:00,ICLR,S,29,84.6111,0
2026-02-12,08:54:00,HPE,S,406,22.5300,0
2026-02-12,15:00:00,HPE,B,406,22.2200,0
2026-02-12,08:56:00,GDX,S,87,104.2800,0
2026-02-12,09:30:00,GDX,B,87,105.4400,0
2026-02-12,08:56:00,ZSL,B,4100,2.2450,0
2026-02-12,10:10:00,ZSL,S,2050,2.3348,0
2026-02-12,10:10:00,ZSL,S,2050,2.3175,0
2026-02-12,08:59:00,SOXS,B,5471,1.6800,0
2026-02-12,09:06:00,SOXS,S,5471,1.6450,0
2026-02-12,09:40:00,INFY,S,615,14.9100,0
2026-02-12,13:21:00,INFY,B,307,14.3136,0
2026-02-12,13:21:00,INFY,B,308,14.4191,0
2026-02-12,10:27:00,UVIX,B,1511,6.2300,0
2026-02-12,10:35:00,UVIX,S,1511,6.1000,0
2026-02-12,14:23:00,BTG,S,1876,5.1200,0
2026-02-12,15:00:00,BTG,B,1876,5.0100,0
2026-02-12,14:46:00,ZSL,B,3611,2.6650,0
2026-02-12,15:00:00,ZSL,S,3611,2.6650,0
2026-02-13,08:41:00,IBIT,S,254,38.0400,0
2026-02-13,08:45:00,IBIT,B,254,38.3200,0
2026-02-13,08:41:00,BITO,S,1040,9.2700,0
2026-02-13,08:45:00,BITO,B,1040,9.3400,0
2026-02-13,08:41:00,RIVN,S,569,16.8700,0
2026-02-13,12:46:00,RIVN,B,569,17.9350,0
2026-02-13,08:42:00,ETHA,S,649,14.8700,0
2026-02-13,08:45:00,ETHA,B,649,15.0200,0
2026-02-13,08:44:00,PINS,B,666,14.6200,0
2026-02-13,11:28:00,PINS,S,333,15.2048,0
2026-02-13,11:28:00,PINS,S,333,15.1288,0
2026-02-13,08:46:00,DKNG,B,441,21.9100,0
2026-02-13,15:00:00,DKNG,S,441,21.7600,0
2026-02-13,08:55:00,DUST,S,2076,4.6450,0
2026-02-13,12:29:00,DUST,B,1038,4.4592,0
2026-02-13,12:29:00,DUST,B,1038,4.4871,0
2026-02-13,09:02:00,IBIT,B,250,38.5650,0
2026-02-13,15:00:00,IBIT,S,250,39.0000,0
2026-02-13,09:02:00,BITO,B,1027,9.4000,0
2026-02-13,15:00:00,BITO,S,1027,9.5100,0
2026-02-13,09:03:00,JDST,S,6033,1.5900,0
2026-02-13,15:00:00,JDST,B,6033,1.5500,0
2026-02-13,09:09:00,ETHA,B,638,15.1200,0
2026-02-13,15:00:00,ETHA,S,638,15.4600,0
2026-02-13,09:11:00,RIG,B,1594,6.0550,0
2026-02-13,11:23:00,RIG,S,797,6.2972,0
2026-02-13,11:23:00,RIG,S,797,6.3395,0
2026-02-13,09:13:00,MSTX,B,4073,2.3700,0
2026-02-13,09:35:00,MSTX,S,2036,2.4648,0
2026-02-13,09:35:00,MSTX,S,2037,2.4411,0
2026-02-17,08:43:00,CRML,S,1116,8.7800,0
2026-02-17,12:34:00,CRML,B,1116,9.1400,0
2026-02-17,08:58:00,GPRE,S,738,13.2600,0
2026-02-17,10:22:00,GPRE,B,738,13.5050,0
2026-02-17,09:08:00,RPAY,B,3187,3.0750,0
2026-02-17,15:00:00,RPAY,S,3187,3.0550,0
2026-02-17,09:09:00,BZAI,B,8034,1.2250,0
2026-02-17,10:05:00,BZAI,S,4017,1.2740,0
2026-02-17,10:05:00,BZAI,S,4017,1.2977,0
2026-02-17,09:09:00,IMAX,B,265,37.2300,0
2026-02-17,15:00:00,IMAX,S,265,37.8700,0
2026-02-17,09:20:00,MXL,B,517,19.0000,0
2026-02-17,13:48:00,MXL,S,258,19.7600,0
2026-02-17,13:48:00,MXL,S,259,19.9400,0
2026-02-17,09:26:00,FRMM,S,2961,3.2550,0
2026-02-17,11:40:00,FRMM,B,2961,3.4500,0
2026-02-17,09:26:00,PARR,S,229,42.5000,0
2026-02-17,15:00:00,PARR,B,229,42.9800,0
2026-02-17,09:32:00,NKTX,B,4876,2.0100,0
2026-02-17,14:09:00,NKTX,S,2438,2.0904,0
2026-02-17,14:09:00,NKTX,S,2438,2.0799,0
2026-02-17,09:36:00,VOR,S,752,12.9300,0
2026-02-17,15:00:00,VOR,B,752,12.9900,0
2026-02-17,09:40:00,IMSR,S,1436,6.7800,0
2026-02-17,09:49:00,IMSR,B,1436,6.9000,0
2026-02-17,09:40:00,LGN,S,211,46.0600,0
2026-02-17,10:43:00,LGN,B,211,47.2300,0
2026-02-17,09:50:00,BMEA,B,7720,1.2850,0
2026-02-17,14:56:00,BMEA,S,3860,1.3364,0
2026-02-17,14:56:00,BMEA,S,3860,1.3372,0
2026-02-17,09:57:00,NEXA,S,888,10.9900,0
2026-02-17,15:00:00,NEXA,B,888,11.1300,0
2026-02-17,09:59:00,EVTL,B,2248,4.4100,0
2026-02-17,15:00:00,EVTL,S,2248,4.4650,0
2026-02-17,10:03:00,ACHV,B,2320,4.2400,0
2026-02-17,15:00:00,ACHV,S,2320,4.2400,0
2026-02-17,10:06:00,SPIR,B,1072,9.1800,0
2026-02-17,15:00:00,SPIR,S,1072,9.1200,0
2026-02-17,10:08:00,CADL,B,1726,5.7000,0
2026-02-17,15:00:00,CADL,S,1726,5.6300,0
2026-02-18,08:41:00,SLV,B,139,70.2600,0
2026-02-18,13:30:00,SLV,S,139,69.4200,0
2026-02-18,08:44:00,RXT,B,3321,1.2000,0
2026-02-18,08:50:00,RXT,S,1660,1.2480,0
2026-02-18,08:50:00,RXT,S,1661,1.2780,0
2026-02-18,08:44:00,PINS,B,620,15.8100,0
2026-02-18,09:18:00,PINS,S,310,16.4424,0
2026-02-18,09:18:00,PINS,S,310,16.3069,0
2026-02-18,08:57:00,MSTX,B,4380,2.2500,0
2026-02-18,09:48:00,MSTX,S,2190,2.3400,0
2026-02-18,09:48:00,MSTX,S,2190,2.3564,0
2026-02-18,09:00:00,ZSL,S,4046,2.4250,0
2026-02-18,13:30:00,ZSL,B,4046,2.4900,0
2026-02-18,10:01:00,PINS,B,599,16.4950,0
2026-02-18,10:07:00,PINS,S,599,16.4500,0
2026-02-18,14:15:00,MSTX,S,4678,2.1000,0
2026-02-18,14:39:00,MSTX,B,4678,2.1450,0
2026-02-19,08:41:00,FIG,S,348,23.5800,0
2026-02-19,11:10:00,FIG,B,348,26.0050,0
2026-02-19,08:41:00,OWL,S,863,11.3750,0
2026-02-19,15:00:00,OWL,B,863,11.5750,0
2026-02-19,08:41:00,AAL,S,718,13.6150,0
2026-02-19,15:00:00,AAL,B,718,13.3550,0
2026-02-19,08:52:00,MSTX,B,4657,2.1400,0
2026-02-19,13:10:00,MSTX,S,2328,2.2256,0
2026-02-19,13:10:00,MSTX,S,2329,2.2086,0
2026-02-19,08:56:00,JDST,S,6299,1.5400,0
2026-02-19,15:00:00,JDST,B,6299,1.5050,0
2026-02-20,08:41:00,SLV,B,133,73.6000,0
2026-02-20,09:03:00,SLV,S,133,72.9800,0
2026-02-20,08:41:00,ZSL,S,4455,2.2000,0
2026-02-20,09:03:00,ZSL,B,4455,2.2400,0
2026-02-20,08:41:00,PINS,B,579,16.9400,0
2026-02-20,09:14:00,PINS,S,289,17.6176,0
2026-02-20,09:14:00,PINS,S,290,17.5306,0
2026-02-20,08:43:00,ONDS,B,876,11.2500,0
2026-02-20,10:20:00,ONDS,S,876,10.8700,0
2026-02-20,08:56:00,JDST,S,6714,1.4500,0
2026-02-20,09:07:00,JDST,B,6714,1.5000,0
2026-02-20,08:58:00,OWL,B,897,10.9200,0
2026-02-20,13:07:00,OWL,S,448,11.3568,0
2026-02-20,13:07:00,OWL,S,449,11.4158,0
2026-02-20,09:21:00,OPEN,B,1771,5.5200,0
2026-02-20,10:17:00,OPEN,S,1771,5.1500,0
2026-02-20,13:51:00,SLV,B,128,75.4650,0
2026-02-20,15:00:00,SLV,S,128,76.6200,0
2026-02-23,08:41:00,NVO,B,237,40.9800,0
2026-02-23,09:45:00,NVO,S,237,39.9800,0
2026-02-23,08:41:00,SLV,B,122,79.3900,0
2026-02-23,09:56:00,SLV,S,122,78.3500,0
2026-02-23,08:41:00,PYPL,S,238,40.7850,0
2026-02-23,10:27:00,PYPL,B,238,41.2300,0
2026-02-23,08:41:00,TSLL,S,653,14.8300,0
2026-02-23,12:03:00,TSLL,B,326,14.2368,0
2026-02-23,12:03:00,TSLL,B,327,14.2983,0
2026-02-23,08:41:00,PATH,S,949,10.2500,0
2026-02-23,15:00:00,PATH,B,949,10.1700,0
2026-02-23,08:41:00,BTG,B,1728,5.6550,0
2026-02-23,15:00:00,BTG,S,1728,5.7350,0
2026-02-23,08:42:00,COMP,S,971,9.9400,0
2026-02-23,09:38:00,COMP,B,485,9.5424,0
2026-02-23,09:38:00,COMP,B,486,9.5694,0
2026-02-23,08:43:00,NU,S,564,17.2350,0
2026-02-23,11:57:00,NU,B,282,16.5456,0
2026-02-23,11:57:00,NU,B,282,16.3874,0
2026-02-23,08:46:00,ZSL,S,5235,1.8500,0
2026-02-23,09:56:00,ZSL,B,5235,1.9250,0
2026-02-23,08:46:00,DUST,S,2471,3.9000,0
2026-02-23,15:00:00,DUST,B,2471,3.9250,0
2026-02-23,08:54:00,MSTX,B,4327,2.2700,0
2026-02-23,09:52:00,MSTX,S,4327,2.1900,0
2026-02-23,08:55:00,TSDD,B,1056,9.2200,0
2026-02-23,15:00:00,TSDD,S,1056,9.3600,0
2026-02-23,08:56:00,BMNU,B,5019,1.9750,0
2026-02-23,09:56:00,BMNU,S,5019,1.8900,0
2026-02-23,08:57:00,JDST,S,7377,1.3200,0
2026-02-23,10:06:00,JDST,B,7377,1.3700,0
2026-02-23,09:45:00,COMP,S,1035,9.4150,0
2026-02-23,11:48:00,COMP,B,517,9.0384,0
2026-02-23,11:48:00,COMP,B,518,9.1292,0
2026-02-23,10:04:00,BITO,S,1064,9.0350,0
2026-02-23,15:00:00,BITO,B,1064,8.9100,0
2026-02-23,13:24:00,NU,S,599,16.1700,0
2026-02-23,13:56:00,NU,B,599,16.2000,0
2026-02-23,14:41:00,SLV,B,120,80.5000,0
2026-02-23,14:44:00,SLV,S,120,80.3200,0
2026-02-24,08:41:00,IOVA,B,2075,3.6300,0
2026-02-24,08:46:00,IOVA,S,1037,3.7752,0
2026-02-24,08:46:00,IOVA,S,1038,3.7937,0
2026-02-24,08:44:00,WULF,B,603,16.1200,0
2026-02-24,08:51:00,WULF,S,301,16.7648,0
2026-02-24,08:51:00,WULF,S,302,16.6288,0
2026-02-24,08:44:00,PYPL,B,222,43.7900,0
2026-02-24,14:32:00,PYPL,S,111,45.5416,0
2026-02-24,14:32:00,PYPL,S,111,45.7121,0
2026-02-24,08:45:00,BTG,B,1703,5.7200,0
2026-02-24,08:46:00,BTG,S,1703,5.6950,0
2026-02-24,09:16:00,WULF,B,575,17.0000,0
2026-02-24,09:21:00,WULF,S,575,16.8800,0
2026-02-24,09:29:00,INTC,B,217,45.1000,0
2026-02-24,15:00:00,INTC,S,217,46.1200,0
2026-02-24,13:13:00,CLVT,B,4310,2.2800,0
2026-02-24,14:52:00,CLVT,S,2155,2.3712,0
2026-02-24,14:52:00,CLVT,S,2155,2.3672,0
2026-02-25,08:41:00,XWEL,B,5530,0.9292,0
2026-02-25,08:42:00,XWEL,S,2765,0.9664,0
2026-02-25,08:42:00,XWEL,S,2765,1.0600,0
2026-02-25,08:41:00,OWL,S,934,10.5800,0
2026-02-25,09:14:00,OWL,B,934,10.8500,0
2026-02-25,08:41:00,NFLX,B,122,80.9900,0
2026-02-25,15:00:00,NFLX,S,122,82.7000,0
2026-02-25,08:42:00,IBIT,S,263,37.5600,0
2026-02-25,08:47:00,IBIT,B,263,37.8600,0
2026-02-25,08:46:00,UWMC,S,2267,4.3700,0
2026-02-25,09:10:00,UWMC,B,1133,4.1952,0
2026-02-25,09:10:00,UWMC,B,1134,4.2309,0
2026-02-25,08:48:00,BMNU,B,4450,2.2300,0
2026-02-25,09:56:00,BMNU,S,2225,2.3192,0
2026-02-25,09:56:00,BMNU,S,2225,2.3521,0
2026-02-25,08:50:00,BITO,B,1076,9.2300,0
2026-02-25,13:32:00,BITO,S,538,9.5992,0
2026-02-25,13:32:00,BITO,S,538,9.5177,0
2026-02-25,08:54:00,MSTX,B,4259,2.3500,0
2026-02-25,11:05:00,MSTX,S,2129,2.4440,0
2026-02-25,11:05:00,MSTX,S,2130,2.4365,0
2026-02-25,09:00:00,BMNG,B,6402,1.5500,0
2026-02-25,09:09:00,BMNG,S,6402,1.5300,0
2026-02-25,09:16:00,UWMC,S,2373,4.1800,0
2026-02-25,09:44:00,UWMC,B,1186,4.0128,0
2026-02-25,09:44:00,UWMC,B,1187,4.0468,0
2026-02-25,09:42:00,IBIT,B,259,38.2700,0
2026-02-25,09:57:00,IBIT,S,259,38.1700,0
2026-02-26,08:41:00,OPEN,B,1971,5.1450,0
2026-02-26,09:01:00,OPEN,S,985,5.3508,0
2026-02-26,09:01:00,OPEN,S,986,5.3086,0
2026-02-26,08:41:00,SOXS,B,6194,1.6450,0
2026-02-26,09:03:00,SOXS,S,3097,1.7108,0
2026-02-26,09:03:00,SOXS,S,3097,1.7186,0
2026-02-26,08:45:00,ARRY,S,1311,7.6200,0
2026-02-26,09:06:00,ARRY,B,655,7.3152,0
2026-02-26,09:06:00,ARRY,B,656,7.0723,0
2026-02-26,08:45:00,NVD,B,1520,6.6400,0
2026-02-26,09:38:00,NVD,S,760,6.9056,0
2026-02-26,09:38:00,NVD,S,760,6.8886,0
2026-02-26,08:46:00,EOSE,S,1462,6.9050,0
2026-02-26,09:06:00,EOSE,B,731,6.6288,0
2026-02-26,09:06:00,EOSE,B,731,6.7566,0
2026-02-26,08:46:00,BMNU,S,4408,2.2700,0
2026-02-26,09:39:00,BMNU,B,2204,2.1792,0
2026-02-26,09:39:00,BMNU,B,2204,2.1827,0
2026-02-26,08:46:00,NVDA,S,53,188.8600,0
2026-02-26,15:00:00,NVDA,B,53,184.8600,0
2026-02-26,08:48:00,COMP,B,1023,9.8600,0
2026-02-26,15:00:00,COMP,S,1023,10.0050,0
2026-02-26,08:57:00,ALBT,S,4062,0.9660,0
2026-02-26,11:54:00,ALBT,B,2031,0.9274,0
2026-02-26,11:54:00,ALBT,B,2031,0.9214,0
2026-02-26,09:16:00,BMNG,S,6664,1.5200,0
2026-02-26,11:04:00,BMNG,B,3332,1.4592,0
2026-02-26,11:04:00,BMNG,B,3332,1.4152,0
2026-02-26,09:17:00,NU,S,665,15.4300,0
2026-02-26,15:00:00,NU,B,665,15.0600,0
2026-02-26,09:46:00,JDST,S,7893,1.3000,0
2026-02-26,15:00:00,JDST,B,3946,1.2480,0
2026-02-26,15:00:00,JDST,B,3947,1.2100,0
2026-02-27,08:41:00,KEY,S,496,21.1350,0
2026-02-27,15:00:00,KEY,B,496,20.7400,0
2026-02-27,08:41:00,KRE,S,154,68.1900,0
2026-02-27,15:00:00,KRE,B,154,66.7400,0
2026-02-27,08:42:00,RUN,S,334,16.0900,0
2026-02-27,08:46:00,RUN,B,167,15.4464,0
2026-02-27,08:46:00,RUN,B,167,15.5709,0
2026-02-27,08:42:00,PSKY,B,920,11.4500,0
2026-02-27,08:49:00,PSKY,S,460,11.9080,0
2026-02-27,08:49:00,PSKY,S,460,11.8005,0
2026-02-27,08:42:00,SLV,S,127,82.5200,0
2026-02-27,08:53:00,SLV,B,127,83.2750,0
2026-02-27,08:42:00,UVIX,B,1642,6.4400,0
2026-02-27,09:08:00,UVIX,S,1642,6.2900,0
2026-02-27,08:42:00,SOFI,S,594,17.7150,0
2026-02-27,15:00:00,SOFI,B,594,17.7600,0
2026-02-27,08:42:00,TZA,B,1694,6.2400,0
2026-02-27,15:00:00,TZA,S,1694,6.2200,0
2026-02-27,08:47:00,AAL,S,809,13.0600,0
2026-02-27,15:00:00,AAL,B,809,13.0850,0
2026-02-27,08:52:00,PLUG,S,5816,1.8200,0
2026-02-27,15:00:00,PLUG,B,5816,1.8000,0
2026-02-27,08:53:00,BMNU,S,5523,1.9100,0
2026-02-27,11:53:00,BMNU,B,2761,1.8336,0
2026-02-27,11:53:00,BMNU,B,2762,1.8391,0
2026-02-27,08:56:00,NVD,B,1443,7.3300,0
2026-02-27,09:06:00,NVD,S,1443,7.1900,0
2026-02-27,09:42:00,EOSE,B,1276,6.1800,0
2026-02-27,11:07:00,EOSE,S,638,6.4272,0
2026-02-27,11:07:00,EOSE,S,638,6.3882,0
2026-02-27,10:05:00,MARA,S,1131,9.3100,0
2026-02-27,15:00:00,MARA,B,565,8.9376,0
2026-02-27,15:00:00,MARA,B,566,8.9300,0
2026-02-27,10:09:00,MSTX,S,4744,2.2200,0
2026-02-27,15:00:00,MSTX,B,4744,2.2500,0
2026-02-27,10:11:00,SLV,B,123,85.0000,0
2026-02-27,10:24:00,SLV,S,123,84.4700,0
2026-02-27,10:17:00,PSKY,B,829,12.6900,0
2026-02-27,10:35:00,PSKY,S,414,13.1976,0
2026-02-27,10:35:00,PSKY,S,415,13.0981,0
2026-02-27,14:36:00,NFLX,B,109,96.7100,0
2026-02-27,14:46:00,NFLX,S,109,96.1400,0
2026-03-02,08:41:00,NOK,B,1368,7.8500,0
2026-03-02,12:47:00,NOK,S,684,8.1640,0
2026-03-02,12:47:00,NOK,S,684,8.2915,0
2026-03-02,08:43:00,ONDS,B,924,11.5800,0
2026-03-02,08:46:00,ONDS,S,462,12.0432,0
2026-03-02,08:46:00,ONDS,S,462,11.9642,0
2026-03-02,08:43:00,BMNU,B,5661,1.9200,0
2026-03-02,09:11:00,BMNU,S,2830,1.9968,0
2026-03-02,09:11:00,BMNU,S,2831,2.0808,0
2026-03-02,08:43:00,BMNR,B,549,19.5700,0
2026-03-02,09:11:00,BMNR,S,274,20.3528,0
2026-03-02,09:11:00,BMNR,S,275,20.4143,0
2026-03-02,08:43:00,ETHA,B,724,14.7750,0
2026-03-02,09:32:00,ETHA,S,362,15.3660,0
2026-03-02,09:32:00,ETHA,S,362,15.3123,0
2026-03-02,08:43:00,IBIT,B,284,37.7050,0
2026-03-02,09:54:00,IBIT,S,142,39.2132,0
2026-03-02,09:54:00,IBIT,S,142,39.1230,0
2026-03-02,08:43:00,BITO,B,1167,9.1700,0
2026-03-02,09:54:00,BITO,S,583,9.5368,0
2026-03-02,09:54:00,BITO,S,584,9.5083,0
2026-03-02,08:43:00,NVD,S,1465,7.3000,0
2026-03-02,11:35:00,NVD,B,732,7.0080,0
2026-03-02,11:35:00,NVD,B,733,7.0730,0
2026-03-02,08:44:00,MSTX,B,4524,2.4100,0
2026-03-02,09:29:00,MSTX,S,2262,2.5064,0
2026-03-02,09:29:00,MSTX,S,2262,2.4959,0
2026-03-02,08:44:00,F,S,794,13.4550,0
2026-03-02,15:00:00,F,B,794,13.3700,0
2026-03-02,08:55:00,SABR,B,5207,1.4850,0
2026-03-02,11:20:00,SABR,S,2603,1.5444,0
2026-03-02,11:20:00,SABR,S,2604,1.5475,0
2026-03-02,08:56:00,NCLH,S,490,21.8200,0
2026-03-02,15:00:00,NCLH,B,490,22.1750,0
2026-03-02,09:26:00,PLTD,S,1400,7.7800,0
2026-03-02,15:00:00,PLTD,B,1400,7.7500,0
2026-03-02,09:33:00,AES,B,763,14.3300,0
2026-03-02,10:14:00,AES,S,763,14.2500,0
2026-03-02,10:08:00,BITO,B,1147,9.6000,0
2026-03-02,11:45:00,BITO,S,1147,9.5000,0
2026-03-02,10:09:00,ETHA,B,705,15.6100,0
2026-03-02,11:43:00,ETHA,S,705,15.4100,0
2026-03-02,12:09:00,VG,S,1006,11.0100,0
2026-03-02,15:00:00,VG,B,1006,11.3700,0
2026-03-03,08:41:00,UVIX,B,1469,7.5300,0
2026-03-03,09:01:00,UVIX,S,734,7.8312,0
2026-03-03,09:01:00,UVIX,S,735,7.7647,0
2026-03-03,08:41:00,VALE,S,702,15.7400,0
2026-03-03,10:53:00,VALE,B,702,15.9000,0
2026-03-03,08:41:00,TSLL,S,792,13.9650,0
2026-03-03,15:00:00,TSLL,B,792,13.9600,0
2026-03-03,08:41:00,NTLA,S,776,14.2500,0
2026-03-03,15:00:00,NTLA,B,388,13.6800,0
2026-03-03,15:00:00,NTLA,B,388,13.6000,0
2026-03-03,08:42:00,BTG,S,2033,5.4300,0
2026-03-03,10:24:00,BTG,B,2033,5.5350,0
2026-03-03,08:42:00,GDX,S,105,104.8700,0
2026-03-03,15:00:00,GDX,B,105,105.1450,0
2026-03-03,08:43:00,BBD,S,2930,3.7600,0
2026-03-03,10:25:00,BBD,B,2930,3.8050,0
2026-03-03,08:43:00,ITUB,S,1332,8.2600,0
2026-03-03,12:08:00,ITUB,B,1332,8.3900,0
2026-03-03,08:44:00,EWY,S,85,129.1300,0
2026-03-03,10:17:00,EWY,B,85,131.8800,0
2026-03-03,08:44:00,TSDD,B,1147,9.6600,0
2026-03-03,15:00:00,TSDD,S,1147,9.6300,0
2026-03-03,08:45:00,MSTX,S,4852,2.2550,0
2026-03-03,09:31:00,MSTX,B,2426,2.1648,0
2026-03-03,09:31:00,MSTX,B,2426,2.1825,0
2026-03-03,08:45:00,BMNU,S,5869,1.8800,0
2026-03-03,09:32:00,BMNU,B,2934,1.8048,0
2026-03-03,09:32:00,BMNU,B,2935,1.8063,0
2026-03-03,08:45:00,TZA,B,1673,6.6700,0
2026-03-03,10:18:00,TZA,S,1673,6.5250,0
2026-03-03,08:45:00,SOXL,S,206,53.5150,0
2026-03-03,15:00:00,SOXL,B,206,53.4150,0
2026-03-03,08:45:00,SOXS,B,5370,2.0600,0
2026-03-03,15:00:00,SOXS,S,5370,2.0600,0
2026-03-03,08:45:00,JDST,B,7902,1.4200,0
2026-03-03,15:00:00,JDST,S,7902,1.3900,0
2026-03-03,09:08:00,TPET,B,2248,1.9950,0
2026-03-03,09:08:00,TPET,S,1124,2.0748,0
2026-03-03,09:08:00,TPET,S,1124,2.0186,0
2026-03-03,10:07:00,INTC,B,257,43.4300,0
2026-03-03,15:00:00,INTC,S,257,43.1200,0
2026-03-03,10:19:00,MOBX,B,20007,0.5573,0
2026-03-03,10:20:00,MOBX,S,10003,0.5796,0
2026-03-03,10:20:00,MOBX,S,10004,0.5610,0
2026-03-03,13:21:00,PLUG,B,4749,2.3400,0
2026-03-03,14:14:00,PLUG,S,4749,2.2950,0
2026-03-03,13:59:00,PINS,B,575,19.3200,0
2026-03-03,14:06:00,PINS,S,575,19.2700,0
2026-03-04,08:41:00,SOXS,B,5522,2.0100,0
2026-03-04,09:28:00,SOXS,S,5522,1.9350,0
2026-03-04,08:42:00,BMNR,S,533,20.8100,0
2026-03-04,09:29:00,BMNR,B,533,21.4000,0
2026-03-04,08:43:00,BITO,S,1121,9.8900,0
2026-03-04,09:20:00,BITO,B,1121,10.0000,0
2026-03-04,08:43:00,IBIT,S,273,40.6500,0
2026-03-04,09:26:00,IBIT,B,273,41.1900,0
2026-03-04,08:43:00,ETHA,S,707,15.6900,0
2026-03-04,09:26:00,ETHA,B,707,15.9400,0
2026-03-04,08:44:00,AIFF,S,4331,1.0850,0
2026-03-04,08:51:00,AIFF,B,2165,1.0416,0
2026-03-04,08:51:00,AIFF,B,2166,1.0209,0
2026-03-04,08:44:00,BMNU,S,5187,2.1200,0
2026-03-04,09:26:00,BMNU,B,5187,2.2200,0
2026-03-04,08:45:00,MSTX,S,4126,2.6700,0
2026-03-04,09:08:00,MSTX,B,4126,2.7900,0
2026-03-04,08:53:00,PLUG,B,4634,2.4000,0
2026-03-04,09:01:00,PLUG,S,4634,2.3550,0
2026-03-04,08:54:00,NIO,B,2366,4.7050,0
2026-03-04,11:15:00,NIO,S,1183,4.8932,0
2026-03-04,11:15:00,NIO,S,1183,4.8630,0
2026-03-04,08:59:00,INTC,S,256,43.3000,0
2026-03-04,09:26:00,INTC,B,256,44.3500,0
2026-03-04,09:07:00,TSLG,B,1568,7.0800,0
2026-03-04,15:00:00,TSLG,S,1568,7.2900,0
2026-03-04,09:16:00,MUD,S,2819,3.9000,0
2026-03-04,15:00:00,MUD,B,2819,3.8500,0
2026-03-04,09:17:00,TSDD,S,1213,9.0900,0
2026-03-04,15:00:00,TSDD,B,1213,8.9800,0
2026-03-04,09:17:00,TSLL,B,750,14.7600,0
2026-03-04,15:00:00,TSLL,S,750,14.8900,0
2026-03-04,09:26:00,BITO,B,1093,10.0000,0
2026-03-04,15:00:00,BITO,S,1093,10.0800,0
2026-03-04,09:27:00,BTCZ,S,2208,4.8900,0
2026-03-04,13:24:00,BTCZ,B,1104,4.6944,0
2026-03-04,13:24:00,BTCZ,B,1104,4.7389,0
2026-03-04,09:30:00,BMNG,B,7096,1.5500,0
2026-03-04,15:00:00,BMNG,S,7096,1.5100,0
2026-03-04,13:20:00,IBIT,B,259,42.0000,0
2026-03-04,13:23:00,IBIT,S,259,41.8450,0
2026-03-05,08:42:00,TPET,B,6758,1.1500,0
2026-03-05,08:44:00,TPET,S,3379,1.1960,0
2026-03-05,08:44:00,TPET,S,3379,1.1885,0
2026-03-05,08:42:00,PLUG,S,4604,2.3800,0
2026-03-05,10:45:00,PLUG,B,2302,2.2848,0
2026-03-05,10:45:00,PLUG,B,2302,2.2888,0
2026-03-05,08:43:00,GXAI,B,2374,2.2400,0
2026-03-05,08:58:00,GXAI,S,1187,2.3296,0
2026-03-05,08:58:00,GXAI,S,1187,2.3476,0
2026-03-05,08:44:00,MSTX,S,4023,2.7200,0
2026-03-05,09:00:00,MSTX,B,4023,2.8000,0
2026-03-05,08:45:00,TTD,S,350,31.2500,0
2026-03-05,10:03:00,TTD,B,175,30.0000,0
2026-03-05,10:03:00,TTD,B,175,30.1439,0
2026-03-05,08:45:00,VG,B,937,11.8300,0
2026-03-05,12:51:00,VG,S,468,12.3032,0
2026-03-05,12:51:00,VG,S,469,12.3148,0
2026-03-05,08:46:00,RKT,S,674,16.3300,0
2026-03-05,08:52:00,RKT,B,674,16.5100,0
2026-03-05,08:46:00,UVIX,B,1591,6.9700,0
2026-03-05,08:58:00,UVIX,S,1591,6.7100,0
2026-03-05,08:50:00,BMNU,S,5097,2.1400,0
2026-03-05,09:01:00,BMNU,B,5097,2.2200,0
2026-03-05,08:50:00,AAL,S,917,11.9750,0
2026-03-05,15:00:00,AAL,B,917,11.7950,0
2026-03-05,08:54:00,TZA,S,1733,6.3300,0
2026-03-05,09:24:00,TZA,B,1733,6.4300,0
2026-03-05,09:43:00,RKT,S,669,16.2900,0
2026-03-05,09:52:00,RKT,B,669,16.3600,0
2026-03-05,09:45:00,TPET,B,8426,1.3000,0
2026-03-05,09:48:00,TPET,S,4213,1.3520,0
2026-03-05,09:48:00,TPET,S,4213,1.3504,0
2026-03-06,08:44:00,ONDS,B,1037,10.7000,0
2026-03-06,09:02:00,ONDS,S,518,11.1280,0
2026-03-06,09:02:00,ONDS,S,519,11.0830,0
2026-03-06,08:45:00,NVD,S,1545,7.1500,0
2026-03-06,14:08:00,NVD,B,1545,7.2800,0
2026-03-06,08:46:00,PBR,S,641,17.2200,0
2026-03-06,09:55:00,PBR,B,641,17.6700,0
2026-03-06,08:46:00,SOXL,B,215,51.4600,0
2026-03-06,14:10:00,SOXL,S,215,49.7100,0
2026-03-06,08:48:00,UVIX,B,1267,8.7650,0
2026-03-06,09:00:00,UVIX,S,1267,8.4600,0
2026-03-06,08:49:00,MRVL,B,125,88.5200,0
2026-03-06,12:26:00,MRVL,S,62,92.0608,0
2026-03-06,12:26:00,MRVL,S,63,92.4816,0
2026-03-06,08:50:00,MOBX,S,5946,0.9446,0
2026-03-06,09:15:00,MOBX,B,2973,0.9068,0
2026-03-06,09:15:00,MOBX,B,2973,0.9257,0
2026-03-06,08:51:00,PLUG,S,4966,2.2100,0
2026-03-06,09:04:00,PLUG,B,4966,2.2750,0
2026-03-06,08:51:00,BMNU,S,6187,1.7800,0
2026-03-06,09:17:00,BMNU,B,6187,1.8550,0
2026-03-06,08:52:00,MSTX,S,4682,2.3300,0
2026-03-06,15:00:00,MSTX,B,4682,2.3300,0
2026-03-06,08:54:00,MUD,S,2761,4.0000,0
2026-03-06,13:56:00,MUD,B,2761,4.0650,0
2026-03-06,08:56:00,TZA,B,1573,7.0400,0
2026-03-06,09:00:00,TZA,S,1573,6.9600,0
2026-03-06,09:05:00,IOVA,B,2347,4.7150,0
2026-03-06,10:38:00,IOVA,S,1173,4.9036,0
2026-03-06,10:38:00,IOVA,S,1174,4.9028,0
2026-03-06,09:22:00,AAL,B,969,11.3550,0
2026-03-06,12:51:00,AAL,S,969,11.0900,0
2026-03-06,09:29:00,PRSO,S,2839,1.5600,0
2026-03-06,10:00:00,PRSO,B,1419,1.4976,0
2026-03-06,10:00:00,PRSO,B,1420,1.5095,0
2026-03-06,09:40:00,TPET,S,2479,2.0150,0
2026-03-06,09:57:00,TPET,B,1239,1.9344,0
2026-03-06,09:57:00,TPET,B,1240,1.9520,0
2026-03-06,14:10:00,ONDS,S,1084,10.1800,0
2026-03-06,14:42:00,ONDS,B,542,9.7728,0
2026-03-06,14:42:00,ONDS,B,542,9.8668,0
2026-03-09,08:42:00,UVIX,B,1122,9.8900,0
2026-03-09,09:47:00,UVIX,S,1122,9.4300,0
2026-03-09,08:43:00,SOXL,S,244,44.8000,0
2026-03-09,09:23:00,SOXL,B,244,46.6000,0
2026-03-09,08:44:00,NVD,B,1458,7.5800,0
2026-03-09,09:23:00,NVD,S,1458,7.4100,0
2026-03-09,08:45:00,MSTX,B,4432,2.5100,0
2026-03-09,09:07:00,MSTX,S,4432,2.4200,0
2026-03-09,09:05:00,MUD,S,2615,4.1900,0
2026-03-09,15:00:00,MUD,B,1307,4.0224,0
2026-03-09,15:00:00,MUD,B,1308,3.9400,0
2026-03-10,08:50:00,WIT,B,4722,2.3400,0
2026-03-10,11:51:00,WIT,S,2361,2.4336,0
2026-03-10,11:51:00,WIT,S,2361,2.5366,0
2026-03-10,09:05:00,NIO,B,1998,5.4700,0
2026-03-10,15:00:00,NIO,S,999,5.6888,0
2026-03-10,15:00:00,NIO,S,999,5.6900,0
2026-03-10,09:20:00,HIMZ,S,2463,2.3200,0
2026-03-10,09:45:00,HIMZ,B,1231,2.2272,0
2026-03-10,09:45:00,HIMZ,B,1232,2.2396,0
2026-03-11,08:41:00,NVTS,B,1198,9.2400,0
2026-03-11,08:56:00,NVTS,S,599,9.6096,0
2026-03-11,08:56:00,NVTS,S,599,9.6776,0
2026-03-11,08:41:00,PBR,B,591,18.7200,0
2026-03-11,15:00:00,PBR,S,591,18.9950,0
2026-03-11,08:42:00,HIMZ,B,2329,2.5500,0
2026-03-11,09:17:00,HIMZ,S,1164,2.6520,0
2026-03-11,09:17:00,HIMZ,S,1165,2.6545,0
2026-03-11,08:43:00,PATH,S,923,11.9250,0
2026-03-11,14:48:00,PATH,B,923,12.2400,0
2026-03-11,08:48:00,KOS,B,5617,1.9700,0
2026-03-11,13:45:00,KOS,S,2808,2.0488,0
2026-03-11,13:45:00,KOS,S,2809,2.0295,0
2026-03-11,08:52:00,WIT,B,4480,2.4750,0
2026-03-11,09:48:00,WIT,S,4480,2.4150,0
2026-03-11,09:06:00,NVTS,B,1113,10.0000,0
2026-03-11,09:23:00,NVTS,S,556,10.4000,0
2026-03-11,09:23:00,NVTS,S,557,10.3100,0
2026-03-12,08:41:00,TZA,S,1566,7.1200,0
2026-03-12,08:47:00,TZA,B,1566,7.2300,0
2026-03-12,08:41:00,PATH,B,991,11.3900,0
2026-03-12,09:16:00,PATH,S,495,11.8456,0
2026-03-12,09:16:00,PATH,S,496,11.7811,0
2026-03-12,08:41:00,PINS,S,592,18.8500,0
2026-03-12,15:00:00,PINS,B,296,18.0960,0
2026-03-12,15:00:00,PINS,B,296,18.1000,0
2026-03-12,08:42:00,SOXL,S,211,52.8300,0
2026-03-12,09:00:00,SOXL,B,105,50.7168,0
2026-03-12,09:00:00,SOXL,B,106,51.0083,0
2026-03-12,08:42:00,CCL,S,453,24.6200,0
2026-03-12,15:00:00,CCL,B,453,23.9200,0
2026-03-12,08:42:00,INTC,S,239,46.6900,0
2026-03-12,15:00:00,INTC,B,239,45.2500,0
2026-03-12,08:45:00,HIMZ,S,3506,2.7000,0
2026-03-12,09:00:00,HIMZ,B,1753,2.5920,0
2026-03-12,09:00:00,HIMZ,B,1753,2.6420,0
2026-03-12,08:46:00,TQQQ,S,233,47.8500,0
2026-03-12,15:00:00,TQQQ,B,233,46.8000,0
2026-03-12,08:47:00,BMNU,S,5339,2.0700,0
2026-03-12,09:46:00,BMNU,B,2669,1.9872,0
2026-03-12,09:46:00,BMNU,B,2670,1.9968,0
2026-03-12,08:47:00,TSLL,S,761,14.6200,0
2026-03-12,10:24:00,TSLL,B,380,14.0352,0
2026-03-12,10:24:00,TSLL,B,381,14.1762,0
2026-03-12,08:47:00,TSLG,S,1555,7.1150,0
2026-03-12,15:00:00,TSLG,B,1555,6.8700,0
2026-03-12,08:47:00,TSDD,B,1231,9.1300,0
2026-03-12,15:00:00,TSDD,S,1231,9.4400,0
2026-03-12,08:53:00,KOS,B,5314,2.1250,0
2026-03-12,09:51:00,KOS,S,2657,2.2100,0
2026-03-12,09:51:00,KOS,S,2657,2.2188,0
2026-03-12,08:57:00,BBD,S,3043,3.6800,0
2026-03-12,09:00:00,BBD,B,3043,3.7100,0
2026-03-12,09:33:00,SOXL,S,223,50.4800,0
2026-03-12,15:00:00,SOXL,B,223,50.3300,0
2026-03-12,09:51:00,BBD,S,3084,3.6750,0
2026-03-12,11:39:00,BBD,B,3084,3.7100,0
2026-03-12,10:20:00,KOS,B,5066,2.2450,0
2026-03-12,10:34:00,KOS,S,5066,2.2200,0
2026-03-12,14:41:00,HIMZ,S,4868,2.3300,0
2026-03-12,15:00:00,HIMZ,B,4868,2.3100,0
2026-03-13,08:41:00,NIO,B,2002,5.8500,0
2026-03-13,15:00:00,NIO,S,2002,5.8600,0
2026-03-13,08:43:00,BIAF,B,2408,2.1800,0
2026-03-13,08:43:00,BIAF,S,1204,2.2672,0
2026-03-13,08:43:00,BIAF,S,1204,2.3682,0
2026-03-13,08:44:00,HIMZ,B,4926,2.4100,0
2026-03-13,09:52:00,HIMZ,S,4926,2.2700,0
2026-03-13,08:51:00,BIAF,B,4843,2.4000,0
2026-03-13,09:13:00,BIAF,S,2421,2.4960,0
2026-03-13,09:13:00,BIAF,S,2422,2.5855,0
2026-03-13,08:51:00,MARA,B,1239,9.3800,0
2026-03-13,09:36:00,MARA,S,619,9.7552,0
2026-03-13,09:36:00,MARA,S,620,9.8012,0
2026-03-13,09:39:00,MARA,B,1186,9.8950,0
2026-03-13,09:42:00,MARA,S,1186,9.8000,0
2026-03-16,08:41:00,ETHA,B,670,17.3900,0
2026-03-16,08:53:00,ETHA,S,670,17.2000,0
2026-03-16,08:42:00,CTMX,B,1145,6.8900,0
2026-03-16,08:46:00,CTMX,S,572,7.1656,0
2026-03-16,08:46:00,CTMX,S,573,7.1811,0
2026-03-16,08:43:00,NOK,B,1380,8.4500,0
2026-03-16,14:05:00,NOK,S,690,8.7880,0
2026-03-16,14:05:00,NOK,S,690,8.7355,0
2026-03-16,08:52:00,MSTX,S,4253,2.7200,0
2026-03-16,09:02:00,MSTX,B,4253,2.7900,0
2026-03-16,08:56:00,CPNG,B,582,20.0750,0
2026-03-16,15:00:00,CPNG,S,582,20.4700,0
2026-03-16,09:02:00,BMNR,B,506,23.0700,0
2026-03-16,15:00:00,BMNR,S,506,23.3800,0
2026-03-16,09:03:00,BMNU,B,4643,2.5250,0
2026-03-16,15:00:00,BMNU,S,4643,2.5700,0
2026-03-16,09:07:00,BMNG,B,6736,1.7300,0
2026-03-16,15:00:00,BMNG,S,6736,1.7700,0
2026-03-16,13:24:00,ETHA,B,659,17.6850,0
2026-03-16,13:51:00,ETHA,S,659,17.6100,0
2026-03-17,08:42:00,RIG,S,1869,6.2950,0
2026-03-17,08:52:00,RIG,B,1869,6.3400,0
2026-03-17,08:43:00,TME,B,910,12.9350,0
2026-03-17,09:38:00,TME,S,910,12.2600,0
2026-03-17,08:44:00,ONDS,B,1108,10.6900,0
2026-03-17,13:21:00,ONDS,S,554,11.1176,0
2026-03-17,13:21:00,ONDS,S,554,11.0531,0
2026-03-17,08:45:00,NBIS,S,100,117.3200,0
2026-03-17,15:00:00,NBIS,B,100,116.2750,0
2026-03-17,09:03:00,NFE,B,10416,1.1400,0
2026-03-17,11:50:00,NFE,S,5208,1.1856,0
2026-03-17,11:50:00,NFE,S,5208,1.2336,0
2026-03-17,09:10:00,RIG,B,1837,6.4100,0
2026-03-17,09:12:00,RIG,S,1837,6.3800,0
2026-03-18,08:43:00,VG,S,894,13.2250,0
2026-03-18,10:15:00,VG,B,894,13.5000,0
2026-03-18,08:45:00,UVIX,B,1501,7.8800,0
2026-03-18,09:33:00,UVIX,S,750,8.1952,0
2026-03-18,09:33:00,UVIX,S,751,8.2057,0
2026-03-18,08:47:00,BMNU,B,5023,2.3800,0
2026-03-18,09:40:00,BMNU,S,5023,2.2750,0
2026-03-18,08:52:00,BMNG,B,7258,1.6300,0
2026-03-18,09:30:00,BMNG,S,7258,1.5800,0
2026-03-18,08:53:00,IAUX,S,8103,1.4550,0
2026-03-18,11:46:00,IAUX,B,4051,1.3968,0
2026-03-18,11:46:00,IAUX,B,4052,1.3546,0
2026-03-18,08:54:00,AIM,S,2151,1.1100,0
2026-03-18,08:56:00,AIM,B,1075,1.0656,0
2026-03-18,08:56:00,AIM,B,1076,1.0661,0
2026-03-18,08:57:00,GDX,S,133,88.7300,0
2026-03-18,15:00:00,GDX,B,133,88.1400,0
2026-03-18,09:14:00,MSTX,S,4434,2.6500,0
2026-03-18,11:46:00,MSTX,B,2217,2.5440,0
2026-03-18,11:46:00,MSTX,B,2217,2.5565,0
2026-03-18,13:40:00,UVIX,B,1414,8.4000,0
2026-03-18,15:00:00,UVIX,S,1414,8.6100,0
2026-03-19,08:41:00,GDX,S,148,80.4050,0
2026-03-19,09:00:00,GDX,B,148,82.1600,0
2026-03-19,08:41:00,KOS,B,4439,2.6900,0
2026-03-19,09:17:00,KOS,S,2219,2.7976,0
2026-03-19,09:17:00,KOS,S,2220,2.7731,0
2026-03-19,08:41:00,BTG,S,2879,4.1300,0
2026-03-19,15:00:00,BTG,B,2879,4.2100,0
2026-03-19,08:42:00,UVIX,S,1285,9.2500,0
2026-03-19,09:00:00,UVIX,B,642,8.8800,0
2026-03-19,09:00:00,UVIX,B,643,8.9325,0
2026-03-19,08:53:00,TSLG,B,1853,6.4500,0
2026-03-19,13:48:00,TSLG,S,1853,6.3250,0
2026-03-19,09:51:00,UVIX,S,1380,8.6800,0
2026-03-19,13:28:00,UVIX,B,690,8.3328,0
2026-03-19,13:28:00,UVIX,B,690,8.2768,0
2026-03-19,13:49:00,TSDD,B,1179,10.2100,0
2026-03-19,15:00:00,TSDD,S,1179,10.1600,0
2026-03-19,13:49:00,TSLL,S,928,12.8900,0
2026-03-19,15:00:00,TSLL,B,928,12.9700,0
2026-03-19,14:00:00,KOS,B,4064,2.9550,0
2026-03-19,14:09:00,KOS,S,4064,2.9150,0
2026-03-20,08:41:00,RKT,S,839,14.2200,0
2026-03-20,14:15:00,RKT,B,419,13.6512,0
2026-03-20,14:15:00,RKT,B,420,13.5822,0
2026-03-20,08:41:00,AGNC,S,1174,10.1750,0
2026-03-20,14:39:00,AGNC,B,587,9.7680,0
2026-03-20,14:39:00,AGNC,B,587,9.8418,0
2026-03-20,08:42:00,VG,B,789,15.3000,0
2026-03-20,10:40:00,VG,S,394,15.9120,0
2026-03-20,10:40:00,VG,S,395,15.7670,0
2026-03-20,08:44:00,SMCI,B,522,23.0200,0
2026-03-20,11:52:00,SMCI,S,522,21.8500,0
2026-03-20,08:44:00,NIO,S,2095,5.7050,0
2026-03-20,15:00:00,NIO,B,1047,5.4768,0
2026-03-20,15:00:00,NIO,B,1048,5.4400,0
2026-03-20,08:50:00,BTG,S,2877,4.1300,0
2026-03-20,14:39:00,BTG,B,1438,3.9648,0
2026-03-20,14:39:00,BTG,B,1439,3.9213,0
2026-03-20,08:51:00,TQQQ,S,267,44.5300,0
2026-03-20,14:44:00,TQQQ,B,133,42.7488,0
2026-03-20,14:44:00,TQQQ,B,134,42.7453,0
2026-03-20,08:52:00,DNN,S,3440,3.4500,0
2026-03-20,14:31:00,DNN,B,1720,3.3120,0
2026-03-20,14:31:00,DNN,B,1720,3.3095,0
2026-03-20,08:52:00,TSLL,S,956,12.4750,0
2026-03-20,14:53:00,TSLL,B,478,11.9760,0
2026-03-20,14:53:00,TSLL,B,478,12.0048,0
2026-03-20,08:53:00,TSDD,B,1135,10.5500,0
2026-03-20,14:54:00,TSDD,S,567,10.9720,0
2026-03-20,14:54:00,TSDD,S,568,10.8945,0
2026-03-20,08:54:00,NVD,B,1596,7.5000,0
2026-03-20,14:45:00,NVD,S,798,7.8000,0
2026-03-20,14:45:00,NVD,S,798,7.8350,0
2026-03-20,08:54:00,TSLG,S,1960,6.0700,0
2026-03-20,14:54:00,TSLG,B,980,5.8272,0
2026-03-20,14:54:00,TSLG,B,980,5.8707,0
2026-03-20,08:58:00,TZA,B,1611,7.4400,0
2026-03-20,14:52:00,TZA,S,805,7.7376,0
2026-03-20,14:52:00,TZA,S,806,7.7956,0
2026-03-20,09:09:00,PLUG,S,4992,2.3850,0
2026-03-20,12:55:00,PLUG,B,2496,2.2896,0
2026-03-20,12:55:00,PLUG,B,2496,2.3038,0
2026-03-23,08:41:00,NU,B,870,14.3850,0
2026-03-23,15:00:00,NU,S,870,14.6850,0
2026-03-23,08:41:00,TSLL,B,971,12.8800,0
2026-03-23,15:00:00,TSLL,S,971,12.9700,0
2026-03-23,08:42:00,TZA,S,1742,7.1400,0
2026-03-23,10:20:00,TZA,B,871,6.8544,0
2026-03-23,10:20:00,TZA,B,871,6.9214,0
2026-03-23,08:42:00,TSDD,S,1234,10.0600,0
2026-03-23,15:00:00,TSDD,B,1234,10.0600,0
2026-03-23,08:44:00,OPEN,B,2463,5.0900,0
2026-03-23,09:27:00,OPEN,S,1231,5.2936,0
2026-03-23,09:27:00,OPEN,S,1232,5.2541,0
2026-03-23,08:46:00,ONDS,S,1241,10.0550,0
2026-03-23,09:29:00,ONDS,B,1241,10.2900,0
2026-03-23,08:50:00,FCX,B,229,54.4900,0
2026-03-23,15:00:00,FCX,S,229,54.9550,0
2026-03-23,08:53:00,NIO,B,2203,5.6800,0
2026-03-23,15:00:00,NIO,S,2203,5.8200,0
2026-03-23,08:59:00,PLTD,S,1780,7.0300,0
2026-03-23,10:59:00,PLTD,B,1780,7.1700,0
2026-03-24,08:43:00,IBRX,S,1648,7.6600,0
2026-03-24,08:44:00,IBRX,B,824,7.3536,0
2026-03-24,08:44:00,IBRX,B,824,7.0266,0
2026-03-24,08:46:00,FEED,S,2822,2.0000,0
2026-03-24,09:20:00,FEED,B,1411,1.9200,0
2026-03-24,09:20:00,FEED,B,1411,2.0000,0
2026-03-24,08:48:00,HPE,B,568,22.3500,0
2026-03-24,11:05:00,HPE,S,284,23.2440,0
2026-03-24,11:05:00,HPE,S,284,23.2065,0
2026-03-24,08:51:00,BMNG,S,8945,1.4050,0
2026-03-24,13:00:00,BMNG,B,4472,1.3488,0
2026-03-24,13:00:00,BMNG,B,4473,1.3440,0
2026-03-24,08:56:00,TTD,S,542,23.4300,0
2026-03-24,10:25:00,TTD,B,271,22.4928,0
2026-03-24,10:25:00,TTD,B,271,22.6143,0
2026-03-24,13:32:00,HPE,B,544,23.6300,0
2026-03-24,14:16:00,HPE,S,544,23.5850,0
2026-03-25,08:43:00,HPE,B,504,25.5050,0
2026-03-25,15:00:00,HPE,S,504,25.7900,0
2026-03-25,08:51:00,INTC,S,281,45.6800,0
2026-03-25,09:16:00,INTC,B,281,46.5950,0
2026-03-25,09:13:00,AMDD,S,1528,8.4100,0
2026-03-25,15:00:00,AMDD,B,1528,8.3300,0
2026-03-25,09:21:00,TERN,B,243,52.6750,0
2026-03-25,15:00:00,TERN,S,243,52.8700,0
2026-03-25,10:10:00,JBLU,S,3002,4.2700,0
2026-03-25,11:31:00,JBLU,B,3002,4.4050,0
2026-03-26,08:42:00,SOXL,S,240,53.0150,0
2026-03-26,12:12:00,SOXL,B,120,50.8944,0
2026-03-26,12:12:00,SOXL,B,120,51.0602,0
2026-03-26,08:42:00,SOXS,B,334,38.6150,0
2026-03-26,12:13:00,SOXS,S,167,40.1596,0
2026-03-26,12:13:00,SOXS,S,167,39.8239,0
2026-03-26,08:42:00,INTC,S,280,45.5800,0
2026-03-26,15:00:00,INTC,B,280,44.1000,0
2026-03-26,08:44:00,TSLL,B,988,12.9700,0
2026-03-26,09:52:00,TSLL,S,988,12.7500,0
2026-03-26,08:45:00,TQQQ,B,296,43.2300,0
2026-03-26,09:55:00,TQQQ,S,296,42.7500,0
2026-03-26,08:46:00,BMNG,B,9644,1.3500,0
2026-03-26,09:11:00,BMNG,S,9644,1.3100,0
2026-03-26,08:46:00,SNAP,B,2892,4.4500,0
2026-03-26,09:42:00,SNAP,S,2892,4.3800,0
2026-03-26,08:46:00,TZA,S,1844,6.8700,0
2026-03-26,11:28:00,TZA,B,1844,7.0100,0
2026-03-26,08:48:00,BMNU,B,6646,1.9500,0
2026-03-26,09:13:00,BMNU,S,6646,1.8900,0
2026-03-26,09:11:00,NVD,B,1689,7.6000,0
2026-03-26,15:00:00,NVD,S,844,7.9040,0
2026-03-26,15:00:00,NVD,S,845,7.9100,0
2026-03-26,11:17:00,TQQQ,S,297,42.6000,0
2026-03-26,15:00:00,TQQQ,B,297,41.2600,0
2026-03-26,14:31:00,SOXS,B,312,40.9000,0
2026-03-26,15:00:00,SOXS,S,312,41.2300,0
2026-03-26,14:31:00,SOXL,S,258,49.4400,0
2026-03-26,15:00:00,SOXL,B,258,49.1900,0
2026-03-27,08:41:00,TSLL,S,1105,11.6800,0
2026-03-27,08:45:00,TSLL,B,1105,11.7700,0
2026-03-27,08:47:00,TZA,S,1781,7.2300,0
2026-03-27,08:52:00,TZA,B,1781,7.3200,0
2026-03-27,08:50:00,U,S,683,18.8800,0
2026-03-27,15:00:00,U,B,683,19.4500,0
2026-03-27,08:52:00,BMNR,S,681,18.8800,0
2026-03-27,15:00:00,BMNR,B,681,18.4100,0
2026-03-27,08:53:00,BMNU,S,7856,1.6200,0
2026-03-27,09:50:00,BMNU,B,3928,1.5552,0
2026-03-27,09:50:00,BMNU,B,3928,1.5662,0
2026-03-27,08:54:00,TQQQ,S,322,39.9250,0
2026-03-27,15:00:00,TQQQ,B,322,38.6800,0
2026-03-27,08:55:00,TSDD,B,1173,11.0300,0
2026-03-27,15:00:00,TSDD,S,1173,11.0900,0
2026-03-27,09:20:00,BMNG,S,11713,1.1000,0
2026-03-27,10:52:00,BMNG,B,11713,1.1200,0
2026-03-30,08:41:00,SOXL,S,284,45.0200,0
2026-03-30,09:00:00,SOXL,B,142,43.2192,0
2026-03-30,09:00:00,SOXL,B,142,43.6002,0
2026-03-30,08:41:00,SOXS,B,293,44.6250,0
2026-03-30,09:35:00,SOXS,S,146,46.4100,0
2026-03-30,09:35:00,SOXS,S,147,46.3238,0
2026-03-30,08:45:00,FRMI,S,2725,4.7150,0
2026-03-30,09:48:00,FRMI,B,2725,5.0850,0
2026-03-30,08:46:00,BSX,S,201,64.1800,0
2026-03-30,10:54:00,BSX,B,100,61.6128,0
2026-03-30,10:54:00,BSX,B,101,61.8868,0
2026-03-30,08:51:00,CRWG,S,5754,2.0700,0
2026-03-30,09:00:00,CRWG,B,2877,1.9872,0
2026-03-30,09:00:00,CRWG,B,2877,2.0007,0
2026-03-30,09:20:00,CRWG,S,6584,1.9750,0
2026-03-30,09:46:00,CRWG,B,3292,1.8960,0
2026-03-30,09:46:00,CRWG,B,3292,1.9030,0
2026-03-30,09:41:00,SOXL,S,307,42.5500,0
2026-03-30,10:00:00,SOXL,B,307,43.1600,0
2026-03-30,14:05:00,SOXS,B,266,49.0150,0
2026-03-30,14:55:00,SOXS,S,266,48.7500,0
2026-03-31,08:41:00,NIO,B,2328,5.6200,0
2026-03-31,10:01:00,NIO,S,1164,5.8448,0
2026-03-31,10:01:00,NIO,S,1164,5.9288,0
2026-03-31,08:41:00,CDE,B,761,17.1700,0
2026-03-31,11:42:00,CDE,S,380,17.8568,0
2026-03-31,11:42:00,CDE,S,381,17.9883,0
2026-03-31,08:41:00,VG,B,811,16.1100,0
2026-03-31,12:07:00,VG,S,811,15.6050,0
2026-03-31,08:41:00,TSLL,B,1115,11.7400,0
2026-03-31,12:25:00,TSLL,S,557,12.2096,0
2026-03-31,12:25:00,TSLL,S,558,12.0926,0
2026-03-31,08:41:00,NVDA,B,77,168.7200,0
2026-03-31,15:00:00,NVDA,S,77,174.4100,0
2026-03-31,08:42:00,TQQQ,B,331,39.4500,0
2026-03-31,09:55:00,TQQQ,S,331,39.1150,0
2026-03-31,08:42:00,TSDD,S,1198,10.9000,0
2026-03-31,09:56:00,TSDD,B,1198,11.0500,0
2026-03-31,08:42:00,NU,B,944,13.8350,0
2026-03-31,15:00:00,NU,S,472,14.3884,0
2026-03-31,15:00:00,NU,S,472,14.3800,0
2026-03-31,08:43:00,TZA,S,1759,7.4200,0
2026-03-31,09:48:00,TZA,B,1759,7.5100,0
2026-03-31,08:44:00,SNAP,B,3162,4.1450,0
2026-03-31,09:50:00,SNAP,S,1581,4.3108,0
2026-03-31,09:50:00,SNAP,S,1581,4.4785,0
2026-03-31,08:49:00,RKT,B,944,13.8250,0
2026-03-31,11:44:00,RKT,S,472,14.3780,0
2026-03-31,11:44:00,RKT,S,472,14.2968,0
2026-03-31,08:50:00,SOXL,B,299,43.7900,0
2026-03-31,11:40:00,SOXL,S,149,45.5416,0
2026-03-31,11:40:00,SOXL,S,150,45.1421,0
2026-03-31,08:50:00,NVD,S,1606,8.1100,0
2026-03-31,11:49:00,NVD,B,803,7.7856,0
2026-03-31,11:49:00,NVD,B,803,7.7111,0
2026-03-31,08:52:00,INTC,B,310,42.1050,0
2026-03-31,15:00:00,INTC,S,155,43.7892,0
2026-03-31,15:00:00,INTC,S,155,44.1300,0
2026-03-31,08:55:00,TSLG,B,2263,5.7900,0
2026-03-31,09:07:00,TSLG,S,2263,5.7050,0
2026-03-31,08:55:00,PLTD,S,1661,7.8300,0
2026-03-31,12:38:00,PLTD,B,830,7.5168,0
2026-03-31,12:38:00,PLTD,B,831,7.4983,0
2026-03-31,09:14:00,BMNR,B,692,18.8600,0
2026-03-31,09:52:00,BMNR,S,692,18.5100,0
2026-03-31,10:23:00,NIO,B,2176,6.0300,0
2026-03-31,10:27:00,NIO,S,2176,5.9800,0
2026-03-31,13:14:00,CDE,B,721,18.5250,0
2026-03-31,15:00:00,CDE,S,721,18.7800,0
2026-03-31,13:37:00,BMNU,B,7612,1.7600,0
2026-03-31,15:00:00,BMNU,S,7612,1.7600,0
2026-03-31,13:50:00,LUMN,B,1941,6.9150,0
2026-03-31,14:33:00,LUMN,S,1941,6.8650,0
2026-03-31,13:51:00,SOXL,B,283,47.4150,0
2026-03-31,15:00:00,SOXL,S,283,47.8900,0
2026-03-31,14:11:00,NVD,S,1768,7.5900,0
2026-03-31,15:00:00,NVD,B,1768,7.5600,0
2026-03-31,14:21:00,TQQQ,B,322,41.6600,0
2026-03-31,15:00:00,TQQQ,S,322,41.7100,0
2026-04-01,08:41:00,CYCN,B,1018,7.3500,0
2026-04-01,08:46:00,CYCN,S,509,7.6440,0
2026-04-01,08:46:00,CYCN,S,509,7.7965,0
2026-04-01,08:42:00,NKE,S,296,45.7850,0
2026-04-01,15:00:00,NKE,B,296,44.6250,0
2026-04-01,08:44:00,TSLL,S,1094,12.3500,0
2026-04-01,09:30:00,TSLL,B,1094,12.6050,0
2026-04-01,08:49:00,SNAP,S,2935,4.6200,0
2026-04-01,09:41:00,SNAP,B,2935,4.7650,0
2026-04-01,08:50:00,INTC,B,288,47.1300,0
2026-04-01,15:00:00,INTC,S,288,48.0200,0
2026-04-01,08:54:00,TSLG,S,2224,6.0900,0
2026-04-01,09:22:00,TSLG,B,2224,6.1800,0
2026-04-01,08:54:00,VG,S,901,15.0600,0
2026-04-01,12:33:00,VG,B,450,14.4576,0
2026-04-01,12:33:00,VG,B,451,14.3756,0
2026-04-01,09:16:00,SVC,B,11325,1.2050,0
2026-04-01,14:56:00,SVC,S,11325,1.1750,0
2026-04-01,09:43:00,BTG,B,2860,4.7250,0
2026-04-01,15:00:00,BTG,S,2860,4.8400,0
2026-04-02,08:42:00,TSLL,B,1152,11.8250,0
2026-04-02,09:02:00,TSLL,S,1152,11.5950,0
2026-04-02,08:42:00,TSDD,S,1281,10.6300,0
2026-04-02,09:02:00,TSDD,B,1281,10.8050,0
2026-04-02,08:45:00,PLUG,B,6025,2.2700,0
2026-04-02,09:41:00,PLUG,S,3012,2.3608,0
2026-04-02,09:41:00,PLUG,S,3013,2.3773,0
2026-04-02,08:47:00,NOK,B,1674,8.1500,0
2026-04-02,14:03:00,NOK,S,837,8.4760,0
2026-04-02,14:03:00,NOK,S,837,8.7135,0
2026-04-02,08:48:00,SNAP,S,2900,4.6950,0
2026-04-02,09:36:00,SNAP,B,2900,4.8050,0
2026-04-02,08:50:00,COCP,S,2269,1.5100,0
2026-04-02,09:50:00,COCP,B,1134,1.4496,0
2026-04-02,09:50:00,COCP,B,1135,1.4564,0
2026-04-02,09:01:00,SVC,S,11491,1.1850,0
2026-04-02,13:03:00,SVC,B,11491,1.2200,0
2026-04-02,09:14:00,TSLG,B,2327,5.8500,0
2026-04-02,11:31:00,TSLG,S,2327,5.7100,0
2026-04-02,10:05:00,PLUG,B,5646,2.4150,0
2026-04-02,10:21:00,PLUG,S,5646,2.3850,0
2026-04-06,08:45:00,EVTL,S,5687,2.3800,0
2026-04-06,08:52:00,EVTL,B,5687,2.4300,0
2026-04-06,08:45:00,CRML,S,1624,8.3000,0
2026-04-06,15:00:00,CRML,B,1624,8.1050,0
2026-04-06,09:05:00,IMAX,S,339,39.7500,0
2026-04-06,15:00:00,IMAX,B,339,39.3300,0
2026-04-06,09:08:00,VOR,S,784,17.2200,0
2026-04-06,12:18:00,VOR,B,392,16.5312,0
2026-04-06,12:18:00,VOR,B,392,16.5822,0
2026-04-06,09:13:00,RPAY,S,5197,2.6050,0
2026-04-06,10:17:00,RPAY,B,5197,2.6600,0
2026-04-06,09:15:00,MRLN,S,1205,7.3700,0
2026-04-06,09:48:00,MRLN,B,602,7.0752,0
2026-04-06,09:48:00,MRLN,B,603,7.1237,0
2026-04-06,09:19:00,ACHV,S,4239,3.1700,0
2026-04-06,10:03:00,ACHV,B,4239,3.2700,0
2026-04-06,09:21:00,CADL,B,2639,5.1550,0
2026-04-06,10:02:00,CADL,S,2639,5.1150,0
2026-04-06,09:22:00,NN,S,818,16.5800,0
2026-04-06,15:00:00,NN,B,818,16.6200,0
2026-04-06,09:23:00,GRPN,B,1142,11.9100,0
2026-04-06,15:00:00,GRPN,S,1142,12.0600,0
2026-04-06,09:25:00,SPIR,S,855,15.6700,0
2026-04-06,11:01:00,SPIR,B,427,15.0432,0
2026-04-06,11:01:00,SPIR,B,428,15.1830,0
2026-04-06,09:33:00,NKTX,B,5612,2.4200,0
2026-04-06,15:00:00,NKTX,S,5612,2.3550,0
2026-04-06,09:52:00,LGN,S,245,54.8800,0
2026-04-06,15:00:00,LGN,B,245,55.0650,0
2026-04-06,10:13:00,FRMM,S,5040,2.5200,0
2026-04-06,11:21:00,FRMM,B,2520,2.4192,0
2026-04-06,11:21:00,FRMM,B,2520,2.3402,0
2026-04-06,10:13:00,SHMD,S,2703,5.0100,0
2026-04-06,15:00:00,SHMD,B,2703,5.1400,0
2026-04-06,10:53:00,MRLN,S,1921,7.0350,0
2026-04-06,11:02:00,MRLN,B,1921,7.1600,0
2026-04-06,11:18:00,XNDU,S,1693,7.9700,0
2026-04-06,15:00:00,XNDU,B,1693,8.1100,0
2026-04-06,13:38:00,CAR,B,67,201.6300,0
2026-04-06,15:00:00,CAR,S,33,209.6952,0
2026-04-06,15:00:00,CAR,S,34,212.5650,0
2026-04-06,14:23:00,OPTX,S,1526,8.8900,0
2026-04-06,15:00:00,OPTX,B,1526,9.1300,0
2026-04-07,08:41:00,CETX,S,5460,1.5350,0
2026-04-07,08:44:00,CETX,B,2730,1.4736,0
2026-04-07,08:44:00,CETX,B,2730,1.4504,0
2026-04-07,08:46:00,PLUG,S,5316,2.5750,0
2026-04-07,10:28:00,PLUG,B,2658,2.4720,0
2026-04-07,10:28:00,PLUG,B,2658,2.4907,0
2026-04-07,08:51:00,AIXI,S,5878,0.9749,0
2026-04-07,08:51:00,AIXI,B,2939,0.9359,0
2026-04-07,08:51:00,AIXI,B,2939,0.9380,0
2026-04-07,09:51:00,AIXI,B,5223,1.5500,0
2026-04-07,09:56:00,AIXI,S,2611,1.6120,0
2026-04-07,09:56:00,AIXI,S,2612,1.5582,0
2026-04-08,08:41:00,PLUG,S,5239,2.6250,0
2026-04-08,15:00:00,PLUG,B,5239,2.6500,0
2026-04-08,08:41:00,AAL,S,1158,11.8750,0
2026-04-08,15:00:00,AAL,B,579,11.4000,0
2026-04-08,15:00:00,AAL,B,579,11.4200,0
2026-04-08,08:42:00,WULF,S,786,17.4300,0
2026-04-08,11:50:00,WULF,B,786,18.0600,0
2026-04-08,08:42:00,NOK,B,1492,9.2550,0
2026-04-08,15:00:00,NOK,S,1492,9.4400,0
2026-04-08,08:42:00,EEM,S,227,60.6050,0
2026-04-08,15:00:00,EEM,B,227,60.4500,0
2026-04-08,08:43:00,BMNU,S,6673,2.0600,0
2026-04-08,10:00:00,BMNU,B,3336,1.9776,0
2026-04-08,10:00:00,BMNU,B,3337,1.9206,0
2026-04-08,08:43:00,INTC,B,245,56.0900,0
2026-04-08,13:33:00,INTC,S,122,58.3336,0
2026-04-08,13:33:00,INTC,S,123,58.6091,0
2026-04-08,08:44:00,OMEX,B,3242,2.0800,0
2026-04-08,08:55:00,OMEX,S,3242,1.7400,0
2026-04-08,08:45:00,VG,B,1002,13.7500,0
2026-04-08,15:00:00,VG,S,501,14.3000,0
2026-04-08,15:00:00,VG,S,501,14.4350,0
2026-04-08,08:47:00,F,B,1142,12.1050,0
2026-04-08,15:00:00,F,S,1142,12.2000,0
2026-04-08,08:52:00,COMP,B,1834,7.5200,0
2026-04-08,15:00:00,COMP,S,1834,7.4500,0
2026-04-08,08:54:00,TZA,B,2300,6.0100,0
2026-04-08,15:00:00,TZA,S,2300,6.0450,0
2026-04-08,09:00:00,BMNG,S,9559,1.4100,0
2026-04-08,10:01:00,BMNG,B,4779,1.3536,0
2026-04-08,10:01:00,BMNG,B,4780,1.3341,0
2026-04-08,09:02:00,PLTD,B,1859,7.4500,0
2026-04-08,15:00:00,PLTD,S,929,7.7480,0
2026-04-08,15:00:00,PLTD,S,930,7.7800,0
2026-04-08,09:39:00,CCL,S,484,28.2400,0
2026-04-08,15:00:00,CCL,B,484,28.0300,0
2026-04-09,08:43:00,NIO,S,2147,6.5050,0
2026-04-09,10:52:00,NIO,B,1073,6.2448,0
2026-04-09,10:52:00,NIO,B,1074,6.0850,0
2026-04-09,08:44:00,EOSE,B,2668,5.2550,0
2026-04-09,09:09:00,EOSE,S,1334,5.4652,0
2026-04-09,09:09:00,EOSE,S,1334,5.4275,0
2026-04-09,08:46:00,AMZN,B,62,225.6000,0
2026-04-09,15:00:00,AMZN,S,62,233.5300,0
2026-04-09,08:47:00,PLTD,B,1718,8.2400,0
2026-04-09,15:00:00,PLTD,S,1718,8.3600,0
2026-04-09,09:01:00,GGB,B,3475,4.0450,0
2026-04-09,15:00:00,GGB,S,3475,4.1900,0
2026-04-09,09:23:00,ONCO,B,5128,1.7700,0
2026-04-09,09:25:00,ONCO,S,2564,1.8408,0
2026-04-09,09:25:00,ONCO,S,2564,1.8470,0
2026-04-09,09:37:00,ONCO,B,5656,2.1000,0
2026-04-09,09:42:00,ONCO,S,2828,2.1840,0
2026-04-09,09:42:00,ONCO,S,2828,2.1736,0
2026-04-09,11:01:00,WULF,B,742,19.1800,0
2026-04-09,15:00:00,WULF,S,742,19.0250,0
2026-04-10,08:41:00,NOW,S,167,85.5200,0
2026-04-10,10:58:00,NOW,B,83,82.0992,0
2026-04-10,10:58:00,NOW,B,84,82.3652,0
2026-04-10,08:43:00,NIO,B,2276,6.3400,0
2026-04-10,09:06:00,NIO,S,1138,6.5936,0
2026-04-10,09:06:00,NIO,S,1138,6.5316,0
2026-04-10,08:46:00,NVD,S,2156,6.6200,0
2026-04-10,10:36:00,NVD,B,1078,6.3552,0
2026-04-10,10:36:00,NVD,B,1078,6.4162,0
2026-04-10,08:52:00,SMCL,B,7242,2.0100,0
2026-04-10,13:26:00,SMCL,S,3621,2.0904,0
2026-04-10,13:26:00,SMCL,S,3621,2.0799,0
2026-04-10,08:55:00,CRWG,B,3928,3.7000,0
2026-04-10,09:25:00,CRWG,S,1964,3.8480,0
2026-04-10,09:25:00,CRWG,S,1964,3.8818,0
2026-04-10,09:24:00,IOVA,S,3929,3.6650,0
2026-04-10,10:08:00,IOVA,B,3929,3.9600,0
2026-04-10,09:31:00,CRWG,B,3678,3.9300,0
2026-04-10,09:42:00,CRWG,S,1839,4.0872,0
2026-04-10,09:42:00,CRWG,S,1839,4.1338,0
2026-04-13,08:39:00,LEG,B,1312,11.1000,0
2026-04-13,15:00:00,LEG,S,1312,11.2400,0
2026-04-13,08:43:00,NOK,B,1471,9.9000,0
2026-04-13,09:41:00,NOK,S,735,10.2960,0
2026-04-13,09:41:00,NOK,S,736,10.3410,0
2026-04-13,08:44:00,SNAP,B,3015,4.8500,0
2026-04-13,15:00:00,SNAP,S,1507,5.0440,0
2026-04-13,15:00:00,SNAP,S,1508,5.1400,0
2026-04-13,08:47:00,HPQ,B,795,18.3700,0
2026-04-13,10:26:00,HPQ,S,397,19.1048,0
2026-04-13,10:26:00,HPQ,S,398,19.1363,0
2026-04-13,09:44:00,SMCL,B,7187,2.0500,0
2026-04-13,11:56:00,SMCL,S,3593,2.1320,0
2026-04-13,11:56:00,SMCL,S,3594,2.1545,0
2026-04-14,08:40:00,SMR,B,1334,11.1200,0
2026-04-14,08:55:00,SMR,S,1334,10.7200,0
2026-04-14,08:44:00,SNAL,B,5929,0.9532,0
2026-04-14,08:46:00,SNAL,S,2964,0.9913,0
2026-04-14,08:46:00,SNAL,S,2965,1.0400,0
2026-04-14,08:44:00,OWL,B,1669,8.9150,0
2026-04-14,14:58:00,OWL,S,834,9.2716,0
2026-04-14,14:58:00,OWL,S,835,9.1908,0
2026-04-14,08:45:00,IONQ,B,451,32.8900,0
2026-04-14,09:05:00,IONQ,S,225,34.2056,0
2026-04-14,09:05:00,IONQ,S,226,33.8204,0
2026-04-14,08:52:00,QBTS,B,941,15.9000,0
2026-04-14,09:26:00,QBTS,S,470,16.5360,0
2026-04-14,09:26:00,QBTS,S,471,16.7210,0
2026-04-14,08:52:00,NVD,S,2415,6.1500,0
2026-04-14,15:00:00,NVD,B,2415,5.9200,0
2026-04-14,08:53:00,TSLG,B,2669,5.5800,0
2026-04-14,15:00:00,TSLG,S,2669,5.6850,0
2026-04-14,08:55:00,JBLU,B,2913,5.1000,0
2026-04-14,09:29:00,JBLU,S,1456,5.3040,0
2026-04-14,09:29:00,JBLU,S,1457,5.2790,0
2026-04-14,08:59:00,AAL,B,1228,12.1150,0
2026-04-14,15:00:00,AAL,S,1228,12.1350,0
2026-04-14,09:03:00,SNAP,S,2829,5.2400,0
2026-04-14,12:24:00,SNAP,B,2829,5.3700,0
2026-04-14,09:13:00,SMCL,B,6304,2.3900,0
2026-04-14,15:00:00,SMCL,S,6304,2.3800,0
2026-04-14,09:21:00,PLUG,B,5043,2.9500,0
2026-04-14,12:04:00,PLUG,S,5043,2.8850,0
2026-04-14,09:21:00,TSLL,B,1313,11.3300,0
2026-04-14,15:00:00,TSLL,S,1313,11.5300,0
2026-04-14,10:16:00,JBLU,B,2814,5.3300,0
2026-04-14,12:03:00,JBLU,S,1407,5.5432,0
2026-04-14,12:03:00,JBLU,S,1407,5.5367,0
2026-04-14,13:19:00,SNAL,B,3932,1.8750,0
2026-04-14,13:22:00,SNAL,S,1966,1.9500,0
2026-04-14,13:22:00,SNAL,S,1966,1.8750,0
2026-04-15,08:41:00,QBTS,B,809,18.7950,0
2026-04-15,09:01:00,QBTS,S,404,19.5468,0
2026-04-15,09:01:00,QBTS,S,405,19.3670,0
2026-04-15,08:41:00,RGTI,B,845,17.9900,0
2026-04-15,09:30:00,RGTI,S,422,18.7096,0
2026-04-15,09:30:00,RGTI,S,423,18.7301,0
2026-04-15,08:41:00,IONQ,B,382,39.9700,0
2026-04-15,09:33:00,IONQ,S,191,41.5688,0
2026-04-15,09:33:00,IONQ,S,191,41.6503,0
2026-04-15,08:42:00,TSLL,B,1294,11.7200,0
2026-04-15,09:21:00,TSLL,S,647,12.1888,0
2026-04-15,09:21:00,TSLL,S,647,12.2628,0
2026-04-15,08:44:00,BMNU,S,7640,1.9800,0
2026-04-15,08:58:00,BMNU,B,7640,2.0600,0
2026-04-15,08:44:00,SNAP,S,2581,5.8500,0
2026-04-15,10:26:00,SNAP,B,2581,6.0950,0
2026-04-15,08:45:00,BMNG,S,10990,1.3700,0
2026-04-15,09:00:00,BMNG,B,10990,1.4300,0
2026-04-15,08:46:00,TSLG,B,2619,5.7900,0
2026-04-15,09:21:00,TSLG,S,1309,6.0216,0
2026-04-15,09:21:00,TSLG,S,1310,6.0421,0
2026-04-15,09:04:00,WULF,S,771,19.5000,0
2026-04-15,15:00:00,WULF,B,771,19.6900,0
2026-04-15,09:11:00,OWL,B,1563,9.7300,0
2026-04-15,15:00:00,OWL,S,1563,9.9250,0
2026-04-15,09:14:00,QBTS,B,774,19.5550,0
2026-04-15,09:34:00,QBTS,S,387,20.3372,0
2026-04-15,09:34:00,QBTS,S,387,20.1994,0
2026-04-15,09:31:00,TSLG,B,2515,6.1000,0
2026-04-15,10:47:00,TSLG,S,1257,6.3440,0
2026-04-15,10:47:00,TSLG,S,1258,6.5490,0
2026-04-15,09:53:00,TSLL,B,1236,12.4600,0
2026-04-15,10:45:00,TSLL,S,618,12.9584,0
2026-04-15,10:45:00,TSLL,S,618,13.2954,0
2026-04-15,10:22:00,IONQ,B,364,42.2050,0
2026-04-15,10:25:00,IONQ,S,364,41.9800,0
2026-04-16,08:41:00,INTC,B,233,66.7700,0
2026-04-16,15:00:00,INTC,S,233,68.4800,0
2026-04-16,09:28:00,ONFO,B,1760,1.7550,0
2026-04-16,09:34:00,ONFO,S,880,1.8252,0
2026-04-16,09:34:00,ONFO,S,880,1.7550,0
2026-04-16,09:47:00,AMDD,S,2313,6.7000,0
2026-04-16,15:00:00,AMDD,B,2313,6.4750,0
2026-04-16,10:24:00,HIMS,B,590,26.3450,0
2026-04-16,13:39:00,HIMS,S,295,27.3988,0
2026-04-16,13:39:00,HIMS,S,295,27.5366,0
2026-04-17,08:42:00,TZA,B,3015,5.2100,0
2026-04-17,09:04:00,TZA,S,3015,5.1600,0
2026-04-17,08:43:00,CIFR,S,918,17.0750,0
2026-04-17,11:10:00,CIFR,B,918,18.0000,0
2026-04-17,08:45:00,COMP,B,1997,7.8500,0
2026-04-17,14:54:00,COMP,S,998,8.1640,0
2026-04-17,14:54:00,COMP,S,999,8.1515,0
2026-04-17,08:45:00,ERIC,S,1345,11.6500,0
2026-04-17,15:00:00,ERIC,B,1345,11.3800,0
2026-04-17,08:46:00,BMNG,B,9502,1.6700,0
2026-04-17,09:55:00,BMNG,S,4751,1.7368,0
2026-04-17,09:55:00,BMNG,S,4751,1.7333,0
2026-04-17,08:47:00,SOXS,B,797,19.6900,0
2026-04-17,09:08:00,SOXS,S,797,19.1850,0
2026-04-17,08:55:00,AMC,B,9333,1.6800,0
2026-04-17,10:01:00,AMC,S,4666,1.7472,0
2026-04-17,10:01:00,AMC,S,4667,1.7782,0
2026-04-17,09:00:00,RIG,S,2630,5.9600,0
2026-04-17,09:12:00,RIG,B,2630,5.9900,0
2026-04-17,09:02:00,DRIP,B,2892,5.4300,0
2026-04-17,13:12:00,DRIP,S,2892,5.2700,0
2026-04-17,09:11:00,CCL,B,522,29.9000,0
2026-04-17,15:00:00,CCL,S,522,29.2100,0
2026-04-17,09:38:00,TSLL,B,1138,13.7700,0
2026-04-17,10:02:00,TSLL,S,569,14.3208,0
2026-04-17,10:02:00,TSLL,S,569,14.2123,0
2026-04-17,09:38:00,TSLG,B,2314,6.8000,0
2026-04-17,10:43:00,TSLG,S,1157,7.0720,0
2026-04-17,10:43:00,TSLG,S,1157,7.0320,0
2026-04-17,09:58:00,NFLX,B,159,98.3900,0
2026-04-17,15:00:00,NFLX,S,159,97.2800,0
2026-04-17,10:15:00,AMC,B,8808,1.7950,0
2026-04-17,11:05:00,AMC,S,4404,1.8668,0
2026-04-17,11:05:00,AMC,S,4404,1.9121,0
